LOCODE,LAT,LON
GPSBH,17.9,-62.85
GPPTP,16.233333333333334,-61.53333333333333
GPBBR,16,-61.71666666666667
GPPTL,16.416666666666668,-61.53333333333333
MQFDF,14.6,-61.05
GFDDC,4.866666666666667,-52.266666666666666
SESMD,58.93333333333333,11.183333333333334
SEGRE,58.683333333333,11.266666666667
SEFJA,58.6,11.283333333333
SEBLD,58.483333333333,11.333333333333
SEHUN,58.433333333333,11.3
SEBRO,58.35,11.383333333333333
SELYS,58.28333333333333,11.433333333333334
SEUDD,58.36666666666667,11.933333333333334
SESTE,58.75,11.816666666666666
SEMSD,57.88333333333333,13.583333333333334
SEGOT,57.71666666666667,11.966666666666667
SEVAG,57.116666666667,12.25
SEFAG,56.88333333333333,12.5
SEHAD,56.666666666666664,12.85
SEHOG,56.2,12.55
SEHEL,56.05,12.7
SELAA,55.86666666666667,12.833333333333334
SEMMA,55.6,13
SELIM,55.583333333333336,12.95
SETRG,55.36666666666667,13.166666666666666
SEYST,55.416666666666664,13.816666666666666
SESIM,55.55,14.333333333333334
SEAHU,55.916666666666664,14.283333333333333
SESOL,56.05,14.55
SEKAN,56.166666666666664,14.85
SERNB,56.2,15.3
SEKAA,56.166666666666664,15.583333333333334
SEBEA,56.38333333333333,16.083333333333332
SEKLR,56.666666666666664,16.366666666666667
SEJAT,57.1,16.566666666667
SEOSK,57.266666666666666,16.433333333333334
SEFIG,57.366666666667,16.5
SEDEG,56.35,16.416666666667
SERNH,57.166666666666664,18.483333333333334
SESLI,57.71666666666667,18.8
SEFSD,57.916666666667,19.05
SESUS,57.75,18.816666666666666
SEVBY,57.63333333333333,18.3
SEKLI,57.4,18.2
SEVER,57.733333333333,16.533333333333
SEVVK,57.75,16.633333333333333
SENRK,58.6,16.183333333333334
SEOXE,58.666666666666664,17.1
SENYO,58.916666666666664,17.166666666666668
SESOE,59.2,17.616666666666667
SENYN,58.9,17.95
SEGUB,59.316666666667,18.383333333333
SESTO,59.333333333333336,18.05
SEVST,59.61666666666667,16.55
SEGRH,60.1,18.833333333333332
SEHAK,60.05,18.6
SEHAN,60.166666666666664,18.466666666666665
SESSR,60.63333333333333,17.416666666666668
SEKAS,60.68333333333333,17.266666666666666
SEGVX,60.666666666666664,17.166666666666668
SENOT,60.95,17.133333333333333
SEVAL,61.18333333333333,17.183333333333334
SESAE,61.266666666667,17.183333333333
SESOO,61.3,17.083333333333
SEIGG,61.63333333333333,17.066666666666666
SEHUV,61.733333333333334,17.1
SESTA,61.88333333333333,17.333333333333332
SESTK,62.333333333333336,17.35
SESDL,62.38333333333333,17.3
SEVIV,62.483333333333,17.35
SESOR,62.5,17.5
SEHND,62.63333333333333,17.933333333333334
SEUTA,62.766666666667,17.933333333333
SEGUS,62.833333333333336,17.883333333333333
SEKRF,62.93333333333333,17.783333333333335
SEVAJ,62.983333333333,17.716666666667
SEBOL,63,17.683333333333334
SEKMH,63.166666666666664,18.566666666666666
SEDOM,63.266666666667,18.733333333333
SEOER,63.3,18.716666666666665
SEHUS,63.333333333333336,19.166666666666668
SERUV,63.53333333333333,19.433333333333334
SENOG,63.666666666666664,19.416666666666668
SEOBB,63.7,20.333333333333
SEUME,63.833333333333336,20.25
SESKE,64.68333333333334,21.233333333333334
SEBNF,65.016666666667,21.383333333333002
SEPIT,65.33333333333333,21.5
SELLA,65.58333333333333,22.15
SETOE,65.9,22.65
SEKXV,65.8,23.283333333333335
SESAK,65.733333333333,23.766666666667
FITOR,65.85,24.183333333333334
FIKEM,65.73333333333333,24.566666666666666
FIOUL,65.01666666666667,25.466666666666665
FIRAA,64.68333333333334,24.483333333333334
FIVEI,65.68333333333334,24.633333333333333
FIRAH,64.2,23.733333333333
FIHIM,64.06666666666666,23.65
FIKOK,63.833333333333336,23.116666666666667
FIUKP,63.53333333333333,22.533333333333335
FIHLL,63.283333333333,22.233333333333
FIVAA,63.1,21.6
FIKAS,60.61666666666667,21.883333333333333
FIKRS,62.28333333333333,21.383333333333333
FIPOR,61.483333333333334,21.8
FIMTL,61.6,21.483333333333
FITHK,61.63333333333333,21.416666666666668
FIRAU,61.13333333333333,21.5
FIUKI,60.8,21.416666666666668
FINLI,60.45,22.033333333333335
FITKU,60.45,22.283333333333335
FITOK,60.333333333333336,25.583333333333332
FIMHQ,60.1,19.95
FIPAR,60.3,22.3
FIHKO,59.816666666667,22.95
FITAI,59.96666666666667,23.433333333333334
FIJUS,59.81666666666667,23.566666666666666
FIPOA,60.083333333333,24.383333333333
FIINK,60.016666666667,23.916666666667
FIHEL,60.166666666667,24.966666666667
FIPRV,60.4,25.666666666666668
FILOV,60.45,26.233333333333334
FIKTK,60.46666666666667,26.916666666666668
FIHMN,60.56666666666667,27.2
EEKUN,59.533333333333,26.533333333333
EETLL,59.43333333333333,24.733333333333334
EEMUU,59.5,24.95
EEPLA,59.35,24.033333333333
EEOSM,59.28333333333333,23.416666666666668
EEPAR,59.45,24.75
LVSAL,57.75,24.35
LVRIX,56.95,24.1
LVVNT,57.4,21.533333333333
LVLPX,56.516666666666666,21.016666666666666
LTKLJ,55.716666666667,21.116666666667
PLGDN,54.35,18.666666666667
PLNOW,54.4,18.666666666666668
PLGDY,54.5,18.55
PLPLC,53.566666666667,14.566666666667
PLUST,54.583333333333336,16.85
PLDAR,54.416666666666664,16.416666666666668
PLKOL,54.18333333333333,15.583333333333334
PLSWI,53.9,14.25
PLSZZ,53.416666666667,14.55
DEWOL,54.05,13.783333333333
DESAS,54.516666666667,13.65
DESTL,54.316666666667,13.1
DERSK,54.083333333333336,12.133333333333333
DEWIS,53.9,11.466666666667
DETRV,53.966666666667,10.883333333333
DELBC,53.883333333333,10.7
DENHO,54.1,10.816666666666666
DEORT,54.45,11.05
DEHHF,54.366666666667,10.983333333333
DEKEL,54.333333333333336,10.133333333333333
DEECK,54.483333333333,9.8333333333333
DEKAP,54.666666666667,9.9333333333333
DEFLF,54.8,9.4333333333333
DKNEX,55.066666666667,15.133333333333
DKRNN,55.1,14.7
DKHSL,55.183333333333,14.7
DKCSO,55.31666666666667,15.183333333333334
DKFAK,55.216666666667,12.166666666667
DKKOG,55.45,12.2
DKCPH,55.666666666666664,12.583333333333334
DKTUB,55.716666666667,12.583333333333
DKHLS,56.033333333333,12.616666666667
DKHUN,55.966666666667,11.85
DKFDV,55.966666666667,12.016666666667
DKFDS,55.833333333333336,12.066666666666666
DKKBY,55.816666666667004,11.883333333333
DKHBK,55.716666666667,11.716666666667
DKNYM,56.78333333333333,8.85
DKKAL,55.683333333333,11.1
DKKRR,55.333333333333,11.133333333333
DKSSK,55.25,11.3
DKSTN,55.2,11.25
DKGFH,55.2,11.266666666667
DKNVD,55.233333333333334,11.766666666666667
DKVOR,55,11.9
DKSBK,54.88333333333333,12.05
DKSTE,54.983333333333,12.283333333333
DKNYF,54.766666666666666,11.883333333333333
DKSAX,54.8,11.633333333333
DKBDX,54.833333333333,11.5
DKNAK,54.833333333333,11.133333333333
DKROD,54.65,11.35
DKNTD,54.666666666667,11.733333333333
DKRKB,54.95,10.716666666667
DKMRS,54.916666666667,10.333333333333
DKARK,54.883333333333,10.416666666667
DKSVE,55.066666666667,10.616666666667
DKNBG,55.316666666667,10.8
DKKTD,55.45,10.666666666667
DKODE,55.416666666667,10.383333333333
DKSKB,55.516666666667,9.6166666666667
DKMID,55.5,9.7333333333333
DKASN,55.266666666667,9.8833333333333
DKFAA,55.1,10.25
DKSGD,54.9,9.783333333333333
DKAUB,54.95,9.8666666666667
DKAAB,55.03333333333333,9.433333333333334
DKENS,55.016666666666666,9.433333333333334
DKHAD,55.25,9.5
DKKOL,55.483333333333,9.5
DKFRC,55.566666666667,9.7666666666667
DKVEJ,55.716666666667,9.55
DKHOR,55.866666666667,9.85
DKAAR,56.15,10.216666666666667
DKSSV,56.25,10.35
DKGRE,56.416666666667,10.933333333333
DKRAN,56.466666666667,10.05
DKHSU,56.71666666666667,10.1
DKMRR,56.65,10
DKHBO,56.633333333333,9.8
DKHAS,56.983333333333,10.316666666667
DKAAL,57.05,9.9333333333333
DKFDH,57.433333333333,10.55
DKSKA,57.716666666667,10.6
DKHIR,57.6,9.9666666666667
DKHAN,57.133333333333,8.6
DKTED,56.95,8.7
DKTHN,56.7,8.2166666666667
DKLVG,56.583333333333,8.2833333333333
DKHSB,56.5,8.5833333333333
DKRKG,56.083333333333,8.25
DKEBJ,55.466666666667,8.45
DEHUS,54.483333333333,9.05
DEBUM,54.133333333333,8.8666666666667
DEBRB,53.883333333333,9.1666666666667
DEITZ,53.916666666667,9.5166666666667
DEREN,54.3,9.6833333333333
DENEH,53.8,9.033333333333333
DEGLU,53.783333333333,9.4166666666667
DEHAM,53.516666666666666,9.933333333333334
DEBUZ,53.666666666666664,9.483333333333333
DECUX,53.88333333333333,8.7
DEBRV,53.53333333333333,8.6
DENHA,53.5,8.483333333333333
DEBKE,53.333333333333336,8.483333333333333
DEELS,53.233333333333334,8.466666666666667
DEOLO,53.166666666666664,8.2
DEBRE,53.133333333333,8.7666666666667
DEWVN,53.516666666666666,8.133333333333333
DEEME,53.36666666666667,7.216666666666667
DELEE,53.233333333333,7.45
DEPAP,53.06666666666667,7.4
NLEEM,53.45,6.8333333333333
NLDZL,52.516666666666666,6.933333333333334
NLHAR,53.18333333333333,5.433333333333334
NLDHR,52.95,4.766666666666667
NLIJM,52.46666666666667,4.6
NLZAA,52.433333333333,4.8333333333333
NLAMS,52.4,4.816666666666666
NLSCE,52.1,4.25
NLHVH,51.96666666666667,4.116666666666666
NLEUR,51.95,4.1166666666667
NLMSL,51.916666666667,4.25
NLVLA,51.9,4.35
NLSCI,51.9,4.4
NLRTM,51.916666666666664,4.5
NLDOR,51.78333333333333,4.633333333333333
NLVLI,51.45,3.7
NLHAN,51.43333333333333,4
NLTNZ,51.46666666666667,3.8166666666666664
BEANR,51.21666666666667,4.416666666666667
BEBRU,50.833333333333336,4.333333333333333
BEGNE,51.05,3.716666666666667
BEZEE,51.333333333333336,3.2
BEBGS,51.233333333333,3.2166666666667
BEOST,51.2,2.9166666666666665
BENIE,51.133333333333,2.75
IERAT,55.1,-7.533333333333333
IEKBS,54.633333333333,-8.45
IESLI,54.266666666667,-8.4666666666667
IEWES,53.8,-9.5333333333333
IEDRO,53.716666666667,-6.3
IEGWY,53.266666666667,-9.05
IELMK,52.633333333333,-8.6166666666667
IEFOV,52.616666666667,-9.1166666666667
IETAR,52.583333333333,-9.3666666666667
IEFEN,52.266666666666666,-9.866666666666667
IECTB,51.65,-9.916666666666666
IEVAL,51.933333333333,-10.3
IEKLR,52.633333333333,-9.5
IEBYT,51.68333333333333,-9.45
IECOB,51.85,-8.3
IEORK,51.85,-8.2666666666667
IENRS,52.38333333333333,-6.933333333333334
IEWAT,52.25,-7.1
IEROE,52.25,-6.3333333333333
IEDUB,53.35,-6.25
IEGRN,54.033333333333,-6.1333333333333
FRDKK,51.03333333333333,2.3833333333333333
FRIRK,51.066666666667,2.35
FRGRV,50.983333333333334,2.1333333333333333
FRCQF,50.95,1.85
FRBOL,50.71666666666667,1.6166666666666667
FRSVS,50.18333333333333,1.6333333333333333
FRLTR,50.06666666666667,1.3666666666666667
FRDPE,49.916666666666664,1.0833333333333333
FRFEC,49.75,0.38333333333333336
FRLEH,49.5,0.1
FRURO,49.45,1.1
FRHON,49.416666666666664,0.23333333333333334
FRDOL,49.36666666666667,0.06666666666666667
FRCFR,49.18333333333333,-0.36666666666666664
FROUI,49.28333333333333,-0.26666666666666666
FRCER,49.63333333333333,-1.6166666666666667
FRGFR,48.833333333333336,-1.5833333333333335
FRSML,48.65,-2.0166666666666666
FRLLG,48.533333333333,-2.75
FRPAI,48.78333333333333,-3.05
FRPOX,48.7,-3.1666666666666665
FRTRE,48.78333333333333,-3.2333333333333334
FRMXN,48.583333333333336,-3.8333333333333335
FRROS,48.733333333333,-3.9833333333333
FRBES,48.4,-4.483333333333333
FRCOC,47.88333333333333,-3.9166666666666665
FRLRT,47.75,-3.3666666666666667
FRSNR,47.28333333333333,-2.2
FRMTX,47.333333333333336,-2.15
FRDON,47.3,-2.066666666666667
FRNTE,47.21666666666667,-1.55
FRLSO,46.5,-1.7833333333333332
FRLPE,46.166666666666664,-1.2166666666666668
FRLRH,46.166666666666664,-1.15
FRRCO,45.95,-0.9666666666666667
FRTON,45.95,-0.9
FRLVE,45.55,-1.0666666666666667
FRPAP,45.2,-0.75
FRBYE,45.13333333333333,-0.6666666666666666
FRAMS,45,-0.5333333333333333
FRBOD,44.833333333333336,-0.5833333333333334
FRBAY,43.5,-1.4833333333333334
ESPAS,43.333333333333,-1.9333333333333
ESBRM,43.43333333333333,-2.716666666666667
ESBIO,43.25,-2.966666666666667
ESSDR,43.466666666667,-3.7833333333333
ESGIJ,43.53333333333333,-5.666666666666667
ESAVS,43.6,-5.9333333333333
ESRIB,43.533333333333,-7.0333333333333
ESSCI,43.7,-7.4333333333333
ESFRO,43.483333333333334,-8.25
ESLCG,43.36666666666667,-8.383333333333333
ESVIL,42.6,-8.75
ESMPG,42.4,-8.7
ESVGO,42.233333333333,-8.7166666666667
PTVDC,41.7,-8.833333333333334
PTLEI,41.18333333333333,-8.683333333333334
PTOPO,41.15,-8.616666666666667
PTAVE,40.63333333333333,-8.65
PTFDF,40.15,-8.866666666666667
PTLIS,38.71666666666667,-9.133333333333333
PTSET,38.53333333333333,-8.9
PTSIE,37.95,-8.866666666666667
PTLOS,37.1,-8.666666666666666
PTFAO,37.016666666666666,-7.933333333333334
PTVRE,37.2,-7.416666666666667
PTHOR,38.53333333333333,-28.633333333333333
PTLDP,38.38333333333333,-28.266666666666666
PTADH,38.65,-27.216666666666665
PTPRV,38.733333333333334,-27.066666666666666
PTPDL,37.733333333333334,-25.666666666666668
PTVDP,36.93333333333333,-25.15
PTFNC,32.63333333333333,-16.9
ESSPC,28.683333333333334,-17.766666666666666
ESSCT,28.466666666667,-16.233333333333
ESLPA,28.1,-15.416666666666666
ESFUE,28.5,-13.85
ESACE,28.966666666666665,-13.533333333333333
ESHUV,37.25,-6.95
ESSVQ,37.366666666667,-6
ESROT,36.616666666667,-6.3333333333333
ESCAD,36.533333333333,-6.3
ESALG,36.133333333333,-5.4333333333333
ESAGP,36.71666666666667,-4.416666666666667
ESMOT,36.75,-3.5166666666667
ESADR,36.75,-3.0166666666666666
ESLEI,36.833333333333336,-2.45
ESCRS,36.983333333333334,-1.8833333333333333
ESGAR,37.183333333333,-1.8166666666667
ESAGU,37.4,-1.5833333333333335
ESCAR,37.6,-0.9833333333333333
ESTOR,37.966666666667,-0.68333333333333
ESALC,38.333333333333,-0.48333333333333
ESGAN,38.96666666666667,-0.18333333333333332
ESVLC,39.45,-0.31666666666667
ESSAG,39.68333333333333,-0.26666666666666666
ESBRX,39.883333333333,-0.05
ESGRY,39.966666666667,0.016666666666667
ESTAR,41.1,1.2333333333333
ESVLG,41.21666666666667,1.7333333333333334
ESBCN,41.35,2.1666666666667
ESSFU,41.78333333333333,3.033333333333333
ESPAL,41.85,3.1333333333333333
ESROS,42.266666666667,3.1833333333333
ESIBZ,38.9,1.4333333333333333
ESPMI,39.56666666666667,2.6333333333333333
ESALD,39.833333333333,3.1333333333333
ESMAH,39.88333333333333,4.25
FRPOV,42.516666666666666,3.1166666666666667
FRNOU,43.016666666666666,3.05
FRSET,43.4,3.7
FRPSL,43.38333333333333,4.8
FRPDB,43.4,4.983333333333333
FRMRS,43.3,5.4
FRTLN,43.11666666666667,5.933333333333334
FRSTP,43.266666666666666,6.633333333333333
FRSRL,43.416666666666664,6.766666666666667
FRCEQ,43.55,7.016666666666667
FRANT,43.583333333333336,7.116666666666666
FRNCE,43.7,7.266666666666667
FRVHF,43.7,7.316666666666699
FRBIA,42.7,9.45
FRPVO,41.583333333333336,9.283333333333333
FRBON,41.38333333333333,9.166666666666666
FRPRP,41.68333333333333,8.9
FRAJA,41.93333333333333,8.733333333333333
FRCLY,42.56666666666667,8.75
FRILR,42.63333333333333,8.933333333333334
ITMDA,41.21666666666667,9.4
ITOLB,40.916666666666664,9.516666666666667
ITATX,39.93333333333333,9.7
ITCAG,39.21666666666667,9.116666666666667
ITPFX,39.05,9
ITCLF,39.15,8.3
ITPVE,39.2,8.383333333333333
ITPTO,40.833333333333,8.4
ITSRE,43.816666666667,7.7833333333333
ITIMP,43.88333333333333,8.05
ITSVN,44.28333333333333,8.5
ITQOS,39.9,8.6
ITGOA,44.416666666666664,8.95
ITSPE,44.11666666666667,9.833333333333334
ITMDC,44.033333333333,10.033333333333
ITLIV,43.55,10.316666666666666
ITVDA,43.35,10.45
ITPFE,42.816666666667,10.333333333333
ITPSS,42.433333333333,11.116666666667
ITCVV,42.1,11.8
ITFCO,41.766666666666666,12.233333333333333
ITANZ,41.45,12.616666666666667
ITGAE,41.2,13.583333333333334
ITPOZ,40.816666666667,14.116666666667
ITBLN,40.8,14.166666666666666
ITNAP,40.833333333333336,14.25
ITTOA,40.75,14.45
ITCAS,40.7,14.483333333333333
ITSAL,40.666666666667,14.75
ITVVA,38.716666666667,16.133333333333
ITREG,38.1,15.65
ITMSN,38.2,15.566666666667
ITMLZ,38.216666666667,15.25
ITGIT,38.416666666666664,15.9
ITTRI,37.983333333333334,13.7
ITPMO,38.11666666666667,13.366666666666667
ITTPS,38.016666666666666,12.483333333333333
ITMRA,37.8,12.433333333333334
ITMAZ,37.65,12.583333333333334
ITPEM,37.283333333333,13.533333333333
ITLIC,37.1,13.933333333333334
ITGEA,37.06666666666667,14.25
ITPZL,36.71666666666667,14.85
ITSIR,37.05,15.283333333333
ITMEL,37.116666666667,15.25
ITAUG,37.21666666666667,15.216666666666667
ITCTA,37.5,15.1
ITLIP,38.45,14.95
MTMLA,35.88333333333333,14.5
MTMAR,35.833333333333336,14.533333333333333
ITCRV,39.083333333333336,17.133333333333333
ITTAR,40.483333333333334,17.233333333333334
ITGAL,40.05,17.983333333333334
ITOTO,40.15,18.5
ITBDS,40.63333333333333,17.933333333333334
ITTDG,40.783333333333,14.366666666667
ITMNP,40.95,17.3
ITBRI,41.13333333333333,16.85
ITMOL,41.216666666667,16.6
ITBLT,41.31666666666667,16.283333333333335
ITMFR,41.63333333333333,15.916666666666666
ITVSO,42.116666666667,14.716666666667
ITOTN,42.35,14.416666666667
ITPSR,42.46666666666667,14.233333333333333
ITAOI,43.63333333333333,13.5
ITPCS,44.5,12.283333333333
ITCHI,45.233333333333334,12.283333333333333
ITMNF,46.783333333333,13.55
ITTRS,45.65,13.766666666667
ITUGG,45.6,13.766666666666667
SIKOP,45.55,13.733333333333
SIPIR,45.533333333333,13.566666666667
HRUMG,45.416666666666664,13.516666666666667
HRROV,45.083333333333336,13.633333333333333
HRPUY,44.86666666666667,13.833333333333334
HRRAS,45.06666666666667,14.066666666666666
HRRJK,45.333333333333336,14.4
HRBAK,45.3,14.516666666666667
HROMI,45.21666666666667,14.55
HRSEN,44.983333333333334,14.9
HRZAD,44.11666666666667,15.233333333333333
HRSIB,43.733333333333334,15.883333333333333
HRSPU,43.5,16.45
HRDUR,43.43333333333333,16.633333333333333
HRPLE,43.05,17.433333333333334
HRKOR,42.95,17.116666666666667
HRDBV,42.65,18.083333333333332
GRCFU,39.61666666666667,19.916666666666668
GRPVK,38.95,20.75
GRARM,38.18333333333333,20.483333333333334
GRMEL,38.36666666666667,21.433333333333334
GRITA,38.43333333333333,22.416666666666668
GRAEN,38.25,22.083333333333332
GRGPA,38.233333333333334,21.716666666666665
GRKAK,37.65,21.316666666666666
GRPIL,35.083333333333336,24.683333333333334
GRKLX,37.03333333333333,22.116666666666667
GRGYT,36.766666666666666,22.566666666666666
GRNAF,37.56666666666667,22.8
GRSPE,37.266666666666666,23.15
GRLAV,37.71666666666667,24.066666666666666
GRMGR,37.966666666667,23.4
GREEU,38.03333333333333,23.533333333333335
GRPER,37.96666666666667,23.55
GRPIR,37.93333333333333,23.616666666666667
GRCLK,38.46666666666667,23.583333333333332
GRALV,38.383333333333,24.05
GRAST,38.53333333333333,21.083333333333332
GRAPY,38.033333333333,23.6
GRLRY,38.56666666666667,23.283333333333335
GRKYM,38.8,23.516666666666666
GRACL,38.88333333333333,22.816666666666666
GRSYS,38.916666666666664,22.616666666666667
GRTSI,39.166666666666664,22.85
GRVOL,39.36666666666667,22.95
GRSKG,40.63333333333333,22.95
GRYER,40.28333333333333,23.45
GRSTI,40.516666666667,23.833333333333
GRKVA,40.93333333333333,24.4
GRPTL,41.016666666666666,25.116666666666667
GRAGT,37.916666666666664,23.116666666666667
GRMJT,39.1,26.55
GRPLM,38.983333333333334,26.366666666666667
GRJKH,38.36666666666667,26.133333333333333
GRKAR,37.8,26.683333333333334
GRSMI,37.75,26.966666666667
GRPYT,37.7,26.95
GRGAV,37.88333333333333,24.733333333333334
GRAND,37.833333333333336,24.933333333333334
GRJMK,37.45,25.333333333333332
GRJNX,37.1,25.383333333333333
GRMLO,36.716666666667,24.45
GRSUD,35.483333333333,24.183333333333
GRRET,35.36666666666667,24.466666666666665
GRHER,35.333333333333336,25.166666666666668
GRJSH,35.2,26.116666666666667
GRANI,35.18333333333333,25.716666666666665
GRKLL,34.93333333333333,24.8
GRKGS,36.86666666666667,27.25
GRKMI,36.95,26.983333333333334
GRPKK,37.13333333333333,26.85
BGBOJ,42.483333333333,27.483333333333
BGVAR,43.183333333333,27.966666666667
ROMAG,43.833333333333336,28.583333333333332
ROBAB,44.166666666666664,28.366666666666667
ROCND,44.18333333333333,28.65
ROMED,44.25,28.266666666666666
ROCEV,44.35,28.016666666666666
ROMID,44.333333333333336,28.616666666666667
ROSUL,45.15,29.666666666666668
ROTCE,45.18333333333333,28.8
ROBRA,45.25,27.983333333333
ROGAL,45.43333333333333,28.05
CYKYR,35.333333333333336,33.333333333333336
CYZER,35.133333333333,32.833333333333
CYLMS,34.68333333333333,33.05
CYLCA,34.916666666666664,33.61666666666667
CYDHK,34.983333333333334,33.75
CYFMG,35.1,33.95
ESCEU,35.9,-5.3166666666667
RERUN,-20.9,55.516666666666666
AT7PZ,48.2,15.516666666666667
ATATK,46.7,13.633333333333333
ATATN,48.21666666666667,14.4
ATAWH,48.38333333333333,15.85
ATBFS,47.416666666666664,13.216666666666667
ATBNN,48.5,16.566666666666666
ATBOE,47.983333333333334,14.75
ATBRI,48.45,15.75
ATBRZ,47.5,9.766666666666667
ATDFC,48.35,14.45
ATDKZ,47.6,16.633333333333333
ATDOF,48.45,15.716666666666667
ATDRA,48.75,-16.65
ATDRO,48.45,15.566666666666666
ATDUE,48.38333333333333,15.516666666666667
ATDWA,48.3,16.566666666666666
ATEBR,47.95,16.4
ATEIN,48.06666666666667,16.783333333333335
ATEPD,48.333333333333336,15.9
ATERL,47.666666666666664,12.166666666666666
ATERM,47.46666666666667,15
ATERO,48.45,15.883333333333333
ATERR,48.6,16.816666666666666
ATETZ,47.28333333333333,11.05
ATEWD,46.68333333333333,15.833333333333334
ATFBZ,46.916666666666664,15.25
ATFG7,48.666666666666664,-162.5
ATFHR,46.93333333333333,16
ATFNA,48.18333333333333,16.433333333333334
ATFPS,47.15,11.35
ATFSU,47.766666666666666,13.216666666666667
ATGA6,46.71666666666667,15.55
ATGDN,47.916666666666664,13.8
ATGFS,48.333333333333336,16.233333333333334
ATGGU,47.833333333333336,16.666666666666668
ATGHH,48.7,16.066666666666666
ATGHJ,48.36666666666667,-154
ATGRN,48.21666666666667,14.833333333333334
ATGSN,47.86666666666667,15.883333333333333
ATHKM,48.45,15.716666666666667
ATIEG,48.583333333333336,15.866666666666667
ATITN,48.38333333333333,16.1
ATJDD,47.11666666666667,15.35
ATJPS,48.78333333333333,15.566666666666666
ATKAM,47.4,14.9
ATKFD,47.2,14.816666666666666
ATKMB,48.21666666666667,15.166666666666666
ATKTT,47.25,11.266666666666667
ATLKN,48.71666666666667,13.583333333333334
ATLTS,46.666666666666664,15.466666666666667
ATLTX,48.03333333333333,15.766666666666667
ATLUA,48.483333333333334,13.883333333333333
ATLZD,48.3,16.35
ATMAB,48.21666666666667,15.15
ATMAN,48.083333333333336,13.666666666666666
ATMBS,47.75,16.666666666666668
ATMKA,47.233333333333334,16.083333333333332
ATMKC,48.18333333333333,14.7
ATNAD,48.05,14.85
ATND2,47.93333333333333,17.066666666666666
ATNFN,48.483333333333334,13.983333333333333
ATNGG,48.483333333333334,15.883333333333333
ATNNN,47.9,16.633333333333333
ATNT9,47.833333333333336,16.1
ATNUZ,47.18333333333333,9.8
ATOSH,48.333333333333336,14.183333333333334
ATPAS,47.85,16.833333333333332
ATPBU,48.18333333333333,15.066666666666666
ATPET,48.13333333333333,15.15
ATRAD,47.38333333333333,13.45
ATREG,48.083333333333336,14.133333333333333
ATRHN,48.233333333333334,13
ATRHR,48.06666666666667,16.85
ATRRF,48.4,15.5
ATSAG,47.85,16.616666666666667
ATSAK,48.483333333333334,13.75
ATSFT,48.43333333333333,15.55
ATSGS,47.983333333333334,12.883333333333333
ATSK3,46.63333333333333,14.383333333333333
ATSMK,48.38333333333333,14.733333333333333
ATSMR,47.05,15.75
ATSPG,48.45,16.733333333333334
ATSPZ,48.36666666666667,15.416666666666666
ATSSS,47.483333333333334,16.483333333333334
ATST6,46.8,15.866666666666667
ATSTD,47.6,13.633333333333333
ATSUH,48.6,16.766666666666666
ATSUS,48.11666666666667,14.016666666666667
ATSVM,48.46666666666667,14.15
ATSWH,48.4,16.616666666666667
ATSXA,48.68333333333333,16.866666666666667
ATTAM,47.13333333333333,13.8
ATTEN,46.983333333333334,15.5
ATTFS,47.31666666666667,11.65
ATTHS,48.38333333333333,15.683333333333334
ATTKP,48.416666666666664,13.533333333333333
ATTMR,48.333333333333336,15.733333333333333
ATTTL,48.7,15.9
ATVEL,46.61666666666667,14.05
ATWDF,46.88333333333333,15.466666666666667
ATWEU,48.1,15.516666666666667
ATWSE,48.166666666666664,14.716666666666667
ATWUL,47.8,16.5
ATXAE,48.1,14.8
ATZIN,48.31666666666667,15.666666666666666
ATZLF,48.7,16.05
ATZNG,48.483333333333334,15.683333333333334
ATZRF,48.65,16.65
BE7PD,50.36666666666667,3.7666666666666666
BE9IR,50.8,5.666666666666667
BEAAB,50.93333333333333,4.033333333333333
BEAAL,51.083333333333336,3.45
BEADK,51.06666666666667,2.6
BEAEJ,51.31666666666667,5.083333333333333
BEAFN,51.03333333333333,3.6666666666666665
BEAGT,50.7,5.7
BEAHE,50.55,5.216666666666667
BEAMY,50.55,5.316666666666666
BEANB,50.61666666666667,5.583333333333333
BEAND,50.483333333333334,5.1
BEANH,50.31666666666667,4.883333333333333
BEAPL,51.03333333333333,4.066666666666666
BEAPS,50.53333333333333,5.283333333333333
BEAPT,50.81666666666667,3.966666666666667
BEASP,50.916666666666664,3.65
BEASR,50.25,4.9
BEAST,50.983333333333334,3.55
BEATH,50.61666666666667,3.7666666666666666
BEATO,50.56666666666667,3.45
BEAVE,50.333333333333336,4.833333333333333
BEAVL,50.766666666666666,3.4333333333333336
BEAVS,50.45,4.616666666666667
BEBAI,50.28333333333333,5.333333333333333
BEBAN,50.516666666666666,5.166666666666667
BEBAT,51.05,4.45
BEBAZ,51.15,4.3
BEBBG,51.31666666666667,3.1333333333333333
BEBCM,50.78333333333333,3.5
BEBCR,50.483333333333334,4.25
BEBDU,50.483333333333334,3.8166666666666664
BEBER,51.31666666666667,4.866666666666667
BEBGK,51.2,3.5166666666666666
BEBGN,50.86666666666667,5.616666666666667
BEBHE,51.25,3.716666666666667
BEBHR,50.516666666666666,3.4
BEBHU,51.016666666666666,4.2
BEBLE,51.166666666666664,5.15
BEBLO,50.55,3.716666666666667
BEBLT,50.5,3.65
BEBMB,50.983333333333334,4.566666666666666
BEBNU,50.75,5.733333333333333
BEBO2,50.38333333333333,3.9333333333333336
BEBOA,50.516666666666666,5.183333333333334
BEBOC,51.166666666666664,5.583333333333333
BEBOM,51.083333333333336,4.366666666666666
BEBON,51.1,4.233333333333333
BEBOO,50.93333333333333,5.716666666666667
BEBRE,51.13333333333333,5.6
BEBRM,51.15,3.3333333333333335
BEBRT,51.333333333333336,4.316666666666666
BEBRY,50.55,3.4166666666666665
BEBSE,50.81666666666667,3.216666666666667
BEBSI,50.31666666666667,4.166666666666667
BEBSR,51.03333333333333,4.166666666666667
BEBSU,50.75,3.4
BEBTX,49.85,5.25
BEBUD,51.2,4.35
BEBVE,50.71666666666667,3.9333333333333336
BEBVM,50.266666666666666,4.9
BEBVO,51.083333333333336,5.2
BEBWN,50.75,2.95
BECBQ,50.68333333333333,4.216666666666667
BECCS,50.46666666666667,4.366666666666666
BECLN,50.56666666666667,3.4333333333333336
BECOM,50.766666666666666,2.9833333333333334
BECOU,50.38333333333333,4.45
BECRA,50.68333333333333,5.666666666666667
BECRL,50.416666666666664,4.433333333333334
BECRQ,50.583333333333336,3.4
BECTA,50.68333333333333,5.666666666666667
BECTL,50.416666666666664,4.516666666666667
BEDDR,51.03333333333333,4.116666666666666
BEDEG,51.21666666666667,4.466666666666667
BEDEL,51.31666666666667,4.266666666666667
BEDEZ,50.983333333333334,3.533333333333333
BEDGN,51.05,3.6666666666666665
BEDIA,50.266666666666666,4.916666666666667
BEDIK,51.03333333333333,2.8666666666666667
BEDKN,51.13333333333333,3.9833333333333334
BEDLS,51.03333333333333,5.733333333333333
BEDNB,51,4.083333333333333
BEDPE,51,3.65
BEDPK,50.9,5.4
BEDPY,50.416666666666664,4.4
BEDRW,50.88333333333333,4.066666666666666
BEDSE,51.233333333333334,5.116666666666666
BEDSL,50.88333333333333,3.35
BEDUF,51.1,4.516666666666667
BEDXN,50.733333333333334,3.85
BEEAM,50.85,3.6333333333333333
BEEBM,51.166666666666664,4.6
BEEBZ,50.86666666666667,5.583333333333333
BEECH,51.03333333333333,4.466666666666667
BEEEK,51.18333333333333,3.5666666666666664
BEEET,49.583333333333336,5.583333333333333
BEEFS,50.75,3.4333333333333336
BEEHT,51.1,5
BEEIN,50.86666666666667,3.6166666666666667
BEEKE,51.28333333333333,4.416666666666667
BEEKS,51.15,3.966666666666667
BEELS,50.96666666666667,3.7
BEEMP,50.7,3.25
BEENG,50.583333333333336,5.416666666666667
BEEQE,50.95,3.6333333333333333
BEEQM,50.666666666666664,3.3333333333333335
BEERE,51.18333333333333,3.75
BEESD,50.983333333333334,5.716666666666667
BEEVM,51.11666666666667,3.7
BEFCS,50.43333333333333,4.55
BEFEY,50.56666666666667,4.25
BEFFX,50.45,4.766666666666667
BEFLN,50.56666666666667,5.333333333333333
BEFLO,50.43333333333333,4.783333333333333
BEFMA,50.6,5.466666666666667
BEFNR,50.43333333333333,4.733333333333333
BEFRM,51.016666666666666,2.7333333333333334
BEFVT,50.31666666666667,4.2
BEFWI,50.46666666666667,4.8
BEGBB,51.2,4.716666666666667
BEGBH,51.016666666666666,5.233333333333333
BEGBU,51.05,3.75
BEGDE,50.93333333333333,5.383333333333334
BEGDN,50.35,4.866666666666667
BEGEA,50.766666666666666,3.8666666666666667
BEGEL,51.166666666666664,5
BEGGM,51.05,4.1
BEGHI,50.45,3.8166666666666664
BEGHL,50.46666666666667,3.8833333333333333
BEGLK,50.88333333333333,5.6
BEGNK,50.96666666666667,5.5
BEGOS,50.46666666666667,4.416666666666667
BEGRB,50.93333333333333,4.383333333333334
BEGRO,50.86666666666667,4.266666666666667
BEGVR,50.93333333333333,3.6666666666666665
BEHAM,51.11666666666667,5.183333333333334
BEHAR,50.88333333333333,4.416666666666667
BEHBE,51.06666666666667,3.533333333333333
BEHBN,51.166666666666664,4.35
BEHCS,50.483333333333334,3.6833333333333336
BEHCT,50.733333333333334,5.666666666666667
BEHDK,51.06666666666667,4.4
BEHEE,50.166666666666664,4.833333333333333
BEHEJ,50.85,3.3
BEHER,51.18333333333333,4.833333333333333
BEHET,51.2,5.45
BEHEX,51.15,4.35
BEHFB,50.733333333333334,4.233333333333333
BEHGA,50.483333333333334,4.133333333333334
BEHGG,50.483333333333334,4.15
BEHKN,50.733333333333334,3.3833333333333333
BEHLU,50.78333333333333,3.1333333333333333
BEHMB,50.43333333333333,4.666666666666667
BEHMH,50.55,5.366666666666666
BEHMM,51.083333333333336,3.533333333333333
BEHNA,51.016666666666666,3
BEHNS,50.43333333333333,3.6666666666666665
BEHOL,50.53333333333333,3.4166666666666665
BEHPD,50.21666666666667,4.833333333333333
BEHRE,50.46666666666667,4.033333333333333
BEHRP,50.36666666666667,4.283333333333333
BEHRS,50.666666666666664,5.633333333333333
BEHSD,50.96666666666667,4.033333333333333
BEHSL,51.21666666666667,5.483333333333333
BEHSS,50.93333333333333,5.333333333333333
BEHTJ,50.483333333333334,3.75
BEHTM,50.2,4.816666666666666
BEHUM,50.96666666666667,4.383333333333334
BEHUX,50.3,4.9
BEHUY,50.516666666666666,5.233333333333333
BEHVE,51,4.55
BEHYB,50.96666666666667,4.066666666666666
BEIGE,50.916666666666664,3.25
BEISR,50.666666666666664,3.8166666666666664
BEITR,50.65,4.266666666666667
BEIZG,50.916666666666664,3.2
BEJAK,50.65,5.633333333333333
BEJAM,50.45,4.883333333333333
BEJAV,50.516666666666666,5.15
BEJKP,51,2.8166666666666664
BEJPS,50.46666666666667,4.666666666666667
BEKAI,50.63333333333333,3.3666666666666667
BEKAN,50.81666666666667,5.666666666666667
BEKCT,50.93333333333333,3.183333333333333
BEKDE,51.28333333333333,4.166666666666667
BEKEK,51.166666666666664,4.316666666666666
BEKHN,50.8,3.5
BEKJK,50.833333333333336,3.2666666666666666
BEKLE,51.18333333333333,5.516666666666667
BEKMH,50.95,4.55
BEKNS,51.13333333333333,3.4166666666666665
BEKOU,51.25,4.283333333333333
BEKPB,51.016666666666666,4.366666666666666
BEKRN,50.95,5.3
BEKRO,51.15,5.75
BEKSN,51.15,5.816666666666666
BEKSR,50.78333333333333,3.5166666666666666
BEKUU,50.85,3.283333333333333
BEKVE,51.333333333333336,4.666666666666667
BEKWA,51.1,5.133333333333334
BELAN,50.88333333333333,5.65
BELAW,50.8,3.183333333333333
BELBE,50.71666666666667,4.216666666666667
BELBS,50.35,4.25
BELDS,50.38333333333333,4.35
BELES,50.71666666666667,3.8333333333333335
BELEU,50.88333333333333,4.7
BELFE,51.166666666666664,2.8833333333333333
BELGB,51.11666666666667,3.7333333333333334
BELGG,50.63333333333333,5.566666666666666
BELGM,51.05,3.5666666666666664
BELGO,50.95,5.5
BELHK,51.016666666666666,3.8833333333333333
BELIE,51.13333333333333,4.566666666666666
BELIL,51.3,4.3
BELIX,50.75,5.666666666666667
BELML,51.233333333333334,5.3
BELNK,51.016666666666666,5.716666666666667
BELNY,50.78333333333333,5.683333333333334
BELOK,51.1,3.9833333333333334
BELOT,50.766666666666666,4.266666666666667
BELOZ,51.2,5.566666666666666
BELPG,51.11666666666667,5.25
BELPI,50.516666666666666,3.4333333333333336
BELQA,50.65,3.8
BELRG,51.03333333333333,3.75
BELSG,51.3,3.183333333333333
BELUI,50.38333333333333,4.9
BELUM,50.983333333333334,5.2
BELUZ,50.56666666666667,3.7666666666666666
BEMAN,50.5,4.216666666666667
BEMAP,50.4,4.383333333333334
BEMBY,50.55,3.5
BEMEE,51.45,4.733333333333333
BEMEG,50.9,3.7
BEMEH,51.13333333333333,5.083333333333333
BEMEL,51,3.8
BEMEN,50.8,3.1166666666666667
BEMEW,51.166666666666664,3.9333333333333336
BEMFF,50.61666666666667,3.8
BEMGM,51.016666666666666,3.533333333333333
BEMGN,50.45,4.583333333333333
BEMGS,50.4,4.5
BEMHN,51.2,4.616666666666667
BEMLD,50.483333333333334,4.966666666666667
BEMLO,51.18333333333333,5.1
BEMLY,50.88333333333333,4.383333333333334
BEMMN,50.81666666666667,5.666666666666667
BEMNO,50.766666666666666,3.4
BEMQS,50.45,3.9333333333333336
BEMRB,51.166666666666664,3.2666666666666666
BEMRD,51.083333333333336,3.5833333333333335
BEMRG,50.45,4.083333333333333
BEMRK,51.25,4.45
BEMRL,51,3.75
BEMRM,50.95,2.85
BEMRO,50.45,4.7
BEMSI,50.666666666666664,5.633333333333333
BEMSJ,50.85,4.316666666666666
BEMSK,51.1,5.8
BEMSP,51,4.066666666666666
BEMSR,50.483333333333334,3.95
BEMSS,50.416666666666664,4.366666666666666
BEMUI,51.016666666666666,4.516666666666667
BEMZK,51.06666666666667,4.15
BENAM,50.46666666666667,4.866666666666667
BENBA,50.46666666666667,3.95
BENFE,50.233333333333334,4.916666666666667
BENHA,50.916666666666664,5.683333333333334
BENHY,50.53333333333333,5.283333333333333
BENIL,51.11666666666667,4.333333333333333
BENMC,50.46666666666667,5
BENNV,50.833333333333336,4.016666666666667
BENRP,51.21666666666667,5.416666666666667
BENRT,51.083333333333336,5.7
BENRY,50.6,5.55
BENVH,50.9,4.383333333333334
BENVL,51.03333333333333,3.55
BENVN,51.1,4.35
BENYL,51.166666666666664,4.65
BEOBG,51.18333333333333,3
BEOBR,50.46666666666667,4
BEOBT,50.55,5.333333333333333
BEODE,50.81666666666667,4.433333333333334
BEOEL,51.21666666666667,4.583333333333333
BEOEV,51.13333333333333,4.883333333333333
BEOGS,50.68333333333333,3.85
BEOHN,51.11666666666667,5.8
BEOKG,50.85,4.05
BEOKP,51.15,3.2333333333333334
BEOLE,50.75,3.85
BEOLN,51.15,4.85
BEOOG,50.88333333333333,3.3333333333333335
BEOPI,51.11666666666667,5.65
BEOPY,50.7,5.65
BEOQC,50.666666666666664,4.216666666666667
BEORR,50.75,3.466666666666667
BEOSG,50.93333333333333,3.4333333333333336
BEOTH,51.31666666666667,4.983333333333333
BEOTK,51.28333333333333,3.283333333333333
BEOTL,51.11666666666667,4.966666666666667
BEOUD,50.85,3.6
BEOUG,50.6,5.533333333333333
BEOVE,51.21666666666667,5.416666666666667
BEOZL,50.78333333333333,3.9
BEPAL,51.03333333333333,5.183333333333334
BEPCL,50.5,4.35
BEPCQ,50.68333333333333,3.3333333333333335
BEPES,50.55,3.4333333333333336
BEPFE,50.38333333333333,4.866666666666667
BEPKH,50.96666666666667,2.7333333333333334
BEPLB,50.43333333333333,4.133333333333334
BEPLO,50.416666666666664,4.533333333333333
BEPLY,50.78333333333333,5.683333333333334
BEPME,50.45,3.7
BEPML,50.833333333333336,4.066666666666666
BEPTP,51.233333333333334,4.35
BEPTS,50.733333333333334,3.4
BEPUU,51.083333333333336,4.283333333333333
BERAR,50.18333333333333,5.583333333333333
BERBE,50.916666666666664,2.6166666666666667
BERBX,50.65,3.783333333333333
BERCI,50.65,3.3166666666666664
BERCL,50.71666666666667,5.683333333333334
BERCT,50.53333333333333,3.5833333333333335
BEREK,50.833333333333336,3.6166666666666667
BEREQ,50.3,4.116666666666666
BERGE,50.95,2.783333333333333
BERHA,50.916666666666664,2.6166666666666667
BERIE,51.166666666666664,3.783333333333333
BERIJ,51.35,4.766666666666667
BERIN,51.05,5.216666666666667
BERJT,50.68333333333333,5.55
BEROE,50.95,3.1333333333333333
BEROS,50.43333333333333,4.583333333333333
BEROU,50.5,4.1
BEROX,50.43333333333333,4.383333333333334
BERPM,51.13333333333333,4.283333333333333
BERQS,50.6,4.216666666666667
BERTI,51.266666666666666,5.066666666666666
BERUE,50.766666666666666,3.4833333333333334
BERUI,50.78333333333333,4.3
BERUS,51.083333333333336,4.416666666666667
BERVE,50.35,4.866666666666667
BERVS,51.36666666666667,5
BESAN,51.18333333333333,3.183333333333333
BESAS,51.05,4.2
BESBE,51.18333333333333,3.2333333333333334
BESBG,50.5,3.716666666666667
BESCE,51.233333333333334,4.566666666666666
BESCT,51.25,4.5
BESDP,51.13333333333333,4.266666666666667
BESDT,50.516666666666666,4.25
BESEN,50.516666666666666,4.25
BESES,50.5,5.066666666666666
BESGM,50.833333333333336,3.3
BESGX,50.5,5
BESHB,51.016666666666666,3.9333333333333336
BESHL,51.13333333333333,4.333333333333333
BESHR,50.96666666666667,3.716666666666667
BESJG,51.3,4.566666666666666
BESJO,51.18333333333333,4.883333333333333
BESJR,51.13333333333333,2.7666666666666666
BESKR,50.96666666666667,5.266666666666667
BESLJ,51.21666666666667,2.95
BESLN,51.35,4.683333333333334
BESLS,50.05,4.25
BESLY,50.483333333333334,5.033333333333333
BESML,51.016666666666666,3.6333333333333333
BESNE,51,4.016666666666667
BESPE,51.21666666666667,3.2
BESPI,50.71666666666667,3.35
BESSB,50.3,4.133333333333334
BESSK,51.18333333333333,2.9333333333333336
BESSN,50.61666666666667,5.55
BESSO,50.46666666666667,4.983333333333333
BESTT,50.53333333333333,5.216666666666667
BESVG,51.083333333333336,4.333333333333333
BESVN,51.21666666666667,5.233333333333333
BETBE,50.9,5.683333333333334
BETDK,51.15,3.783333333333333
BETER,50.86666666666667,4.183333333333334
BETES,51.06666666666667,5.083333333333333
BETET,50.46666666666667,3.8
BETFN,50.9,4.1
BETGE,50.43333333333333,4.55
BETGL,51.13333333333333,5.666666666666667
BETGN,51.083333333333336,4.4
BETHE,50.46666666666667,4.083333333333333
BETHG,50.53333333333333,5.266666666666667
BETHU,50.333333333333336,4.283333333333333
BETIL,51.11666666666667,4.183333333333334
BETIS,51.03333333333333,4.366666666666666
BETLK,50.95,4.633333333333333
BETLR,50.61666666666667,5.533333333333333
BETMS,50.43333333333333,4.6
BETOB,51.63333333333333,2.9166666666666665
BETRN,50.6,3.3833333333333333
BETSE,51.13333333333333,4.216666666666667
BETSL,50.63333333333333,4.716666666666667
BETUR,51.31666666666667,4.95
BEUIT,51.016666666666666,3.95
BEVBG,50.95,4.416666666666667
BEVEU,51.06666666666667,2.6666666666666665
BEVGL,50.63333333333333,4.183333333333334
BEVHN,50.81666666666667,5.633333333333333
BEVIL,50.93333333333333,4.433333333333334
BEVIT,50.666666666666664,6.7
BEVLX,50.06666666666667,4.366666666666666
BEVSB,50.583333333333336,5.483333333333333
BEVSH,50.46666666666667,4.05
BEVSL,51.18333333333333,4.633333333333333
BEVVI,50.483333333333334,4.4
BEVWZ,50.86666666666667,5.633333333333333
BEVZI,50.5,5.016666666666667
BEW5R,50.6,5.4
BEWAA,51.1,4.083333333333333
BEWAN,50.53333333333333,5.216666666666667
BEWAR,50.88333333333333,3.4166666666666665
BEWBR,50.666666666666664,4.45
BEWCG,50.7,3.3333333333333335
BEWDG,51.083333333333336,3.716666666666667
BEWDM,51.11666666666667,3.216666666666667
BEWEE,51.06666666666667,3.2666666666666666
BEWEL,50.85,5.316666666666666
BEWER,50.78333333333333,3.033333333333333
BEWET,51,3.8833333333333333
BEWEV,50.8,3.1666666666666665
BEWGL,50.93333333333333,4.7
BEWHT,50.35,3.8833333333333333
BEWIH,51,3.9833333333333334
BEWIP,50.416666666666664,4.866666666666667
BEWIR,50.5,3.533333333333333
BEWJG,51.233333333333334,4.533333333333333
BEWLB,51.06666666666667,4.366666666666666
BEWLM,51.06666666666667,4.466666666666667
BEWLP,51.1,2.7
BEWLT,50.21666666666667,4.866666666666667
BEWND,50.666666666666664,5.65
BEWTH,51.1,4.3
BEYRT,50.583333333333336,5.433333333333334
BEYVO,50.333333333333336,4.883333333333333
BEZBR,50.8,3.966666666666667
BEZEL,51.2,3.8166666666666664
BEZER,50.6,5.483333333333333
BEZET,50.983333333333334,4.466666666666667
BEZGM,50.9,3.65
BEZLE,51.06666666666667,4.033333333333333
BEZOD,51.016666666666666,5.3
BEZRM,51.11666666666667,3.55
BEZTL,50.93333333333333,5.566666666666666
BEZUL,50.916666666666664,3.4333333333333336
BEZUN,50.78333333333333,4.266666666666667
BEZVD,51.2,2.966666666666667
BEZVT,51.36666666666667,4.3
BEZWE,50.8,3.3333333333333335
BEZWL,51.21666666666667,4.333333333333333
BEZWN,51,3.716666666666667
BG4IG,43.25,27.766666666666666
BGAKH,42.1,27.95
BGBAL,43.416666666666664,28.166666666666668
BGBSL,43.46666666666667,23.95
BGGUR,42.65,25.783333333333335
BGKUK,42.03333333333333,24.783333333333335
BGMAB,41.6,23.8
BGNES,42.65,27.733333333333334
BGNPO,43.68333333333333,24.883333333333333
BGOKH,43.733333333333334,23.95
BGRDU,43.85,25.966666666666665
BGS3W,42.6,26.683333333333334
BGSOZ,42.416666666666664,27.7
BGVT4,43.2,25.3
CYAKT,34.6,32.95
CYARA,34.95,33.583333333333336
CYAYI,34.983333333333334,34
CYKAR,35.13333333333333,32.833333333333336
CYLAT,35.03333333333333,32.4
CYLIO,35,33.88333333333333
CYMOI,34.733333333333334,33.2
CYNIC,35.166666666666664,33.36666666666667
CYPFO,34.766666666666666,32.416666666666664
CYPSI,35.05,33.25
CYVAS,34.71666666666667,33.31666666666667
CYZYY,34.733333333333334,33.333333333333336
CZBAR,49.666666666666664,18.05
CZBBC,48.983333333333334,16.4
CZBBE,50.38333333333333,14.433333333333334
CZBLN,50.55,13.766666666666667
CZBRA,49.9,14.85
CZC7V,50.03333333333333,16.75
CZCCN,50,16.233333333333334
CZCEP,49.983333333333334,15.7
CZCEV,50.25,17.233333333333334
CZCHU,49.56666666666667,16.266666666666666
CZCRS,49.666666666666664,18.583333333333332
CZCUL,50.81666666666667,14.966666666666667
CZDCB,50.78333333333333,14.216666666666667
CZDDD,51.166666666666664,141.5
CZDEK,49.71666666666667,13.65
CZDIV,49.78333333333333,14.883333333333333
CZDKV,50.68333333333333,15.316666666666666
CZDOB,49.916666666666664,18.116666666666667
CZDOL,49.13333333333333,17.816666666666666
CZDRN,48.85,16.5
CZDRO,50.36666666666667,13.8
CZDRS,49.78333333333333,14.166666666666666
CZG44,48.95,-154.83333333333334
CZHLU,48.983333333333334,17.516666666666666
CZHRN,50.03333333333333,14.75
CZHRU,48.78333333333333,16.983333333333334
CZJAB,50.03333333333333,16.6
CZJEN,50.483333333333334,14.016666666666667
CZJIE,48.983333333333334,16
CZJK6,48.9,16.7
CZKAD,50.38333333333333,13.266666666666667
CZKKA,50.06666666666667,12.783333333333333
CZKNV,50.233333333333334,14.316666666666666
CZKOQ,49.983333333333334,140.33333333333334
CZKSL,50.233333333333334,14.6
CZKUV,49.35,18.25
CZLOB,49.4,17.283333333333335
CZLUK,49.85,13.983333333333333
CZMIB,49.53333333333333,17.833333333333332
CZMNV,49.6,16.883333333333333
CZMYT,48.78333333333333,14.166666666666666
CZNEH,50.13333333333333,14.733333333333333
CZNET,49.05,14.2
CZNKN,49.166666666666664,14.333333333333334
CZNRT,50.266666666666666,14.516666666666667
CZNVV,50.18333333333333,14.716666666666667
CZOCX,50.266666666666666,16.116666666666667
CZOSI,50.15,15.683333333333334
CZOVK,50.733333333333334,15.25
CZOVV,49.78333333333333,142.33333333333334
CZPAU,49.86666666666667,12.75
CZPNA,49.333333333333336,15.716666666666667
CZPNJ,50.53333333333333,16.233333333333334
CZPOP,49.333333333333336,17.3
CZRNH,49.45,17.183333333333334
CZSDO,49.7,18.35
CZSEM,50.36666666666667,150
CZSK5,49.95,14.533333333333333
CZSKJ,50.15,140.63333333333333
CZSMO,50.06666666666667,14.4
CZSTE,49.85,14.4
CZSTT,50.45,14.383333333333333
CZTIS,49.35,16.433333333333334
CZTOM,50.06666666666667,12.983333333333333
CZTUC,50.13333333333333,14.283333333333333
CZTVA,50.733333333333334,15.3
CZULN,50.666666666666664,14.033333333333333
CZVAA,49.28333333333333,16.45
CZVKA,50.03333333333333,15.466666666666667
CZXUY,50.06666666666667,14.45
CZZLY,49.25,17.466666666666665
DE23A,50.9,10.633333333333333
DE2RO,49.43333333333333,8.25
DE3L4,52.516666666666666,13.666666666666666
DE6NK,49.71666666666667,6.5
DEAAD,53.21666666666667,8.016666666666667
DEAAH,50.766666666666666,6.083333333333333
DEABF,53.666666666666664,9.483333333333333
DEABH,53.483333333333334,8.433333333333334
DEABL,52.35,10.566666666666666
DEABO,52.18333333333333,12.866666666666667
DEADT,48.81666666666667,9.366666666666667
DEAEB,52.38333333333333,13.116666666666667
DEAGE,53.8,7.9
DEAHU,50.166666666666664,7.683333333333334
DEAIT,47.95,10.083333333333334
DEAMB,49.43333333333333,11.866666666666667
DEAML,51.88333333333333,7.6
DEAMR,52.4,7.933333333333334
DEAND,50.43333333333333,7.4
DEANE,51.53333333333333,7.166666666666667
DEANR,53.85,8.8
DEAPE,53.21666666666667,7.8
DEAQ2,48.81666666666667,11.683333333333334
DEAQF,50.05,7.116666666666666
DEARL,47.9,11.333333333333334
DEARN,51.38333333333333,8.083333333333334
DEASE,52.88333333333333,11.483333333333333
DEASR,49.083333333333336,11.9
DEATL,52.55,7.3
DEAUG,53.21666666666667,7.766666666666667
DEAUO,54.31666666666667,9.716666666666667
DEAUR,53.46666666666667,7.483333333333333
DEAWR,54.31666666666667,9.966666666666667
DEAXB,51.7,11.666666666666666
DEB85,48.266666666666666,12.25
DEBAS,53.68333333333333,9.183333333333334
DEBBG,52.416666666666664,12.55
DEBBV,53.083333333333336,10.583333333333334
DEBCO,52.88333333333333,10.116666666666667
DEBCT,56.4,13.216666666666667
DEBCW,51.53333333333333,11.866666666666667
DEBDA,50.21666666666667,7.45
DEBDF,50.416666666666664,7.566666666666666
DEBEN,53.68333333333333,7.583333333333333
DEBER,52.516666666666666,13.383333333333333
DEBES,52.31666666666667,8.333333333333334
DEBEU,53.45,10.083333333333334
DEBEZ,48.11666666666667,7.733333333333333
DEBFF,51.75,9.383333333333333
DEBGL,50.983333333333334,7.133333333333334
DEBIN,49.96666666666667,7.883333333333333
DEBIW,52.28333333333333,13.75
DEBKW,52.166666666666664,14.233333333333333
DEBLD,49.2,12.033333333333333
DEBLM,53.18333333333333,8.583333333333334
DEBMK,53.583333333333336,6.666666666666667
DEBMN,47.733333333333334,9.333333333333334
DEBMO,53.016666666666666,7.5
DEBMR,53.733333333333334,7.366666666666666
DEBMV,53.483333333333334,9.133333333333333
DEBNK,52.43333333333333,9.733333333333333
DEBOI,53.38333333333333,10.716666666666667
DEBOK,53.38333333333333,8.766666666666667
DEBQ2,50.5,8.816666666666666
DEBRA,53.55,8.7
DEBRK,53.68333333333333,9.466666666666667
DEBSI,48.11666666666667,8.816666666666666
DEBTA,52.3,10.4
DEBTC,52.85,10.666666666666666
DEBTF,53.7,11.55
DEBTI,52.35,11.833333333333334
DEBUL,48.68333333333333,8.133333333333333
DEBUT,53.583333333333336,8.366666666666667
DEBUX,53.45,9.7
DEBWE,52.266666666666666,10.5
DEBWJ,48.88333333333333,8.566666666666666
DEBWQ,49.2,8.033333333333333
DEBXB,49.483333333333334,9.633333333333333
DEBYT,54.333333333333336,9.716666666666667
DEBZQ,50.916666666666664,12.816666666666666
DEBZR,54.4,13.6
DEBZS,52.18333333333333,10.416666666666666
DECAR,53.7,7.8
DECGN,50.95,6.933333333333334
DECH5,51.2,14.483333333333333
DECHL,53.583333333333336,9.7
DECKH,50.43333333333333,6.65
DECKK,52.016666666666666,10.133333333333333
DECPZ,50.96666666666667,13.933333333333334
DECRL,51.55,7.3
DECRR,50.96666666666667,11.966666666666667
DECUM,53.016666666666666,11.65
DECWN,53.95,12.116666666666667
DEDAN,53.45,8.116666666666667
DEDCH,50.05,7.766666666666667
DEDDD,51.36666666666667,7.6
DEDE3,49.25,10.283333333333333
DEDE8,49.916666666666664,7.9
DEDEB,51.11666666666667,12.066666666666666
DEDEO,49.516666666666666,7.1
DEDEU,50.53333333333333,7.033333333333333
DEDFX,50.7,7.183333333333334
DEDGA,48.81666666666667,12.983333333333333
DEDHM,48.65,7.883333333333333
DEDIA,54.3,12.366666666666667
DEDIT,53.31666666666667,7.283333333333333
DEDMG,51.083333333333336,6.816666666666666
DEDMN,53.9,13.033333333333333
DEDNR,51.86666666666667,10.916666666666666
DEDNT,52.21666666666667,7.683333333333334
DEDON,51.666666666666664,6.966666666666667
DEDR5,52.65,8.433333333333334
DEDRO,53.7,9.383333333333333
DEDRP,52.95,7.316666666666666
DEDSB,51.25,13.416666666666666
DEDSC,48.35,10.583333333333334
DEDSU,52.96666666666667,7.283333333333333
DEDT8,50.75,12.116666666666667
DEDTM,51.5,7.483333333333333
DEDUI,51.46666666666667,6.75
DEDUL,48.45,9.05
DEDUS,51.233333333333334,6.783333333333333
DEDVE,52.85,9.233333333333333
DEDWD,53.083333333333336,13.183333333333334
DEEAM,49.8,9.166666666666666
DEEAU,51.016666666666666,12.933333333333334
DEEAX,49.8,10.083333333333334
DEEBB,49.46666666666667,8.983333333333333
DEEBI,50.35,7.616666666666667
DEEDD,54.28333333333333,9.4
DEEDI,49.43333333333333,8.6
DEEFE,51.71666666666667,12.45
DEEGC,48.516666666666666,12.066666666666666
DEEGJ,52.56666666666667,7.816666666666666
DEEHI,48.28333333333333,9.733333333333333
DEEHM,50.083333333333336,7.2
DEEHS,52.15,14.65
DEELB,54.333333333333336,10.183333333333334
DEELF,49.833333333333336,9.15
DEELG,51.483333333333334,13.116666666666667
DEEM4,48.5,10.666666666666666
DEEOM,49.766666666666666,11.05
DEERA,50.18333333333333,6.35
DEERX,51.96666666666667,11.65
DEERY,48.3,14.516666666666666
DEESU,51.6,6.6
DEETN,51.86666666666667,6.15
DEETY,47.56666666666667,11.1
DEEZH,48.166666666666664,8.066666666666666
DEEZN,53.083333333333336,11.433333333333334
DEFBR,51.56666666666667,-130.21666666666667
DEFES,48.666666666666664,7.95
DEFFO,52.35,14.55
DEFHE,50.983333333333334,9.333333333333334
DEFHL,51.63333333333333,6.65
DEFHM,48.06666666666667,10.15
DEFNW,50.6,7.1
DEFRA,50.11666666666667,8.683333333333334
DEFRE,52.88333333333333,7.3
DEFRR,48.983333333333334,13.3
DEFSH,49.75,8.166666666666666
DEFWH,50.8,7.15
DEFYE,53.016666666666666,7.85
DEGAO,49.78333333333333,8.183333333333334
DEGBX,49,12.2
DEGDO,50.85,6.966666666666667
DEGDZ,51.11666666666667,6.433333333333334
DEGEK,51.516666666666666,7.116666666666666
DEGFD,50.45,9.95
DEGFF,50.583333333333336,7.066666666666666
DEGHZ,49.15,7.216666666666667
DEGJ9,48.71666666666667,-123
DEGKG,50.083333333333336,8.983333333333333
DEGKR,50.016666666666666,11.683333333333334
DEGL3,50.93333333333333,13.833333333333334
DEGLK,54.833333333333336,9.55
DEGMN,54.11666666666667,13.05
DEGMR,51.05,7.15
DEGMV,54.25,12.233333333333333
DEGNL,54.2,12.3
DEGNP,50.583333333333336,12.15
DEGNR,50.75,7.066666666666666
DEGNU,52.21666666666667,7.033333333333333
DEGNX,49.88333333333333,7.8
DEGO4,50.016666666666666,9.783333333333333
DEGPR,51.56666666666667,7.366666666666666
DEGRE,53.5,7.1
DEGRO,54.38333333333333,11.083333333333334
DEGS5,50.95,9.066666666666666
DEGSA,51.28333333333333,12.15
DEGSI,53.46666666666667,8.483333333333333
DEGST,52.6,7.266666666666667
DEGTR,51.35,13.283333333333333
DEGUE,52.35,11.966666666666667
DEGUZ,50.4,7.516666666666667
DEGXG,54.3,13.683333333333334
DEGXN,49.36666666666667,8.15
DEGXR,54.63333333333333,8.716666666666667
DEGXS,51.11666666666667,14.316666666666666
DEGYM,50.666666666666664,-8.733333333333333
DEGZG,53.18333333333333,12.95
DEH54,50.7,8.333333333333334
DEHAJ,52.36666666666667,9.716666666666667
DEHAN,52.1,9.35
DEHAO,49.78333333333333,9.483333333333333
DEHAU,50.13333333333333,8.9
DEHBO,51.45,6.683333333333334
DEHBR,53.03333333333333,7.316666666666666
DEHBU,53.46666666666667,9.983333333333333
DEHCS,50.1,8.55
DEHD8,51.06666666666667,6.933333333333334
DEHDI,51.833333333333336,7.4
DEHE5,49.766666666666666,8.083333333333334
DEHEE,51.55,7.216666666666667
DEHEI,49.416666666666664,8.7
DEHGE,54.56666666666667,8.55
DEHGL,54.166666666666664,7.883333333333333
DEHGZ,47.65,9.833333333333334
DEHH7,50.81666666666667,9.733333333333333
DEHHL,51.983333333333334,9.466666666666667
DEHHO,49.45,9.283333333333333
DEHHV,53.516666666666666,9.916666666666666
DEHJK,49.233333333333334,8.116666666666667
DEHLN,51.733333333333334,9.95
DEHLO,53.63333333333333,9.6
DEHLP,51.9,7.633333333333333
DEHME,50.016666666666666,8.05
DEHML,48.7,7.966666666666667
DEHMM,51.68333333333333,7.8
DEHMO,53.7,9.116666666666667
DEHNF,52.63333333333333,13.216666666666667
DEHO4,49.233333333333334,8.2
DEHOJ,52.266666666666666,10.066666666666666
DEHOO,53.63333333333333,8.016666666666667
DEHOS,53.68333333333333,8.016666666666667
DEHPE,53.4,10.166666666666666
DEHRC,52.266666666666666,11.733333333333333
DEHRE,50.4,9.133333333333333
DEHRO,52.233333333333334,13.966666666666667
DEHRT,51.6,7.133333333333334
DEHRX,54.53333333333333,9.666666666666666
DEHSA,52.86666666666667,14.15
DEHSB,50.96666666666667,10.416666666666666
DEHSI,50,8.133333333333333
DEHSJ,52.68333333333333,10.4
DEHSU,53.1,8.183333333333334
DEHSX,53.7,7.8
DEHTJ,53.55,10.016666666666667
DEHUB,50.86666666666667,13.933333333333334
DEHUX,50.93333333333333,7.883333333333333
DEHZN,51.81666666666667,9.45
DEHZZ,47.666666666666664,7.533333333333333
DEIAM,54.65,8.35
DEIEN,52.56666666666667,7.283333333333333
DEIEW,52.333333333333336,12.966666666666667
DEIGH,49.5,9.816666666666666
DEILE,49.21666666666667,8.016666666666667
DEILH,50.516666666666666,8.816666666666666
DEING,48.766666666666666,11.433333333333334
DEISP,48.916666666666664,8.666666666666666
DEISU,51.53333333333333,6.416666666666667
DEITH,51.78333333333333,6.316666666666666
DEITN,47.63333333333333,10.116666666666667
DEJEM,53.266666666666666,7.383333333333334
DEJIV,49.71666666666667,8.1
DEJSN,52.4,9
DEJTN,48.38333333333333,10.416666666666666
DEJUI,53.68333333333333,7
DEKAR,54.3,12.8
DEKB6,49.6,10.933333333333334
DEKBR,50,7.016666666666667
DEKCO,52.36666666666667,12.416666666666666
DEKDT,49.483333333333334,8.166666666666666
DEKFT,49.733333333333334,9.316666666666666
DEKGM,53.666666666666664,9.35
DEKGU,49.55,10.95
DEKHO,49.2,9.2
DEKHU,51.86666666666667,7.3
DEKIE,52.56666666666667,14.616666666666667
DEKKU,52.4,7.366666666666666
DEKLS,50.11666666666667,8.883333333333333
DEKMT,50.016666666666666,7.166666666666667
DEKNT,51.36666666666667,13.233333333333333
DEKOF,52.38333333333333,9.45
DEKOP,53.21666666666667,8.45
DEKPF,48.95,11.383333333333333
DEKR9,53.93333333333333,12.316666666666666
DEKRA,53.75,9.383333333333333
DEKRE,51.333333333333336,6.566666666666666
DEKTN,50.15,11.016666666666667
DEKUP,48.81666666666667,8.25
DEKVG,49.983333333333334,7.116666666666666
DEKWH,52.28333333333333,13.616666666666667
DEKZB,48.4,11.616666666666667
DELAD,49.2,8.116666666666667
DELAT,52.86666666666667,7.316666666666666
DELAW,50.666666666666664,10.983333333333333
DELBM,54.13333333333333,13.6
DELCW,51.05,13.816666666666666
DELDM,54.3,12.466666666666667
DELER,51.833333333333336,12.833333333333334
DELEV,51.03333333333333,7
DELEW,53.166666666666664,8.616666666666667
DELGB,48.05,8.283333333333333
DELGO,53.75,7.483333333333333
DELGX,49.81666666666667,8.35
DELHD,52.36666666666667,9
DELIA,50.9,10.616666666666667
DELIB,52.6,9.1
DELIU,47.55,9.683333333333334
DELIZ,52.11666666666667,14.216666666666667
DELKI,52.43333333333333,13.35
DELLI,51.833333333333336,12.75
DELLS,50.833333333333336,6.983333333333333
DELNH,52.18333333333333,8.683333333333334
DELNU,53.36666666666667,10.566666666666666
DELOW,52.916666666666664,14.116666666666667
DELPH,48.43333333333333,10.233333333333333
DELPQ,53.71666666666667,14.016666666666667
DELRC,52.53333333333333,8.35
DELRN,50.56666666666667,7.283333333333333
DELS4,51.55,12.633333333333333
DELSA,53.95,13.833333333333334
DELSH,50.25,86.53333333333333
DELSR,49.916666666666664,7.016666666666667
DELSU,50.88333333333333,9.733333333333333
DELT9,51.63333333333333,9.916666666666666
DELTF,52.86666666666667,13.75
DELUH,49.46666666666667,8.433333333333334
DELZ6,51.35,12.216666666666667
DELZG,52.266666666666666,13.833333333333334
DEM5B,48.583333333333336,12.9
DEMAM,54.166666666666664,10.55
DEMDI,51.46666666666667,6.766666666666667
DEME8,51.083333333333336,11.983333333333333
DEMEI,51.15,13.483333333333333
DEMEM,53.63333333333333,6.9
DEMFL,51.083333333333336,9.533333333333333
DEMGW,48.81666666666667,9.966666666666667
DEMHA,52.1,7.716666666666667
DEMHG,49.483333333333334,8.45
DEMHR,49.8,6.816666666666666
DEMIB,52.36666666666667,9.85
DEMID,52.28333333333333,8.9
DEMIN,53.7,7.966666666666667
DEMLO,54.53333333333333,13.55
DEMMF,48.2,11.15
DEMMI,48.65,12.6
DEMMM,49.86666666666667,8.25
DEMMO,49.9,7
DEMNF,50.78333333333333,7.066666666666666
DEMNM,49.86666666666667,6.933333333333334
DEMNQ,49.95,7.883333333333333
DEMOZ,53.166666666666664,8.566666666666666
DEMRM,53.45,7.716666666666667
DEMRS,53.5,8.05
DEMRU,52.3,10.1
DEMSB,53.13333333333333,8.666666666666666
DEMSH,53.25,14.433333333333334
DEMSK,51.46666666666667,13.183333333333334
DEMSR,51.96666666666667,7.633333333333333
DEMUH,51.43333333333333,6.883333333333333
DEMUN,52.983333333333334,10.083333333333334
DEMV5,53.666666666666664,13.883333333333333
DEMVD,53.916666666666664,10.983333333333333
DEMWF,50.916666666666664,14.766666666666667
DEMWW,48.1,8.433333333333334
DEMXA,49.03333333333333,8.316666666666666
DEMXB,51.43333333333333,13.216666666666667
DEMXM,49.03333333333333,8.3
DEMZE,52.18333333333333,13.4
DENCA,53.016666666666666,7.783333333333333
DENCZ,51.233333333333334,13.433333333333334
DENDQ,50.61666666666667,7.933333333333334
DENEL,53.75,9.333333333333334
DENES,53.666666666666664,7.35
DENFE,50.1,7.133333333333334
DENGH,48.25,11.85
DENGL,53.38333333333333,11.583333333333334
DENHE,49.1,9.133333333333333
DENHL,51,6.966666666666667
DENHN,52.43333333333333,7.083333333333333
DENHS,53.7,7.7
DENMN,49.85,6.883333333333333
DENN4,49.53333333333333,8.133333333333333
DENNH,54.916666666666664,13.516666666666667
DENNP,49.8,6.716666666666667
DENO9,50.86666666666667,12.283333333333333
DENOE,53.61666666666667,7.15
DENOR,54.5,8.883333333333333
DENSE,51.5,7
DENSS,51.18333333333333,6.683333333333334
DENSV,48.36666666666667,12.5
DENTA,48.61666666666667,9.25
DENUE,49.43333333333333,11.066666666666666
DENWC,51.6,6.933333333333334
DENZE,49.31666666666667,9.15
DENZM,52.333333333333336,12.733333333333333
DEOAB,49.53333333333333,8.783333333333333
DEOAN,49.78333333333333,7.75
DEOBE,51.46666666666667,6.85
DEOEE,50.11666666666667,7.716666666666667
DEOEX,54.3,9.666666666666666
DEOFF,50.1,8.766666666666667
DEOHE,52.18333333333333,11.666666666666666
DEOHL,53.93333333333333,11.25
DEOIN,52.25,13.783333333333333
DEOKE,52.016666666666666,11.733333333333333
DEOKY,50.266666666666666,11.933333333333334
DEOLD,53.45,8.516666666666667
DEOLK,50.65,13.066666666666666
DEOLU,53.333333333333336,7.333333333333333
DEONG,49.8,6.783333333333333
DEORM,50.36666666666667,8.683333333333334
DEORS,51.516666666666666,6.683333333333334
DEOSB,51.56666666666667,6.566666666666666
DEOSL,52.46666666666667,10.683333333333334
DEOSN,52.266666666666666,8.05
DEOSR,53.9,9.183333333333334
DEOSW,50,8
DEOTK,53.43333333333333,10.1
DEOTT,53.8,8.9
DEOWH,52.233333333333334,11.716666666666667
DEOWT,50.6,7.2
DEPAH,54.266666666666666,9.316666666666666
DEPAS,48.56666666666667,13.45
DEPCE,54.38333333333333,12.666666666666666
DEPEF,54.13333333333333,13.783333333333333
DEPEI,52.31666666666667,10.233333333333333
DEPEL,54.516666666666666,8.633333333333333
DEPEN,52.38333333333333,7.966666666666667
DEPFR,47.583333333333336,10.55
DEPJQ,48.13333333333333,8.866666666666667
DEPKU,51.1,14.216666666666667
DEPLL,52.38333333333333,9.2
DEPLS,48.55,9.2
DEPOT,52.4,13.066666666666666
DEPPT,49.88333333333333,6.916666666666667
DEPRC,51.65,6.55
DEPRN,51.666666666666664,12.916666666666666
DEPRY,52.68333333333333,12.25
DEPSA,51.45,13.616666666666667
DEPSB,52.31666666666667,8.016666666666667
DEPSR,51.86666666666667,12.6
DEPTD,54.21666666666667,12.433333333333334
DEPTN,54.083333333333336,11.983333333333333
DEPYK,51.8,6.133333333333334
DEPZI,49.766666666666666,11.016666666666667
DERAR,48.43333333333333,13.333333333333334
DERBF,51,9.733333333333333
DERBI,53.766666666666666,14.016666666666667
DERBK,52.266666666666666,7.616666666666667
DERCI,53.333333333333336,12.716666666666667
DERCK,52.38333333333333,7.716666666666667
DERDL,48.9,13.35
DERDT,48,10.016666666666667
DERDU,51.21666666666667,13.716666666666667
DERDW,52.416666666666664,13.483333333333333
DERE5,50.516666666666666,7.033333333333333
DEREE,53.483333333333334,7.833333333333333
DERET,52.78333333333333,9.383333333333333
DERFI,48.71666666666667,9.466666666666667
DERFT,50.166666666666664,10.366666666666667
DERHB,51.55,6.583333333333333
DERHX,48.016666666666666,8.533333333333333
DERIC,51.65,6.533333333333333
DERIK,50.083333333333336,9.633333333333333
DERIZ,52.45,13.433333333333334
DERKQ,48.15,11.683333333333334
DERLB,48.733333333333334,7.983333333333333
DERLZ,52.833333333333336,14
DERNT,51.63333333333333,7.65
DERP7,49.233333333333334,8.083333333333334
DERPD,50.71666666666667,7.983333333333333
DERRG,53.1,12.883333333333333
DERRP,49.516666666666666,8.233333333333333
DERTJ,49.35,8.933333333333334
DERU7,49.85,7.816666666666666
DERUB,52.31666666666667,9.066666666666666
DERUE,49.983333333333334,7.916666666666667
DERUM,49.983333333333334,8.433333333333334
DERZE,52.71666666666667,14.133333333333333
DES3B,48.86666666666667,9.916666666666666
DESAR,52.15,10.316666666666666
DESCJ,51.2,13.3
DESCV,50.516666666666666,6.466666666666667
DESCW,50.05,10.216666666666667
DESDI,48.6,13.35
DESDT,53.06666666666667,14.266666666666667
DESE8,47.833333333333336,11.3
DESEF,52.46666666666667,11.983333333333333
DESFL,51.3,13.7
DESGW,51.5,6.733333333333333
DESH4,53.9,10.2
DESKN,47.85,12.183333333333334
DESKS,52.083333333333336,11.666666666666666
DESL5,54.233333333333334,13.283333333333333
DESLZ,48.93333333333333,9.85
DESMA,53.9,9.25
DESN2,49.516666666666666,12.233333333333333
DESNC,48.88333333333333,12.35
DESNE,52.31666666666667,9.933333333333334
DESNP,53.86666666666667,13.566666666666666
DESNR,53.03333333333333,11.566666666666666
DESOC,48.75,8.033333333333333
DESPD,52.233333333333334,12.216666666666667
DESPI,53.766666666666666,7.7
DESPS,54.266666666666666,8.933333333333334
DESQJ,50.18333333333333,10.85
DESRA,49.583333333333336,6.566666666666666
DESRI,52.75,9.183333333333334
DESRP,50.65,7.983333333333333
DESSL,52.416666666666664,7.383333333333334
DESTA,53.6,9.483333333333333
DESTS,53.63333333333333,9.516666666666667
DESWF,49.15,9.066666666666666
DESWQ,49.916666666666664,10.133333333333333
DESWS,50.3,11.466666666666667
DESWT,54.266666666666666,10.216666666666667
DESWW,52.266666666666666,10.416666666666666
DESWZ,49.35,11.25
DESXD,49.96666666666667,10.716666666666667
DESXE,48.31666666666667,7.95
DESZ8,49.06666666666667,9.2
DETAE,52.55,11.95
DETAR,49.55,6.583333333333333
DETBN,52.21666666666667,13.216666666666667
DETCN,51.11666666666667,12.016666666666667
DETEJ,47.86666666666667,7.7
DETER,52.11666666666667,9.616666666666667
DETGM,49.86666666666667,9.833333333333334
DETHR,48.56666666666667,10.916666666666666
DETHU,52.31666666666667,10.5
DETJE,54.3,10.6
DETKD,50.18333333333333,7.3
DETLB,51.35,13.216666666666667
DETLT,52.4,13.266666666666667
DETMH,50.1,11.816666666666666
DETMM,49.68333333333333,6.466666666666667
DETNR,53.016666666666666,11.75
DETOS,53.56666666666667,8.283333333333333
DETRD,54.28333333333333,9.7
DETRH,50,7.833333333333333
DETSU,53.18333333333333,10.983333333333333
DETTP,49.95,6.966666666666667
DETWZ,51.43333333333333,12.666666666666666
DEUBG,51.28333333333333,12.05
DEUBT,51.03333333333333,13.833333333333334
DEUCK,53.733333333333334,14.05
DEUDF,52.36666666666667,13.95
DEUEL,52.96666666666667,10.55
DEUES,53,9.066666666666666
DEUH7,49.86666666666667,8.166666666666666
DEUHF,54.46666666666667,13.133333333333333
DEUKI,51.166666666666664,12.433333333333334
DEULM,48.4,10
DEULS,50.75,12.566666666666666
DEUND,47.75,11.733333333333333
DEUPS,53.46666666666667,7.733333333333333
DEURR,48.28333333333333,9.116666666666667
DEUSF,54.3,9.65
DEUTA,50.666666666666664,13.15
DEUTT,48.266666666666666,7.966666666666667
DEV44,51.43333333333333,6.633333333333333
DEVAR,53.4,8.133333333333333
DEVBS,48.45,12.35
DEVEJ,51.78333333333333,14.083333333333334
DEVEN,52.4,8.166666666666666
DEVGF,47.95,10.916666666666666
DEVIU,51.95,10.566666666666666
DEVIW,54.3,13.783333333333333
DEVNA,52.35,7.45
DEVOC,53.233333333333334,10.933333333333334
DEVOL,49.86666666666667,10.233333333333333
DEVRW,54.11666666666667,13.583333333333334
DEVTT,54.56666666666667,13.1
DEVTZ,52.93333333333333,13
DEVVH,50.61666666666667,7.983333333333333
DEWAC,53.666666666666664,7.483333333333333
DEWAR,54.166666666666664,12.083333333333334
DEWAZ,51.1,9.333333333333334
DEWB2,52.666666666666664,13.683333333333334
DEWE5,54.516666666666666,9.183333333333334
DEWEE,53.166666666666664,7.35
DEWES,51.666666666666664,6.616666666666667
DEWGQ,48.15,8.8
DEWHP,51.45,10.666666666666666
DEWIE,53.45,7.583333333333333
DEWIF,53.78333333333333,9.316666666666666
DEWIM,52.333333333333336,8.433333333333334
DEWIT,52.31666666666667,8.366666666666667
DEWKE,54.11666666666667,10.2
DEWKK,49.483333333333334,9.9
DEWKZ,51.13333333333333,6.416666666666667
DEWLE,49.016666666666666,9.15
DEWLM,51.53333333333333,6.7
DEWMM,49.36666666666667,7.083333333333333
DEWNG,49.03333333333333,10.966666666666667
DEWNH,52.4,9.016666666666667
DEWNI,49.56666666666667,7.85
DEWNL,50.9,10.85
DEWNT,52.25,-10.4
DEWNU,50.416666666666664,7.45
DEWOB,52.43333333333333,10.8
DEWOG,51.05,6.85
DEWRI,53.93333333333333,9.75
DEWTA,49,12.4
DEWTP,51.63333333333333,7.4
DEWTU,51.38333333333333,14.25
DEWWH,49.25,10.816666666666666
DEWWI,50.766666666666666,6.833333333333333
DEXAX,49.81666666666667,10.116666666666667
DEXFW,53.53333333333333,9.85
DEXMP,48.833333333333336,10.833333333333334
DEXRT,48.06666666666667,9.433333333333334
DEXZS,53.25,9.833333333333334
DEYSF,50.93333333333333,14.6
DEYWX,50.1,6.366666666666666
DEZ4Z,49.06666666666667,8.933333333333334
DEZB4,47.666666666666664,10.35
DEZH8,51.2,13.4
DEZHA,51.916666666666664,12.783333333333333
DEZHD,52.96666666666667,13.316666666666666
DEZIN,54.06666666666667,13.9
DEZIS,54.43333333333333,12.683333333333334
DEZIZ,49.1,8.816666666666666
DEZMU,51.53333333333333,11.833333333333334
DEZRH,53.15,12.883333333333333
DEZTH,52.35,13.633333333333333
DEZZH,49.28333333333333,8.816666666666666
DEZZL,49.63333333333333,8.133333333333333
DKAGE,55.266666666666666,14.8
DKAK3,55.06666666666667,14.933333333333334
DKARD,55.25,9.716666666666667
DKARO,55.266666666666666,9.75
DKASA,57.15,10.416666666666666
DKAVK,55.03333333333333,10.266666666666667
DKAVN,55.3,10.783333333333333
DKBAL,55.81666666666667,10.65
DKBBG,56.43333333333333,8.2
DKBGZ,55.56666666666667,10.083333333333334
DKBLA,55.55,8.133333333333333
DKBLU,56.81666666666667,10.1
DKBOG,54.93333333333333,12.05
DKBOS,55.1,10.083333333333334
DKDN6,54.75,11.2
DKDYS,55.733333333333334,12.533333333333333
DKEK4,55.85,11.633333333333333
DKEOT,55.016666666666666,9.433333333333334
DKFER,55.3,10.583333333333334
DKFRK,55.45,8.95
DKFYH,54.96666666666667,9.966666666666667
DKGDM,55.21666666666667,14.966666666666667
DKGTS,56.3,105.31666666666666
DKHBA,55.96666666666667,12.516666666666667
DKHEJ,55.38333333333333,9.6
DKHHV,55.28333333333333,14.75
DKHJ3,55.333333333333336,10.45
DKHJT,55.516666666666666,8.366666666666667
DKHVS,55.983333333333334,8.133333333333333
DKHVT,56.06666666666667,12.566666666666666
DKHWO,55.916666666666664,10.25
DKJEL,55.75,9.433333333333334
DKJUE,55.7,10.016666666666667
DKKAR,55.56666666666667,12.216666666666667
DKKBG,55.483333333333334,10.45
DKKBK,55.18333333333333,11.666666666666666
DKKDM,54.333333333333336,9.45
DKKGL,56.7,10.066666666666666
DKKK4,57.15,9.75
DKKLH,57.95,12.466666666666667
DKKLP,56.53333333333333,8.583333333333334
DKKOK,55.8,10.55
DKKT4,54.7,11.75
DKLHH,55.28333333333333,10.8
DKLUN,55.13333333333333,10.783333333333333
DKMKH,54.96666666666667,11.883333333333333
DKMNS,55,11.866666666666667
DKN3S,55.916666666666664,11.666666666666666
DKNGB,55.45,9.283333333333333
DKNHN,55.7,12.6
DKNR4,55.6,11.666666666666666
DKNSD,55.95,9.383333333333333
DKNYB,55.3,10.783333333333333
DKRD4,56,10.233333333333333
DKRDH,55.25,12.366666666666667
DKRDK,55.06666666666667,9.316666666666666
DKRMO,55.13333333333333,8.516666666666667
DKROF,54.68333333333333,11.383333333333333
DKRYS,55.25,10.55
DKSAE,57.333333333333336,10.533333333333333
DKSB2,55.38333333333333,12.3
DKSD7,55.266666666666666,11.533333333333333
DKSDA,54.9,9.883333333333333
DKSF2,55.583333333333336,11.25
DKSH6,55.31666666666667,12.416666666666666
DKSIT,55.2,11.233333333333333
DKSK3,55.81666666666667,12.566666666666666
DKSL2,55.3,10.05
DKSM6,55.55,11.716666666666667
DKSN2,55.06666666666667,11.916666666666666
DKSN7,55,12.033333333333333
DKSNY,56.86666666666667,8.666666666666666
DKSTA,55.96666666666667,8.383333333333333
DKSTP,55.31666666666667,12.45
DKSVA,55.13333333333333,15.15
DKSVG,55.28333333333333,14.783333333333333
DKTB4,54.75,11.8
DKTJL,56.5,9.6
DKTKB,56.016666666666666,12.466666666666667
DKTMD,56.36666666666667,8.116666666666667
DKTN3,55.6,12.183333333333334
DKTRG,54.9,11.333333333333334
DKTRO,55.03333333333333,10.65
DKUNX,55,11.916666666666666
DKVAE,55.63333333333333,12.35
DKVB2,56.06666666666667,12.15
DKVBN,55,11.916666666666666
DKVBS,54.983333333333334,11.883333333333333
DKVG4,54.7,11.933333333333334
DKVK7,55.75,12.25
DKVM2,55.36666666666667,11.266666666666667
DKVT2,54.85,11.283333333333333
EEABJ,58.36666666666667,22.016666666666666
EEABR,58.166666666666664,22.533333333333335
EEADV,58.53333333333333,23.683333333333334
EEAEN,59.56666666666667,24.75
EEAHO,58.21666666666667,22.366666666666667
EEAJS,59.016666666666666,27.433333333333334
EEAKS,59,27.433333333333334
EEALJ,59.016666666666666,27.433333333333334
EEASE,59.45,26.866666666666667
EEATL,58.3,21.9
EEBEK,59.45,24.65
EEDIR,59.21666666666667,23.5
EEDOB,58.38333333333333,24.366666666666667
EEEIS,59.56666666666667,26.3
EEHAA,58.93333333333333,23.533333333333335
EEHII,59,22.85
EEHLD,58.8,22.45
EEHLT,58.86666666666667,23.05
EEHRA,59.083333333333336,23.533333333333335
EEHRS,59.583333333333336,25.616666666666667
EEHUN,59.46666666666667,24.716666666666665
EEHVV,58.96666666666667,23.533333333333335
EEJEP,58.36666666666667,26.733333333333334
EEJGP,58.03333333333333,24.466666666666665
EEJHT,58.38333333333333,24.283333333333335
EEJKR,58.983333333333334,27.183333333333334
EEJOS,59.38333333333333,28.2
EEKAK,59.45,24.6
EEKAL,58.916666666666664,22.05
EEKAM,58.88333333333333,26.966666666666665
EEKAP,58.36666666666667,26.75
EEKAS,59.45,24.75
EEKBN,59.516666666666666,25.283333333333335
EEKDL,59,22.75
EEKEJ,58.63333333333333,23.45
EEKEL,59.55,24.833333333333332
EEKGS,58.36666666666667,22.966666666666665
EEKGV,58.6,23.066666666666666
EEKHN,58.13333333333333,24.016666666666666
EEKJK,59.46666666666667,24.833333333333332
EEKKE,59.266666666666666,24.016666666666666
EEKKS,58.766666666666666,22.833333333333332
EEKLD,58.45,23.266666666666666
EEKLE,58.65,23.266666666666666
EEKLK,59.5,25.083333333333332
EEKLL,58.65,27.15
EEKLN,59.63333333333333,25.016666666666666
EEKLP,58.666666666666664,27.166666666666668
EEKLR,58.666666666666664,27.166666666666668
EEKND,59.516666666666666,26.533333333333335
EEKNG,58.35,22.95
EEKOL,58.55,27.216666666666665
EEKPA,59.55,26.416666666666668
EEKRG,58.96666666666667,22.466666666666665
EEKSA,58.25,22.733333333333334
EEKSN,58.333333333333336,23.916666666666668
EEKSP,58.05,22.066666666666666
EEKUG,59.35,28.166666666666668
EEKUI,58.56666666666667,23.383333333333333
EEKUR,58.25,22.466666666666665
EEKVI,57.983333333333334,22.2
EEKVR,58.266666666666666,24.166666666666668
EELAN,58.53333333333333,23.683333333333334
EELAO,58.233333333333334,24.116666666666667
EELAT,58.13333333333333,22.25
EELAU,58.916666666666664,22.083333333333332
EELEN,59.45,24.733333333333334
EELEP,59.53333333333333,24.85
EELHK,59.06666666666667,22.7
EELHS,59.45,24.7
EELHT,59.06666666666667,22.7
EELIN,58.333333333333336,24.283333333333335
EELIU,58.28333333333333,24.266666666666666
EELKS,58.333333333333336,27.416666666666668
EELMA,58.166666666666664,22.116666666666667
EELNR,58.53333333333333,23.316666666666666
EELPN,59.55,24.866666666666667
EELPS,58.483333333333334,23.266666666666666
EELSA,59.583333333333336,25.7
EELSL,59.4,24.216666666666665
EELUI,58.86666666666667,23.483333333333334
EEMAN,59.21666666666667,24.133333333333333
EEMDR,59.5,24.816666666666666
EEMEH,58.233333333333334,27.483333333333334
EEMIH,58.78333333333333,26.983333333333334
EEMNI,58.516666666666666,23.666666666666668
EEMNT,57.95,22.133333333333333
EEMNV,57.95,22.116666666666667
EEMOL,59.6,25
EEMRL,58.3,24.016666666666666
EEMRS,59.45,24.666666666666668
EEMTV,58.85,26.95
EEMUG,59.5,24.966666666666665
EEMUN,58.233333333333334,24.116666666666667
EEMUR,58.233333333333334,22.583333333333332
EENAI,59.55,24.55
EENAS,58.21666666666667,22.4
EENJD,58.233333333333334,22.383333333333333
EENJS,59.46666666666667,28.05
EENME,59.53333333333333,25.166666666666668
EENOB,59.45,24.733333333333334
EENRM,59.583333333333336,24.783333333333335
EENST,58.81666666666667,23.033333333333335
EENVA,59.25,23.666666666666668
EEOIU,58.4,25.983333333333334
EEOMR,58.78333333333333,26.983333333333334
EEORI,58.56666666666667,23.1
EEORJ,58.78333333333333,22.766666666666666
EEOST,58.983333333333334,23.516666666666666
EEOTI,59.56666666666667,24.8
EEOTS,58.65,27.166666666666668
EEPAA,58.516666666666666,23.683333333333334
EEPAP,58.36666666666667,21.983333333333334
EEPAS,59.45,24.7
EEPHL,58.45,23.666666666666668
EEPIR,59.46666666666667,24.816666666666666
EEPLN,59.35,24.05
EEPLS,59.333333333333336,24.083333333333332
EEPRE,58.38333333333333,27.516666666666666
EEPRI,58.25,24.133333333333333
EEPRJ,59.43333333333333,26.983333333333334
EEPRK,59.43333333333333,26.983333333333334
EEPRL,59.61666666666667,25
EEPRN,58.38333333333333,24.5
EEPRV,58.38333333333333,24.483333333333334
EEPSM,58.483333333333334,23.266666666666666
EEPSV,59.016666666666666,23.433333333333334
EEPUR,59.416666666666664,27
EEPUS,58.63333333333333,27.15
EEPVS,59.45,24.666666666666668
EERAJ,58.833333333333336,26.95
EERBS,58.36666666666667,26.75
EERGR,59,22.816666666666666
EERHK,58.9,23.433333333333334
EERJS,58.916666666666664,22.066666666666666
EERLB,59.03333333333333,23.283333333333335
EERLS,58.916666666666664,22.066666666666666
EERMS,58.21666666666667,22.5
EERNG,57.78333333333333,23.266666666666666
EERNM,58.11666666666667,24.483333333333334
EERNV,59.56666666666667,24.8
EERON,59.56666666666667,24.8
EEROO,58.266666666666666,21.866666666666667
EERPI,58.13333333333333,27.533333333333335
EERST,59.266666666666666,23.733333333333334
EERUV,58.38333333333333,23.033333333333335
EERVS,59.016666666666666,27.55
EESAM,59.5,25.366666666666667
EESAS,58.71666666666667,27.133333333333333
EESGS,58.38333333333333,26.983333333333334
EESHL,58.96666666666667,23.533333333333335
EESIG,58.15,24
EESLE,58.166666666666664,22.25
EESLM,59.416666666666664,27.733333333333334
EESLN,58.833333333333336,22.95
EESMA,58.53333333333333,22.233333333333334
EESNK,58.833333333333336,22.95
EESNP,58.983333333333334,22.95
EESOE,58.61666666666667,22.6
EESRA,58.166666666666664,27.5
EESRU,58.7,22.533333333333335
EESRV,58.7,22.516666666666666
EESSO,58.71666666666667,27.116666666666667
EESUA,58.13333333333333,24.016666666666666
EESUK,58.13333333333333,24
EESUL,59.46666666666667,28.05
EESUR,59.63333333333333,25.683333333333334
EESUS,58.96666666666667,22.916666666666668
EESVI,58.96666666666667,23.316666666666666
EESVS,58.733333333333334,23.566666666666666
EETAL,58.6,22.983333333333334
EETGI,58.6,22.716666666666665
EETIL,59.45,24.483333333333334
EETJA,58.333333333333336,22.933333333333334
EETJS,58.25,22.466666666666665
EETLT,58.78333333333333,22.766666666666666
EETLV,58.38333333333333,24.5
EETMA,58.68333333333333,22.6
EETML,58.416666666666664,23.116666666666667
EETMN,59.516666666666666,24.883333333333333
EETOI,59.43333333333333,27.533333333333335
EETPL,59.6,25.566666666666666
EETRE,57.916666666666664,24.383333333333333
EETRU,58.36666666666667,26.733333333333334
EETRV,58.25,25.966666666666665
EEURE,58.25,22.5
EEURG,58.36666666666667,26.983333333333334
EEVAN,59.45,24.766666666666666
EEVAR,58.93333333333333,22.95
EEVDU,58.31666666666667,24.016666666666666
EEVEB,59.45,24.65
EEVEE,58.46666666666667,22.05
EEVER,58.6,26.1
EEVIK,58.36666666666667,21.866666666666667
EEVIN,59.65,25.75
EEVIR,58.583333333333336,23.516666666666666
EEVIS,58.583333333333336,23.516666666666666
EEVKS,59,27.733333333333334
EEVLR,58.5,23.233333333333334
EEVNA,59,27.733333333333334
EEVNJ,58.483333333333334,27.25
EEVOI,58.21666666666667,24.466666666666665
EEVOP,58.083333333333336,27.55
EEVOS,59.583333333333336,25.966666666666665
EEVPS,58.43333333333333,23.683333333333334
EEVRI,58.31666666666667,23.983333333333334
EEVRK,58.68333333333333,23.2
EEVRS,58.583333333333336,22.4
EEVSG,58.38333333333333,24.483333333333334
EEVSK,59.016666666666666,27.733333333333334
EEVTR,58.38333333333333,26.733333333333334
EEVUS,59.016666666666666,27.733333333333334
EEVVM,58.46666666666667,22.05
EEVVN,59,27.733333333333334
EEVVS,58.583333333333336,23.566666666666666
EEWJS,58.96666666666667,23.533333333333335
EEWST,58.96666666666667,23.516666666666666
ES2TT,41.56666666666667,1.25
ES4SS,43.31666666666667,-3.0166666666666666
ESAAQ,39.63333333333333,-6.366666666666666
ESABH,43.31666666666667,-4.5
ESACA,40.55,0.48333333333333334
ESAD6,40.36666666666667,-3.25
ESADT,39.78333333333333,-4.866666666666667
ESAGA,28.116666666666667,-15.7
ESAGD,41.9,-8.883333333333333
ESAGG,42.21666666666667,2.65
ESALA,42.983333333333334,-2.6333333333333333
ESALT,43.35,-3.0166666666666666
ESALX,37.46666666666667,-1.7833333333333332
ESAMP,43.35,-3.4166666666666665
ESAMX,40.233333333333334,-4.383333333333334
ESARZ,42.18333333333333,-7.8
ESAS8,43.516666666666666,-5.6
ESASL,42.38333333333333,-1.95
ESATO,43.4,-3.8166666666666664
ESATQ,41.18333333333333,-4.8
ESAXO,43.3,-8.5
ESAYR,39.06666666666667,-1.05
ESB8C,42.88333333333333,-2.1
ESBAT,41.71666666666667,2.55
ESBBJ,28.633333333333333,-17.75
ESBDA,39.06666666666667,-0.55
ESBDF,36.18333333333333,-5.916666666666667
ESBDP,41.1,1.5166666666666666
ESBGG,38.28333333333333,-5.816666666666666
ESBGJ,42.78333333333333,-3.05
ESBLR,41.95,3.2
ESBMO,39.21666666666667,-0.5166666666666667
ESBOS,41.56666666666667,-3.066666666666667
ESBPM,39.516666666666666,3
ESBS3,39.68333333333333,2.8333333333333335
ESBSL,41.36666666666667,-6.1
ESBU3,39.18333333333333,-0.38333333333333336
ESBVN,28.366666666666667,-16.9
ESC9A,39.733333333333334,-0.9666666666666667
ESCAQ,41.11666666666667,0.95
ESCAS,39.983333333333334,-0.03333333333333333
ESCBL,41.06666666666667,1.0666666666666667
ESCBP,37.63333333333333,-0.6833333333333333
ESCC7,39.81666666666667,2.85
ESCCN,42.95,-9.183333333333334
ESCCX,39.06666666666667,-0.4
ESCDI,27.9,-15.4
ESCDK,40.55,0.5333333333333333
ESCED,43.65,-8.05
ESCEL,42.7,-7.05
ESCES,41.53333333333333,1.7
ESCFL,40.38333333333333,-6.75
ESCGE,41.86666666666667,3.0833333333333335
ESCGG,41.88333333333333,2.8166666666666664
ESCGR,39.46666666666667,-3.6
ESCHR,29.233333333333334,-13.5
ESCHZ,38.4,-6.4
ESCNO,43.75,-7.866666666666667
ESCOI,42.666666666666664,-8.716666666666667
ESCPA,37.9,-0.75
ESCPL,36.71666666666667,-4.533333333333333
ESCQU,40.166666666666664,-3.9
ESCRG,37.916666666666664,-0.7333333333333333
ESCRP,39.88333333333333,-4.45
ESCSN,42.21666666666667,-4.85
ESCSO,43.53333333333333,-7.033333333333333
ESCUD,41.583333333333336,-0.9166666666666666
ESCUR,43.38333333333333,-3.216666666666667
ESCZT,42,-6.016666666666667
ESDAG,39.28333333333333,-0.8
ESDBA,43.3,-2.35
ESDBO,38.88333333333333,1.4166666666666667
ESDEJ,40.7,-3.5
ESEBO,39.95,-4.566666666666666
ESECT,40.7,-3.4333333333333336
ESEDL,42.05,0.25
ESEGR,42.5,-8.866666666666667
ESEJC,42.11666666666667,-1.1333333333333333
ESELV,42.56666666666667,-20.533333333333335
ESEMP,42.25,3.1333333333333333
ESENG,38.983333333333334,-0.6833333333333333
ESEOO,39.483333333333334,-2.75
ESETH,40.13333333333333,-2.6833333333333336
ESEUG,42.55,-9
ESEWE,43.36666666666667,-1.7833333333333332
ESEZC,42.31666666666667,-3.0166666666666666
ESFAL,38.7,-1.4333333333333333
ESFLD,38.65,1.5833333333333335
ESFNC,38.916666666666664,-0.16666666666666666
ESFRA,43.05,-8.283333333333333
ESFRM,41.31666666666667,-6.383333333333334
ESFSL,40.05,-4.2
ESGCS,39.96666666666667,0.016666666666666666
ESGDR,42.18333333333333,-5.616666666666667
ESGGA,42.333333333333336,3.066666666666667
ESGLE,42.11666666666667,3.1333333333333333
ESGND,28.05,-16.483333333333334
ESGRT,39.9,-5.2
ESGTL,28.2,-14.016666666666667
ESGTX,43.53333333333333,-3.0166666666666666
ESGU6,40.733333333333334,-3.1666666666666665
ESGVA,41.766666666666666,-4.7
ESGYA,41.666666666666664,1.2166666666666668
ESHDD,38.5,-5.15
ESHHU,42.06666666666667,0.6666666666666666
ESHIE,27.783333333333335,-17.9
ESHIG,38.13333333333333,-6.683333333333334
ESHLL,42.43333333333333,-2.7666666666666666
ESHSN,41.96666666666667,-6.883333333333333
ESHTY,39.733333333333334,-2.8333333333333335
ESHVC,42.4,-8.8
ESIAS,43.11666666666667,-9.166666666666666
ESITE,41.3,-0.75
ESIUA,43.166666666666664,-2.6333333333333333
ESJAV,38.78333333333333,0.16666666666666666
ESJON,39.9,-4.3
ESJRM,42.016666666666666,2.85
ESJUE,40.55,-5.666666666666667
ESKLL,40.9,0.8
ESLAP,42.5,-2.5666666666666664
ESLAX,43.21666666666667,-9
ESLE6,39.43333333333333,-0.4666666666666667
ESLEC,43,-1.8833333333333333
ESLEL,41.61666666666667,2.6666666666666665
ESLGC,29.216666666666665,-13.5
ESLGU,42.96666666666667,-2.6333333333333333
ESLIT,43.31666666666667,-1.9833333333333334
ESLIU,41.78333333333333,2.5833333333333335
ESLLO,41.7,2.85
ESLPC,42.6,-8.933333333333334
ESLPF,39.583333333333336,-1.6666666666666665
ESLSL,42.36666666666667,1.45
ESLTV,38.833333333333336,-3.5833333333333335
ESLZR,38.81666666666667,-6.216666666666667
ESMAI,43.31666666666667,-8.8
ESMBY,42.03333333333333,-6.333333333333333
ESMCZ,41.15,-4.183333333333334
ESMED,28.033333333333335,-16.533333333333335
ESMET,39.516666666666666,-3.0833333333333335
ESMGA,43.1,-9.216666666666667
ESMGN,39.95,-3.9166666666666665
ESMIA,43.1,-8.266666666666667
ESMIC,41.6,0.8666666666666667
ESMIR,38.95,0
ESMIX,42.68333333333333,-2.95
ESMLJ,42.4,-2.3166666666666664
ESMLN,35.31666666666667,-2.8833333333333333
ESMLO,43.416666666666664,-3.8333333333333335
ESMMA,41.65,2.75
ESMNF,37.31666666666667,-4.016666666666667
ESMOA,42.28333333333333,-8.733333333333333
ESMOG,40.483333333333334,-6.05
ESMOI,38.7,-2.8666666666666667
ESMOJ,37.15,-1.85
ESMRJ,39.46666666666667,-3.533333333333333
ESMRN,37.2,-3.6333333333333333
ESMSN,41.483333333333334,2.3166666666666664
ESMTC,41.38333333333333,1.1666666666666667
ESMTQ,42.1,2.2
ESMTU,43.3,-2.3833333333333333
ESMUN,43.35,-2.8333333333333335
ESMUS,43.56666666666667,-5.7
ESNAA,42.65,-2.033333333333333
ESNBL,39.983333333333334,-3.4333333333333336
ESNCA,39.71666666666667,2.9
ESNCO,43.2,-8.75
ESNDD,36.75,-2.7333333333333334
ESNJE,42.416666666666664,-2.7333333333333334
ESNLL,40.016666666666666,-4.433333333333334
ESNRA,42.75,-1.65
ESNRT,39.36666666666667,-0.6
ESNTR,40.233333333333334,-4.183333333333334
ESOLY,39.95,-3.966666666666667
ESOLZ,42.86666666666667,-2.2
ESOMR,39.666666666666664,-3.7666666666666666
ESOND,43.31666666666667,-2.4166666666666665
ESONS,42.68333333333333,-1.7833333333333332
ESOOP,42.28333333333333,3.283333333333333
ESORJ,36.9,-3.4166666666666665
ESOSR,42.983333333333334,-8.433333333333334
ESOTG,43.666666666666664,-7.85
ESOTO,38.93333333333333,-0.25
ESOUT,42.85,-8.9
ESOZL,29.216666666666665,-13.45
ESPAN,40.05,-3.8333333333333335
ESPBU,42.63333333333333,-3.1
ESPCN,39.35,-0.45
ESPD3,42.333333333333336,3.2
ESPDS,39.65,-0.21666666666666667
ESPET,39.61666666666667,3.1
ESPGU,28.3,-16.366666666666667
ESPIT,42.416666666666664,-1.6166666666666667
ESPJC,39.2,-0.36666666666666664
ESPLI,27.766666666666666,-15.583333333333334
ESPNY,38.983333333333334,1.3
ESPPS,28.033333333333335,-17.2
ESPRE,28.916666666666668,-13.7
ESPRG,41.983333333333334,1.8666666666666667
ESPRO,28.5,-13.866666666666667
ESPRT,42.766666666666666,-8.95
ESPSL,43.43333333333333,-5.85
ESPSO,43.4,-5.65
ESPTM,42.8,-7.616666666666667
ESPTN,42.68333333333333,-9.016666666666667
ESPUC,28.916666666666668,-13.666666666666666
ESPVA,41.18333333333333,-4.65
ESPVG,43.56666666666667,-6.633333333333333
ESQIS,40.1,-4.316666666666666
ESRA5,41.71666666666667,1.7
ESRAL,41.43333333333333,1.2333333333333334
ESRBI,42.55,-9
ESRDA,37.516666666666666,-5.966666666666667
ESRDE,40.18333333333333,-0.65
ESRES,39.56666666666667,-6.416666666666667
ESROM,37.21666666666667,-7.116666666666666
ESRPL,42.2,2.183333333333333
ESRRS,41.9,-6.183333333333334
ESRTA,43.31666666666667,-1.9
ESRUE,41.416666666666664,-4.95
ESRUM,37.93333333333333,-1.1166666666666667
ESS8C,42.21666666666667,-5.1
ESS9S,42.78333333333333,-1.8833333333333333
ESSAP,42.18333333333333,3.0833333333333335
ESSAS,42.5,-2.75
ESSBT,29,-13.6
ESSCR,40.61666666666667,0.6
ESSDG,42.766666666666666,-0.3333333333333333
ESSER,39.68333333333333,-0.43333333333333335
ESSFL,41.38333333333333,2.05
ESSFO,36.46666666666667,-6.2
ESSGD,38.166666666666664,-0.7833333333333333
ESSGT,27.766666666666666,-16.466666666666665
ESSIO,39.36666666666667,-2.033333333333333
ESSIS,41.8,2.75
ESSIT,41.233333333333334,1.8333333333333335
ESSJO,41.36666666666667,2.066666666666667
ESSL4,39.833333333333336,4.25
ESSMD,42.166666666666664,2.9833333333333334
ESSNR,43.333333333333336,-3.033333333333333
ESSOL,39.766666666666666,2.7
ESSP4,42.18333333333333,-8.633333333333333
ESSPQ,43.05,-6.066666666666666
ESSRH,41.483333333333334,-5.283333333333333
ESSTE,38.983333333333334,1.5166666666666666
ESSUM,39.1,0.6333333333333333
ESSUR,28.416666666666668,-16.466666666666665
ESSVB,43.38333333333333,-4.383333333333334
ESSVI,42.45,-7.066666666666666
ESSXX,42.4,-8.816666666666666
ESTAZ,28.633333333333333,-17.933333333333334
ESTBR,41.81666666666667,-5.95
ESTBZ,41.7,-1.55
ESTDC,42.56666666666667,-5.583333333333333
ESTDY,43.1,-8.566666666666666
ESTG2,41.166666666666664,1.0166666666666666
ESTHO,37.86666666666667,-0.75
ESTJF,28.7,-17.95
ESTJQ,28.533333333333335,-16.35
ESTKG,41.71666666666667,2.9333333333333336
ESTO9,40.11666666666667,-3.95
ESTRE,36.86666666666667,-6.166666666666667
ESTRR,41.15,1.4
ESTRU,43.5,-5.733333333333333
ESTRY,39.333333333333336,-0.6
ESTT2,41.2,1.1333333333333333
ESTVC,40.25,-5.683333333333334
ESUCC,39.56666666666667,-2.7
ESUNY,41.86666666666667,1.9666666666666668
ESURI,39.15,-0.3333333333333333
ESURZ,42.78333333333333,-1.45
ESVBN,43.18333333333333,-2.05
ESVCC,41.233333333333334,1.8666666666666667
ESVIT,42.85,-2.6666666666666665
ESVIV,43.666666666666664,-7.6
ESVJO,39.766666666666666,-2.15
ESVZM,42.166666666666664,-4.1
ESVZO,43.11666666666667,-9.033333333333333
ESZMF,28.466666666666665,-16.416666666666668
ESZUE,41.86666666666667,-0.7833333333333333
ESZZ4,41.583333333333336,-5.983333333333333
FIAHL,63.7,22.7
FIAJO,65.66666666666667,24.566666666666666
FIAKK,62.05,28.433333333333334
FIBAR,59.96666666666667,23.866666666666667
FIBRA,60.416666666666664,21.05
FIBRO,59.983333333333334,23.033333333333335
FIDEG,60.1,24.183333333333334
FIDLS,60.016666666666666,22.516666666666666
FIDRA,60.06666666666667,22.466666666666665
FIECK,60.21666666666667,19.616666666666667
FIEJO,61.2,21.733333333333334
FIEM2,63.483333333333334,25.666666666666668
FIENK,62.083333333333336,28.916666666666668
FIESP,60.2,24.65
FIFAR,60.233333333333334,20.016666666666666
FIFOG,60.016666666666666,20.416666666666668
FIGDB,60.13333333333333,19.833333333333332
FIGUL,59.95,23.416666666666668
FIHAK,62.38333333333333,22.716666666666665
FIHAL,66.68333333333334,27.5
FIHAO,65,24.833333333333332
FIHAR,60.36666666666667,20.466666666666665
FIHIT,59.88333333333333,22.5
FIHMA,64.16666666666667,23.7
FIHOG,59.95,22.366666666666667
FIHOU,60.21666666666667,21.383333333333333
FIHVM,61.63333333333333,26.8
FIIIS,63.55,27.183333333333334
FIIMA,61.166666666666664,28.75
FIINI,60.4,21.4
FIJAN,60.9,24.6
FIJOE,62.6,29.766666666666666
FIJOU,61.1,28.483333333333334
FIJUK,63.233333333333334,29.25
FIJYV,62.25,25.733333333333334
FIKAN,61.75,23.716666666666665
FIKES,61.88333333333333,29.833333333333332
FIKIM,60.166666666666664,22.75
FIKIR,60.166666666666664,23.95
FIKJO,64.25,23.95
FIKK5,61.083333333333336,25.633333333333333
FIKKR,59.93333333333333,20.883333333333333
FIKKV,62.68333333333333,22.466666666666665
FIKLA,60.516666666666666,27.466666666666665
FIKLV,60.36666666666667,26.45
FIKNT,60.083333333333336,24.383333333333333
FIKOJ,60.95,22.983333333333334
FIKOR,60.166666666666664,21.566666666666666
FIKPL,61.81666666666667,25.216666666666665
FIKRO,63.06666666666667,21.516666666666666
FIKSN,59.916666666666664,22.4
FIKTQ,62.1,30.116666666666667
FIKUM,60.266666666666666,20.783333333333335
FIKUO,62.88333333333333,27.683333333333334
FIKUR,61.86666666666667,23.733333333333334
FIKVH,59.86666666666667,23.216666666666665
FILAK,60.516666666666666,27.166666666666668
FILAP,59.9,23.25
FILHO,65.23333333333333,25.316666666666666
FILLO,64.66666666666667,24.433333333333334
FILLX,60.31666666666667,22.4
FILPJ,63.2,23.633333333333333
FILPP,61.05,28.183333333333334
FILSK,60.63333333333333,26.266666666666666
FILUA,60.916666666666664,27.666666666666668
FILUK,62.416666666666664,25.95
FILUV,61.35,21.616666666666667
FILVB,60.15,22.55
FIMAA,63.15,27.3
FIMER,61.85,21.5
FIMIK,61.68333333333333,27.266666666666666
FIMRS,60.2,19.7
FIMTY,61.583333333333336,21.483333333333334
FIMUL,62.416666666666664,24.783333333333335
FIMUN,63.483333333333334,22.333333333333332
FIMUS,61.06666666666667,28.3
FINAU,60.18333333333333,21.916666666666668
FINLS,63.2,28.833333333333332
FINOU,60.6,22.083333333333332
FINUR,63.53333333333333,29.166666666666668
FIOLK,61.233333333333334,21.483333333333334
FIPAA,61.03333333333333,24.35
FIPAH,64.48333333333333,24.333333333333332
FIPER,60.45,26.05
FIPK9,60.43333333333333,22.516666666666666
FIPOH,60.11666666666667,23.55
FIPRK,61.55,29.5
FIPRS,63.68333333333333,22.783333333333335
FIPSI,60.55,27.166666666666668
FIPT2,63.38333333333333,25.566666666666666
FIPUH,62.1,29.916666666666668
FIREP,61.61666666666667,21.45
FIRHU,60.53333333333333,21.666666666666668
FIRIS,61.5,27.266666666666666
FIROY,65.75,24.166666666666668
FIRTR,64.65,24.416666666666668
FIRUI,61.983333333333334,24.083333333333332
FIRUO,60.53333333333333,26.45
FIRVN,66.5,25.716666666666665
FIRYM,60.36666666666667,21.95
FISAN,60.21666666666667,22.5
FISAR,60.1,22.933333333333334
FISBG,60.13333333333333,24.983333333333334
FISII,63.083333333333336,27.666666666666668
FISIP,60.36666666666667,25.266666666666666
FISKI,60.13333333333333,22.466666666666665
FISKU,59.93333333333333,23.383333333333333
FISKV,60.3,25.55
FISLY,60.5,26.75
FISMA,60.53333333333333,27.116666666666667
FISNA,60,23.65
FISSI,61.6,29.483333333333334
FISUL,60.483333333333334,26.95
FISVK,60.75,25.2
FISVL,61.86666666666667,28.9
FITES,60.05,22.9
FITJO,60.46666666666667,26.316666666666666
FITMP,61.5,23.75
FITOJ,62.65,21.166666666666668
FITOT,63.233333333333334,22.05
FITSD,60.25,22.316666666666666
FITVA,59.833333333333336,23.183333333333334
FITVS,60.56666666666667,21.6
FIUIM,62.9,30.233333333333334
FIULV,61.43333333333333,21.883333333333333
FIUSK,61.233333333333334,24.25
FIVAR,60.333333333333336,23
FIVAS,60.083333333333336,22.766666666666666
FIVEL,60.46666666666667,21.666666666666668
FIVIR,64.08333333333333,28.4
FIVJK,64.9,25.133333333333333
FIVKT,61.21666666666667,28.816666666666666
FIVRA,62.233333333333334,23.75
FIVRK,62.31666666666667,27.9
FIVSS,60.21666666666667,25.183333333333334
FIVTF,60.05,22.65
FIWAS,63.1,21.566666666666666
FIYXP,63.833333333333336,23.033333333333335
FIZBQ,60.45,24.7
FR22C,48.1,-2.6333333333333333
FR2BC,42.28333333333333,9.466666666666667
FR2GX,49.666666666666664,-10.25
FR2LL,47.916666666666664,4.366666666666666
FR2LY,45.75,5.783333333333333
FR2MR,46.6,-1.8166666666666667
FR2RE,45.483333333333334,-0.36666666666666664
FR2UO,42.983333333333334,1.9166666666666665
FR33G,45.1,-0.65
FR34H,43.46666666666667,3.216666666666667
FR34P,43.43333333333333,3.2
FR35L,48.28333333333333,-1.3666666666666667
FR35V,48.53333333333333,-1.85
FR398,46.9,-1.4166666666666667
FR399,50.18333333333333,3.4833333333333334
FR3AR,49.65,4.533333333333333
FR3AU,48.4,4.533333333333333
FR3CG,43.36666666666667,3.4166666666666665
FR3EG,47.43333333333333,1.4166666666666667
FR3EJ,48.18333333333333,-44.56666666666667
FR3FO,43.5,3.25
FR3MO,43.733333333333334,-0.65
FR3SM,45.03333333333333,-0.21666666666666667
FR3XV,47.18333333333333,2.466666666666667
FR43H,43.28333333333333,2.716666666666667
FR46O,44.31666666666667,1.5
FR47L,44.56666666666667,0.9666666666666667
FR49A,47.166666666666664,-0.21666666666666667
FR49B,47.4,-0.36666666666666664
FR49M,47.2,-0.21666666666666667
FR4FE,47.43333333333333,1.35
FR4FQ,43.96666666666667,-10
FR4GE,46.63333333333333,5.5
FR4LN,47.75,1.0833333333333333
FR4MF,44.11666666666667,-5.25
FR4PS,47.53333333333333,-1.8833333333333333
FR4S4,43.733333333333334,7.283333333333333
FR4SY,47.233333333333334,1.4
FR4VA,43.233333333333334,2.2333333333333334
FR55M,48.55,-1.1833333333333333
FR5EP,46.75,4.9
FR5GE,49.25,3.8666666666666667
FR5MO,44.45,-4.966666666666667
FR63X,45.63333333333333,3.1166666666666667
FR68W,47.95,7.266666666666667
FR69R,45.86666666666667,4.783333333333333
FR6CH,43.666666666666664,6.966666666666667
FR6EU,47.166666666666664,6.733333333333333
FR77N,46.43333333333333,4.816666666666666
FR7BU,42.65,2.5833333333333335
FR7ET,43.06666666666667,6.283333333333333
FR7MI,44.6,4.516666666666667
FR7SM,49.583333333333336,0.21666666666666667
FR84A,43.916666666666664,5.4
FR84L,44.03333333333333,4.683333333333334
FR84M,43.88333333333333,4.6
FR84V,43.78333333333333,4.3
FR8AY,48.083333333333336,6.35
FR8BR,43.95,1.9
FR8SM,48.35,7.3
FR8SP,49.11666666666667,3.8166666666666664
FR8TI,48.05,0.35
FR982,44.61666666666667,1.1666666666666667
FR98Y,47.68333333333333,3
FR995,43.96666666666667,4.683333333333334
FR9PO,48.15,-3.3833333333333333
FR9SS,49.38333333333333,3.15
FRA64,43.5,-0.16666666666666666
FRA74,46.083333333333336,60.416666666666664
FRA84,43.75,0.15
FRA86,49.68333333333333,3.3833333333333333
FRAAH,49.45,6.366666666666666
FRAAI,44.81666666666667,-0.5166666666666667
FRAAO,43.9,4.666666666666667
FRABA,43.81666666666667,1.7333333333333334
FRABB,50.1,1.8333333333333335
FRAD5,43.25,2.7333333333333334
FRADB,44.733333333333334,-1.1
FRADD,46.733333333333334,1.8333333333333335
FRADG,43.61666666666667,4.066666666666666
FRADR,43.7,-0.26666666666666666
FRAEF,46.06666666666667,3.9166666666666665
FRAEO,49.06666666666667,2.183333333333333
FRAEU,49.083333333333336,-0.43333333333333335
FRAG3,47.31666666666667,11.666666666666666
FRAG9,43.96666666666667,4.116666666666666
FRAGF,44.2,0.6166666666666667
FRAGK,43.28333333333333,3.5166666666666666
FRAGM,46.766666666666666,6.283333333333333
FRAGQ,46.6,5.3
FRAHH,46.35,6.4
FRAI5,43.7,7.116666666666666
FRAII,43.416666666666664,-0.9833333333333333
FRAIQ,50.86666666666667,2.066666666666667
FRAJK,49.05,3.4333333333333336
FRAJR,43.3,2.9
FRAKQ,48.6,0.9666666666666667
FRAL9,48.233333333333334,5.85
FRALM,42.55,3.0166666666666666
FRALR,50,2.65
FRAM2,45.86666666666667,-0.4
FRAMI,49.9,2.3
FRAN3,44.1,5.016666666666667
FRAN5,50.6,2.8333333333333335
FRAN9,43.733333333333334,5.466666666666667
FRANO,44.55,-0.25
FRAO7,46.5,4.866666666666667
FRAOX,46.7,4.666666666666667
FRAQS,48.916666666666664,2.283333333333333
FRAQX,43.833333333333336,4.5
FRAQZ,45.9,0.26666666666666666
FRAR5,48.5,-4.766666666666667
FRAR7,45.18333333333333,-0.5833333333333334
FRARC,44.65,-1.1833333333333333
FRARD,50.85,1.9833333333333334
FRARJ,43.833333333333336,5.416666666666667
FRARR,50.28333333333333,2.783333333333333
FRAS8,49.916666666666664,2.2333333333333334
FRASD,44.06666666666667,2.9833333333333334
FRASI,45.25,3.183333333333333
FRASU,47.333333333333336,5.183333333333334
FRATR,43.016666666666666,2.1666666666666665
FRAUD,48.016666666666666,-4.566666666666666
FRAUF,47.8,3.5666666666666664
FRAVN,43.95,4.8
FRAW4,48.2,4
FRAWN,46.18333333333333,5.966666666666667
FRAWS,47.166666666666664,5.166666666666667
FRAXM,46.68333333333333,3.6666666666666665
FRAXU,43.2,-1.1833333333333333
FRAXY,49.2,6.2
FRAYR,44.21666666666667,0.5666666666666667
FRAYT,46.13333333333333,-1.1
FRAYW,49.05,4
FRAZC,48.483333333333334,7.233333333333333
FRB2T,49.333333333333336,4.016666666666667
FRB47,44.266666666666666,0.4166666666666667
FRB52,47.95,5.75
FRB66,42.65,2.6666666666666665
FRB67,48.6,7.466666666666667
FRB69,48.483333333333334,7.433333333333334
FRBAI,47.2,-1.6666666666666665
FRBAS,44.9,-0.5166666666666667
FRBAV,47.61666666666667,6.833333333333333
FRBB2,48.583333333333336,-73.05
FRBBB,47.85,-2.45
FRBBL,45.583333333333336,2.75
FRBCA,43.8,4.633333333333333
FRBCF,45.2,-0.36666666666666664
FRBCJ,42.78333333333333,3.033333333333333
FRBCQ,48.516666666666666,2.6166666666666667
FRBD6,45.96666666666667,3.1
FRBDD,43.43333333333333,-1.5666666666666667
FRBE2,45.166666666666664,1.9166666666666665
FRBE3,44.1,4.483333333333333
FRBEP,47.13333333333333,5.216666666666667
FRBEQ,49.016666666666666,1.35
FRBET,50.53333333333333,2.6333333333333333
FRBEV,49.43333333333333,0.36666666666666664
FRBFB,48.233333333333334,4.7
FRBFI,47.4,5.1
FRBFT,47.6,6.85
FRBG2,45.35,-0.6666666666666666
FRBG3,44.78333333333333,-0.5
FRBGC,44.666666666666664,2.1666666666666665
FRBGF,45.95,1.75
FRBGX,48.166666666666664,2.05
FRBH3,48.75,-2.9833333333333334
FRBH4,45.85,-1.15
FRBHC,50.28333333333333,3.3166666666666664
FRBHU,46.28333333333333,3.033333333333333
FRBIQ,43.483333333333334,-1.55
FRBIR,43.95,5.133333333333334
FRBJN,48.516666666666666,2.3
FRBJQ,43.71666666666667,3.3833333333333333
FRBJR,46.8,4.483333333333333
FRBKD,42.983333333333334,2.95
FRBKK,44.75,0
FRBKO,44.13333333333333,5.1
FRBL3,44.03333333333333,-5.2
FRBLD,48.78333333333333,5.166666666666667
FRBLF,43.45,3.6833333333333336
FRBM2,43.766666666666666,3.95
FRBM3,44.15,6.9
FRBMR,47.28333333333333,-2.4833333333333334
FRBMT,49.13333333333333,2.3
FRBN4,46.96666666666667,-2.2333333333333334
FRBN8,49.983333333333334,3.9833333333333334
FRBNE,44.833333333333336,-0.18333333333333332
FRBNV,49.36666666666667,-1.7833333333333332
FRBNX,48.03333333333333,4.366666666666666
FRBPA,42.71666666666667,2.9333333333333336
FRBPS,48.88333333333333,6.05
FRBQA,50.516666666666666,2.9
FRBQH,47.21666666666667,4.716666666666667
FRBQT,47.583333333333336,6.966666666666667
FRBR4,50.733333333333334,23.833333333333332
FRBR5,44.63333333333333,-1.0666666666666667
FRBR6,48.833333333333336,8.033333333333333
FRBR7,47.05,-1.95
FRBRJ,43.96666666666667,1.3333333333333333
FRBRK,45.483333333333334,-0.2
FRBRL,43.88333333333333,1.9166666666666665
FRBRQ,50.333333333333336,3.0166666666666666
FRBS2,45.71666666666667,4.683333333333334
FRBS4,43.666666666666664,3.65
FRBSC,49.43333333333333,1.1333333333333333
FRBSD,47.483333333333334,-2
FRBSG,45.03333333333333,-0.55
FRBSK,44.61666666666667,0.31666666666666665
FRBSN,47.25,6.033333333333333
FRBT2,45.7,5.583333333333333
FRBT3,44.35,4.866666666666667
FRBT4,46.46666666666667,4.733333333333333
FRBTU,48.166666666666664,-1.6333333333333333
FRBTY,49.3,2.8
FRBV2,46.516666666666666,4.25
FRBV3,48.88333333333333,4
FRBVP,43.81666666666667,5.3
FRBXO,44.28333333333333,4.733333333333333
FRBXU,43.81666666666667,-0.85
FRBXV,48.88333333333333,2.6333333333333333
FRBY3,47.15,2.1333333333333333
FRBY4,44.833333333333336,1.15
FRBY7,48.85,1.8666666666666667
FRBYA,45.06666666666667,-0.2
FRBZ3,43.88333333333333,4.483333333333333
FRBZ6,43.266666666666666,3.3833333333333333
FRBZJ,46.833333333333336,5.683333333333334
FRBZU,49.3,1.7
FRC22,47.86666666666667,4.5
FRC24,44.78333333333333,0.55
FRC26,45.06666666666667,4.916666666666667
FRC29,48.06666666666667,-3.8333333333333335
FRC2G,48.63333333333333,-2.2666666666666666
FRC2H,48.833333333333336,-1.6
FRC2L,45.766666666666666,6.216666666666667
FRC2P,41.36666666666667,9.183333333333334
FRC2S,43.55,3.716666666666667
FRC66,42.75,2.95
FRC69,45.9,4.666666666666667
FRC8C,45.13333333333333,0.6333333333333333
FRCA2,43.25,3
FRCA3,43.983333333333334,4.05
FRCA4,47.81666666666667,1.75
FRCA6,44.68333333333333,-0.3333333333333333
FRCAM,48.28333333333333,-4.6
FRCAW,49.28333333333333,-0.11666666666666667
FRCAY,50.18333333333333,1.4833333333333334
FRCB2,47.5,1.25
FRCBT,43.63333333333333,-1.4333333333333333
FRCC2,43.916666666666664,4.083333333333333
FRCC3,43.18333333333333,2.716666666666667
FRCC4,46.88333333333333,4.7
FRCCJ,44.8,0.5
FRCCK,44.7,-0.23333333333333334
FRCCN,44.63333333333333,-0.3333333333333333
FRCCP,44.96666666666667,-0.45
FRCCS,46.56666666666667,5.75
FRCD2,44.833333333333336,-0.8333333333333334
FRCD9,48.55,-1.9166666666666665
FRCDH,44.55,-0.15
FRCDR,47.8,5.433333333333334
FRCDT,45.65,4.05
FRCDU,43.96666666666667,4.55
FRCDX,43.18333333333333,2.55
FRCDZ,47.63333333333333,2.3666666666666667
FRCE4,43.4,6.333333333333333
FRCE5,48.06666666666667,4.133333333333334
FRCE6,45.6,-0.36666666666666664
FRCF2,43.45,1.4333333333333333
FRCFH,46.86666666666667,2.3166666666666664
FRCFK,43.81666666666667,1.75
FRCG3,42.13333333333333,8.583333333333334
FRCG9,42.916666666666664,2.2
FRCGF,48.05,-2.9833333333333334
FRCGG,45.1,-0.38333333333333336
FRCGZ,44.78333333333333,0.36666666666666664
FRCHB,47.25,1.65
FRCHM,49.766666666666666,4.716666666666667
FRCI5,49.983333333333334,1.8333333333333335
FRCID,48.21666666666667,-0.8833333333333333
FRCIJ,43.666666666666664,4.233333333333333
FRCIW,45.56666666666667,5.366666666666666
FRCJ9,48.88333333333333,-3.85
FRCJL,43.18333333333333,2.783333333333333
FRCJO,48.05,2.716666666666667
FRCJQ,43.93333333333333,-0.23333333333333334
FRCKT,45.516666666666666,6.083333333333333
FRCKY,48.68333333333333,-1.85
FRCL2,49.5,0.4166666666666667
FRCL3,46.416666666666664,4.816666666666666
FRCL4,47.733333333333334,0.5833333333333334
FRCL5,46.28333333333333,4.716666666666667
FRCL9,48.21666666666667,-0.3333333333333333
FRCM3,45.53333333333333,-0.21666666666666667
FRCM4,48.96666666666667,3.283333333333333
FRCM7,45.8,-0.4
FRCMC,47.016666666666666,5.15
FRCMJ,48.516666666666666,2.4333333333333336
FRCMP,49.416666666666664,2.8166666666666664
FRCMR,48.083333333333336,7.35
FRCMT,48.11666666666667,5.133333333333334
FRCMU,48.5,-2.6
FRCMV,43.333333333333336,2.5166666666666666
FRCN2,45.95,5.816666666666666
FRCN3,43.233333333333334,3.066666666666667
FRCN4,45.333333333333336,4.75
FRCN8,46.4,2.9166666666666665
FRCNC,45.03333333333333,-0.65
FRCNG,45.7,-0.3333333333333333
FRCO3,43.53333333333333,6.15
FRCOZ,43.4,5.016666666666667
FRCP3,50.65,2.966666666666667
FRCPJ,43.483333333333334,-0.6666666666666666
FRCPX,48.733333333333334,-1.5333333333333332
FRCQD,47.85,5.933333333333334
FRCQE,43.31666666666667,-0.55
FRCQG,44.45,0.2
FRCQK,43.25,6.533333333333333
FRCQN,48.15,2.7
FRCQQ,44.78333333333333,0.13333333333333333
FRCQR,43.18333333333333,2.8166666666666664
FRCR4,47.25,4.6
FRCRL,49.25,2.4833333333333334
FRCRT,49.36666666666667,-1.7833333333333332
FRCS2,46.833333333333336,5.266666666666667
FRCS3,48.983333333333334,4.516666666666667
FRCS4,45.7,-0.21666666666666667
FRCS5,45.516666666666666,-0.8333333333333334
FRCSD,46.25,4.783333333333333
FRCSM,48.95,4.366666666666666
FRCSS,46.78333333333333,4.85
FRCT2,43.88333333333333,5.183333333333334
FRCT3,43.55,3.716666666666667
FRCU7,45.46666666666667,3.216666666666667
FRCUU,47.43333333333333,3.4
FRCV2,47.166666666666664,4.883333333333333
FRCV4,48.416666666666664,0.6166666666666667
FRCVJ,43.166666666666664,6.533333333333333
FRCX9,45.95,4.6
FRCXA,45.083333333333336,5.133333333333334
FRCXC,44.483333333333334,1.3333333333333333
FRCXG,45.166666666666664,3.7333333333333334
FRCXR,46.43333333333333,5
FRCXS,47.583333333333336,2.75
FRCXW,45.15,5.283333333333333
FRCXY,47.28333333333333,-1.8833333333333333
FRCY3,47.25,3.183333333333333
FRCY4,48.86666666666667,3.8333333333333335
FRCYE,49.7,3.6166666666666667
FRCYH,44.266666666666666,-4.966666666666667
FRCYI,46.86666666666667,4.683333333333334
FRCYW,45.13333333333333,-0.6166666666666667
FRCZZ,45.583333333333336,-0.8333333333333334
FRD25,46.86666666666667,6.216666666666667
FRD26,44.416666666666664,5.066666666666666
FRD37,47.11666666666667,0.26666666666666666
FRD7D,47.46666666666667,1.3166666666666667
FRD9D,48.6,1.7
FRDA2,45.483333333333334,2.1
FRDAD,44.3,4.566666666666666
FRDAF,45.15,-0.5333333333333333
FRDAL,49.81666666666667,3.2333333333333334
FRDAS,49,3.8666666666666667
FRDBE,47.86666666666667,-4.1
FRDBJ,44.93333333333333,-0.5
FRDC2,45.11666666666667,4.75
FRDC3,43,2.8166666666666664
FRDCJ,45.35,-0.8333333333333334
FRDD2,44.78333333333333,0.4166666666666667
FRDDM,44.56666666666667,-11
FRDDO,49.21666666666667,-0.5666666666666667
FRDDR,43.483333333333334,1.5333333333333332
FRDE3,47.43333333333333,1.0333333333333334
FRDEN,50.31666666666667,3.4
FRDF3,45.4,0
FRDF5,48.833333333333336,-3.8
FRDFT,46.8,4.766666666666667
FRDFY,46.483333333333334,4.666666666666667
FRDI2,43.93333333333333,4.283333333333333
FRDIB,43.55,-0.4666666666666667
FRDIE,44.75,5.366666666666666
FRDIJ,47.31666666666667,5.05
FRDIL,49.55,-1.85
FRDJ2,43.75,5.2
FRDJQ,43.9,8.016666666666667
FRDKI,46.35,2.533333333333333
FRDLJ,46.56666666666667,-1.7833333333333332
FRDM2,43.983333333333334,3.966666666666667
FRDML,49.68333333333333,4.8
FRDMS,49.06666666666667,3.6333333333333333
FRDMV,47.93333333333333,6.033333333333333
FRDN2,43.03333333333333,1.8
FRDNA,48.2,-2.4333333333333336
FRDNJ,43.833333333333336,4.316666666666666
FRDNZ,49.1,4.233333333333333
FRDO2,47.05,5.816666666666666
FRDR2,44.4,4.833333333333333
FRDRG,43.03333333333333,2.2
FRDRJ,45.38333333333333,4.95
FRDRO,45.03333333333333,5.183333333333334
FRDRV,44.516666666666666,1.0666666666666667
FRDRX,44.75,5.266666666666667
FRDRZ,48.1,-4.333333333333333
FRDS2,44.666666666666664,0.18333333333333332
FRDSP,46.78333333333333,-0.6666666666666666
FRDSQ,46.88333333333333,-0.4666666666666667
FRDSW,45.833333333333336,4.716666666666667
FRDTU,49.083333333333336,0.6
FRDUM,49.53333333333333,-0.23333333333333334
FRDUT,48.483333333333334,-4.75
FRDV5,48.13333333333333,6.483333333333333
FRDVT,48.266666666666666,2.7333333333333334
FRDVY,46.7,0.43333333333333335
FRDWV,44.233333333333334,4.933333333333334
FRDXG,47.63333333333333,-0.7166666666666667
FRDXZ,46.88333333333333,5.766666666666667
FRDYA,42.56666666666667,2.3333333333333335
FRDYJ,48.56666666666667,-1.5
FRDYV,46.3,4.733333333333333
FRDYZ,49.85,2.2666666666666666
FRDZT,43.733333333333334,30.983333333333334
FRE56,47.71666666666667,-3.2
FRE59,50.333333333333336,3.35
FRE68,48.233333333333334,7.35
FRE69,46.21666666666667,4.666666666666667
FRE7M,46.3,4.7
FREAB,47.28333333333333,0
FREAF,48,-3.8833333333333333
FREAR,46.86666666666667,4.183333333333334
FREAY,49.266666666666666,-1.6333333333333333
FREBE,43.2,5.8
FREC2,42.93333333333333,2.966666666666667
FRECI,48.35,2.8166666666666664
FRECJ,46.18333333333333,2.9333333333333336
FREDB,43.166666666666664,-1.35
FREDQ,44.78333333333333,-0.23333333333333334
FREDT,48.46666666666667,-4.75
FREDU,48.85,6.066666666666666
FREES,48.6,0.16666666666666666
FREEX,47.516666666666666,5.633333333333333
FREFG,48.61666666666667,2.033333333333333
FREFR,43.93333333333333,4.933333333333334
FREG2,44.25,4.833333333333333
FREG5,43.85,4.633333333333333
FREG6,48.18333333333333,1.7333333333333334
FREG7,44.81666666666667,-15
FREG8,44.2,5.016666666666667
FREGE,43.53333333333333,1.5333333333333332
FREGG,50.06666666666667,1.8666666666666667
FREGM,46.45,1.6
FREGR,47.68333333333333,-0.8666666666666667
FREHA,48.06666666666667,-2.6833333333333336
FREHN,49.516666666666666,4.766666666666667
FREHU,49.71666666666667,2.95
FREHY,48.15,5.116666666666666
FREI2,44.8,-0.26666666666666666
FREI6,43,1.5
FREIL,44.86666666666667,1.4166666666666667
FREIO,48.63333333333333,2.466666666666667
FREIU,43.583333333333336,3.3666666666666667
FREJO,43.81666666666667,4.2
FRELS,50.516666666666666,1.65
FREM2,49.016666666666666,3.3666666666666667
FREMR,43,6.2
FREMU,49.53333333333333,0.4
FREN2,46.25,-1.0833333333333333
FREN3,48.266666666666666,4.75
FRENB,49.2,1.2833333333333332
FRENC,48.7,6.183333333333334
FRENE,45.61666666666667,6.3
FRENM,46.833333333333336,2.3166666666666664
FRENO,43.93333333333333,1.95
FRENS,44.81666666666667,0.13333333333333333
FREOR,44.516666666666666,6.55
FREP2,42.93333333333333,2.216666666666667
FREP5,47.86666666666667,3.9833333333333334
FREP6,45.46666666666667,4.983333333333333
FREQN,47.28333333333333,-2.5
FREQR,49.78333333333333,1.9
FRER2,42.78333333333333,2.8333333333333335
FRER4,45.11666666666667,4.816666666666666
FRER5,43.31666666666667,3.3
FRERF,46.266666666666666,4.766666666666667
FRERG,44.85,2.2333333333333334
FRERJ,45.06666666666667,-0.5333333333333333
FRERW,43.36666666666667,3.0166666666666666
FRERY,45.63333333333333,4.766666666666667
FRES2,44.68333333333333,-0.26666666666666666
FRESB,48.9,2.8166666666666664
FRESF,48.13333333333333,2.183333333333333
FRESJ,43.733333333333334,4.1
FRESM,50.03333333333333,1.3833333333333333
FRETA,47.15,6.266666666666667
FRETB,43.46666666666667,5.166666666666667
FRETM,48.43333333333333,2.15
FRETN,43.78333333333333,7.5
FREUA,50.1,3.55
FREUD,48.7,-0.11666666666666667
FREUE,44.63333333333333,-0.3333333333333333
FREUI,48.78333333333333,5.533333333333333
FREUV,49.15,3.8333333333333335
FREUY,49.05,4.083333333333333
FREUZ,49.88333333333333,20.066666666666666
FREVR,48.61666666666667,2.4333333333333336
FREXA,45.2,0.6666666666666666
FREXS,50.63333333333333,2.716666666666667
FREYO,48.666666666666664,2.3333333333333335
FREYZ,45.333333333333336,1.95
FREZO,43.583333333333336,6.266666666666667
FREZR,46.88333333333333,4.733333333333333
FREZT,45.9,3.2333333333333334
FREZX,45.06666666666667,-0.6
FRF29,47.85,-3.75
FRF2N,49.1,-1.5833333333333335
FRF2V,49.68333333333333,-1.45
FRF3M,48.93333333333333,2.7333333333333334
FRF47,44.083333333333336,0.31666666666666665
FRF67,48.93333333333333,7.666666666666667
FRF8R,48.61666666666667,7.566666666666666
FRFA3,47.31666666666667,1.0833333333333333
FRFAN,46.85,6.166666666666667
FRFAU,50.43333333333333,3.5833333333333335
FRFAX,47.13333333333333,5
FRFB2,49.06666666666667,-0.2
FRFBH,44.916666666666664,0.25
FRFBI,47.45,1.35
FRFBL,48.93333333333333,2.9333333333333336
FRFDR,42.96666666666667,2.8666666666666667
FRFEY,45.666666666666664,4.866666666666667
FRFFA,45.71666666666667,1.1666666666666667
FRFFY,47.9,5.7
FRFG2,45.68333333333333,-0.7333333333333333
FRFGM,49.15,6.8
FRFGT,46.36666666666667,-4.733333333333333
FRFIE,45.86666666666667,0.5333333333333333
FRFLF,44.31666666666667,3.9166666666666665
FRFLP,49.06666666666667,-0.36666666666666664
FRFMA,49.96666666666667,4.683333333333334
FRFMY,48.96666666666667,2.283333333333333
FRFNS,48.96666666666667,1.8666666666666667
FRFOP,48.483333333333334,2.7666666666666666
FRFOS,43.43333333333333,4.933333333333334
FRFR5,48.78333333333333,3.1166666666666667
FRFRG,43.983333333333334,0.21666666666666667
FRFRJ,43.43333333333333,6.733333333333333
FRFRQ,42.583333333333336,2.783333333333333
FRFS4,48.81666666666667,-1.5666666666666667
FRFTB,50.9,2
FRFTJ,47.733333333333334,-2.216666666666667
FRFUL,49.95,2.8333333333333335
FRFUR,42.65,9.416666666666666
FRFUS,47.9,-4.016666666666667
FRFUY,43.21666666666667,3.1333333333333333
FRFVF,46.93333333333333,4.95
FRFXV,48.78333333333333,0.85
FRG29,47.78333333333333,-4.266666666666667
FRG2X,47.63333333333333,-3.466666666666667
FRG32,43.9,0.31666666666666665
FRG33,44.93333333333333,-0.31666666666666665
FRG63,45.733333333333334,3.1333333333333333
FRG87,45.766666666666666,0.95
FRG89,44.583333333333336,0.08333333333333333
FRG8C,50.35,2.2333333333333334
FRG8R,44.15,4.683333333333334
FRG8V,49.71666666666667,4.916666666666667
FRG99,45.483333333333334,-0.5666666666666667
FRGAJ,44.766666666666666,1
FRGAO,46.666666666666664,4.916666666666667
FRGAQ,43.233333333333334,-0.38333333333333336
FRGBQ,50.61666666666667,2.4833333333333334
FRGCH,47.96666666666667,-1.7833333333333332
FRGD2,45.43333333333333,5.983333333333333
FRGDC,43.6,3.5
FRGDM,43.56666666666667,4.083333333333333
FRGDS,51,2.283333333333333
FRGDT,48.333333333333336,5.133333333333334
FRGEW,48,7.283333333333333
FRGFY,48.7,2.1333333333333333
FRGGZ,43.95,0.18333333333333332
FRGH7,47.5,-1.4666666666666668
FRGHD,48.71666666666667,7.75
FRGHT,48.6,7.483333333333333
FRGHU,50.45,3.283333333333333
FRGI3,44.55,-0.8333333333333334
FRGID,44.88333333333333,-0.6166666666666667
FRGIU,47.4,-0.48333333333333334
FRGJK,46.93333333333333,4.9
FRGJN,49.06666666666667,4.016666666666667
FRGJU,43.583333333333336,7.05
FRGL6,49.35,6.3
FRGLA,43.96666666666667,4.766666666666667
FRGLO,49.5,0.23333333333333334
FRGLY,48.583333333333336,2.216666666666667
FRGMS,44.63333333333333,-1.0666666666666667
FRGN8,48.68333333333333,6.383333333333334
FRGN9,43.95,-1.1666666666666667
FRGNJ,48.36666666666667,0.5833333333333334
FRGNP,45.18333333333333,-0.5666666666666667
FRGNW,48.81666666666667,-0.6
FRGNY,48.65,2.3833333333333333
FRGNZ,47.53333333333333,4.3
FRGON,47.36666666666667,-1.2
FRGP2,49.333333333333336,4.866666666666667
FRGPI,47.11666666666667,3
FRGPJ,43.75,5.3
FRGQG,45.6,5.633333333333333
FRGR3,44.03333333333333,4.183333333333334
FRGR4,45.8,-0.26666666666666666
FRGR7,43.43333333333333,5.55
FRGRQ,44.11666666666667,4.516666666666667
FRGRU,48.666666666666664,2.6666666666666665
FRGSC,44.86666666666667,-0.25
FRGSH,48.03333333333333,7.166666666666667
FRGSN,45.9,6.7
FRGSU,48.56666666666667,2.5
FRGT3,47.8,-0.25
FRGT4,43.38333333333333,-2.9
FRGT7,49.15,-4.166666666666667
FRGTH,49.516666666666666,-1.4166666666666667
FRGTM,48.38333333333333,7.633333333333333
FRGTR,48.083333333333336,-0.6333333333333333
FRGUR,45.06666666666667,-0.6166666666666667
FRGUZ,43.45,3.65
FRGV5,47.68333333333333,-3.35
FRGV6,47.13333333333333,-2.1666666666666665
FRGVL,48.93333333333333,2.3
FRGVS,47.266666666666666,1.6666666666666665
FRGXE,47.516666666666666,-1.9666666666666668
FRGXY,46.88333333333333,4.95
FRGYG,48.68333333333333,2.35
FRGYJ,47.483333333333334,0.8833333333333333
FRGYY,42.85,2.6
FRGZU,43.71666666666667,3.9166666666666665
FRGZX,44.9,-0.16666666666666666
FRH2G,42.483333333333334,-9.433333333333334
FRH34,43.483333333333334,3.3166666666666664
FRH39,43.53333333333333,1.2333333333333334
FRH57,48.666666666666664,7.083333333333333
FRH65,43.28333333333333,1
FRH67,48.333333333333336,7.35
FRH68,48.016666666666666,7.3
FRH69,46.083333333333336,4.683333333333334
FRH6Y,49.56666666666667,-0.31666666666666665
FRH89,47.93333333333333,3.6
FRH8L,45.96666666666667,5.6
FRH99,43.35,3.216666666666667
FRHAO,48.166666666666664,6.333333333333333
FRHAQ,43.18333333333333,2.3666666666666667
FRHBV,49.2,1.25
FRHCN,47.8,-3.5833333333333335
FRHDY,43.35,0
FRHEJ,44.733333333333334,0.35
FRHET,47.8,-3.283333333333333
FRHEY,48.88333333333333,2.7666666666666666
FRHFF,47.15,12.516666666666667
FRHG6,45.8,-0.95
FRHGP,43.666666666666664,-122
FRHGT,47.766666666666666,3.7
FRHH3,42.28333333333333,9.466666666666667
FRHH9,43.2,-3.6666666666666665
FRHHJ,49.18333333333333,3.95
FRHHY,49.13333333333333,3.8166666666666664
FRHI6,43.266666666666666,-22.9
FRHIY,49.03333333333333,3.4333333333333336
FRHJE,44.8,0
FRHJK,47.083333333333336,5.15
FRHJY,45.63333333333333,-0.9
FRHLA,45.28333333333333,0.03333333333333333
FRHLC,48.03333333333333,7.266666666666667
FRHLM,49.516666666666666,1.0333333333333334
FRHLO,47.95,5.883333333333333
FRHLP,46.75,5.616666666666667
FRHLR,48.96666666666667,6.516666666666667
FRHLV,47.55,0.31666666666666665
FRHLZ,46.71666666666667,-1.9333333333333333
FRHM6,48.46666666666667,7.633333333333333
FRHMM,47.75,0.55
FRHMU,49.21666666666667,6
FRHOB,46.166666666666664,5.4
FRHOG,47.766666666666666,7.5
FRHOL,49.86666666666667,3.216666666666667
FRHP5,43.06666666666667,0.21666666666666667
FRHP6,43.53333333333333,0
FRHPY,49.916666666666664,2.65
FRHR2,48.55,-0.7
FRHRA,47.583333333333336,5.883333333333333
FRHRE,45.583333333333336,-1.3333333333333333
FRHRF,49.5,0.2
FRHRI,45.1,5.233333333333333
FRHRN,50.45,2.9
FRHRY,47.9,3.6333333333333333
FRHS2,50.516666666666666,2.8
FRHS3,48.416666666666664,7.45
FRHS4,47.43333333333333,0.3
FRHSG,43.666666666666664,-1.4333333333333333
FRHSN,48.266666666666666,0.7
FRHSU,45.766666666666666,6.45
FRHSY,46.61666666666667,-0.4166666666666667
FRHT3,43.78333333333333,3.45
FRHT8,43.766666666666666,-0.3
FRHTI,48.483333333333334,-2.0166666666666666
FRHTM,46.55,2.2
FRHTN,48.35,7.583333333333333
FRHTP,46.06666666666667,-1.0833333333333333
FRHTR,45.9,-1.2
FRHUN,47.6,7.583333333333333
FRHUV,46.083333333333336,3.45
FRHV2,49.083333333333336,3.95
FRHY7,45.18333333333333,-0.6166666666666667
FRHY9,47.95,3.533333333333333
FRHYD,48.166666666666664,4.616666666666667
FRHYJ,47.36666666666667,-2.0166666666666666
FRHYR,43.11666666666667,6.116666666666666
FRHYT,48.266666666666666,6.15
FRHYU,0.75,5.483333333333333
FRHZK,44.21666666666667,5.1
FRI35,48.016666666666666,-2.1666666666666665
FRI37,47.46666666666667,1.0666666666666667
FRI38,45.65,5.183333333333334
FRIAE,46.766666666666666,5.883333333333333
FRIAS,42.7,2.7
FRIAV,45.88333333333333,-0.6833333333333333
FRIAW,44.78333333333333,-0.26666666666666666
FRIBA,48,6.266666666666667
FRICN,47.21666666666667,-2.1666666666666665
FRIDS,44.733333333333334,1.8
FRIDY,46.71666666666667,-2.35
FRIEC,47.833333333333336,-3.7
FRIEV,44.68333333333333,-5.433333333333334
FRIFT,48.983333333333334,2.7666666666666666
FRIGA,43.03333333333333,2.9833333333333334
FRIGC,44.733333333333334,0.6
FRIGN,45.31666666666667,-0.8833333333333333
FRIGS,47.4,-0.9166666666666666
FRIGX,44.78333333333333,0.26666666666666666
FRIHS,49.916666666666664,2.9166666666666665
FRIHT,49.28333333333333,6.166666666666667
FRIKR,43.35,0
FRILS,48.93333333333333,1.9333333333333333
FRIME,47.333333333333336,44.333333333333336
FRIOU,48.983333333333334,1.8
FRIPP,47.18333333333333,-1.1833333333333333
FRIPR,45.6,-1
FRIRT,48.93333333333333,7.033333333333333
FRISG,44.71666666666667,-0.48333333333333334
FRISM,49.3,-1.1
FRIUC,47.083333333333336,4.666666666666667
FRIUO,47.13333333333333,4.783333333333333
FRIUS,49.233333333333334,1.3333333333333333
FRIXY,48.266666666666666,6.4
FRIY8,48.333333333333336,0
FRIYV,47.63333333333333,6.066666666666666
FRIZE,45.9,4.5
FRIZO,44.916666666666664,-0.36666666666666664
FRIZU,47.166666666666664,5.133333333333334
FRJ39,46.9,5.8
FRJAJ,46.13333333333333,-1.0166666666666666
FRJAV,45.7,-0.35
FRJAX,44.55,-0.16666666666666666
FRJCJ,44.06666666666667,4.566666666666666
FRJCN,43.3,-0.38333333333333336
FRJDF,43.7,3.55
FRJDR,46.56666666666667,0.5666666666666667
FRJES,46.766666666666666,4.7
FRJFM,43.78333333333333,1.3
FRJHT,45.516666666666666,-6.166666666666667
FRJHU,45.5,-0.5
FRJII,44.21666666666667,5.133333333333334
FRJIN,47.983333333333334,-2.8333333333333335
FRJIO,44.53333333333333,-22
FRJJX,46.03333333333333,5.416666666666667
FRJK6,43.233333333333334,-0.45
FRJKI,50.266666666666666,3.3166666666666664
FRJKP,47,4.783333333333333
FRJLP,43.56666666666667,7.1
FRJM5,47.45,-0.4166666666666667
FRJMQ,47,4.9
FRJNG,49.2,0
FRJNT,43.6,0
FRJOJ,45.833333333333336,4.566666666666666
FRJOS,45.81666666666667,5.083333333333333
FRJOU,46.233333333333334,0.6833333333333333
FRJOV,44.11666666666667,4.9
FRJPC,42.516666666666666,2.783333333333333
FRJPL,46.833333333333336,4.866666666666667
FRJQM,49.05,-0.9666666666666667
FRJRY,49.25,3.8833333333333333
FRJSG,44.75,-0.16666666666666666
FRJUC,43.85,5.166666666666667
FRJUJ,46.233333333333334,4.683333333333334
FRJUK,42.78333333333333,2.533333333333333
FRJUR,46.71666666666667,5.533333333333333
FRJUT,45.7,3.1166666666666667
FRJUU,48.93333333333333,3.1333333333333333
FRJUY,49.083333333333336,1.2666666666666666
FRJVI,43.61666666666667,3.8
FRJWQ,44.266666666666666,-4.5
FRJYS,44.25,5.216666666666667
FRK6Q,45.86666666666667,-34
FRKAI,49.483333333333334,1.0166666666666666
FRKAQ,47.3,-1.2
FRKGR,47.13333333333333,-1.7333333333333334
FRKHJ,49.833333333333336,0.36666666666666664
FRKIO,45.583333333333336,-0.45
FRKIU,44.21666666666667,4.483333333333333
FRKJ2,45.56666666666667,-0.26666666666666666
FRKJ8,43.35,-0.9833333333333333
FRKJR,44.05,-4.7
FRKJS,44.88333333333333,0
FRKKO,49.233333333333334,3.9166666666666665
FRKLO,42.46666666666667,9.2
FRKLP,45.6,-1.3333333333333333
FRKLU,47.666666666666664,1.5333333333333332
FRKLY,43.35,2.95
FRKOL,45.266666666666666,-0.5666666666666667
FRKPL,45.6,-0.75
FRKRZ,47.3,2.75
FRKTR,44.5,-4.35
FRKUS,47.8,3.8333333333333335
FRL22,48.06666666666667,2.3833333333333333
FRL2B,42.25,9.466666666666667
FRL34,43.56666666666667,3.5
FRL37,47.333333333333336,1.0666666666666667
FRL38,44.93333333333333,5.466666666666667
FRL49,47.35,-1.1666666666666667
FRL5S,47.333333333333336,-5
FRL5T,47.3,0.4166666666666667
FRL62,50.43333333333333,1.9166666666666665
FRL67,47.21666666666667,1.1
FRL6L,48.53333333333333,1.15
FRL83,43.11666666666667,6.066666666666666
FRL8P,46.016666666666666,0.7833333333333333
FRL8R,46.083333333333336,1.4833333333333334
FRL8T,47.333333333333336,-0.35
FRL8Y,48,2.0833333333333335
FRL8Z,45.483333333333334,4.4
FRL98,47.266666666666666,0.6666666666666666
FRLA4,43.75,5.316666666666666
FRLA5,43.1,2.1666666666666665
FRLA8,47.46666666666667,-2.066666666666667
FRLAF,43.166666666666664,6.033333333333333
FRLAI,48.733333333333334,-3.45
FRLAO,49.56666666666667,3.6333333333333333
FRLAV,43.38333333333333,5.033333333333333
FRLBD,50.53333333333333,2.8
FRLBE,44.68333333333333,-0.5166666666666667
FRLBO,43.55,6.983333333333333
FRLC4,43.31666666666667,5.366666666666666
FRLCJ,45.86666666666667,5.1
FRLCR,46.8,4.433333333333334
FRLCT,43.18333333333333,5.6
FRLCW,48.416666666666664,6.783333333333333
FRLD2,48.31666666666667,-4.3
FRLDM,46.88333333333333,-2.1333333333333333
FRLDN,48.45,-4.25
FRLE4,47.63333333333333,1.4833333333333334
FRLEZ,48.78333333333333,-3.1
FRLF2,44.8,-1.15
FRLF5,43.96666666666667,5.883333333333333
FRLFA,47.71666666666667,1.9333333333333333
FRLFK,46.18333333333333,-1.3333333333333333
FRLFR,48.28333333333333,-4.516666666666667
FRLG9,43.65,4.3
FRLGO,44.71666666666667,3.85
FRLGR,43.53333333333333,4.133333333333334
FRLGU,48.56666666666667,-2.216666666666667
FRLH2,49.166666666666664,2
FRLH5,48.18333333333333,7.433333333333334
FRLHI,45.75,5.533333333333333
FRLI5,49.083333333333336,0.21666666666666667
FRLIA,45.61666666666667,5.233333333333333
FRLIB,44.916666666666664,-0.25
FRLIO,45.766666666666666,4.833333333333333
FRLIR,47.4,-0.26666666666666666
FRLIW,47.03333333333333,0.8166666666666667
FRLJG,49.333333333333336,6.183333333333334
FRLJQ,49.15,-4.083333333333333
FRLJW,48.71666666666667,0
FRLKJ,44.68333333333333,2.6166666666666667
FRLKL,47.8,-4.216666666666667
FRLKM,43.483333333333334,6.083333333333333
FRLKR,45.55,4.783333333333333
FRLKZ,47.166666666666664,4.916666666666667
FRLLE,50.63333333333333,3.066666666666667
FRLLJ,44.666666666666664,-0.48333333333333334
FRLLS,46.666666666666664,5.55
FRLLW,48.016666666666666,3.3166666666666664
FRLLZ,47.46666666666667,0.06666666666666667
FRLM2,49.3,-0.31666666666666665
FRLMD,43.4,5.116666666666666
FRLMK,43.13333333333333,6.233333333333333
FRLMW,49.166666666666664,6.183333333333334
FRLMY,48.983333333333334,1.7333333333333334
FRLMZ,49.06666666666667,1.55
FRLO7,46.28333333333333,4.766666666666667
FRLO9,47.05,4.866666666666667
FRLOA,49.86666666666667,2.35
FRLOC,47.833333333333336,-4.166666666666667
FRLOW,46.583333333333336,5.033333333333333
FRLP7,47.7,-3.3833333333333333
FRLPP,42.6,1.8
FRLQA,44.4,0.21666666666666667
FRLQD,49.88333333333333,3.2666666666666666
FRLQG,44.11666666666667,0.8
FRLQT,48.03333333333333,5.283333333333333
FRLQV,49.06666666666667,3.7666666666666666
FRLQZ,46.65,-4.866666666666667
FRLR6,43.68333333333333,7.016666666666667
FRLR8,48.8,-3.2333333333333334
FRLR9,45.06666666666667,-0.4166666666666667
FRLRB,44.583333333333336,-0.03333333333333333
FRLS2,47.2,4.283333333333333
FRLS3,45.65,0.8333333333333334
FRLS4,44.3,4.516666666666667
FRLS6,47.5,7.383333333333334
FRLSB,44.95,-0.23333333333333334
FRLSJ,44.766666666666666,-0.31666666666666665
FRLSK,43.65,4.05
FRLT3,46.333333333333336,-1.4333333333333333
FRLT4,45.7,-1.1666666666666667
FRLTF,50.13333333333333,4.783333333333333
FRLTT,49.483333333333334,0.8
FRLU2,43.06666666666667,5.933333333333334
FRLU4,43.916666666666664,1.6666666666666665
FRLUJ,44.35,0.8833333333333333
FRLUQ,46.4,6.666666666666667
FRLVJ,44.43333333333333,1.1666666666666667
FRLVT,44.63333333333333,1.3
FRLWM,47.61666666666667,-2.85
FRLXA,48.833333333333336,2.4833333333333334
FRLXV,43.2,6.566666666666666
FRLY2,45.35,4.766666666666667
FRLY3,49.78333333333333,2.1666666666666665
FRLZA,50.5,2.6833333333333336
FRLZD,48,-0.15
FRLZF,47.916666666666664,-3.9833333333333334
FRLZZ,43.266666666666666,1.35
FRM22,47.86666666666667,4.4
FRM2M,46.11666666666667,4.583333333333333
FRM2S,47.86666666666667,-2.4166666666666665
FRM2T,44.38333333333333,1.45
FRM33,44.766666666666666,-0.18333333333333332
FRM37,47.46666666666667,1.0333333333333334
FRM49,47.18333333333333,-0.3333333333333333
FRM52,49.1,3.7333333333333334
FRM54,47.916666666666664,4.633333333333333
FRM56,47.61666666666667,-2.75
FRM57,49.1,6.1
FRM65,43.55,-0.5
FRM67,48.4,7.433333333333334
FRM75,49.21666666666667,1.3
FRM82,43.833333333333336,0.9
FRM84,44.083333333333336,4.75
FRM89,47.6,3.6333333333333333
FRMA2,46.166666666666664,5.283333333333333
FRMA4,45.8,5.466666666666667
FRMA9,45.06666666666667,-0.38333333333333336
FRMAC,46.3,4.833333333333333
FRMAU,50.28333333333333,3.966666666666667
FRMB6,48.78333333333333,7.816666666666666
FRMBJ,48.68333333333333,-1.9
FRMBT,43.9,1.2666666666666666
FRMBX,46.983333333333334,4.85
FRMC3,49.15,4.116666666666666
FRMC4,44.016666666666666,5.166666666666667
FRMC8,47.88333333333333,6.133333333333334
FRMCF,48.916666666666664,-0.06666666666666667
FRMCI,42.95,9.45
FRMCO,50.36666666666667,2.05
FRMCQ,45.016666666666666,-0.6166666666666667
FRMD2,45.15,5.05
FRMDA,43.63333333333333,4.016666666666667
FRMDH,48.63333333333333,7.7
FRMDQ,46.53333333333333,-1.2166666666666668
FRMDT,45.833333333333336,4.966666666666667
FRMDW,44.016666666666666,0.15
FRME4,43.61666666666667,3.283333333333333
FRME6,47.78333333333333,4
FRME9,43,1.1666666666666667
FRMEA,48.96666666666667,2.8833333333333333
FRMEL,48.53333333333333,2.6666666666666665
FRMF2,45.516666666666666,0.16666666666666666
FRMF3,49.166666666666664,3.8833333333333333
FRMFC,47.833333333333336,-1.3166666666666667
FRMFQ,44.53333333333333,0.7666666666666667
FRMG2,48.6,3.6
FRMG3,45.8,5.716666666666667
FRMGU,43.61666666666667,4.016666666666667
FRMGX,45.03333333333333,-0.6666666666666666
FRMH3,43.666666666666664,3.9
FRMHB,47.583333333333336,-3.033333333333333
FRMHK,47.96666666666667,-1.2166666666666668
FRMHN,47.71666666666667,-2.9833333333333334
FRMHT,45.666666666666664,-0.25
FRMIQ,48.38333333333333,2.3666666666666667
FRMJK,43.516666666666666,0.4
FRMJU,50.78333333333333,2.1666666666666665
FRMJY,44.78333333333333,0.5166666666666667
FRMKX,47.15,0.48333333333333334
FRML9,47.88333333333333,4.05
FRMLD,44.96666666666667,3.6333333333333333
FRMLH,47.75,7.333333333333333
FRMLQ,46.6,2.6
FRMLV,48.833333333333336,2.6333333333333333
FRMM9,45.95,4.683333333333334
FRMMB,45.4,0.13333333333333333
FRMMJ,45.18333333333333,-0.65
FRMMM,47.71666666666667,7.083333333333333
FRMMV,49.6,4.833333333333333
FRMN2,46.63333333333333,2.2
FRMN4,47.71666666666667,2.5666666666666664
FRMN5,48.983333333333334,4.466666666666667
FRMN6,47.31666666666667,4.783333333333333
FRMND,43.55,6.933333333333334
FRMNL,47.5,1.3
FRMNM,46.43333333333333,0.8666666666666667
FRMO9,43.85,5.633333333333333
FRMOS,48,2.7333333333333334
FRMPC,47.56666666666667,1.45
FRMPF,48.31666666666667,-1.05
FRMPI,44.483333333333334,0.9333333333333333
FRMPQ,47.233333333333334,-0.16666666666666666
FRMPX,43.733333333333334,0.6666666666666666
FRMQA,49.3,1.05
FRMQT,49.95,20.633333333333333
FRMQY,48.81666666666667,6.116666666666666
FRMQZ,43.36666666666667,-2.1666666666666665
FRMR2,43.06666666666667,2.1666666666666665
FRMR5,44.95,-5
FRMR6,46.06666666666667,5.433333333333334
FRMR7,48.71666666666667,4.633333333333333
FRMR8,43.4,-0.9666666666666667
FRMRN,46.3,-1
FRMRW,43.5,3.8
FRMS3,45.86666666666667,-0.21666666666666667
FRMS9,47.733333333333334,4.033333333333333
FRMSD,45.03333333333333,0.36666666666666664
FRMSG,45.483333333333334,-0.7833333333333333
FRMSI,49.06666666666667,2.2
FRMSZ,43.18333333333333,0.08333333333333333
FRMT6,43.95,1.2333333333333334
FRMT7,44.61666666666667,0.25
FRMT8,43.56666666666667,4.733333333333333
FRMTD,47.516666666666666,6.8
FRMU8,36.56666666666667,1.7833333333333332
FRMUJ,44.68333333333333,2.3166666666666664
FRMV2,45.38333333333333,4.733333333333333
FRMV3,45.8,-0.21666666666666667
FRMV6,43.35,2.75
FRMVG,48.96666666666667,1.6833333333333333
FRMVP,49.25,5.066666666666666
FRMWA,48.95,1.7
FRMWF,43.2,2.6
FRMWR,43.35,3.533333333333333
FRMX2,45.63333333333333,-0.18333333333333332
FRMX8,43.733333333333334,4.2
FRMXZ,45.38333333333333,6.533333333333333
FRMY3,43.333333333333336,3.1166666666666667
FRMYK,49.71666666666667,2.9333333333333336
FRMYP,45.06666666666667,-0.7666666666666667
FRMYS,47.28333333333333,5.966666666666667
FRMYW,48.36666666666667,5.166666666666667
FRMZK,48.5,3.45
FRMZM,49.13333333333333,6.166666666666667
FRMZS,48.96666666666667,1.8
FRN25,47.53333333333333,6.85
FRN42,45.53333333333333,4.583333333333333
FRN58,47.233333333333334,3.066666666666667
FRN59,50.31666666666667,3.6166666666666667
FRNA2,43.18333333333333,-0.26666666666666666
FRNAC,47.583333333333336,-3.0833333333333335
FRNAJ,44.916666666666664,0.4
FRNAP,47.85,3.8833333333333333
FRNCB,48.36666666666667,-4.766666666666667
FRNCN,44.93333333333333,-0.18333333333333332
FRNCZ,45.55,0.2833333333333333
FRNE9,49.13333333333333,2.183333333333333
FRNED,43.88333333333333,1.5
FRNEF,48.016666666666666,7.533333333333333
FRNEH,45.81666666666667,5.716666666666667
FRNEJ,43.4,6.35
FRNEO,47.71666666666667,2.5833333333333335
FRNGI,46.88333333333333,4.666666666666667
FRNGJ,47.28333333333333,0.23333333333333334
FRNGR,47.016666666666666,-1.0666666666666667
FRNGW,45.233333333333334,1.5333333333333332
FRNHE,48.583333333333336,7.516666666666667
FRNHY,48,6.65
FRNJH,48.016666666666666,7.283333333333333
FRNJI,43.4,3.183333333333333
FRNJJ,46.25,4.75
FRNJO,46.05,3.9333333333333336
FRNKL,46.03333333333333,3.9333333333333336
FRNLA,47.71666666666667,-1.8166666666666667
FRNLJ,45.5,6.033333333333333
FRNLL,45.516666666666666,-0.4
FRNMS,48.266666666666666,2.7
FRNN7,47.36666666666667,5.783333333333333
FRNN8,46.68333333333333,0.85
FRNNB,47.56666666666667,2.8333333333333335
FRNNH,47.93333333333333,4.25
FRNNW,43.983333333333334,2.033333333333333
FRNOI,47,-2.2333333333333334
FRNOP,47.61666666666667,-2.9166666666666665
FRNOT,44.266666666666666,-0.95
FRNPI,48.53333333333333,1.5833333333333335
FRNRH,47.8,-4.366666666666666
FRNRO,43.766666666666666,-0.03333333333333333
FRNSB,44.38333333333333,-1.1666666666666667
FRNSD,47.13333333333333,5.583333333333333
FRNSJ,45.5,4.366666666666666
FRNTJ,45.95,4.566666666666666
FRNTR,45.53333333333333,0.6666666666666666
FRNTU,44.88333333333333,-2.8333333333333335
FRNTZ,50.06666666666667,3.2
FRNUI,49.81666666666667,5.033333333333333
FRNUS,49.516666666666666,4.3
FRNVS,47,3.15
FRNWO,45.983333333333334,0.6333333333333333
FRNYI,47.3,2.6833333333333336
FRNYJ,46.53333333333333,-1.3
FRNYY,47.78333333333333,3.7
FRNZ3,43.15,2.466666666666667
FRO34,43.45,3.3833333333333333
FRO66,48.416666666666664,-0.3333333333333333
FROA8,44.25,5.016666666666667
FROAG,45.3,4.55
FROBC,47.28333333333333,-2.4
FROBR,43.233333333333334,6.3
FROEG,48.75,-0.9166666666666666
FROEI,48.53333333333333,0.95
FROFF,48.03333333333333,-4.666666666666667
FROGB,48.833333333333336,2.25
FROGG,46.8,-1.3166666666666667
FROGL,46.516666666666666,5.6
FROHP,47.15,5.65
FROIA,42.35,9.033333333333333
FROIO,47.266666666666666,5.116666666666666
FROIX,48.016666666666666,7.383333333333334
FROJA,45.71666666666667,-0.3
FROJE,45.8,5.033333333333333
FROJJ,46.75,4.7
FROJX,43.483333333333334,3.6666666666666665
FROK4,43.483333333333334,-3.8
FROLE,48.3,-2.5166666666666666
FROLF,48.766666666666666,2.6666666666666665
FROMB,43.6,3.066666666666667
FROMY,46.016666666666666,5.466666666666667
FRON3,44.983333333333334,-0.38333333333333336
FROND,48.583333333333336,0.7166666666666667
FRONJ,43.81666666666667,0.55
FRONO,43.75,4.083333333333333
FRONP,44.61666666666667,-0.26666666666666666
FRONY,41.81666666666667,8.9
FRONZ,43.46666666666667,-0.7333333333333333
FROOI,43.11666666666667,2.15
FROOZ,50.1,4.8
FROQL,47.71666666666667,-3.35
FROR6,50.083333333333336,3.6833333333333336
FRORH,49.166666666666664,6.866666666666667
FRORN,45.05,5.983333333333333
FROSH,48.733333333333334,7.25
FROSO,43.916666666666664,5.916666666666667
FROSS,48.13333333333333,7.3
FROTM,47.78333333333333,7.516666666666667
FROTY,50.21666666666667,1.6166666666666667
FROU3,47.25,1.4333333333333333
FROU6,48.6,-0.7333333333333333
FROUQ,47.21666666666667,2.8333333333333335
FROUX,45.96666666666667,4.633333333333333
FROVD,45.38333333333333,-4.166666666666667
FROVI,49.53333333333333,5.783333333333333
FROYF,43.333333333333336,5.983333333333333
FROYI,49.21666666666667,3.1333333333333333
FROYY,48.68333333333333,3.716666666666667
FROZA,48.8,-3.033333333333333
FROZM,43.516666666666666,0.6
FRP22,48.53333333333333,-2.5833333333333335
FRP33,45.333333333333336,-0.9166666666666666
FRP3D,45.666666666666664,3.2333333333333334
FRP55,48.88333333333333,4.8
FRP5C,50.583333333333336,2.5166666666666666
FRP62,50.46666666666667,2.8833333333333333
FRP63,45.86666666666667,3.2333333333333334
FRP66,42.65,2.8333333333333335
FRP83,43.333333333333336,6.55
FRP8T,48.75,0.75
FRPAB,47.86666666666667,-4.216666666666667
FRPAD,47.06666666666667,5.166666666666667
FRPAJ,49.38333333333333,3.6166666666666667
FRPAN,47.75,-1.1666666666666667
FRPAR,48.85,2.35
FRPAY,46,5.283333333333333
FRPBA,49.333333333333336,-1.7
FRPBF,47.28333333333333,-2.0166666666666666
FRPBT,48.11666666666667,-0.9666666666666667
FRPC6,50.3,2.7666666666666666
FRPCB,43.05,2.9166666666666665
FRPCM,44.1,4.55
FRPCX,45.11666666666667,5.7
FRPD2,47.333333333333336,4.966666666666667
FRPD6,50.6,1.9333333333333333
FRPDF,43.56666666666667,6.05
FRPDU,49.11666666666667,1.4166666666666667
FRPE6,44.5,1.1666666666666667
FRPE7,44.81666666666667,0.8333333333333334
FRPEF,46.13333333333333,0.25
FRPEP,43.88333333333333,4.1
FRPET,49.38333333333333,1.0333333333333334
FRPF4,46.583333333333336,4.8
FRPFP,44.833333333333336,0.2
FRPG5,45.4,-0.9
FRPGQ,48.86666666666667,4.483333333333333
FRPH4,43.3,3.3333333333333335
FRPH5,43.266666666666666,0.16666666666666666
FRPH7,45.53333333333333,5.95
FRPHG,44.03333333333333,1.85
FRPHJ,44.88333333333333,0
FRPHN,48.5,-1.9666666666666668
FRPHQ,47.25,-2.35
FRPHT,48.75,4.65
FRPHU,49.25,0.7
FRPI9,47.13333333333333,-2.216666666666667
FRPIR,47.38333333333333,-2.55
FRPJ2,49.05,5.633333333333333
FRPJ3,44,4.766666666666667
FRPJE,49.46666666666667,0.5333333333333333
FRPJG,43.266666666666666,-0.7166666666666667
FRPJH,47.25,-1.2
FRPJS,47.1,-1.1833333333333333
FRPJY,46.93333333333333,3.15
FRPKL,47.31666666666667,1.2833333333333332
FRPKM,47.13333333333333,-1.35
FRPKS,47.28333333333333,2.95
FRPL2,43.7,3.8666666666666667
FRPL3,48.18333333333333,-1.9166666666666665
FRPLP,48.21666666666667,-4.083333333333333
FRPLW,48.86666666666667,2.15
FRPM5,45.71666666666667,-1.15
FRPM6,47.81666666666667,-3.783333333333333
FRPMD,47,4.783333333333333
FRPMH,48.81666666666667,-3.45
FRPNF,47.55,-2.9
FRPNH,47.166666666666664,4.683333333333334
FRPNO,48.53333333333333,-2.25
FRPNU,50.25,3.2666666666666666
FRPO9,42.75,2.85
FRPPH,45.516666666666666,-0.6
FRPQC,48,-1.7833333333333332
FRPQE,49.3,1.2333333333333334
FRPQJ,44.96666666666667,-2.6666666666666665
FRPQR,47.3,5.4
FRPRC,47.11666666666667,-2.1
FRPRJ,46.71666666666667,-2.35
FRPRO,46.06666666666667,4.6
FRPRZ,47.833333333333336,-3.9166666666666665
FRPS5,45.46666666666667,-0.5666666666666667
FRPS9,48.81666666666667,-3.45
FRPSU,45.916666666666664,6.683333333333334
FRPSX,49.3,2.6
FRPTI,45,4.883333333333333
FRPTV,49.4,3.8166666666666664
FRPU2,45.81666666666667,5.65
FRPUM,48.93333333333333,2.783333333333333
FRPUU,44.916666666666664,-0.06666666666666667
FRPV2,43.45,2.9833333333333334
FRPVF,47.96666666666667,3.85
FRPVS,44.1,5.15
FRPVX,46.43333333333333,4.933333333333334
FRPWA,49.38333333333333,3.216666666666667
FRPXW,43.833333333333336,-2.5166666666666666
FRPXZ,48.46666666666667,7.716666666666667
FRPY2,47.1,2.183333333333333
FRPY3,49.3,3.85
FRPYO,42.7,3.033333333333333
FRPYX,48.766666666666666,4.816666666666666
FRPZA,45.666666666666664,0.35
FRPZO,47.13333333333333,0.38333333333333336
FRQ4J,47.86666666666667,-3.75
FRQ5A,46.65,5.3
FRQ8T,48.56666666666667,-0.2833333333333333
FRQAS,43.916666666666664,4
FRQBO,47.86666666666667,2.05
FRQBR,44.833333333333336,-0.36666666666666664
FRQC3,49.45,4.766666666666667
FRQCR,42.3,9.15
FRQEJ,43,2.2
FRQEL,50.733333333333334,2.1333333333333333
FRQEN,47.78333333333333,3.65
FRQER,50.75,2.05
FRQEY,44.766666666666666,0.016666666666666666
FRQGS,48.78333333333333,4.533333333333333
FRQGY,47.1,5.883333333333333
FRQJE,43.71666666666667,0.5666666666666667
FRQJJ,43.083333333333336,2.7
FRQJS,43.63333333333333,3.45
FRQLC,50.06666666666667,1.45
FRQLJ,49.333333333333336,3.9
FRQLK,46,4.65
FRQLO,49.4,0.3
FRQLY,49.56666666666667,0.95
FRQMM,43.78333333333333,4.033333333333333
FRQNA,47.53333333333333,2.9333333333333336
FRQPL,45.6,4.833333333333333
FRQPM,44.983333333333334,-4.8
FRQQQ,49.36666666666667,3.9
FRQRK,49.233333333333334,0.23333333333333334
FRQRQ,45.38333333333333,5.6
FRQSC,44.75,-0.5
FRQSM,48.983333333333334,3.2333333333333334
FRQSN,49.86666666666667,1.8
FRQSO,48.45,2.75
FRQTS,47.4,6.516666666666667
FRQUI,47.483333333333334,-3.1166666666666667
FRQUJ,43.55,3.216666666666667
FRQUO,43.53333333333333,9.416666666666666
FRQUQ,43.68333333333333,3.466666666666667
FRQUU,43.63333333333333,5.633333333333333
FRQUY,48.63333333333333,-2.466666666666667
FRQVP,46.93333333333333,4.833333333333333
FRQW2,44.63333333333333,4.316666666666666
FRQWC,43.5,6.033333333333333
FRQWE,43.86666666666667,-0.6666666666666666
FRQWM,46.13333333333333,6.266666666666667
FRQXA,48.36666666666667,7.383333333333334
FRQXJ,43.96666666666667,-4.283333333333333
FRQXZ,43.333333333333336,2.1166666666666667
FRQY2,42.85,-2.783333333333333
FRQYR,48.3,4.083333333333333
FRQYV,43.31666666666667,3.1333333333333333
FRQZH,41.71666666666667,8.8
FRQZX,45.05,-0.5833333333333334
FRR26,44.483333333333334,5.033333333333333
FRR33,44.766666666666666,0.2
FRR34,43.516666666666666,3.3
FRR37,47.15,0.26666666666666666
FRR39,46.583333333333336,5.483333333333333
FRR4B,49.333333333333336,-0.6166666666666667
FRR99,46.13333333333333,1.1833333333333333
FRRA2,43.11666666666667,2.3
FRRAD,49.5,0.5
FRRAF,44.95,0
FRRAJ,44.266666666666666,5.133333333333334
FRRAR,44.56666666666667,5.95
FRRAT,45.63333333333333,0.26666666666666666
FRRAV,47.68333333333333,3.6833333333333336
FRRB2,43.1,2.6333333333333333
FRRBB,43.53333333333333,5.95
FRRBI,45.25,2.8
FRRC2,44.416666666666664,2.3
FRRCE,48.11666666666667,-1.4833333333333334
FRRCF,47.31666666666667,2.966666666666667
FRRDM,46.2,-1.4
FRRDN,47.65,-2.0833333333333335
FRRDT,43.25,2.6333333333333333
FRRDU,46.11666666666667,4.633333333333333
FRRDY,48.516666666666666,2.2666666666666666
FRRE7,49.1,6
FRREI,48.65,7.75
FRREJ,46.93333333333333,2.2666666666666666
FRRF3,44.55,-0.26666666666666666
FRRFA,43.266666666666666,2.716666666666667
FRRFD,42.63333333333333,2.95
FRRFI,50.416666666666664,1.65
FRRFS,44.75,-0.7166666666666667
FRRGY,47.18333333333333,4.883333333333333
FRRH4,43.5,2.783333333333333
FRRH7,46.11666666666667,4.766666666666667
FRRH9,49.05,60.583333333333336
FRRHE,49.266666666666666,4.033333333333333
FRRHM,47.9,7.35
FRRHP,48.46666666666667,-5.083333333333333
FRRIJ,44.266666666666666,4.5
FRRIX,45.583333333333336,5.316666666666666
FRRJA,43.766666666666666,5.35
FRRJJ,43.85,5.116666666666666
FRRJQ,49.916666666666664,4.516666666666667
FRRJR,44.483333333333334,4.283333333333333
FRRL2,43.166666666666664,2.283333333333333
FRRL3,47.266666666666666,0.4166666666666667
FRRLI,50.2,3.25
FRRM2,49.166666666666664,4.05
FRRM3,44.666666666666664,0
FRRME,50.68333333333333,2.8833333333333333
FRRN3,44.65,-0.35
FRRNN,49,3.9166666666666665
FRRNT,48.6,-0.8333333333333334
FRRNY,46.016666666666666,5.933333333333334
FRROJ,47.56666666666667,6.033333333333333
FRRON,50.75,3.1166666666666667
FRROU,50.68333333333333,3.183333333333333
FRRP3,47.55,7.283333333333333
FRRQE,48.983333333333334,7.016666666666667
FRRQU,43.75,7.466666666666667
FRRQV,43.85,0.2833333333333333
FRRR3,47.35,0.95
FRRRB,49,7.016666666666667
FRRRJ,48.416666666666664,3.9
FRRRT,43.916666666666664,2.033333333333333
FRRRW,43.7,5.65
FRRSA,43.43333333333333,6.633333333333333
FRRSQ,50.45,3.3666666666666667
FRRT3,44.7,-0.18333333333333332
FRRTA,44.03333333333333,4.083333333333333
FRRTB,49.35,-0.75
FRRTE,45.666666666666664,-0.23333333333333334
FRRTH,46.38333333333333,5.55
FRRTV,49.083333333333336,3.4833333333333334
FRRUJ,46.15,5.333333333333333
FRRUN,48.75,2.35
FRRUR,48.53333333333333,-2
FRRUT,45.36666666666667,5.516666666666667
FRRVC,49.35,2.7333333333333334
FRRWL,48.28333333333333,7.416666666666667
FRRWY,47.81666666666667,-1.1166666666666667
FRRXL,48.6,6.333333333333333
FRRXO,50.36666666666667,1.8666666666666667
FRRYG,47.766666666666666,-1.5166666666666666
FRRYN,45.61666666666667,-1.05
FRRYY,49.016666666666666,3.9333333333333336
FRRZT,45.25,4.783333333333333
FRRZU,47.9,0.6666666666666666
FRRZW,43.68333333333333,3.7666666666666666
FRRZX,44.56666666666667,-0.35
FRS26,44.4,5.033333333333333
FRS2C,42.61666666666667,3
FRS33,45.31666666666667,-0.5833333333333334
FRS34,43.7,4
FRS37,47.46666666666667,1
FRS3S,47.4,1.4333333333333333
FRS3V,45.28333333333333,0
FRS42,45.483333333333334,4.583333333333333
FRS44,47.083333333333336,-1.3333333333333333
FRS59,50.78333333333333,2.5166666666666666
FRS5M,48.96666666666667,3.216666666666667
FRS66,42.81666666666667,2.5
FRS73,45.733333333333334,5.8
FRS77,48.81666666666667,3.0166666666666666
FRS78,48.45,2.8333333333333335
FRS7L,46.55,4.783333333333333
FRS7T,49.266666666666666,4.733333333333333
FRS86,45.46666666666667,4.933333333333334
FRS8B,47.43333333333333,1.3
FRS8C,50.7,2.45
FRS8M,47.2,2.4166666666666665
FRS9A,46.85,-1.9666666666666668
FRSAJ,43.766666666666666,4.116666666666666
FRSAR,49.11666666666667,7.066666666666666
FRSB3,44.68333333333333,0
FRSBB,45.81666666666667,4.6
FRSBK,48.516666666666666,-2.783333333333333
FRSDF,46.15,3.1333333333333333
FRSDM,46.71666666666667,2.5
FRSDS,43.11666666666667,0.6833333333333333
FRSE7,49.31666666666667,4.833333333333333
FRSFP,43.083333333333336,5.833333333333333
FRSGT,47.416666666666664,-0.5666666666666667
FRSHJ,48.5,7.466666666666667
FRSHZ,44.96666666666667,-0.8833333333333333
FRSIR,47.63333333333333,4.3
FRSIT,47.18333333333333,5.816666666666666
FRSIU,45.61666666666667,0.16666666666666666
FRSJ6,48.93333333333333,-0.65
FRSJF,43.083333333333336,1.6166666666666667
FRSJM,43.38333333333333,2.8333333333333335
FRSKE,43.6,0.4166666666666667
FRSLV,47.85,-0.3
FRSMB,47.85,2.2666666666666666
FRSMJ,47.516666666666666,-1.1833333333333333
FRSMW,48.416666666666664,2.75
FRSN6,46.6,5.466666666666667
FRSNC,44.85,1.8666666666666667
FRSNM,47.233333333333334,5.45
FRSNQ,46.333333333333336,4.833333333333333
FRSO8,45.78333333333333,-0.7833333333333333
FRSOQ,47.46666666666667,2.183333333333333
FRSOZ,41.85,9.4
FRSP4,43.88333333333333,7.883333333333333
FRSP5,44.516666666666666,6.75
FRSPK,50.96666666666667,2.3166666666666664
FRSQG,47.583333333333336,5.866666666666667
FRSQR,47.516666666666666,-3.1333333333333333
FRSQS,49.85,2.9333333333333336
FRSQT,45.13333333333333,0.5333333333333333
FRSQV,49.03333333333333,1.65
FRSRT,45.13333333333333,-0.5
FRSS2,43.7,3.466666666666667
FRSS4,43.36666666666667,3.033333333333333
FRSS8,47.016666666666666,2.5833333333333335
FRSSH,47.266666666666666,1.55
FRSSK,47.2,-1.5
FRSSW,45.9,1.6
FRSTA,49.1,6.7
FRSTQ,49.85,3.283333333333333
FRSUJ,44.3,4.616666666666667
FRSUK,48.38333333333333,6.233333333333333
FRSUP,46.983333333333334,5.15
FRSUQ,48.96666666666667,-0.21666666666666667
FRSUY,45.53333333333333,4.166666666666667
FRSVJ,45.6,4.416666666666667
FRSWD,49.53333333333333,0.7666666666666667
FRSWW,49.81666666666667,3.7
FRSXB,48.56666666666667,7.75
FRSXL,43.03333333333333,1.1
FRSY6,48.05,1.7833333333333332
FRSYQ,48.63333333333333,5.6
FRSYY,50.65,2.7666666666666666
FRSZ4,47.65,-2.066666666666667
FRSZN,45.733333333333334,3.966666666666667
FRT34,44.166666666666664,5.066666666666666
FRT38,45.3,6
FRT62,50.86666666666667,1.6333333333333333
FRT73,45.63333333333333,6.3
FRT7R,47.416666666666664,1.05
FRTAC,45.083333333333336,-0.55
FRTAI,44.9,-4
FRTAS,48.3,4.583333333333333
FRTBE,47.35,-2.5166666666666666
FRTBU,49.3,0.16666666666666666
FRTC8,43.71666666666667,2.15
FRTCJ,47.81666666666667,2.85
FRTCU,49.28333333333333,1.8333333333333335
FRTE8,45.53333333333333,4.65
FRTED,45,-0.2
FRTEG,44.1,0.8
FRTEI,48.55,-5.5
FRTEL,44.5,1.2166666666666668
FRTEN,48.8,7.983333333333333
FRTEW,43.45,6.3
FRTG5,44.166666666666664,-3.9833333333333334
FRTGB,43.9,1.8833333333333333
FRTGH,48.4,2.783333333333333
FRTGT,48.8,-3.5
FRTH2,49.46666666666667,5.75
FRTH3,49.3,3.9333333333333336
FRTIG,48.63333333333333,2.5
FRTIM,49.75,3.1666666666666665
FRTIN,48.9,2.4
FRTIY,47.8,2.2
FRTJ5,43.03333333333333,2.783333333333333
FRTJE,49.36666666666667,0.08333333333333333
FRTJQ,45,0
FRTJX,50.416666666666664,3.5666666666666664
FRTKJ,42.55,2.966666666666667
FRTKP,43.833333333333336,4.95
FRTL8,45.233333333333334,-0.25
FRTLX,45.25,5.833333333333333
FRTMG,49.03333333333333,1.6833333333333333
FRTMN,50.2,3.283333333333333
FRTMQ,47.11666666666667,0.6166666666666667
FRTN3,43.083333333333336,2.6666666666666665
FRTNA,46.55,2.0166666666666666
FRTND,45.93333333333333,4.533333333333333
FRTNW,47.3,5.3
FRTO7,46.86666666666667,5.116666666666666
FRTO8,50.06666666666667,4.1
FRTOC,45.916666666666664,5.4
FRTOH,48.35,7.416666666666667
FRTOJ,42.61666666666667,2.9333333333333336
FRTOT,47.28333333333333,0.11666666666666667
FRTOV,49.63333333333333,-1.5666666666666667
FRTPO,48.95,2.9333333333333336
FRTPS,43.75,3.4166666666666665
FRTQJ,43.916666666666664,5.366666666666666
FRTR2,43.31666666666667,2.5666666666666664
FRTR6,42.916666666666664,2.95
FRTR9,47.85,-3.85
FRTRI,47.31666666666667,-2.183333333333333
FRTRJ,45.083333333333336,-0.5666666666666667
FRTRP,44.63333333333333,-0.23333333333333334
FRTRT,44.86666666666667,0.8333333333333334
FRTSY,42.7,2.7333333333333334
FRTT3,48.81666666666667,-3.3666666666666667
FRTT8,46.21666666666667,-0.8833333333333333
FRTTG,51,2.4166666666666665
FRTTJ,43.95,4.933333333333334
FRTTK,43.6,4.933333333333334
FRTUA,47.1,5.266666666666667
FRTUJ,47.21666666666667,-2.15
FRTUO,43.65,3.15
FRTUU,47.733333333333334,3.3
FRTV8,44.18333333333333,4.9
FRTVL,49.35,6.166666666666667
FRTWA,44.766666666666666,-1.1333333333333333
FRTWQ,45.88333333333333,-3.6
FRTXC,47.483333333333334,4.216666666666667
FRTXM,48.88333333333333,1.65
FRTYQ,45.916666666666664,-0.26666666666666666
FRTZE,43.9,-4.616666666666667
FRTZZ,45.61666666666667,4.816666666666666
FRU34,43.43333333333333,3.2
FRUAJ,48.916666666666664,1.7833333333333332
FRUAQ,44.71666666666667,0.16666666666666666
FRUBM,43.916666666666664,-4.55
FRUBO,45.5,-0.75
FRUBS,43.65,-1.1833333333333333
FRUCM,45.7,-0.9833333333333333
FRUCS,43.93333333333333,1.6166666666666667
FRUDD,43.266666666666666,6.583333333333333
FRUDP,43.25,5.75
FRUEU,49.25,3.9
FRUFF,49.4,3.3166666666666664
FRUFN,47.65,4.266666666666667
FRUGE,45.05,1.65
FRUGN,48.5,-2.8333333333333335
FRUGV,48.86666666666667,2.1333333333333333
FRUHN,43.483333333333334,2.95
FRUI8,43.416666666666664,-6.433333333333334
FRUIM,48.666666666666664,-3.7
FRUIP,48,-4.1
FRUJA,43.36666666666667,3.25
FRUJC,49.31666666666667,3.5166666666666666
FRUJI,48.11666666666667,-2.8166666666666664
FRUJJ,47.333333333333336,2.85
FRUJK,47.11666666666667,5.466666666666667
FRUJQ,44.65,0
FRUJS,47.4,-0.55
FRUJX,43.5,5.733333333333333
FRUJY,47.4,3.75
FRUL3,45.21666666666667,-0.5666666666666667
FRULG,48.21666666666667,5.833333333333333
FRULJ,43.916666666666664,5.25
FRULP,49.083333333333336,3.7333333333333334
FRUML,49.166666666666664,4.216666666666667
FRUMX,48.93333333333333,2.85
FRUNB,45.11666666666667,5.8
FRUNJ,47.38333333333333,0.43333333333333335
FRUNL,43.53333333333333,-1.0666666666666667
FRUNS,50.86666666666667,1.8666666666666667
FRUPL,47.5,1.3666666666666667
FRUQJ,45.05,-0.5666666666666667
FRUR8,43.95,5.25
FRURF,43.85,14
FRURJ,47.4,0.9166666666666666
FRURN,48.083333333333336,-2.283333333333333
FRURU,42.516666666666666,3.0833333333333335
FRUSJ,43.733333333333334,4.2
FRUSL,43.55,3.15
FRUSQ,47.266666666666666,-1.6666666666666665
FRUSU,48.416666666666664,2.75
FRUSY,47.36666666666667,1.35
FRUTE,42.916666666666664,3.033333333333333
FRUTI,47.083333333333336,4.616666666666667
FRUTM,43.416666666666664,6.233333333333333
FRUUC,44.21666666666667,0.4166666666666667
FRUUI,49.21666666666667,3.7333333333333334
FRUUL,43.416666666666664,6.8
FRUUO,49.05,3.85
FRUVI,48.95,1.7333333333333334
FRUVJ,45.03333333333333,4.833333333333333
FRUVV,48.96666666666667,-1.0666666666666667
FRUXE,47.983333333333334,3.4
FRUXJ,43.46666666666667,5.783333333333333
FRUXL,44.88333333333333,1.35
FRUY2,47.06666666666667,-0.5
FRUY7,49.166666666666664,0
FRUYD,43.983333333333334,5.1
FRUYJ,43.516666666666666,5.683333333333334
FRUYO,49.083333333333336,2.2
FRUYS,46.18333333333333,4.666666666666667
FRUYV,49.25,-3.7666666666666666
FRUZJ,46.983333333333334,-1.6
FRV23,46.86666666666667,-0.9333333333333333
FRV24,45.016666666666666,0.55
FRV2C,43.733333333333334,-4.25
FRV33,45.083333333333336,-0.6166666666666667
FRV35,48.68333333333333,-1.85
FRV3E,44.68333333333333,-0.3333333333333333
FRV3L,47.31666666666667,6.5
FRV55,48.31666666666667,4.15
FRV66,43.93333333333333,7.1
FRV67,44.25,4.216666666666667
FRV83,43.266666666666666,5.966666666666667
FRV84,43.71666666666667,5.516666666666667
FRV85,46.6,-1.45
FRV88,48.36666666666667,6.283333333333333
FRV8I,48.18333333333333,6.216666666666667
FRVA5,46.65,4.366666666666666
FRVAF,44.93333333333333,4.883333333333333
FRVAL,50.36666666666667,3.533333333333333
FRVBA,44.65,4.366666666666666
FRVC2,47.1,4.883333333333333
FRVC3,42.96666666666667,2.7666666666666666
FRVC4,49.1,3.8
FRVC5,43.833333333333336,1.4333333333333333
FRVC8,44.05,5.233333333333333
FRVCD,43.266666666666666,2.283333333333333
FRVCS,43.833333333333336,3.9833333333333334
FRVDD,44.733333333333334,0.23333333333333334
FRVE3,42.2,4.666666666666667
FRVE7,45.96666666666667,-0.5666666666666667
FRVE9,47.5,1.4666666666666668
FRVEJ,46.88333333333333,4.966666666666667
FRVEO,45.65,4.816666666666666
FRVEX,49.86666666666667,0.7166666666666667
FRVEY,44.416666666666664,2.4166666666666665
FRVFD,44.833333333333336,0.16666666666666666
FRVFG,48.983333333333334,3.3333333333333335
FRVGE,47.733333333333334,5.3
FRVGF,47.1,4.85
FRVGQ,44.416666666666664,0
FRVH4,47.3,2.75
FRVHG,43.13333333333333,0.6666666666666666
FRVHM,48.666666666666664,7.716666666666667
FRVJE,43.43333333333333,3.1333333333333333
FRVJV,47.75,1.3666666666666667
FRVL4,45.45,4.75
FRVLL,44.35,2.05
FRVM5,49.1,3.6666666666666665
FRVM6,48.6,-1.7833333333333332
FRVM7,49.03333333333333,2.6333333333333333
FRVMS,48.916666666666664,0.2
FRVN5,49.13333333333333,4.2
FRVN6,42.65,2.533333333333333
FRVN7,46.3,4.716666666666667
FRVNE,47.65,-2.7666666666666666
FRVNH,48.333333333333336,6.316666666666666
FRVNK,45.38333333333333,-1.0333333333333334
FRVNR,46.68333333333333,4.666666666666667
FRVNU,48.95,2
FRVNZ,46.78333333333333,4.466666666666667
FRVPC,44.4,4.383333333333334
FRVPY,42.7,2.8
FRVQJ,43.61666666666667,3.7333333333333334
FRVQR,48.13333333333333,3.3
FRVR2,44.71666666666667,5.25
FRVR3,43.71666666666667,4.1
FRVRD,49.166666666666664,5.383333333333334
FRVS9,49.36666666666667,-0.8833333333333333
FRVSL,44.483333333333334,1.0833333333333333
FRVSQ,49.56666666666667,3.05
FRVSS,45.983333333333334,4.716666666666667
FRVTI,46.95,1.8666666666666667
FRVTM,49.083333333333336,3.8333333333333335
FRVTX,45.233333333333334,4.183333333333334
FRVUX,48.4,3.3
FRVUY,47.416666666666664,0.8
FRVV4,44,2.033333333333333
FRVV7,43.93333333333333,7.1
FRVVC,43.5,3.6
FRVVL,43.983333333333334,4.783333333333333
FRVVW,41.75,8.933333333333334
FRVX5,49.18333333333333,3.9833333333333334
FRVXY,43.71666666666667,115.56666666666666
FRVY8,47.35,2.4833333333333334
FRVYL,45.916666666666664,5.216666666666667
FRW2C,47.28333333333333,6.133333333333334
FRW67,48.6,7.433333333333334
FRW68,47.55,7.483333333333333
FRWBY,45.05,-0.6
FRWCR,44.85,-0.2833333333333333
FRWCS,42.75,2.6166666666666667
FRWE4,48.28333333333333,-2.8333333333333335
FRWFD,49.166666666666664,1.65
FRWHA,47.21666666666667,-2.6333333333333333
FRWIH,48.15,7.316666666666666
FRWIK,43.666666666666664,2.3
FRWMN,48.333333333333336,7.416666666666667
FRWNT,50.733333333333334,2.95
FRWON,43.9,5.166666666666667
FRWQA,43.86666666666667,4.65
FRWQE,48.6,3.6
FRWQW,50.8,2.4833333333333334
FRWSW,49.35,6.05
FRWTH,48.38333333333333,7.633333333333333
FRWTT,50.833333333333336,2.216666666666667
FRWUN,43.85,1.9833333333333334
FRWWS,45.05,-0.6833333333333333
FRWWW,43.28333333333333,2.9
FRX28,49.4,0.9333333333333333
FRX3Z,44.25,4.183333333333334
FRXA2,45.516666666666666,-0.13333333333333333
FRXAN,45.93333333333333,4.716666666666667
FRXC4,45.75,0.5333333333333333
FRXCB,46.15,4.716666666666667
FRXCS,45.81666666666667,-0.6333333333333333
FRXD3,48.333333333333336,-0.9833333333333333
FRXDH,46.85,4.633333333333333
FRXDR,42.983333333333334,2.75
FRXE3,49.766666666666666,-24.066666666666666
FRXER,44.25,0.4
FRXEU,48.05,4.4
FRXF4,43.56666666666667,-1.85
FRXFE,45.28333333333333,-3.6666666666666665
FRXGH,45.61666666666667,5.666666666666667
FRXGL,43.68333333333333,4.416666666666667
FRXGV,46.68333333333333,-1.9333333333333333
FRXKY,46.5,4.8
FRXLT,42.71666666666667,1.8333333333333335
FRXLZ,45.11666666666667,-0.45
FRXRG,42.55,8.916666666666666
FRXRV,48.86666666666667,5.916666666666667
FRXRY,49.833333333333336,0.9166666666666666
FRXSN,42.96666666666667,0.36666666666666664
FRXSW,47.3,5.4
FRXVF,44.766666666666666,0.31666666666666665
FRXVY,48.45,3.35
FRXXC,43.5,3.3666666666666667
FRXXD,48.45,-0.06666666666666667
FRXXG,42.68333333333333,9.366666666666667
FRXYR,47.31666666666667,2.8833333333333333
FRXYS,45.516666666666666,6.016666666666667
FRXZX,45.85,0.23333333333333334
FRY2F,44.9,-4.816666666666666
FRY78,49,1.9
FRYA2,45.38333333333333,0.9166666666666666
FRYAI,48.68333333333333,2.533333333333333
FRYAJ,45.916666666666664,4.7
FRYAM,43.35,-1.0333333333333334
FRYAN,47.88333333333333,3.95
FRYBM,45.55,5.683333333333334
FRYCM,44.266666666666666,-4.966666666666667
FRYCU,44.88333333333333,-0.4
FRYEC,48.71666666666667,5.833333333333333
FRYEE,42.7,2.5666666666666664
FRYEN,48.333333333333336,4.133333333333334
FRYEQ,48.6,-2.3
FRYEV,47.36666666666667,2.8
FRYGJ,47.9,4.6
FRYGK,46.18333333333333,-1.0666666666666667
FRYGO,45.28333333333333,4.766666666666667
FRYGP,47.733333333333334,2.8833333333333333
FRYGT,44.21666666666667,4.033333333333333
FRYHA,48.166666666666664,7.316666666666666
FRYHT,48.11666666666667,7.383333333333334
FRYHU,44.18333333333333,4.566666666666666
FRYJK,42.63333333333333,2.8166666666666664
FRYJO,43.61666666666667,-0.4
FRYK7,46.166666666666664,-4.683333333333334
FRYLS,47.86666666666667,3.7333333333333334
FRYMS,49.016666666666666,5.45
FRYNE,43.1,5.883333333333333
FRYOE,47.833333333333336,3.6833333333333336
FRYOG,47.583333333333336,5.916666666666667
FRYOR,49.35,30.916666666666668
FRYPE,44.78333333333333,0.23333333333333334
FRYQZ,43.733333333333334,-4.833333333333333
FRYR2,44.016666666666666,3.3666666666666667
FRYRJ,42.81666666666667,2.6
FRYRN,48.38333333333333,-2.8666666666666667
FRYRS,48.28333333333333,0.7166666666666667
FRYS8,47.416666666666664,3.9166666666666665
FRYSM,48.7,5.616666666666667
FRYSO,47.31666666666667,4.85
FRYSU,45.56666666666667,4.85
FRYSZ,47.53333333333333,-2.7666666666666666
FRYT6,43.86666666666667,-4.833333333333333
FRYTH,44.8,0.2
FRYTN,45.81666666666667,4.716666666666667
FRYUH,43.6,3.5833333333333335
FRYUJ,47.5,4.466666666666667
FRYUO,49.2,3.9333333333333336
FRYUP,43.85,-0.18333333333333332
FRYUS,48.416666666666664,3.2333333333333334
FRYVG,47.43333333333333,5.366666666666666
FRYVQ,43.46666666666667,3.0833333333333335
FRYXA,47.266666666666666,4.483333333333333
FRYYW,43.65,3.7
FRYZC,46.8,-3.6666666666666665
FRZ23,45.81666666666667,-0.48333333333333334
FRZ33,44.03333333333333,4.566666666666666
FRZCY,48.96666666666667,3.1666666666666665
FRZEA,47.266666666666666,-0.65
FRZEV,47.983333333333334,-4.433333333333334
FRZFB,42.68333333333333,9.3
FRZI2,43.61666666666667,3.55
FRZIC,47.95,-4.366666666666666
FRZIR,48.06666666666667,-3.4166666666666665
FRZIZ,46.916666666666664,4.5
FRZL2,42.516666666666666,8.9
FRZLE,43.28333333333333,2.6666666666666665
FRZLJ,44.05,4.583333333333333
FRZLL,46.95,4.8
FRZLO,47.53333333333333,6.05
FRZM8,49.1,-3.65
FRZMB,44.11666666666667,5.1
FRZMJ,43.733333333333334,0.8833333333333333
FRZMM,49.25,0.38333333333333336
FRZMW,45.333333333333336,-0.9
FRZMX,43.3,6.633333333333333
FRZMY,47.483333333333334,1.4
FRZNJ,44.78333333333333,-0.16666666666666666
FRZNN,43.86666666666667,3.9333333333333336
FRZOG,50.6,3.1
FRZOJ,43.483333333333334,3.2666666666666666
FRZP9,48.85,-35.05
FRZPP,47.38333333333333,-0.6
FRZQ2,44.416666666666664,2.4166666666666665
FRZQG,44.5,-4.433333333333334
FRZQJ,44.5,5.133333333333334
FRZSD,46.8,0.75
FRZT7,44,4.283333333333333
FRZTK,48.1,7.283333333333333
FRZTW,43.25,2.1166666666666667
FRZUI,44.25,0.2833333333333333
FRZXC,43.13333333333333,2.65
FRZXD,47.38333333333333,3
FRZXH,47.38333333333333,1.25
FRZXN,43.31666666666667,-0.5833333333333334
FRZYL,47.06666666666667,2.066666666666667
FRZYY,45.733333333333334,0.38333333333333336
FRZZA,43.95,0.8333333333333334
FRZZE,47.166666666666664,-0.6666666666666666
FRZZG,47.55,-0.38333333333333336
FRZZU,43.3,6.183333333333334
FRZZW,48.4,7.5
GFCAY,4.933333333333334,-52.333333333333336
GFQKR,5.15,-52.63333333333333
GPBMH,16.266666666666666,-61.583333333333336
GPCBE,16.05,-61.55
GPFAE,15.95,-61.333333333333336
GPGOS,16.2,-61.483333333333334
GPGRB,15.883333333333333,-61.3
GPSFC,16.25,-61.266666666666666
GRADL,36.71666666666667,24.433333333333334
GRAEF,38.3,20.6
GRAEG,37.733333333333334,23.416666666666668
GRAGA,39.333333333333336,23
GRAGE,38.833333333333336,22.883333333333333
GRAGF,38.333333333333336,22.15
GRAGG,37.71666666666667,23.35
GRAGK,39.68333333333333,22.883333333333333
GRAGM,38.9,22.583333333333332
GRAGN,37.45,26.966666666666665
GRAGO,39.53333333333333,24.983333333333334
GRAID,38.85,23.033333333333335
GRAIG,36.9,25.966666666666665
GRAIO,37.916666666666664,23.716666666666665
GRAKH,39,22.966666666666665
GRAKI,37.61666666666667,26.3
GRAKM,39.083333333333336,23.066666666666666
GRAKO,38.75,22.866666666666667
GRAKT,38.95,20.75
GRALO,39.15,23.866666666666667
GRAMF,38.86666666666667,21.166666666666668
GRAMI,40.333333333333336,23.916666666666668
GRAML,37.15,26.85
GRAMR,37.733333333333334,23.533333333333335
GRANA,36.35,25.766666666666666
GRANL,39.083333333333336,23.7
GRANP,37.03333333333333,25.083333333333332
GRANT,38.333333333333336,21.766666666666666
GRAOK,35.5,27.233333333333334
GRAPE,36.333333333333336,22.983333333333334
GRAPL,39.166666666666664,22.883333333333333
GRAPV,40.71666666666667,23.7
GRARD,37.38333333333333,26.733333333333334
GRARK,38.75,23.033333333333335
GRARS,37.4,22.716666666666665
GRARX,38.2,21.383333333333333
GRASF,39.766666666666666,19.95
GRASS,38.06666666666667,23.583333333333332
GRATA,38.65,23
GRATK,38.38333333333333,22.633333333333333
GRATN,36.38333333333333,25.416666666666668
GRATS,35.166666666666664,25.883333333333333
GRAVA,38.4,23.6
GRAXD,40.85,25.866666666666667
GRCHQ,35.516666666666666,24.016666666666666
GRCSF,35.2,24.133333333333333
GRDAF,40.21666666666667,24.216666666666665
GRDIA,35.75,27.216666666666665
GRDIK,36.266666666666666,23.083333333333332
GRDMB,38.21666666666667,22.95
GRDON,37.1,25.8
GRDOS,37.4,25.266666666666666
GRDPA,37.95,23.616666666666667
GRDRE,38.333333333333336,21.85
GRDSD,41.18333333333333,23.966666666666665
GREDI,38.86666666666667,23.033333333333335
GREGI,40.483333333333334,22.583333333333332
GRELN,36.516666666666666,22.983333333333334
GRELT,40.85,24.316666666666666
GREPI,37.63333333333333,23.15
GRERE,38.4,23.8
GRERK,39.86666666666667,19.566666666666666
GRERM,37.38333333333333,23.25
GRERY,38.21666666666667,23.316666666666666
GRETK,38.36666666666667,22.233333333333334
GREYD,37.63333333333333,26.183333333333334
GRFAM,37.28333333333333,27.083333333333332
GRFIS,38.45,20.566666666666666
GRFLS,38.03333333333333,23.533333333333335
GRFNR,37.983333333333334,23.416666666666668
GRFOL,36.61666666666667,24.95
GRFOU,37.5,26.5
GRGAD,34.85,24.116666666666667
GRGAL,37.5,23.45
GRGFD,37.86666666666667,23.75
GRGLO,39.166666666666664,23.616666666666667
GRGLX,38.38333333333333,22.383333333333333
GRGLY,38.95,22.966666666666665
GRGMA,38.18333333333333,24.066666666666666
GRHAL,36.21666666666667,27.6
GRHRK,36.86666666666667,25.466666666666665
GRHYD,37.35,23.466666666666665
GRIER,35,25.733333333333334
GRIES,40.38333333333333,23.883333333333333
GRIGO,39.5,20.266666666666666
GRINO,38.516666666666666,26.216666666666665
GRIOS,36.71666666666667,25.266666666666666
GRITH,38.36666666666667,20.716666666666665
GRITM,37.916666666666664,23
GRJSI,39.166666666666664,23.483333333333334
GRJTR,36.416666666666664,25.433333333333334
GRJTY,36.55,26.35
GRKAG,37.516666666666666,26.016666666666666
GRKAH,38.15,21.55
GRKAI,38.61666666666667,20.916666666666668
GRKAP,36.15,23
GRKAS,36.15,29.6
GRKDM,38.53333333333333,26.1
GRKEA,37.65,24.316666666666666
GRKEF,36.733333333333334,26.966666666666665
GRKEI,40.266666666666666,22.5
GRKEM,37.3,23.166666666666668
GRKER,40.86666666666667,24.7
GRKIM,38.63333333333333,24.1
GRKIN,37.416666666666664,23.133333333333333
GRKIO,38,22.75
GRKIP,37.25,21.666666666666668
GRKIS,35.516666666666666,23.633333333333333
GRKLD,36.11666666666667,28.066666666666666
GRKLI,39.13333333333333,23.65
GRKLM,37.916666666666664,23.016666666666666
GRKMS,36.78333333333333,24.583333333333332
GRKNS,39.833333333333336,25.15
GRKOF,36.93333333333333,25.6
GRKPS,40.63333333333333,22.116666666666667
GRKRE,36.983333333333334,24.666666666666668
GRKRM,36.78333333333333,27.15
GRKRT,37.93333333333333,22.916666666666668
GRKSI,38.56666666666667,20.916666666666668
GRKSJ,35.416666666666664,26.916666666666668
GRKSK,36.266666666666666,27.816666666666666
GRKSP,39.78333333333333,19.916666666666668
GRKST,38.016666666666666,24.416666666666668
GRKTP,36.833333333333336,25.866666666666667
GRKTS,37.96666666666667,23.6
GRKYL,37.93333333333333,21.15
GRKYT,37.38333333333333,24.4
GRLAR,36.06666666666667,28.033333333333335
GRLDR,36.1,28.083333333333332
GRLEF,38.416666666666664,23.683333333333334
GRLEV,38.833333333333336,20.7
GRLFK,39.416666666666664,20.1
GRLIA,38.85,24.533333333333335
GRLII,38.766666666666666,23.316666666666666
GRLIN,35.35,25.05
GRLIP,37.28333333333333,26.766666666666666
GRLIX,38.2,20.433333333333334
GRLND,37.15,22.9
GRLRS,37.18333333333333,26.8
GRLTR,35.2,24.083333333333332
GRLVR,38.4,24.05
GRM8L,39.81666666666667,22.083333333333332
GRMDR,39.86666666666667,25.266666666666666
GRMEA,37.583333333333336,23.55
GRMEG,37.15,24.416666666666668
GRMEN,39.03333333333333,21.116666666666667
GRMET,36.81666666666667,21.716666666666665
GRMGL,38.083333333333336,23.516666666666666
GRMGN,38.666666666666664,20.75
GRMHI,38.28333333333333,25.933333333333334
GRMKP,37.7,26.7
GRMOL,39.36666666666667,26.15
GRMON,36.68333333333333,23.05
GRMOU,37.083333333333336,25.583333333333332
GRMRM,38.05,24.316666666666666
GRMRS,36.983333333333334,26.916666666666668
GRMSA,38.65,23.233333333333334
GRMTR,39.78333333333333,19.516666666666666
GRMVO,40.3,24.2
GRMXK,36.85,27.066666666666666
GRMYB,38.35,20.533333333333335
GRMYL,38.38333333333333,24.066666666666666
GRMYR,39.86666666666667,25.066666666666666
GRNAR,38.516666666666666,23.633333333333333
GRNAS,37.11666666666667,25.233333333333334
GRNEA,36.5,23.066666666666666
GRNID,38.7,20.716666666666665
GRNIS,36.61666666666667,27.133333333333333
GRNKA,40.31666666666667,23.066666666666666
GRNKV,40.96666666666667,24.516666666666666
GRNMA,40.233333333333334,23.283333333333335
GRNPK,38.4,21.833333333333332
GRNPY,40.266666666666666,23.2
GRNST,38.18333333333333,24.2
GROIK,36.46666666666667,25.383333333333333
GRORE,38.95,23.083333333333332
GRORO,38.31666666666667,23.783333333333335
GROTH,39.85,19.4
GROUR,40.31666666666667,23.983333333333334
GRP5T,40.63333333333333,22.533333333333335
GRPAA,38.53333333333333,25.566666666666666
GRPAO,37.96666666666667,23.533333333333335
GRPAR,39.28333333333333,20.4
GRPAS,37.083333333333336,25.15
GRPAX,39.2,20.183333333333334
GRPCH,35.21666666666667,23.666666666666668
GRPEB,38.266666666666666,20.366666666666667
GRPEL,38.95,22.833333333333332
GRPEP,37.63333333333333,23.15
GRPFA,37.71666666666667,23.95
GRPGM,39.03333333333333,26.5
GRPIA,39.13333333333333,23.266666666666666
GRPIS,38.35,20.683333333333334
GRPIT,36.68333333333333,22.833333333333332
GRPLC,34.1,26.166666666666668
GRPLG,38.46666666666667,21.1
GRPLI,40.766666666666666,21.033333333333335
GRPLV,39.333333333333336,26.183333333333334
GRPME,37.96666666666667,23.35
GRPMS,37.31666666666667,26.55
GRPNT,37.65,25.05
GRPOA,35.88333333333333,23.283333333333335
GRPPI,40.75,24.566666666666666
GRPRE,38.4,24.183333333333334
GRPRO,40.95,24
GRPRR,40.5,22.9
GRPSA,38.583333333333336,23.633333333333333
GRPSE,36.93333333333333,27.133333333333333
GRPSF,35.2,24.133333333333333
GRPSK,38.1,20.583333333333332
GRPTE,39.03333333333333,22.983333333333334
GRPTI,39.45,20.283333333333335
GRPTK,38.583333333333336,23.55
GRPYL,36.9,21.683333333333334
GRPYV,39,23.216666666666665
GRREV,37.95,23.383333333333333
GRRIZ,36.233333333333334,22.95
GRROU,35.233333333333334,23.966666666666665
GRSAI,38.25,20.65
GRSAL,37.96666666666667,23.483333333333334
GRSAM,40.483333333333334,25.516666666666666
GRSAT,38.46666666666667,20.666666666666668
GRSDH,35.516666666666666,24.133333333333333
GRSER,37.15,24.5
GRSFN,41.2,26.316666666666666
GRSGI,39.21666666666667,25.85
GRSGR,39.21666666666667,25.833333333333332
GRSGT,39.63333333333333,20.183333333333334
GRSHC,36.86666666666667,25.5
GRSHI,37.9,20.7
GRSII,36.7,25.116666666666667
GRSKA,38,23.583333333333332
GRSKD,37.7,21.333333333333332
GRSKM,39.61666666666667,20.183333333333334
GRSKU,38.9,24.566666666666666
GRSLA,37.766666666666666,23.483333333333334
GRSOG,35.2,23.8
GRSOS,38.38333333333333,20.533333333333335
GRSOU,37.916666666666664,23.05
GRSTN,38.35,22.683333333333334
GRSYM,36.6,27.833333333333332
GRSYV,39.4,20.233333333333334
GRTEM,37.96666666666667,24
GRTHM,37.583333333333336,26.45
GRTHP,38.21666666666667,22.95
GRTIL,36.416666666666664,27.366666666666667
GRTIN,37.53333333333333,25.166666666666668
GRTLA,37.516666666666666,22.85
GRTRK,39.083333333333336,23.066666666666666
GRTRS,36.43333333333333,25.35
GRTRY,40.36666666666667,23.916666666666668
GRTVR,37.96666666666667,23.683333333333334
GRVAB,36.5,23.033333333333335
GRVLC,38.46666666666667,25.916666666666668
GRVLM,37.81666666666667,23.783333333333335
GRVRI,38.56666666666667,23.6
GRVSS,38.61666666666667,20.583333333333332
GRVTH,37.75,26.983333333333334
GRXKB,36.96666666666667,22.45
GRXZX,40.333333333333336,23.166666666666668
GRYAL,38.85,22.983333333333334
GRZAQ,37.15,-24.5
GRZTH,37.78333333333333,20.9
HR9SA,45.733333333333334,16.016666666666666
HRALJ,45.53333333333333,18.95
HRATL,45.31666666666667,13.55
HRBAS,44.96666666666667,14.75
HRBAT,45.86666666666667,18.866666666666667
HRBLC,45.7,18.416666666666668
HRBLE,43.016666666666666,17.483333333333334
HRBNM,43.93333333333333,15.45
HRBOL,43.266666666666666,16.65
HRBOR,45.36666666666667,18.966666666666665
HRBRB,44.083333333333336,15
HRBRI,44.9,13.75
HRBRV,45.416666666666664,18.983333333333334
HRBZA,44.13333333333333,14.9
HRCRA,45.18333333333333,14.7
HRCRS,44.95,14.4
HRCVT,42.56666666666667,18.216666666666665
HRDAL,44.05,15.3
HRDLJ,45.483333333333334,18.983333333333334
HRDNC,42.68333333333333,18
HRDRK,43.15,16.25
HRERD,45.53333333333333,19.066666666666666
HRFIL,43.96666666666667,15.416666666666666
HRFNA,44.93333333333333,13.733333333333333
HRGNA,44.1,15.266666666666667
HRHVA,43.166666666666664,16.433333333333334
HRILO,45.21666666666667,19.366666666666667
HRIST,44.266666666666666,14.766666666666667
HRJAB,44.71666666666667,14.9
HRJDR,43.71666666666667,15.85
HRJSA,43.166666666666664,16.7
HRKAB,44.516666666666666,15.066666666666666
HRKAL,44.06666666666667,15.2
HRKJV,44,16.35
HRKLK,42.95,17.566666666666666
HRKMN,45.15,14.633333333333333
HRKMZ,43.03333333333333,16.083333333333332
HRKOS,45.3,14.5
HRKPR,43.68333333333333,15.716666666666667
HRKRA,45.266666666666666,14.566666666666666
HRKRK,45.03333333333333,14.583333333333334
HRKRM,44.96666666666667,14.116666666666667
HRKUK,44.03333333333333,15.25
HRKZA,42.96666666666667,17.05
HRLAM,44.03333333333333,15.2
HRLKR,42.61666666666667,18.133333333333333
HRLPD,42.68333333333333,17.95
HRLPR,44.833333333333336,14.8
HRLST,42.766666666666666,16.9
HRLSZ,44.53333333333333,14.466666666666667
HRMAK,43.3,17.016666666666666
HRMAL,45.11666666666667,14.533333333333333
HRMAS,44.21666666666667,15.533333333333333
HRMET,43.05,17.633333333333333
HRMHV,45.25,19.216666666666665
HRMIL,43.31666666666667,16.45
HRMIZ,44.03333333333333,15.133333333333333
HRMNK,44.7,14.866666666666667
HRMOD,45.233333333333334,14.25
HRMOM,45.43333333333333,13.7
HRMRG,44.983333333333334,14.45
HRMRJ,43.666666666666664,15.666666666666666
HRMTA,44.81666666666667,14.416666666666666
HRMUR,43.81666666666667,15.6
HRN9F,45.516666666666666,17.966666666666665
HRNOV,44.55,14.883333333333333
HRNRZ,44.666666666666664,14.4
HRNVD,45.13333333333333,14.783333333333333
HRNVG,45.3,13.55
HRNVL,44.55,14.883333333333333
HROMS,43.45,16.7
HRONJ,43.68333333333333,15.783333333333333
HROPA,45.333333333333336,14.3
HROPT,45.266666666666666,19.166666666666668
HRORB,42.96666666666667,17.183333333333334
HROSI,45.55,18.683333333333334
HRPAG,44.43333333333333,15.05
HRPAS,43.95,15.383333333333333
HRPCA,43.36666666666667,16.75
HRPLA,42.78333333333333,17.383333333333333
HRPLM,45.13333333333333,14.166666666666666
HRPMN,42.78333333333333,17.35
HRPNT,45.016666666666666,14.633333333333333
HRPOR,45.21666666666667,13.583333333333334
HRPRE,44.083333333333336,15.2
HRPRI,43.583333333333336,15.933333333333334
HRPRN,44.6,14.966666666666667
HRPRP,42.81666666666667,17.683333333333334
HRPRS,43.733333333333334,15.783333333333333
HRPRV,43.71666666666667,15.8
HRPRZ,45.13333333333333,14.133333333333333
HRRAB,44.75,14.75
HRRBC,45.083333333333336,14.166666666666666
HRRES,45.416666666666664,15.483333333333333
HRRGC,43.4,16.3
HRRGN,43.53333333333333,15.966666666666667
HRRVC,45.733333333333334,16.233333333333334
HRSAL,43.93333333333333,15.166666666666666
HRSBD,45.15,18
HRSBR,42.75,17.616666666666667
HRSDR,42.71666666666667,17.916666666666668
HRSGD,43.18333333333333,16.6
HRSGR,44.3,15.433333333333334
HRSIL,44.36666666666667,14.7
HRSIS,45.46666666666667,16.366666666666667
HRSLA,42.78333333333333,17.9
HRSLC,45.15,14.716666666666667
HRSLO,45.15,14.666666666666666
HRSLT,43.5,16.35
HRSMN,43.28333333333333,16.883333333333333
HRSPL,43.36666666666667,16.6
HRSRD,43.81666666666667,15.916666666666666
HRSRG,45.233333333333334,19.283333333333335
HRSSK,44.516666666666666,14.3
HRSTM,43.36666666666667,16.35
HRSTO,42.833333333333336,17.7
HRSTP,42.666666666666664,18.1
HRSUC,43.11666666666667,17.183333333333334
HRSUP,43.38333333333333,16.55
HRSUR,43.55,16.416666666666668
HRSUS,45.483333333333334,14.316666666666666
HRSUT,43.38333333333333,16.483333333333334
HRSVJ,44.93333333333333,14.916666666666666
HRSVK,43.53333333333333,16.45
HRTKN,43.916666666666664,15.45
HRTNO,43.8,15.65
HRTNR,44.96666666666667,14.1
HRTRI,43.75,15.75
HRTRJ,43.016666666666666,17.266666666666666
HRTRK,42.916666666666664,17.416666666666668
HRTRO,43.5,16.25
HRTUR,43.96666666666667,15.4
HRUBL,42.75,16.833333333333332
HRUNJ,44.63333333333333,14.233333333333333
HRUVM,43.88333333333333,15.15
HRVDC,43.766666666666666,15.766666666666667
HRVGN,42.983333333333334,17.1
HRVIS,43.05,16.166666666666668
HRVIZ,44.05,15.116666666666667
HRVLB,45.03333333333333,14.5
HRVLK,42.95,16.716666666666665
HRVLN,44.516666666666666,14.5
HRVRA,43.53333333333333,16.466666666666665
HRVRG,43.86666666666667,15.5
HRVRK,45.083333333333336,14.683333333333334
HRVRR,45.15,13.6
HRVRS,43.18333333333333,16.683333333333334
HRVUK,45.35,19
HRZGL,44.583333333333336,14.95
HRZLR,43.7,15.833333333333334
HRZUT,43.88333333333333,15.283333333333333
HUADY,47.11666666666667,18.866666666666667
HUAFU,47.7,18.266666666666666
HUAKT,47.833333333333336,20.416666666666668
HUALS,46.983333333333334,17.983333333333334
HUASZ,48.06666666666667,20.883333333333333
HUBDA,48.166666666666664,18.133333333333333
HUBRS,46.8,17.533333333333335
HUBUD,47.5,19.083333333333332
HUBZE,46.2,17.15
HUBZO,46.833333333333336,17.833333333333332
HUCMR,47.55,19.233333333333334
HUCPE,47.416666666666664,19.066666666666666
HUDPA,46.61666666666667,18.983333333333334
HUDRE,47.88333333333333,17.433333333333334
HUDUU,46.96666666666667,18.933333333333334
HUDVE,46.916666666666664,18.966666666666665
HUEBS,47.46666666666667,21.5
HUERD,48.266666666666666,21.366666666666667
HUFVS,47.46666666666667,19.083333333333332
HUGNY,47.733333333333334,17.833333333333332
HUGYO,47.68333333333333,17.633333333333333
HUHAL,47.36666666666667,18.983333333333334
HUHRT,46.68333333333333,19.016666666666666
HUHYF,47.35,16.883333333333333
HUJKZ,47.63333333333333,19.966666666666665
HUKAR,47.3,20.916666666666668
HUKCO,46.516666666666666,19
HUKIA,48.21666666666667,22.066666666666666
HUKKU,46.85,17.566666666666666
HUKOM,47.733333333333334,18.116666666666667
HUKOR,47.016666666666666,16.6
HULAB,47.75,18.516666666666666
HULMY,47.46666666666667,19.05
HUMKN,46.21666666666667,18.466666666666665
HUMOH,46,18.683333333333334
HUMTY,46.483333333333334,20.216666666666665
HUNGB,46.38333333333333,173.16666666666666
HUNSZ,47.71666666666667,18.35
HUNZA,46.61666666666667,17.116666666666667
HUOOD,47.7,19.133333333333333
HUPAL,46.63333333333333,19.933333333333334
HUPES,47.266666666666666,18.983333333333334
HURSP,48.31666666666667,21.566666666666666
HUSZD,47.7,19.05
HUSZM,47.35,19.05
HUTAC,47.083333333333336,18.4
HUTHT,47.75,19.1
HUTOJ,48.11666666666667,21.416666666666668
HUUPS,47.56666666666667,19.083333333333332
HUVIG,47.8,18.966666666666665
HUZSI,47.43333333333333,16.666666666666668
HUZTK,48.11666666666667,17.416666666666668
IEARD,51.95,-7.716666666666667
IEATN,52.4,-8.3
IEBBG,53.61666666666667,-6.183333333333334
IEBGY,53.56666666666667,-7.533333333333333
IEBHT,53.38333333333333,-6.366666666666666
IEBLL,54.11666666666667,-9.166666666666666
IEBNA,52.8,-8.433333333333334
IEBNG,54.13333333333333,-9.733333333333333
IEBTH,51.68333333333333,-9.45
IEBUR,54.983333333333334,-8.433333333333334
IEBVD,52.21666666666667,-10.35
IECFI,54.8,-7.6
IECHE,51.95,-10.216666666666667
IECLC,52.81666666666667,-8.95
IECLG,53.78333333333333,-6.233333333333333
IECRS,52.333333333333336,-7.4
IEDCN,52.21666666666667,-6.983333333333333
IEDFA,53.31666666666667,-6.183333333333334
IEDFB,53.31666666666667,-6.2
IEDFC,53.31666666666667,-6.233333333333333
IEDFT,53.31666666666667,-6.233333333333333
IEDFY,55.18333333333333,-7.966666666666667
IEDGV,52.583333333333336,-7.083333333333333
IEDLG,53.3,-6.133333333333334
IEDMF,53.71666666666667,-6.333333333333333
IEDPP,53.71666666666667,-62.516666666666666
IEDWE,52.93333333333333,-9.283333333333333
IEEKY,54.28333333333333,-8.966666666666667
IEESB,53.333333333333336,-6.183333333333334
IEFGY,53.38333333333333,-6.183333333333334
IEFIN,54.5,-7.316666666666666
IEFPD,53.71666666666667,-6.35
IEFRW,51.88333333333333,-8.433333333333334
IEFTD,52.2,-6.833333333333333
IEGGA,51.75,-9.55
IEGOW,57.61666666666667,-7.4
IEGRE,55.2,-6.983333333333333
IEGRT,55.11666666666667,-8.133333333333333
IEMAR,52.38333333333333,-6.95
IEMOV,55.18333333333333,-7.033333333333333
IEMRT,55.13333333333333,-8.166666666666666
IEMTL,53.333333333333336,-6.233333333333333
IENAY,54.65,-5.933333333333334
IENET,53.88333333333333,-9.533333333333333
IENRR,52.38333333333333,-6.95
IEPAW,51.86666666666667,-8.35
IERDM,52.916666666666664,-6.233333333333333
IERDT,51.833333333333336,-8.316666666666666
IERIN,51.833333333333336,-8.316666666666666
IERPT,51.833333333333336,-8.316666666666666
IERRR,52.233333333333334,-8.416666666666666
IERSM,53.266666666666666,-9.55
IERTN,55.03333333333333,-7.633333333333333
IERUS,51.85,-8.316666666666666
IESKL,51.516666666666666,-9.533333333333333
IESNN,52.7,-8.85
IESNR,52.35,-6.983333333333333
IETOB,53.36666666666667,-7.65
IETQY,53.71666666666667,-6.333333333333333
IETRP,53.71666666666667,-6.3
IEWCQ,52.25,-7.1
IEWGI,52.266666666666666,-6.983333333333333
ITAAS,38.666666666666664,16.55
ITACL,37.55,15.133333333333333
ITACT,37.56666666666667,15.166666666666666
ITADA,43.95,8.15
ITAEL,41.333333333333336,13.933333333333334
ITAGP,40.35,14.983333333333333
ITAHO,40.55,8.316666666666666
ITALS,44,8.166666666666666
ITAMA,40.63333333333333,14.6
ITAMN,39.983333333333334,9.683333333333334
ITAMT,39.13333333333333,16.066666666666666
ITAOA,39.35,16.033333333333335
ITAOL,40.18333333333333,15.016666666666667
ITAOR,45.6,12.883333333333333
ITATA,43.81666666666667,7.85
ITATI,43.4,10.4
ITAVO,36.9,15.133333333333333
ITAZA,44.4,8.683333333333334
ITB8D,45.833333333333336,8.7
ITBAI,40.81666666666667,14.066666666666666
ITBCB,38.28333333333333,15.8
ITBCE,41.233333333333334,16.5
ITBGH,43.766666666666666,7.666666666666667
ITBLA,44.15,12.466666666666667
ITBMA,38.15,16.166666666666668
ITBMT,39.61666666666667,15.85
ITBNC,38.083333333333336,16.15
ITBOA,40.3,8.5
ITBVM,37.93333333333333,15.916666666666666
ITCCB,39.1,9.516666666666667
ITCCL,43.96666666666667,12.733333333333333
ITCCQ,39.516666666666666,15.933333333333334
ITCEC,43.31666666666667,10.516666666666667
ITCEQ,42.766666666666666,10.883333333333333
ITCEV,44.266666666666666,12.366666666666667
ITCFU,38.03333333333333,14.016666666666667
ITCGC,39.6,16.516666666666666
ITCHX,44.31666666666667,9.316666666666666
ITCLS,39.05,8.366666666666667
ITCML,40.75,13.883333333333333
ITCNT,44.2,12.416666666666666
ITCOQ,38.166666666666664,14.75
ITCPA,43.05,9.833333333333334
ITCPM,43.016666666666666,13.85
ITCPN,38.766666666666666,16.55
ITCRQ,39.983333333333334,18.4
ITCRT,39.5,16.95
ITCTK,40.916666666666664,8.716666666666667
ITCTR,38.016666666666666,12.883333333333333
ITCVX,42.85,10.416666666666666
ITDIA,39.68333333333333,15.816666666666666
ITDNO,45.766666666666666,13.583333333333334
ITFAO,43.833333333333336,13.016666666666667
ITFAV,37.93333333333333,12.333333333333334
ITFCV,41.916666666666664,15.8
ITFGE,41.85,12.2
ITFME,42.416666666666664,14.283333333333333
ITFNL,44.166666666666664,8.333333333333334
ITFOL,42.916666666666664,10.75
ITFOM,41.25,13.616666666666667
ITFOR,37.983333333333334,12.416666666666666
ITFRD,40.733333333333334,13.85
ITFSA,45.416666666666664,12.233333333333333
ITGAI,41,9.616666666666667
ITGIA,37.81666666666667,15.266666666666667
ITGLJ,44.35,9.15
ITGMA,43.96666666666667,12.766666666666667
ITGOO,44.85,12.3
ITGRD,45.68333333333333,13.383333333333333
ITGSV,43.38333333333333,10.433333333333334
ITGUI,42.75,13.966666666666667
ITGVZ,41.18333333333333,16.666666666666668
ITICA,41.63333333333333,12.466666666666667
ITIDF,38.2,13.25
ITIDG,42.36666666666667,10.9
ITIOI,40.65,14.633333333333333
ITISB,37.11666666666667,15.25
ITISH,40.733333333333334,13.95
ITISN,41.05,8.266666666666667
ITJLO,45.53333333333333,12.65
ITLAD,41.93333333333333,12.083333333333334
ITLAE,40.75,13.9
ITLAW,44.3,9.333333333333334
ITLEA,39.81666666666667,15.783333333333333
ITLEC,39.8,18.35
ITLEN,44.166666666666664,9.633333333333333
ITLER,44.06666666666667,9.916666666666666
ITLES,41.86666666666667,15.35
ITLEV,37.983333333333334,12.333333333333334
ITLLT,40.86666666666667,17.416666666666668
ITLMP,35.5,12.6
ITLOA,44.13333333333333,8.25
ITLSD,45.7,13.15
ITM2R,36.78333333333333,14.55
ITMAH,40.416666666666664,16.883333333333333
ITMAJ,45.766666666666666,13.166666666666666
ITMAM,42.8,10.2
ITMDW,41.36666666666667,16.15
ITMGE,40.55,14.25
ITMIM,38.11666666666667,15.516666666666667
ITMIS,43.96666666666667,12.7
ITMIT,40,15.366666666666667
ITMLB,40.6,14.333333333333334
ITMLS,42.35,11.616666666666667
ITMLU,40.6,14.333333333333334
ITMND,38.2,13.333333333333334
ITMNU,37.583333333333336,12.783333333333333
ITMPA,43.666666666666664,10.266666666666667
ITMPS,37.916666666666664,15.783333333333333
ITMRM,39.36666666666667,17.133333333333333
ITMRP,42.733333333333334,10.233333333333333
ITMSB,40.1,15.233333333333333
ITMSD,42.71666666666667,10.983333333333333
ITMTH,40.65,14.4
ITNCT,40.38333333333333,18.3
ITNGA,41.25,13.433333333333334
ITNLI,44.2,8.433333333333334
ITNNE,40.3,9.633333333333333
ITNSR,40.15,16.533333333333335
ITNTA,39.06666666666667,8.45
ITNTE,44.266666666666666,9.4
ITNTT,41.46666666666667,12.683333333333334
ITNUM,43.516666666666666,13.616666666666667
ITOBT,42.45,11.216666666666667
ITODB,41.06666666666667,17.083333333333332
ITODG,41.11666666666667,13.883333333333333
ITOGN,36.983333333333334,15.25
ITORL,38.083333333333336,13.533333333333333
ITOZI,37.65,15.183333333333334
ITPCN,40.6,8.2
ITPED,43.1,13.833333333333334
ITPES,43.9,12.916666666666666
ITPGL,38.233333333333334,16.216666666666665
ITPIA,42.56666666666667,10.066666666666666
ITPIM,39.9,15.783333333333333
ITPIZ,38.733333333333334,16.166666666666668
ITPLN,40.03333333333333,15.283333333333333
ITPMA,45.45,12.216666666666667
ITPMM,38.35,15.85
ITPNZ,40.9,12.966666666666667
ITPOM,41.666666666666664,12.5
ITPOQ,45.05,12.25
ITPPF,37.56666666666667,12.9
ITPPL,36.68333333333333,15.133333333333333
ITPPT,44.93333333333333,12.366666666666667
ITPRF,43.43333333333333,13.666666666666666
ITPRH,40.06666666666667,15.633333333333333
ITPRJ,40.55,14.233333333333333
ITPRL,37.15,15.183333333333334
ITPRR,40.63333333333333,14.383333333333333
ITPRW,44.05,9.85
ITPTC,40.81666666666667,14.333333333333334
ITPTH,42.38333333333333,11.2
ITPTI,38.13333333333333,14.966666666666667
ITPUC,37.21666666666667,15.2
ITPVT,45.05,12.366666666666667
ITQMM,44,10.1
ITRCE,43.983333333333334,12.65
ITREC,44.36666666666667,9.15
ITRIN,38.53333333333333,14.833333333333334
ITRMG,44.1,9.733333333333333
ITRMI,44.06666666666667,12.583333333333334
ITRNS,44.233333333333334,8.416666666666666
ITROC,38.31666666666667,16.4
ITRPO,44.35,9.233333333333333
ITRPT,37.733333333333334,15.2
ITRRV,38.2,13.233333333333333
ITRSM,44.15,9.65
ITRTS,44.266666666666666,9.416666666666666
ITRTT,43.766666666666666,13.133333333333333
ITSCK,37.516666666666666,13.05
ITSCO,36.88333333333333,14.433333333333334
ITSDB,42.95,13.883333333333333
ITSEG,43.71666666666667,13.216666666666667
ITSFE,41.233333333333334,13.083333333333334
ITSFM,40.266666666666666,18.333333333333332
ITSID,38.266666666666666,16.3
ITSIG,43.18333333333333,13.8
ITSLA,38.56666666666667,14.866666666666667
ITSLC,37.95,15.7
ITSLL,38.25,15.716666666666667
ITSLV,42.56666666666667,14.083333333333334
ITSMA,42.03333333333333,11.85
ITSMK,40.28333333333333,14.95
ITSNR,38.15,13.083333333333334
ITSOO,38.68333333333333,16.55
ITSPA,37.1,15.25
ITSRH,40.05,15.483333333333333
ITSSF,43.833333333333336,7.883333333333333
ITSTE,41.233333333333334,9.183333333333334
ITTAA,40.65,14.7
ITTAO,37.85,15.283333333333333
ITTCC,39.86666666666667,16.533333333333335
ITTCS,40.03333333333333,18.45
ITTEA,39.983333333333334,15.716666666666667
ITTEF,38.016666666666666,14.35
ITTGV,40.81666666666667,14.05
ITTMT,42.11666666666667,15.483333333333333
ITTRH,38.25,15.633333333333333
ITTRU,39.916666666666664,18.15
ITTTN,40.93333333333333,8.216666666666667
ITTVC,45.81666666666667,13.266666666666667
ITULE,45.6,13.8
ITURI,41.25,13.7
ITVCE,45.43333333333333,12.333333333333334
ITVDL,44.266666666666666,8.45
ITVEN,43.78333333333333,7.6
ITVSG,38.21666666666667,15.633333333333333
ITVT3,38.233333333333334,15.433333333333334
ITVTI,44.43333333333333,8.75
ITVZN,44.13333333333333,9.683333333333334
ITZQQ,41,17.216666666666665
LTBOT,56.06666666666667,21.116666666666667
LTMLM,55.71666666666667,21.116666666666667
LTMOM,55.71666666666667,21.1
LTPLM,55.71666666666667,21.083333333333332
LUBKM,49.53333333333333,6.35
LUEZT,49.5,5.983333333333333
LUHDK,50.15,6
LUMRT,49.7,6.483333333333333
LUWLG,49.6,6.4
LUZXC,49.833333333333336,6.316666666666666
LVAIN,57.86666666666667,24.366666666666667
LVAIZ,56.6,25.216666666666665
LVB9G,56.733333333333334,24.383333333333333
LVBNH,56.55,27.716666666666665
LVEGE,57.166666666666664,23.216666666666665
LVJPS,56.483333333333334,25.85
LVLM8,57.766666666666666,24.8
LVLMS,57,23.516666666666666
LVMRX,57.333333333333336,23.1
LVORE,56.8,24.616666666666667
LVROJ,57.5,22.8
LVROP,56.96666666666667,24.633333333333333
LVRUM,56.86666666666667,24.25
LVSKU,57.31666666666667,24.433333333333334
LVSTO,56.93333333333333,24.383333333333333
LVUTY,56.78333333333333,27.666666666666668
LVXRT,56.86666666666667,24.066666666666666
LVZVT,56.9,24.033333333333335
MFGES,18.066666666666666,-63.083333333333336
MFMAR,18.066666666666666,-63.083333333333336
MQLER,14.666666666666666,-60.93333333333333
MTBAL,35.9,14.45
MTBZE,35.833333333333336,14.533333333333333
MTDIS,35.833333333333336,14.533333333333333
MTDMP,35.81666666666667,14.55
MTFLO,35.88333333333333,14.5
MTGZI,35.9,14.483333333333333
MTKIR,35.833333333333336,14.483333333333333
MTMGZ,36.016666666666666,14.283333333333333
MTMSA,35.86666666666667,14.483333333333333
MTMSS,35.86666666666667,14.55
MTMSX,35.9,14.5
MTSLM,35.9,14.5
MTSPB,35.93333333333333,14.383333333333333
MTTAR,35.85,14.5
NLA2Z,51.85,4.7
NLAER,52.36666666666667,5.216666666666667
NLAHO,52.05,4.983333333333333
NLALK,52.63333333333333,4.75
NLALM,52.35,6.666666666666667
NLAMB,52.266666666666666,4.75
NLAME,52.15,5.383333333333334
NLAMR,52,5.466666666666667
NLANC,52.666666666666664,4.783333333333333
NLANK,51.4,3.75
NLANP,52.86666666666667,4.866666666666667
NLAPN,52.13333333333333,4.666666666666667
NLAPP,53.31666666666667,6.866666666666667
NLARC,51.483333333333334,6.183333333333334
NLARI,51.5,5.633333333333333
NLAWD,51.85,4.416666666666667
NLBAN,52.766666666666666,5.75
NLBDA,53.3,5.883333333333333
NLBDR,52.21666666666667,4.716666666666667
NLBEM,51.9,5.9
NLBFD,51.31666666666667,6.116666666666666
NLBGE,52.25,4.983333333333333
NLBGO,52.78333333333333,4.85
NLBGW,53.3,7.016666666666667
NLBHM,53.28333333333333,5.833333333333333
NLBHS,51.68333333333333,3.75
NLBIT,51.516666666666666,5.15
NLBLU,51.666666666666664,5.383333333333334
NLBNE,50.88333333333333,5.733333333333333
NLBNH,53.083333333333336,5.816666666666666
NLBNN,51.86666666666667,5.783333333333333
NLBNU,51.233333333333334,5.983333333333333
NLBNZ,52.45,5.7
NLBOG,52.083333333333336,4.75
NLBON,51.03333333333333,5.816666666666666
NLBOR,51.416666666666664,3.716666666666667
NLBOT,51.88333333333333,4.283333333333333
NLBRA,51.4,3.8666666666666667
NLBRD,51.56666666666667,4.8
NLBRS,51.38333333333333,3.5666666666666664
NLBSH,51.56666666666667,6.083333333333333
NLBSL,51.266666666666666,6.033333333333333
NLBST,51.5,5.4
NLBTA,53.016666666666666,7.2
NLBTS,52.583333333333336,4.966666666666667
NLBVG,52.75,4.683333333333334
NLBVI,52.983333333333334,6.483333333333333
NLBWE,53.083333333333336,5.55
NLBWW,52.95,5.75
NLBZM,51.5,4.3
NLBZW,52.88333333333333,5.566666666666666
NLCDP,53.15,4.883333333333333
NLCPD,52.75,4.65
NLCRI,52.766666666666666,5.666666666666667
NLCZD,51.36666666666667,3.4
NLDBR,51.56666666666667,3.5
NLDEL,52.266666666666666,6.716666666666667
NLDHE,51.61666666666667,4.266666666666667
NLDHK,52.88333333333333,4.933333333333334
NLDHO,52.71666666666667,6.783333333333333
NLDKO,52.916666666666664,4.8
NLDMK,52.2,4.933333333333334
NLDRL,51.96666666666667,5.816666666666666
NLDRP,52.56666666666667,4.85
NLDSI,53.4,6.666666666666667
NLDSM,53.3,6.05
NLDSO,52.78333333333333,4.9
NLDST,51.88333333333333,5.666666666666667
NLDUG,51.81666666666667,5.8
NLDUM,51.85,5.433333333333334
NLDVB,52.85,6.333333333333333
NLDVT,52.333333333333336,4.916666666666667
NLDWA,51.916666666666664,5.65
NLEFE,52.166666666666664,6.233333333333333
NLEHU,52.86666666666667,5.816666666666666
NLEIN,51.45,5.466666666666667
NLEKK,51.5,5.466666666666667
NLELX,51.21666666666667,5.8
NLEPL,51.733333333333334,5.333333333333333
NLERA,52.71666666666667,6.933333333333334
NLEWK,51.86666666666667,5.733333333333333
NLEWO,53.13333333333333,5.933333333333334
NLEXZ,53.06666666666667,5.466666666666667
NLFKP,53.333333333333336,6.633333333333333
NLGBG,52.61666666666667,6.683333333333334
NLGDO,52.166666666666664,6.366666666666666
NLGE7,51.86666666666667,5.283333333333333
NLGET,51.88333333333333,5.966666666666667
NLGHO,52.733333333333334,6.066666666666666
NLGKN,53.25,6.316666666666666
NLGLL,50.916666666666664,5.733333333333333
NLGRA,51.78333333333333,4.616666666666667
NLGRK,52.13333333333333,4.566666666666666
NLGRW,51.983333333333334,4.6
NLGRZ,52,4.166666666666667
NLGSS,52.983333333333334,60.85
NLGUN,51.9,4.9
NLGWD,51.516666666666666,5.616666666666667
NLGWO,53.25,6.65
NLGWU,52.86666666666667,6.366666666666666
NLHBK,52.483333333333334,4.833333333333333
NLHFN,51.81666666666667,5.216666666666667
NLHGM,52.166666666666664,4.583333333333333
NLHGS,51.81666666666667,4.866666666666667
NLHKK,53.21666666666667,6.5
NLHKM,52.93333333333333,6.433333333333334
NLHKO,52.016666666666666,4.816666666666666
NLHLM,51.483333333333334,5.666666666666667
NLHLR,52.38333333333333,4.683333333333334
NLHLW,53.38333333333333,5.883333333333333
NLHME,52.61666666666667,6.7
NLHMI,52.9,6.4
NLHNZ,51.35,4
NLHOT,52.53333333333333,6.333333333333333
NLHPE,53.18333333333333,5.833333333333333
NLHPL,51.36666666666667,3.65
NLHRE,53.166666666666664,6.6
NLHSK,52.13333333333333,5.75
NLHSO,52.71666666666667,6.8
NLHST,51.5,5.216666666666667
NLHSW,51.65,5.466666666666667
NLHTB,51.7,5.316666666666666
NLHTM,52.46666666666667,6.066666666666666
NLHUK,51.86666666666667,5.066666666666666
NLHUM,51.766666666666666,5.85
NLHUN,51.18333333333333,5.816666666666666
NLHVE,52.766666666666666,6.25
NLHVK,51.483333333333334,5.133333333333334
NLHZK,51.5,4.733333333333333
NLIJK,51.43333333333333,4.116666666666666
NLILO,51.06666666666667,5.816666666666666
NLISM,52.56666666666667,5.916666666666667
NLITR,50.9,5.7
NLKAT,51.56666666666667,3.8666666666666667
NLKHO,53.25,6.016666666666667
NLKHR,52.8,4.883333333333333
NLKHV,52.583333333333336,5.75
NLKLM,53.28333333333333,6.15
NLKLV,53,6.516666666666667
NLKLZ,52.733333333333334,7
NLKNT,51.7,5.7
NLKPE,51.21666666666667,5.833333333333333
NLKRD,51.766666666666666,5.333333333333333
NLKRE,52.8,4.866666666666667
NLKRI,52.65,4.85
NLKTN,53.36666666666667,6.633333333333333
NLKTV,52.5,6.066666666666666
NLKWR,52.2,4.416666666666667
NLKZV,51.71666666666667,4.9
NLLEN,52.166666666666664,60
NLLEO,53.11666666666667,5.466666666666667
NLLES,53.36666666666667,6.383333333333334
NLLGD,53.233333333333334,6.716666666666667
NLLGI,52.85,5.85
NLLIJ,52.35,4.766666666666667
NLLME,50.86666666666667,5.7
NLLNO,52.233333333333334,5
NLLRU,52.233333333333334,4.666666666666667
NLLTO,51.8,5.466666666666667
NLLWE,53.28333333333333,7
NLLWG,51.65,4.666666666666667
NLLWO,52.96666666666667,5.65
NLLZA,51.71666666666667,4.733333333333333
NLMAK,53.05,5.4
NLMDG,52.333333333333336,5.116666666666666
NLMDI,52.55,40.916666666666664
NLMDU,53.35,6.65
NLMGT,53.05,4.65
NLMHU,53.35,6.5
NLMIE,51.43333333333333,5.616666666666667
NLMJA,52.56666666666667,5.916666666666667
NLMKE,52.85,5.883333333333333
NLMKM,53.05,5.383333333333334
NLMKN,52.46666666666667,5.1
NLMLA,51.733333333333334,5.916666666666667
NLMLR,51.86666666666667,6.05
NLMNH,51.8,4.483333333333333
NLMNU,53.21666666666667,5.666666666666667
NLMOE,51.68333333333333,4.566666666666666
NLMOK,51.75,5.883333333333333
NLMOL,51.766666666666666,5.866666666666667
NLMSW,53.35,6.466666666666667
NLMUD,52.333333333333336,5.066666666666666
NLMWD,53.2,7
NLN8W,51.7,3.9
NLNAM,52.71666666666667,6.866666666666667
NLNBG,52.083333333333336,4.816666666666666
NLNBU,52.36666666666667,4.666666666666667
NLND5,51.68333333333333,3.9833333333333334
NLNDB,52.266666666666666,5.05
NLNDL,52.25,4.433333333333334
NLNEC,52.516666666666666,4.916666666666667
NLNES,53.05,5.85
NLNEV,51.78333333333333,5.116666666666666
NLNGV,52.28333333333333,5.033333333333333
NLNIE,51.96666666666667,4.616666666666667
NLNIU,51.46666666666667,3.7333333333333334
NLNPZ,53.43333333333333,6.55
NLNRG,53.05,6.45
NLNSA,52.266666666666666,4.883333333333333
NLNSD,53.2,6.933333333333334
NLNST,51.766666666666666,5.75
NLNSU,52.25,4.866666666666667
NLNSZ,53.233333333333334,7.2
NLNTJ,53.63333333333333,3.7
NLNWJ,51.71666666666667,3.8
NLNWO,53.25,6.983333333333333
NLNZ8,51.9,4.95
NLNZJ,53,5.616666666666667
NLODL,51.65,5.7
NLODR,52.3,4.9
NLOGA,53,5.55
NLOGP,51.68333333333333,4.35
NLOHM,53.016666666666666,5.6
NLOHW,53.06666666666667,5.816666666666666
NLOHZ,52.56666666666667,5
NLOLS,53.13333333333333,5.65
NLOME,53.166666666666664,6.05
NLOMH,53.38333333333333,6.166666666666667
NLOOS,51.65,4.883333333333333
NLORJ,52.083333333333336,5.066666666666666
NLORL,52.63333333333333,4.833333333333333
NLOSG,51.53333333333333,3.8
NLOSK,53.28333333333333,6.783333333333333
NLOSS,51.766666666666666,5.533333333333333
NLOVG,52.03333333333333,5.5
NLOZL,52.8,5.916666666666667
NLOZU,52.13333333333333,5.066666666666666
NLPER,51.88333333333333,4.383333333333334
NLPHL,51.18333333333333,5.866666666666667
NLPTG,51.86666666666667,4.4
NLPZI,53.28333333333333,6.266666666666667
NLQCU,51.916666666666664,5.85
NLRED,51.516666666666666,5.016666666666667
NLRIJ,52.86666666666667,5.5
NLRLA,51.416666666666664,4.183333333333334
NLROC,51.86666666666667,4.066666666666666
NLRSH,52.25,4.716666666666667
NLRST,51.083333333333336,5.816666666666666
NLRSW,52.2,4.666666666666667
NLRTG,52.63333333333333,4.883333333333333
NLRUT,52.8,5.7
NLSAB,17.633333333333333,-63.233333333333334
NLSAR,51.8,5.35
NLSAT,51.733333333333334,4.25
NLSBS,53.31666666666667,5.966666666666667
NLSBU,52.8,4.766666666666667
NLSCA,51.666666666666664,5.05
NLSCH,52.78333333333333,4.783333333333333
NLSDB,51.61666666666667,4.516666666666667
NLSDM,52.083333333333336,5.05
NLSDN,52.06666666666667,6.183333333333334
NLSDW,53.233333333333334,6.816666666666666
NLSHO,52.6,4.883333333333333
NLSKG,52.81666666666667,5.85
NLSKL,52.68333333333333,6.833333333333333
NLSKM,52.15,4.85
NLSKW,51.983333333333334,5.183333333333334
NLSL7,51.483333333333334,5.9
NLSLO,53.21666666666667,6.8
NLSLT,52.9,5.65
NLSLU,51.28333333333333,3.8333333333333335
NLSMG,51.63333333333333,5.35
NLSMI,52.95,6.45
NLSMO,53.483333333333334,6.166666666666667
NLSMV,52.78333333333333,4.716666666666667
NLSMZ,53.18333333333333,6.95
NLSNN,51.6,4.1
NLSON,51.5,5.5
NLSOP,52.81666666666667,4.716666666666667
NLSPT,52.61666666666667,4.816666666666666
NLSPV,52.8,4.716666666666667
NLSRD,51.733333333333334,3.85
NLSRE,51.9,4.75
NLSRL,52.733333333333334,4.633333333333333
NLSRT,52.93333333333333,4.983333333333333
NLSSO,52.2,6.133333333333334
NLSVG,51.233333333333334,3.8
NLSVN,51.583333333333336,4
NLSWK,51.81666666666667,4.95
NLSWL,53.333333333333336,6.45
NLSZL,52.81666666666667,5.8
NLTHD,52.03333333333333,4.166666666666667
NLTKM,51.85,6.1
NLTKW,53.05,5.5
NLTMZ,53.3,7.033333333333333
NLTOK,52.68333333333333,5.683333333333334
NLTRO,53.03333333333333,5.783333333333333
NLTSL,53.4,5.35
NLTTE,52.28333333333333,6.266666666666667
NLTUL,51.81666666666667,5.233333333333333
NLTWA,53.21666666666667,6.933333333333334
NLUFE,52.78333333333333,6.283333333333333
NLUMO,51,5.766666666666667
NLUTG,52.53333333333333,4.716666666666667
NLUTR,52.3,5.083333333333333
NLVAR,52.516666666666666,6.383333333333334
NLVER,51.55,3.6666666666666665
NLVKR,51.666666666666664,4.283333333333333
NLVKS,51.5,3.5
NLVNO,52.71666666666667,6.85
NLVRA,52.233333333333334,4.783333333333333
NLVSN,52.46666666666667,4.65
NLVVL,53.21666666666667,6.483333333333333
NLVWD,53.03333333333333,7.116666666666666
NLWAS,51.53333333333333,6.083333333333333
NLWBK,52.85,6.6
NLWBO,52.15,5.133333333333334
NLWCM,51.81666666666667,5
NLWDE,51.416666666666664,4.05
NLWEL,51.55,6.1
NLWEU,51.85,5.816666666666666
NLWGD,52.55,4.783333333333333
NLWGR,52.85,5.016666666666667
NLWHD,51.53333333333333,3.9
NLWHO,53.36666666666667,6.416666666666667
NLWHU,53.35,6.433333333333334
NLWHZ,53.18333333333333,6.65
NLWIG,52.31666666666667,6.016666666666667
NLWKP,51.516666666666666,3.4333333333333336
NLWKU,52.983333333333334,5.45
NLWMO,52.5,4.816666666666666
NLWNS,53.333333333333336,6.516666666666667
NLWRG,52.93333333333333,5.033333333333333
NLWRP,53.166666666666664,5.6
NLWSO,51.38333333333333,4.033333333333333
NLZBO,53.166666666666664,6.866666666666667
NLZDL,53.1,6.683333333333334
NLZE5,51.55,4.1
NLZEW,52.35,5.55
NLZHO,52.31666666666667,4.616666666666667
NLZLD,51.5,3.466666666666667
NLZOU,52.11666666666667,4.5
NLZPO,52.7,6.866666666666667
NLZPS,52.733333333333334,4.683333333333334
NLZVG,51.733333333333334,5.566666666666666
NLZWN,52.733333333333334,6.683333333333334
PL6MA,51.61666666666667,20.95
PLBEK,52.93333333333333,14.15
PLBLZ,51.9,18
PLBRK,51.05,19.9
PLBZG,53.15,18
PLBZI,51.45,18.833333333333332
PLCDB,54.35,17.55
PLCH3,50.78333333333333,17.816666666666666
PLCPL,52.166666666666664,15.933333333333334
PLDCZ,52.36666666666667,21.283333333333335
PLDZN,54.03333333333333,14.75
PLELB,54.166666666666664,19.383333333333333
PLFBK,54.35,19.683333333333334
PLGKZ,54.36666666666667,18.766666666666666
PLHEL,54.6,18.8
PLIT5,52.2,20.566666666666666
PLIYC,50.016666666666666,21.766666666666666
PLJDZ,50.733333333333334,16.333333333333332
PLKAO,53.96666666666667,14.766666666666667
PLKLY,51.05,16.616666666666667
PLKMR,54.38333333333333,19.45
PLKOD,52.05,15.083333333333334
PLKPW,52.3,16.683333333333334
PLKRM,54.38333333333333,19.45
PLKUY,50.78333333333333,17.566666666666666
PLKZ4,49.68333333333333,20.85
PLLEA,54.75,17.55
PLLPN,53,14.966666666666667
PLLUU,51.333333333333336,21.883333333333333
PLMA9,49.983333333333334,20.316666666666666
PLMID,53.93333333333333,14.45
PLMK9,52.916666666666664,20.316666666666666
PLMKW,50.983333333333334,16.65
PLMNN,52.96666666666667,176
PLMRE,54.15,15.3
PLNCH,54.1,15.066666666666666
PLNWA,53.733333333333334,14.3
PLNXA,54.11666666666667,15.883333333333333
PLOLA,50.93333333333333,17.3
PLOSD,52.85,14.15
PLPNW,54.1,16.7
PLPTN,53.18333333333333,22.083333333333332
PLPZN,50.86666666666667,16.55
PLROI,52.516666666666666,16.733333333333334
PLRUC,52.18333333333333,16.35
PLRWL,54.083333333333336,15.016666666666667
PLSCA,51,21.316666666666666
PLSJK,53.85,14.3
PLSKJ,49.75,21.35
PLSKN,53.483333333333334,14.6
PLSOP,54.45,18.566666666666666
PLSPA,53.65,14.616666666666667
PLSY2,52.55,17.283333333333335
PLTBZ,53.65,14.516666666666667
PLUMS,54.21666666666667,15.75
PLURD,52.266666666666666,14.7
PLWIU,53.11666666666667,142.5
PLWLA,54.78333333333333,18.416666666666668
PLWLI,53.85,14.616666666666667
PLWOL,51.5,19.833333333333332
PLWZO,53.53333333333333,15.55
PLZAA,50.06666666666667,21.266666666666666
PLZGO,52.166666666666664,175.66666666666666
PLZIC,52.266666666666666,17.266666666666666
PLZIN,53.416666666666664,19.766666666666666
PLZNI,52.85,17.716666666666665
PTABF,37.083333333333336,-8.25
PTADG,40.483333333333334,-8.533333333333333
PTAFR,41.13333333333333,-8.633333333333333
PTAGD,41.05,-8.65
PTAGR,37.65,-8.8
PTANG,41.266666666666666,-8.716666666666667
PTARP,37.1,-8.35
PTAVP,40.86666666666667,-8.45
PTAZM,38.833333333333336,-9.45
PTBAN,38.666666666666664,-9.2
PTBNG,37.083333333333336,-8.433333333333334
PTBOC,41.65,-7.216666666666667
PTBRG,37.06666666666667,-8.766666666666667
PTBTR,41.18333333333333,-8.383333333333333
PTBUS,40.5,-8.6
PTCAC,38.766666666666666,-9.3
PTCAL,38.6,-28.016666666666666
PTCAP,38.63333333333333,-9.216666666666667
PTCAS,38.7,-9.416666666666666
PTCDP,38.516666666666666,-28.316666666666666
PTCES,41.13333333333333,-7.8
PTCLS,37.733333333333334,-8.466666666666667
PTCML,32.63333333333333,-16.966666666666665
PTCNA,38.6,-9.05
PTCNL,32.733333333333334,-16.733333333333334
PTCNV,41.63333333333333,-8.8
PTCPL,38.583333333333336,-28.783333333333335
PTCRB,38.5,-8.166666666666666
PTCRC,38.483333333333334,-9.1
PTDFZ,41.03333333333333,-8.516666666666667
PTDOU,39.88333333333333,-8.266666666666667
PTEST,38.7,-9.4
PTFAE,41.516666666666666,-8.766666666666667
PTFDT,38.56666666666667,-9.183333333333334
PTFOZ,39.43333333333333,-9.216666666666667
PTFUZ,37.05,-7.75
PTGER,41.583333333333336,-7.383333333333334
PTGIF,41.2,-8.666666666666666
PTGUE,41.2,-8.6
PTLAJ,39.38333333333333,-31.166666666666668
PTLDR,41.36666666666667,-8.383333333333333
PTLE2,39.68333333333333,-8.883333333333333
PTLEP,41.2,-8.7
PTLNS,41.05,-8.666666666666666
PTMAD,38.53333333333333,-28.533333333333335
PTMAT,41.18333333333333,-8.7
PTMCH,32.7,-16.766666666666666
PTMDM,32.68333333333333,-17.133333333333333
PTNAV,40.53333333333333,-8.6
PTNGV,41.18333333333333,-8.5
PTNRD,37.833333333333336,-25.166666666666668
PTOEI,38.68333333333333,-9.316666666666666
PTOLA,37.083333333333336,-8.183333333333334
PTOLH,37.03333333333333,-7.833333333333333
PTPCZ,32.766666666666666,-16.833333333333332
PTPDS,39.25,-8.016666666666667
PTPEN,39.35,-9.383333333333333
PTPFT,41.21666666666667,-8.7
PTPMZ,32.85,-17.166666666666668
PTPOM,37.55,-7.533333333333333
PTPRG,39.05,-27.966666666666665
PTPRM,37.13333333333333,-8.533333333333333
PTPVC,37.75,-25.25
PTPVH,38.68333333333333,-8.666666666666666
PTPXO,33.06666666666667,-16.333333333333332
PTQRT,37.06666666666667,-8.1
PTRPX,37.8,-25.583333333333332
PTRQU,41.4,-8.483333333333333
PTSAG,37,-8.933333333333334
PTSCF,39.45,-31.116666666666667
PTSCG,39.083333333333336,-28.016666666666666
PTSHA,41.18333333333333,-8.65
PTSLZ,37.1,-7.65
PTSMS,41.05,-8.283333333333333
PTSMT,38.65,-27.266666666666666
PTSSB,38.43333333333333,-9.1
PTTER,38.71666666666667,-27.216666666666665
PTTOA,40.75,-8.7
PTTPO,38.55,-27.783333333333335
PTTRF,38.666666666666664,-9.233333333333333
PTVAB,41.13333333333333,-8.566666666666666
PTVAG,40.55,-8.75
PTVAR,41.11666666666667,-8.466666666666667
PTVEL,38.68333333333333,-28.216666666666665
PTVFC,37.71666666666667,-25.433333333333334
PTVFD,38.21666666666667,-7.816666666666666
PTVFX,38.95,-8.983333333333333
PTVIC,41.35,-8.75
PTVLC,40.85,-8.383333333333333
PTVNC,39.666666666666664,-31.1
PTVNR,39.03333333333333,-8.933333333333334
PTXZX,40.93333333333333,-8.416666666666666
PTZFM,32.666666666666664,-16.75
RELPT,-20.933333333333334,55.31666666666667
REPOS,-20.933333333333334,55.333333333333336
REREU,-20.883333333333333,55.53333333333333
RESSZ,-20.9,55.6
RO5LI,46.55,24.633333333333333
ROAGI,44.083333333333336,28.616666666666667
ROBCN,46.31666666666667,25.3
ROBCT,43.766666666666666,23.933333333333334
ROBEZ,45.15,25.516666666666666
ROBZI,44.8,21.383333333333333
ROCAF,43.983333333333334,22.933333333333334
ROCAS,44.2,27.333333333333332
ROCHL,45.7,29.466666666666665
ROCHN,45.18333333333333,27.933333333333334
ROCOB,43.766666666666666,24.5
ROCTS,46.28333333333333,25.033333333333335
RODTS,44.63333333333333,22.65
ROEFS,44.05,28.633333333333333
ROFET,44.38333333333333,27.833333333333332
ROGRG,43.88333333333333,25.95
ROGUU,44.733333333333334,26.233333333333334
ROHAU,45.766666666666666,25.55
ROHDC,46.766666666666666,24.916666666666668
ROISC,45.266666666666666,28.466666666666665
ROJRT,45.78333333333333,27.066666666666666
ROLUM,44.25,28.616666666666667
ROMAC,45.25,28.166666666666668
ROMAH,45.13333333333333,29.133333333333333
ROMGU,45.06666666666667,25.733333333333334
RONDI,44.333333333333336,28.616666666666667
ROOJD,45.983333333333334,26.25
ROOLT,44.083333333333336,26.65
ROORV,44.7,22.4
ROOVI,44.266666666666666,28.566666666666666
ROPAL,44.21666666666667,28.4
ROPAU,45,25.983333333333334
ROPES,44.333333333333336,23.95
ROPPC,47.6,26.35
ROPSE,46.1,26.566666666666666
ROPTA,46.733333333333334,24.716666666666665
RORDE,46.9,27.583333333333332
RORNN,-46.3,23.133333333333333
RORVA,44.68333333333333,27.95
ROTR5,46.61666666666667,23.7
ROTUM,43.75,24.883333333333333
ROTUT,45.11666666666667,26.633333333333333
ROVTR,47.2,26.316666666666666
ROZIC,43.65,25.35
SEAGB,57.78333333333333,11.983333333333333
SEAGE,62.516666666666666,15.616666666666667
SEAGN,57.95,12.116666666666667
SEALA,61.21666666666667,17.15
SEALN,59.38333333333333,13.183333333333334
SEAMA,59.05,12.7
SEANN,63.31666666666667,12.533333333333333
SEARA,59.38333333333333,15.85
SEBAA,59.583333333333336,17.5
SEBBH,55.75,12.9
SEBER,59.31666666666667,18.166666666666668
SEBGA,59.083333333333336,18.15
SEBJR,55.71666666666667,13.016666666666667
SEBOH,57.85,12
SEBRU,63.083333333333336,14.816666666666666
SEBVK,58.63333333333333,16.533333333333335
SEDJN,58.63333333333333,16.35
SEDRT,59.31666666666667,17.883333333333333
SEELL,56.166666666666664,14.75
SEELO,58.18333333333333,11.466666666666667
SEENK,59.666666666666664,17.1
SEESS,62.3,17.383333333333333
SEFAR,56.65,16.45
SEFLI,57.55,16.583333333333332
SEFOR,60.36666666666667,18.15
SEGAM,57.9,16.4
SEGKS,59.31666666666667,18.3
SEGKV,57.333333333333336,17.1
SEGLM,56.93333333333333,12.35
SEGNR,60.516666666666666,17.733333333333334
SEGOA,58.11666666666667,12.133333333333333
SEGOR,59.35,17.05
SEGR5,59.61666666666667,17.25
SEGRU,59.333333333333336,13.116666666666667
SEHAC,62.916666666666664,14.516666666666667
SEHAH,65.23333333333333,21.65
SEHBV,59.35,17.483333333333334
SEHMR,58.81666666666667,14.95
SEHNF,63.63333333333333,19.9
SEHON,58.63333333333333,13.416666666666666
SEHST,58.516666666666666,11.283333333333333
SEJAR,59.4,17.866666666666667
SEJNA,57.983333333333334,11.816666666666666
SEKAF,57.88333333333333,19.016666666666666
SEKAL,59.55,17.55
SEKAO,60.333333333333336,18.133333333333333
SEKBK,60.516666666666666,17.616666666666667
SEKGG,59.083333333333336,17.783333333333335
SEKGM,55.53333333333333,12.916666666666666
SEKGR,59.43333333333333,16.1
SEKHN,59.333333333333336,14.116666666666667
SEKKS,58.016666666666666,11.516666666666667
SEKLA,57.13333333333333,15.133333333333333
SEKLD,57.95,11.533333333333333
SEKOG,59.516666666666666,15.983333333333333
SEKPH,57.85,18.783333333333335
SEKPS,59.71666666666667,19.066666666666666
SEKRH,56.95,16.9
SEKSD,59.36666666666667,13.5
SEKUA,57.483333333333334,12.083333333333334
SEKUN,58.35,11.25
SELA9,56.983333333333334,12.45
SELAV,57.68333333333333,12.2
SELDK,58.5,13.5
SELDO,58.03333333333333,12.133333333333333
SELED,58.13333333333333,12.133333333333333
SELID,58.43333333333333,13.216666666666667
SELIS,59.766666666666666,19.133333333333333
SELJP,57.56666666666667,13.583333333333334
SELJU,61.21666666666667,17.133333333333333
SELOD,55.766666666666666,13.016666666666667
SELOT,59.416666666666664,17.583333333333332
SELUG,63.28333333333333,18.733333333333334
SEMAD,58.7,13.816666666666666
SEMAV,58.55,16.833333333333332
SEMLE,56.28333333333333,12.5
SEMON,57.03333333333333,16.433333333333334
SEMOR,56.516666666666666,16.383333333333333
SEMSK,58.96666666666667,18.116666666666667
SENOE,59.75,18.716666666666665
SENOL,57.916666666666664,12.066666666666666
SENST,62.86666666666667,18.033333333333335
SENYG,57.06666666666667,12.233333333333333
SEOEN,59.46666666666667,17.383333333333333
SEORT,62.38333333333333,17.35
SEOST,62.46666666666667,17.316666666666666
SEOTT,58.95,14.033333333333333
SEPHM,56.916666666666664,16.416666666666668
SERBG,59.2,17.633333333333333
SERBY,56.18333333333333,15.3
SERDD,59.8,15.55
SERIN,57.25,12.083333333333334
SERNG,57.93333333333333,11.583333333333334
SES2N,62.9,17.866666666666667
SESAF,59.13333333333333,12.916666666666666
SESDK,62.45,17.35
SESDS,58.766666666666666,17.383333333333333
SESFT,64.76666666666667,20.95
SESGM,63.21666666666667,19.016666666666666
SESGT,59.61666666666667,17.716666666666665
SESJO,58.55,11.25
SESKM,57.983333333333334,11.55
SESKO,59.333333333333336,13.433333333333334
SESKT,59.416666666666664,13.633333333333333
SESMN,65.1,17.1
SESND,58.13333333333333,11.833333333333334
SESNR,55.416666666666664,12.85
SESPP,57.416666666666664,16.666666666666668
SESTG,58.8,16.783333333333335
SESTJ,56.833333333333336,13.8
SESTQ,59.38333333333333,17.033333333333335
SESTR,57.61666666666667,11.766666666666667
SESTU,61.3,17.05
SESTV,58.93333333333333,17.8
SESUR,57.81666666666667,12.016666666666667
SESVE,62.766666666666666,14.45
SESVS,65.8,23.566666666666666
SETHN,58.266666666666666,12.3
SETK2,56.3,15.45
SETOA,59.416666666666664,16.45
SETSL,57.05,12.266666666666667
SETTD,57.18333333333333,18.533333333333335
SETTS,61.083333333333336,13.316666666666666
SETUN,62.4,17.366666666666667
SEUND,59.266666666666666,17.533333333333335
SEUPP,59.86666666666667,17.633333333333333
SEVAA,59.4,13.166666666666666
SEVAN,58.36666666666667,12.316666666666666
SEVGN,58.36666666666667,12.366666666666667
SEVGO,57.56666666666667,11.783333333333333
SEVRB,59.25,17.866666666666667
SEVRM,59.36666666666667,18.5
SEVXH,59.4,18.333333333333332
SEWAL,58.016666666666666,11.7
SEXMN,55.416666666666664,13.566666666666666
SIDBO,45.983333333333334,133.25
SIJCE,46.416666666666664,14.066666666666666
SILU6,46.18333333333333,14.866666666666667
SIROG,46.8,16.033333333333335
SIS8L,46.21666666666667,14.2
SISEC,45.46666666666667,13.616666666666667
SISLV,46.166666666666664,-144.33333333333334
SISML,46.516666666666666,16.05
SITOL,46.166666666666664,13.716666666666667
SIVB9,45.65,14.016666666666667
SIVOJ,46.28333333333333,15.3
SIVRA,46.233333333333334,14.95
SIVUH,46.583333333333336,15.233333333333333
SIXZA,46.63333333333333,15.75
SIZ35,46.31666666666667,15.933333333333334
SIZ42,46.13333333333333,15
SIZ95,46.38333333333333,14.466666666666667
SIZAB,46.18333333333333,14.316666666666666
SIZAG,45.85,14.833333333333334
SIZAV,46.38333333333333,16.033333333333335
SIZBU,46.05,15.366666666666667
SIZDO,45.96666666666667,15.533333333333333
SIZET,46.266666666666666,15.783333333333333
SIZGB,46.266666666666666,14.283333333333333
SIZGK,46.516666666666666,15.75
SIZGL,46.333333333333336,15.65
SIZGP,46.416666666666664,15.6
SIZGV,46.666666666666664,15.766666666666667
SIZID,46.083333333333336,15.166666666666666
SIZIR,46.4,14.133333333333333
SIZUZ,45.833333333333336,14.916666666666666
SKDF4,49,20.366666666666667
SKDVO,48.6,20.833333333333332
SKDXZ,48.81666666666667,19.583333333333332
SKFD3,48.6,18.316666666666666
SKGLT,48.2,17.716666666666665
SKHIL,48.21666666666667,18.066666666666666
SKK87,48.7,21.333333333333332
SKKAO,47.9,17.983333333333334
SKKVE,48.05,17.35
SKMAT,47.85,18.116666666666667
SKMOD,48.333333333333336,17.316666666666666
SKPLB,48.36666666666667,19.516666666666666
SKPOP,49.05,20.3
SKSLK,48.36666666666667,17.75
SKTEP,49.233333333333334,18.8
SKTLM,48.28333333333333,18.533333333333335
SKTNA,48.36666666666667,17.583333333333332
SKTUT,48.86666666666667,18.866666666666667
SKVZK,48.2,19.45
SKXCV,48.45,21.683333333333334
SKZIA,48.583333333333336,18.866666666666667
YTDZA,-12.8,45.28333333333333
YTKNG,-12.733333333333333,42.25
YTLON,-12.716666666666667,45.166666666666664
YTMAM,-12.783333333333333,45.233333333333334
YTPAS,-12.8,45.2
ESDEL,40.766666666666666,0.7333333333333333
ESDLC,28.466666666666665,-14.016666666666667
ESPUT,39.7,-4.116666666666666
ESVSQ,39.88333333333333,-3.716666666666667
FIOLU,61.6,29.483333333333334
FRAZL,50.06666666666667,3.2
FRUEI,48.6,-0.8333333333333334
FRAN8,48.78333333333333,5.166666666666667
FRYIK,45.38333333333333,4.95
FRURD,48.1,4.36667
FRBY2,43.7,7.33333
ATGF2,47.21667,-943.98333
BECMS,50.45,4.766666666666667
BEIAE,50.56666666666667,3.7666666666666666
FRDEF,43.96666666666667,1.3333333333333333
FRDOO,47.483333333333334,-2
FRCIF,48.21666666666667,-0.8833333333333333
FR2TY,48.416666666666664,0.6166666666666667
FRCO8,47.5,-1.4666666666666668
FRLFV,44.21666666666667,0.5666666666666667
FRDZN,42.78333333333333,2.8333333333333335
FRZZY,46.583333333333336,-4.8
FRET8,48.78333333333333,0.85
FRFLH,47.96666666666667,-1.7833333333333332
FRGIA,47.43333333333333,0.3
FRGUJ,49.25,3.8833333333333333
FREL2,48.28333333333333,0.7166666666666667
FRTME,44.71666666666667,3.85
FREEL,49.56666666666667,3.6333333333333333
FRN9P,45.63333333333333,-0.9
FRLRW,49.166666666666664,2
FRRHO,47.61666666666667,-2.85
FRUDJ,46.38333,5.78333
FRR69,45.91667,4.58333
FREL3,50.666666666666664,5.633333333333333
FRTM3,44.9,-0.66667
BELLS,51.11666666666667,3.216666666666667
BEVAU,49.91667,5.58333
BGMIC,-6.966666666666667,-34.833333333333336
ROBRC,44.75,21.5
ROBTS,47.25,39.88333333333333
ROBII,50.9,142.15
ROPTR,69.61666666666666,162.3
ROCRU,45.31667,26.03333
ROCER,50.21666666666667,136.9
ROGMA,44.2,22.76667
ROGHV,56.483333333333334,43.61666666666667
ROGVD,56.8,105.81666666666666
ROENI,63.03333333333333,65.18333333333334
ROOGI,44.666666666666664,37.65
ROOTI,55.86666666666667,53.5
ROPDR,60.05,29.966666666666665
ROSJS,46.083333333333336,47.733333333333334
ROTRI,57.233333333333334,37.833333333333336
SEBLV,60.1,18.833333333333332
FROGV,48.71666666666667,4.633333333333333
FREXU,43.733333333333334,0.8833333333333333
FRML8,47.2,-0.21666666666666667
FRSM7,47.13333333333333,0.38333333333333336
FREL4,43.45,2.9833333333333334
FRUQZ,50.75,2.05
FRVTH,46.53333333333333,-1.3
FRFGY,47.68333333333333,-0.8666666666666667
FRYFN,45.88333,5.83333
FRQYB,49.233333333333334,2.033333333333333
FRES6,48.8,7.983333333333333
FRQHL,47.25,-1.38333
FRWNH,47.3,-0.63333
FREL5,47.06666666666667,-55.833333333333336
FRNDC,43.63333,4.8
FRQGM,45.28333,-4.81667
FRSS5,45.88333,-0.68333
FRIVP,44.8,0
FRACC,45.96667,-0.43333
FRUN3,43.63333,3.96667
FRBC2,47.46666666666667,1
FRDZR,47.516666666666666,-3.1333333333333333
FREE7,43.75,3.4166666666666665
FRGGO,50.36666666666667,1.8666666666666667
FRHO2,44.666666666666664,-0.48333333333333334
FRL45,45.53333333333333,4.166666666666667
FRPKE,50.86666666666667,1.6333333333333333
FRB33,44.63333,-1.33333
FRPG3,43.083333333333336,2.6666666666666665
FRRR4,43.016666666666666,2.1666666666666665
FRPRD,47.31666666666667,2.8833333333333333
FRNPH,44.18333333333333,4.9
FRTHI,44.65,4.366666666666666
FRZUR,47.58333,-2.63333
FRT2D,46.3,4.716666666666667
FRO6W,49.1,3.6666666666666665
FRVAM,49.1,3.8
FRFG5,47,4.783333333333333
CYKOK,50.38333333333333,13.266666666666667
CZBRZ,50.18333333333333,14.716666666666667
CZKRC,49.86666666666667,12.75
CZUSC,50.53333333333333,16.233333333333334
CZDNA,50.06666666666667,12.983333333333333
GPGUS,37.03333333333333,25.083333333333332
GRGIE,37.983333333333334,23.733333333333334
GRAOS,38.21666666666667,22.95
GRGRA,38.333333333333336,21.85
GRACH,37.63333333333333,26.183333333333334
GRANG,34.85,24.116666666666667
GRAHS,38.95,22.966666666666665
GRSIF,36.21666666666667,27.6
GRARG,36.86666666666667,25.466666666666665
GREFL,35.333333333333336,25.166666666666668
GRATH,38.43333333333333,22.416666666666668
GRDEL,38.61666666666667,20.916666666666668
GRCRG,34.93333333333333,24.8
GRDTO,36.983333333333334,24.666666666666668
GREFK,35.5,27.233333333333334
GRIXE,35.416666666666664,26.916666666666668
GRFIP,36.733333333333334,26.966666666666665
GRFKD,37.96666666666667,23.6
GRGVA,37.416666666666664,23.133333333333333
GRHEC,37.3,23.166666666666668
GRNAI,37.71666666666667,24.066666666666666
GRIEA,39.416666666666664,20.1
GRKLA,38.2,20.433333333333334
GRKLS,35.2,24.083333333333332
GREL2,39.36666666666667,26.15
GRKIL,38.4,21.833333333333332
GRKZI,36.5,23.066666666666666
GRKIT,36.61666666666667,27.133333333333333
GRKKM,38.31666666666667,23.783333333333335
GRLRA,39.85,19.4
GRLRM,40.31666666666667,23.983333333333334
GRMAL,38.1,20.583333333333332
GRMAZ,38.36666666666667,23.066666666666666
GRMRN,39,23.216666666666665
GRMES,38.983333333333334,26.366666666666667
GRNAL,35.36666666666667,24.466666666666665
GRPAN,35.2,23.8
GRPAM,37.766666666666666,23.483333333333334
GRPTF,38.916666666666664,22.616666666666667
DEEDA,48.65,12.6
DEKHK,53.25,14.433333333333334
DEOOS,43.6,120.41667
IESUU,51.833333333333336,-8.316666666666666
IEFHR,-52.26667,-95.38333
ITACU,43.05,9.833333333333334
ITAGR,40.55,14.233333333333333
ITABT,45.28333333333333,9.35
ITLBI,40.75,13.883333333333333
ITALE,38.016666666666666,12.883333333333333
ITAFZ,40.7,14.483333333333333
ITAVR,38.03333333333333,14.016666666666667
ITARP,45.1,9.36667
ITAGT,44.61667,11.83333
ITADG,48.56666666666667,13.45
ITDDA,49.766666666666666,11.016666666666667
ITATT,42.51667,12.28333
ITAUA,44.21667,9.96667
ITAVG,45.08333,7.38333
ITBLI,51.86666666666667,12.6
ITITY,44.61667,7.93333
ITBCN,51.45,13.616666666666667
ITBFE,45.38333,11.2
ITBFI,43.71667,12.36667
ITBLB,45.98333,9.25
ITBCD,45.63333,12.35
ITBLM,45.78333,8.75
ITBLQ,52.38333333333333,7.716666666666667
ITOAA,38.05,12.58333
ITBSA,41.41667,12.81667
ITBAB,45.08333,9.11667
ITUNE,43.48333,11.61667
ITCOY,45.8,9.43333
ITNAA,43.7,12.68333
ITNET,38.48333,14.96667
ITCZX,49.983333333333334,7.916666666666667
ITBCP,41.21667,16.06667
ITCR3,45.5,952
ITLET,45.28333,9.35
ITCYX,48.6,13.35
ITQCZ,52.1,7.716666666666667
ITEAZ,44.83333,11.03333
DE77,53.233333333333334,10.933333333333334
ESBBE,36.18333,-5.91667
ITCHN,44.06666666666667,9.916666666666666
ITCHU,44.166666666666664,9.633333333333333
ITCVU,37.1,13.933333333333334
ITADD,44.13333333333333,8.25
ITCLP,43.766666666666666,12.933333333333334
ITELO,40.65,14.633333333333333
ITCDM,41.63333333333333,15.916666666666666
ITCZG,42.8,10.2
ITDIG,41.36666666666667,16.15
ITDSL,40.6,14.333333333333334
ITEGA,42.733333333333334,10.233333333333333
ITFZE,38.666666666666664,16.55
ITFER,42.71666666666667,10.983333333333333
ITFBZ,37.583333333333336,12.783333333333333
ITGGI,44.333333333333336,11.2
ITGZV,37.65,12.583333333333334
ITGZZ,45.06666666666667,11.2
ITGVA,38.11666666666667,15.516666666666667
ITGPR,43.96666666666667,12.7
ITIVA,44.15,9.65
ITIEO,45.85,8.616666666666667
ITYZL,45.483333333333334,10.933333333333334
ITNAL,38.233333333333334,16.216666666666665
ITMRR,40.6,8.2
ITMAA,39.05,9
ITMBI,45.18333333333333,10.783333333333333
ITMIE,43.18333333333333,13.8
ITMVL,44.05,9.85
ITMUT,36.71666666666667,14.85
ITNTO,45.28333333333333,11.383333333333333
ITOTV,43.983333333333334,12.65
ITPOA,38.31666666666667,16.4
ITITP,41.9,12.483333333333333
ITPBO,43.38333333333333,10.433333333333334
ITPCD,41.233333333333334,13.083333333333334
ITPBJ,43.55,11.533333333333333
ITPNE,40.266666666666666,18.333333333333332
ITPND,45.56666666666667,11.9
ITPO5,38.56666666666667,14.866666666666667
ITPMV,45.666666666666664,9.95
ITPRE,41.25,13.433333333333334
ITRDD,40.93333333333333,8.216666666666667
ITRMV,41.63333333333333,12.466666666666667
ITROM,40.81666666666667,14.05
ITRMS,39.916666666666664,18.15
ITSLM,45.81666666666667,13.266666666666667
ITSCN,39.86666666666667,16.533333333333335
ITSLX,45.666666666666664,12.233333333333333
ITSNP,45.61666666666667,9
ITTUT,45.9,12
ITMDN,45.43333333333333,12.333333333333334
ITURC,44.43333333333333,8.75
ITUDS,45.583333333333336,9.583333333333334
ITSVY,43.55,104.16667
ITTVD,18.216666666666665,-78.13333333333334
ITVAD,34.78333333333333,134.46666666666667
ITDSF,39.88333333333333,139.95
ITZIN,34.71666666666667,135.41666666666666
LTPKJ,55.96667,23.86667
LTSRV,55.01667,24.96667
LTZAR,55.73333,26.25
MTGZA,22.25,-101.26666666666667
MTZEB,20.6,-105.21666666666667
NLDEA,52.166666666666664,4.583333333333333
NLCGH,51.71666666666667,4.9
PLNIC,54.1,15.08333
PLOBL,54.43333,19.58333
PLOKY,49.88333333333333,20.066666666666666
PLORW,54.48333,18.56667
PLOSL,54.66667,18.46667
PLPII,54.41667,19.58333
PLPI2,54.43333,19.58333
PLREW,54.63333,18.5
PLRKO,52.31667,17.08333
PLROW,54.66667,17.05
PLSAB,54.25,15.95
PLSIS,53.95,14.68333
PLSGN,54.35,19.1
PLSBN,54.33333,18.93333
ITMO4,45.01667,8.11667
ITFLL,43.13333,11.75
ITOTZ,45.35,7.75
MTMRF,35.98333,14.33333
FRGTN,48.68333333333333,-1.4833333333333334
FRMM6,48.983333333333334,-1.5166666666666666
FRMR3,45.71666666666667,-1.0333333333333334
FRS2R,46.2,-1.3666666666666667
EEABA,58.733333333333334,22.633333333333333
EEFUR,57.983333333333334,22.2
EEHYE,58.666666666666664,27.166666666666668
EEHBS,58.45,23.266666666666666
EEHOL,58.65,23.266666666666666
EEHBY,59.5,25.083333333333332
EEJAN,59.55,26.416666666666668
EEKYV,59.55,24.833333333333332
EEKTD,58.55,27.216666666666665
EEKMU,58.35,22.95
EEKIT,59.45,24.7
EEKRA,59.61667,25.78333
EEKLS,58.75,23.81667
EEKPS,59.55,25.26667
EEKAA,59.56667,25.53333
EEKSV,58.53333,27.08333
EEKKJ,58.4,26.06667
EEKKV,58.5,23.23333
EEKRP,59.26667,23.75
EEKRC,59.51667,25.5
EEKYB,58.43333,23.3
EEKYD,58.48333,22.28333
EEKDK,59.45,28.1
EEKYY,58.78333,22.48333
EEKYL,59.53333,25.55
EEKYS,58.51667,22.3
EEKJL,59.51667,26.53333
EEKYI,59.56667,24.8
EEKVV,58.7,26.58333
EEKYJ,59,27.28333
EEKSY,58.23333,22.38333
EEKUT,58.18333,26.1
EEKUM,58.31667,21.95
EELNS,58.26667,27.13333
EELBR,57.93333,22.1
EELEB,58.16667,22.15
EELVN,58.38333,22.95
EELKT,59.51667,25.51667
EELMP,58.55,23.28333
EELAL,58.58333,27.21667
EELHE,58.31667,23.91667
EELVL,59.61667,26
EELAH,59.38333,24.2
EELOT,59.28333,24.05
EELPR,59.33333,24.21667
EELHG,58.18333,22.08333
EELSO,58.61667,23.51667
FIKMJ,65.78333,24.51667
FIKVN,65.11667,25.31667
FIKLB,63.3,21.08333
FIKON,64.21667,23.68333
FIKOV,60.08333,19.93333
FIKRA,61.85,21.48333
FIKUU,60.46667,26.95
FILVN,65.8,24.33333
FILNK,61.43333,21.46667
FILPN,60.48333,21.48333
FILEH,66.56667,27.71667
FILOK,67.81667,27.71667
FIMKS,65.66667,24.76667
FIMAR,65.03333,24.56667
FIMSM,66.1,28.41667
FINAM,62.46667,21.13333
FIPKT,61,21.28333
FIRIU,65,25.2
FISRK,60.46667,21.91667
FISIL,68,26.88333
FISMJ,66.1,27.08333
FISMN,65.65,24.9
FISKK,66.68333,24.4
FITUO,60.5,21.61667
FIVRS,64.88333,24.8
FIVTK,65.55,25.11667
FIVSK,68.78333,27.65
FIVSN,60.51667,21.25
FRDHA,48.6,-2.55
FRDGD,47.516666666666666,-2.5833333333333335
FRDEI,49.31666666666667,-1.65
FRDTD,49.33333,-0.15
FRDBI,48.85,-1.56667
PLDKI,54.36667,16.3
PLDEK,54.83333,18.13333
ITAI7,43.46667,13.1
ITARG,40.31667,17.56667
FRMO5,45.7,-1.1666666666666667
FRMM4,47.8,-4.216666666666667
FRMI5,43.86666666666667,-0.6666666666666666
FRME5,48.4,3.05
ESFRN,40.05,4.13333
ESGRC,28.366666666666667,-16.75
ESGRF,53.9,10.2
ESIAL,42.56667,-8.88333
ESIAM,38.16667,-0.48333
ESLAH,28,-15.81667
ESUNR,36.18333,-5.33333
ESLCT,28.11667,-16.76667
ESLCI,53.93333333333333,12.316666666666666
ESCRQ,36.6,-4.53333
ESLAF,27.78333,-17.98333
ESLST,29.1,-13.66667
ESLS3,43.51667,-5.26667
ESLEQ,43.36667,-2.5
FRCL6,44.78333,-1.13333
FRCL7,48.66667,-4.1
FRCC6,47.48333,-3.35
FRCN6,47.416666666666664,1.45
FRPPO,46.05,6.06667
FRCQV,49.7,-1.4
FRCM8,49.33333,-0.45
FRGG2,49.46667,-1.28333
FRJJT,44.78333,-1.13333
FRMD7,45.53333,-0.85
FRHID,47.01667,-2.23333
FRHB3,44.78333,-1.13333
FRLRQ,47.56667,-2.95
FRLQ4,48.7,-3.5666666666666664
FRLQ5,48.7,-3.65
FRLN3,48.583333333333336,-4.566666666666666
FRLM8,49.6,6.4
FRSM5,49.38333,-1.21667
FRSM6,47.88333,-4.15
FRMM8,43.45,4.43333
FRSE2,48.01667,-4.56667
ITTUF,57.7,12.7
SENVS,55.96666666666667,12.766666666666667
SENLO,65.8,23.566666666666666
SEPIS,58.55,11.25
SEPRG,56.36666666666667,13.483333333333333
SERTN,57.416666666666664,16.666666666666668
SESTX,59.15,15.333333333333334
SESAH,56.833333333333336,13.8
SESDV,58.43333333333333,16.583333333333332
SESAM,58.766666666666666,17.383333333333333
SESLS,60.65,15.766666666666667
SESK4,62.9,17.866666666666667
SESLL,61.083333333333336,13.316666666666666
SESPB,57.05,12.266666666666667
SESTF,56.91667,12.43333
SESTH,59.36667,17.21667
SEST3,59.28333,18.7
SESVU,59.4,18.78333
SESGB,58.45,16.6
SEUTL,56.03333,15.78333
SESNH,55.65,14.28333
SESEO,56.8,12.61667
SESNO,56.65,16.33333
SEST7,59,11.13333
SESNV,62.36667,17.4
SESCA,61.9,17.35
SESSK,57.98333,16.75
SESGI,57.9,16.8
SESRK,58.3,11.38333
SESER,57.8,11.75
SESRN,60.28333,18.63333
SESRR,56.75,16.53333
SESUK,58.85,17.55
SESTB,65.51667,22.51667
SESJN,61.16667,17.33333
SESUO,56.08333,15.7
SESYV,56.13333,15.36667
SESU2,59.68333,19.15
SESU3,57.38333,16.63333
SESSV,64.41667,21.51667
SESVH,56.11667,15.9
SESVZ,58.81667,17.08333
SESV4,65.26667,21.66667
SESYE,57.38333,18.88333
SETAF,63.83333,20.48333
SETSD,58.66667,11.26667
SETRN,56.11667,14.98333
SETAR,60.55,17.76667
SETGL,58.53333,11.26667
SETMM,56.96667,16.45
SETCK,59.75,19.13333
SETJK,57.93333,11.56667
SETJU,57.9,11.71667
SETOL,58.3,11.71667
SETOH,56.1,15.83333
SETKT,57.43333,12.1
SETR2,58.83333,17.83333
SETOO,58.35,16.78333
SETNN,58.4,16.73333
SETST,59.45,18.8
SETRO,56.15,15.18333
SETRH,61.1,17.2
FRSG9,44.56666666666667,3.5166666666666666
FRSJ5,48.6,-2.18333
FRSL5,46.516666666666666,6.566666666666666
FIBAG,59.88333,23.51667
FIBER,62.98333,21.11667
FIELA,64.4,24.03333
FIHHT,65.73333,24.55
FIHKP,60.5,21.61667
FIHKL,59.85,22.95
FIKKM,65.76667,24.43333
FIKLD,60.16667,22.05
FIKKK,65.63333,24.71667
FIKA2,61.95,21.35
FIKEH,60.43333,26.65
FRVRU,49.333333333333336,-0.5333333333333333
FRVR4,49.86666666666667,0.8
FRVM3,49.85,0.6
FRVR5,49.4,0.13333333333333333
FRVZ2,45.35,-0.66667
FRYYO,49.733333333333334,0.31666666666666665
FRCM6,47.48333,-2.4
FRCM5,42.33333,9.5
FRCC5,47.9,-4.01667
FRCFP,44.78333,-1.13333
FRCN5,42.95,9.35
FRCT4,45.733333333333334,-1.05
SEGUL,61.71666666666667,16.166666666666668
SEGUA,56.233333333333334,12.666666666666666
SEHHO,57.266666666666666,13.783333333333333
SEHDH,55.68333333333333,14.25
SEHVN,57.483333333333334,12.083333333333334
SEINR,66.13333333333334,17.166666666666668
SEIVA,56.983333333333334,12.45
SEJAV,60.46666666666667,16.683333333333334
SEJBD,58.18333333333333,13.116666666666667
SEKAP,58.43333333333333,13.216666666666667
SEKAR,57.56666666666667,13.583333333333334
SEKVK,59.06666666666667,11.183333333333334
SELGD,57.66667,11.85
SELAS,58.63333,11.28333
SELGG,59.08333,18.28333
SELAG,57.85,11.63333
SELGV,57.65,16.65
SELNO,65.53333,22.55
SELGO,56.08333,15.81667
SELAD,60.65,17.55
SELAK,59.45,18.91667
SELVI,65.41667,21.85
SELAP,64.88333,21.21667
SELAR,57.95,19.1
SELAU,57.95,19.08333
SELVN,58.18333,11.41667
SELET,56.18333,12.55
SELEV,57.78333,18.98333
SELEL,57.45,11.91667
SELEI,56.33333,12.75
SEBRV,63.55,19.56667
SELIC,57.83333,18.51667
SELHA,55.43333,12.95
SELHU,58.43333,16.76667
SELKO,58.3,11.36667
SELNS,59.4,19.2
SELRN,60.33333,18.58333
SELUK,58.85,17.55
SEMTT,56.166666666666664,14.75
SENAO,56.06666666666667,14.083333333333334
SEDJR,56.43333,16.11667
SEDOS,56.11667,12.6
SEDGT,57.31667,16.56667
SEDYR,57.93333,11.61667
SEEDL,58.1,11.46667
SEEGP,58.65,17.01667
SEESO,56.1,15.63333
SEEKA,56.51667,16.18333
SEENG,60.73333,17.28333
SELYE,58.28333,11.53333
SEFAT,60.6,17.93333
SEFAO,58.18333,16.93333
SEFA2,57.91667,19.13333
SEFIT,58.35,11.26667
SEFJG,59.03333,18.51667
SEFLN,58.21667,11.51667
SEFLP,57.98333,16.81667
SEFLU,57.1,18.4
SEFRT,55.95,12.75
SEFHN,65.75,23.03333
SEFOT,57.66667,11.65
SEFRN,58.25,16.71667
SEFUN,57.28333,16.61667
SEFUR,56.1,14.7
SEFUD,59.66667,18.91667
SEFUV,60.65,17.35
SEFYR,58.2,16.85
SEGAK,57.01667,12.33333
SEGAT,62.76667,17.95
SEGDK,60.63333,17.61667
SEGDL,56.78333,16.73333
SEGAN,56.15,15.08333
SEGAO,58.23333,11.41667
SEGER,58.01667,11.8
SEGEN,57.11667,12.23333
SEGIL,55.35,13.23333
SEGDV,64.3,21.31667
SEGOX,56.13333,15.31667
SEGO2,57.7,11.93333
FRLE6,48.58333,-4.56667
FRLN4,48.3,-4.26667
FRLN5,49.31667,-0.36667
FRLO6,48.85,-3.1
FRAC5,48.8,-3.03333
FRLP4,47.7,-3.38333
FRBE6,42.48333,-3.01667
FRBL5,43.06667,5.8
FRCE9,47.05,-1.95
FRDUU,47.4,-0.36666666666666664
FRGE3,48.483333333333334,7.433333333333334
FRGE2,45.85,-1.15
FRME2,47.05,-1.95
FRMI4,45.03333333333333,-0.55
FRP9V,43.28333333333333,1
FRPE2,43.266666666666666,3.3833333333333333
FRPD3,48.75,-2.9833333333333334
FRPL4,47.4,5.1
FRLI4,44.55,4.85
FRBS3,45.8,5.033333333333333
FRCH9,43.56666666666667,7.1
ESARW,43.43333,-2.9
ESBLE,43.46667,-8.18333
ESBAC,43.2,6.566666666666666
ESBLV,46.18333333333333,-1.3333333333333333
ESBQB,43.73333,-7.7
ESBDN,44.983333333333334,-0.38333333333333336
ESBZS,42.23333,-8.75
ESBHR,48.86666666666667,-1.3833333333333333
ESBCD,43.38333,-4.51667
ESCCZ,42.61667,-8.88333
ESCEM,39.71667,3.46667
ESCMY,43.18333,-9.08333
ESCPE,42.43333,-8.68333
ESSPT,36.38333,-6.21667
ESCOS,42.31667,-8.65
ESSNY,39.33333,3.16667
ESTAG,42.61667,-8.85
ESUAA,47.81666666666667,-3.783333333333333
ESVGE,28.53333,-16.4
FRBZB,44.03333333333333,4.566666666666666
FRBM8,48.916666666666664,-1.5166666666666666
FRBG4,48.06666666666667,-3.4166666666666665
FRBG6,45.85,-1.0666666666666667
FRBG5,49.583333333333336,5.583333333333333
FRKOC,48.33333,-4.23333
FRKUK,47.81667,-3.78333
FRKTK,47.8,-4.33333
FRKRE,48.65,-4.366666666666666
FRKOK,47.73333,-3.43333
FRKSI,48.6,-4.5
FRBE5,45.18333,-0.65
FRLC5,45.95,-1.31667
FRLF3,46.95,-2.18333
FRLHH,44.63333,-1.06667
FRLM5,44.63333,-1.06667
FRLM6,45.28333,-0.78333
FRLM7,46.71667,-2.33333
FRPS6,44.63333,-1.06667
FRPC3,49.66667,0.18333
FRTN2,47.36667,-2.36667
FRVI2,44.78333,-1.13333
FRPU4,48.66667,-4.16667
FRPGC,48.85,-3.2333333333333334
FRPE3,48.8,-3.03333
FRPBP,48.66667,-4.16667
FRPF2,44.78333,-1.13333
FRPN6,45.98333,-1.1
FRPT3,47.63333,-3.46667
FRPBN,48.81667,-3.35
FRP9S,49.28333333333333,6.166666666666667
FRPZ3,48.75,-2.9833333333333334
FRPPL,47.71666666666667,-3.35
FRPM4,43.96666666666667,4.683333333333334
FRPO4,42.266666666666666,8.75
FRPVU,43.733333333333334,1.0333333333333334
FRQUL,49.666666666666664,-1.7
FRQRU,49.9,0.9166666666666666
ESCA2,43.58333,-5.76667
ESCAW,42.2,8.8
ESDAA,42.51667,-9.01667
ESCAY,36.71667,-3.35
ESCCM,27.8,-15.46667
ESCSU,43.38333,-3.21667
ESCIN,43.31667,-8.6
ESCLY,40.733333333333334,-74.16666666666667
ESCIO,43.68333,-7.6
ESCSB,39.31667,3
ESCBY,42.43333,-8.7
ESCR2,42.56667,-9.06667
ESDRB,42.25,-8.8
ESEEN,33.46666666666667,-80.48333333333333
ESEEL,43.53333,-5.38333
ESEEM,43.4,-2.63333
ESETT,42.05,3.2
FRRA3,47.83333,-3.7
FRREO,48.28333,-4.6
FRRV4,48.38333,-4.3
FRRUB,49.68333,-1.28333
SEGO3,57.71667,11.95
SEGO5,57.71667,11.98333
SEGTT,57.38333,12.01667
SEGDD,59.76667,19.03333
SEGAS,58.51667,16.91667
SEGRG,56.31667,16.53333
SEGSM,58.28333,16.98333
SEGR2,60.35,18.46667
SEGSS,63.18333,18.9
SEGNG,56.26667,16.4
SEGSR,59.28333,19.03333
SEGOH,55.85,14.23333
SEGDN,57.11667,18.2
PLSCD,53.38333,14.63333
PLSTT,54.35,19.16667
FRRO3,49.46667,-1.26667
FRRVM,49.01667,-1.55
FRTEZ,48.7,-3.8
FRTOO,48.8,-3.03333
FRTBD,48.76667,-3.56667
FRTT2,47.48333,-2.48333
FRTZM,48.55,-4.7
FRTMU,47.21667,-1.55
FRTVG,47.85,-3.85
FRTTU,47.833333333333336,-4.166666666666667
FRUAT,49.38333,-1.21667
FRPPB,47.28333,-2.03333
FRPAF,43.53333,3.93333
FRPPM,48.68333,-3.98333
FRPHE,47.95,-4.36667
FRPUP,43.733333333333334,7.283333333333333
FRPI4,45.53333333333333,5.95
FRPI2,49.18333333333333,-1.5833333333333335
FRPSB,42.61666666666667,3
FRSE3,48.7,-4.03333
FRS22,43.33333,5.11667
FRSO6,47.36666666666667,-3.216666666666667
FRSN4,47.61667,-2.75
FRSC9,45.18333,-0.36667
FRSF4,42.68333,9.3
FRGO2,45.58333,-1.2
FRGC2,46.41667,-1.56667
FRJL2,43.23333,-1.4
FRSVM,50.11667,0.13333
FRSB9,48.38333,-2.08333
FRCG2,48.38333,-2.16667
FRCM9,45.21667,-0.5
FRVH2,47.48333,-2.31667
FRTII,45.483333333333334,-1.05
FRTG4,45.53333333333333,-0.9
FRTST,44.7,-1.03333
GRLGK,40.61667,23.23333
ITCPJ,42.36667,130.33333
ITQNO,44.51667,70.91667
ITFDM,43.95,10.16667
FRSZB,45.58333,-0.26667
ESVEN,42.56667,-8.83333
PLJLT,54.41667,18.58333
PLKTR,54.35,19.21667
PLMEC,54.6,18.5
PLMIW,54,14.68333
ITSCW,39.65,16.55
ITSEW,44.08333,9.91667
FRSZI,45.95,-1.05
FRS29,48.56666666666667,3.4
FRSQ2,48.65,-2.83333
FRSU6,45.51667,-0.81667
FRSV3,49.86667,0.73333
GRAMO,36.83333,25.9
GRELE,38.03333,23.53333
IEMOR,53.71667,-6.28333
IEMCH,54.65,-8.2
IEMRK,53.78333,-9.63333
IENQY,53.15,-9.08333
IEOME,54.08333,-6.26667
IEOYH,51.7,-8.45
IEPAS,52.23333,-6.96667
IEPON,51.65,-9.85
IEPTR,55.36667,-7.36667
IEPOV,54.25,-8.73333
IEPMG,51.88333,-10.36667
IEQUI,52.81667,-9.45
IERAG,51.88333,-9.55
IEGYL,53.98333,-6.25
IEREE,51.88333,-9.65
IEREN,51.9,-10.03333
IEBEG,54.83333,-8.46667
IERMR,53.83333,-9.61667
ITCL4,41.2,13.85
EETNR,58.38333333333333,24.483333333333334
EETOM,58.93333333333333,22.95
EETRL,58.483333333333334,27.25
EETYE,58.43333333333333,23.683333333333334
EETRA,59,27.733333333333334
EEYLV,58.36666666666667,21.866666666666667
EEUJL,58.583333333333336,23.516666666666666
EEUMO,58.21666666666667,24.466666666666665
EEVBS,58.68333333333333,23.2
EEVHT,59.583333333333336,25.966666666666665
EEVPA,58.88333333333333,23.016666666666666
EEVBL,58.96666666666667,23.516666666666666
EEVBP,58.96666666666667,23.533333333333335
EEVAU,58.46667,22.03333
EEVSP,58.21667,26.11667
EEVVI,59.55,25.55
EEVEA,59.58333,26.26667
EEVRA,57.95,27.616666666666667
EEVTU,59.65,25.75
EEVAM,58.55,26.63333
EEVLV,59.25,24.25
EEVLK,59.5,25.35
EEVLM,58.36667,25.96667
EEVKT,59.46667,25.53333
EELPV,59.65,25.75
EEVNI,59.55,24.85
EEVNO,59.61667,25.68333
EEVNN,58.7,23.56667
EEVSN,58.36667,25.96667
EEVNS,58.36667,26.15
EEVRD,58.31667,23.98333
EEVVA,58.43333,23.08333
EEVSE,58.58333,22.4
EEVRR,58.25,22.71667
EEVYF,57.98333,27.61667
EEVTS,59.38333,24.51667
EEVLD,59.56667,25.65
EEVRN,58.51667,22.31667
EEVPK,58.23333,26.13333
EEVLL,59.58333,25.5
EEVRP,59.6,26.08333
EEVGL,58.78333,22.76667
EEVID,58.35,23.81667
EEVHS,59.56667,25.8
EEVHP,59.26667,23.88333
EEVPJ,59.26667,23.88333
EEVYB,59.56667,24.8
EEVKN,58.4,26.08333
EEVYD,58.38333,21.81667
EEVLT,58.38333,23.05
EEVLU,58.88333,26.96667
EEVNP,58.25,22.71667
EEVNR,58.03333,22.2
EEVRL,59.61667,25.96667
EEVVR,58.38333,27.3
EEVOK,58.06666666666667,27.55
EEVOD,58.53333,26.63333
EEVPL,58.56667,22.76667
EEVNG,58.38333,26.96667
EEVJL,59.58333,25.96667
IEARI,55.13333333333333,-8.166666666666666
IEBCR,52.43333,-6.31667
IEBCY,53.43333,-10.08333
IEBCV,51.71667,-9.95
IEBDF,52.45,-9.66667
IEBGS,54.23333,-9.31667
IEBHE,52.38333,-9.83333
IEBLD,52.55,-9.48333
IEBMW,51.68333,-8.51667
IEBEL,54.23333,-10
IEBGC,55.3,-7.15
IEBUD,54.48333,-8.28333
IECAH,52.56667,-6.2
IECNA,53.31667,-9.83333
IECAZ,52.2,-6.35
IECNS,54.25,-8.43333
IECAO,53.26667,-9.61667
IECRG,52.6,-9.7
IECGY,52.26667,-10.01667
IECTD,51.53333,-9.16667
IECIL,53.33333,-9.83333
IECIS,53.8,-10.05
IECBG,53.23333,-8.88333
IECLD,53.8,-9.95
IECOU,52.63333,-6.21667
IECRM,52.11667,-9.93333
IECHN,51.8,-8.3
IEDRY,51.76667,-10.13333
IEDWN,55.18333,-7.85
IEDRW,54.25,-8.9
IEDBR,52.13333,-7.3
IEDGN,52.08333,-7.63333
IEDKY,54.61667,-8.36667
IEDMS,51.51667,-9.75
IEEFY,51.86667,-8.2
IEENS,54.21667,-9.1
IEGOL,51.46667,-9.73333
SEALR,57.06666666666667,15.05
SEALO,58.91667,18.2
SEALJ,57.16667,16.91667
SEANR,60.48333,18.06667
SEAKH,58.8,17.55
SEASN,58.75,17.4
SEASJ,58.43333,16.96667
SEBAY,60.16667,18.76667
SEBSV,62.5,17.81667
SEBES,55.35,13.41667
SEBEB,65.65,22.25
SEBEN,62.81667,18.25
SEBIN,60.65,17.5
SEBIO,59.1,18.71667
SEBJH,58.05,11.51667
SEBJ3,65.78333,22.7
SEBKO,59.36667,18.98333
SEBJ2,57.86667,16.65
SEBJO,58.1,16.85
SEOC2,57.7,11.66667
SEBJB,64.46667,21.58333
SEBJS,60.3,18.55
SEBSE,57.9,18.85
SEBLI,56.61667,16.7
SEBGE,58.98333,11.15
SEBML,58.35,11.35
SEBKA,58.3,11.53333
SEBKK,56.15,15.16667
SEBNN,60.73333,17.31667
SEBNM,62.5,17.7
SEBHN,62.88333,18.45
SEBOU,55.9,12.8
SEBOE,55.35,13.31667
SEBVL,57.58333,18.8
SEBRN,57.65,11.76667
SEBTT,57.91667,11.73333
SEBRS,64.68333,21.31667
SEBRI,58.48333,11.31667
SEBEV,59.21667,18.38333
ESAZH,47.53333333333333,6.85
ESOVN,43.58333,-6.21667
ESPMA,42.58333,-8.95
ESPNJ,42.15,-8.81667
ESPSJ,28.166666666666668,-16.8
ESPAM,28.38333,-16.71667
ESZJU,42.7,-8.63333
ESPAB,28.18333,-16.45
ESQAJ,42.35,3.2
ESPRD,39.43333,3.26667
ESPCR,39.53333,3.33333
FRBM4,47.16667,-2.28333
FRBM5,47.9,-4.01667
FRBM6,48.8,-3.23333
FRBM7,49.333333333333336,-0.4166666666666667
FRBN2,48.6,-2.8333333333333335
FRGCP,49.38333333333333,0.9666666666666667
FRGPO,51,2.1
FRGB2,43.416666666666664,-1.6
FRHSA,48.983333333333334,-1.5333333333333332
FRHDO,47.333333333333336,-2.8833333333333333
FRIHR,48.85,1
FROI2,49.8,1.05
FROS2,48.45,-5.1
EELLM,58.516666666666666,23.666666666666668
EELNK,58.78333333333333,26.983333333333334
EELDO,58.233333333333334,22.583333333333332
EEMTG,58.233333333333334,22.383333333333333
EEMNJ,59.53333333333333,25.166666666666668
EEMKL,59.25,23.666666666666668
EEMHR,58.4,25.983333333333334
EEMPI,58.56666666666667,23.1
EEMEE,59.28333333333333,23.416666666666668
EEMMS,58.983333333333334,23.516666666666666
EEMLD,58.483333333333334,23.266666666666666
EEMDS,58.516666666666666,23.683333333333334
EEMUJ,59.61666666666667,25
EEMLU,59.43333333333333,26.983333333333334
EENRV,58.45,23.666666666666668
EENJU,59.43333333333333,26.983333333333334
EENJY,58.38333333333333,27.516666666666666
EEPAK,59.03333333333333,23.283333333333335
EEPKK,58.36666666666667,26.75
EEPRO,57.78333333333333,23.266666666666666
EEPTS,58.916666666666664,22.066666666666666
EEPPO,58.916666666666664,22.066666666666666
EEPRM,59.56666666666667,24.8
EEPYD,59,22.816666666666666
EERMI,58.733333333333334,23.566666666666666
EERMV,58.833333333333336,22.95
EERNK,58.833333333333336,22.95
EERLE,58.166666666666664,22.25
EERMA,58.7,22.516666666666666
EERVK,59.46666666666667,28.05
EERUH,58.6,22.983333333333334
EESST,59.516666666666666,24.883333333333333
EESBA,58.35,25.96667
EESLO,58.13333,26.08333
EESDL,58.28333,22.83333
EESNG,58.31667,26.2
EESUE,59.51667,25.2
EESNJ,58.98333,23.65
EESVU,58.33333,26.15
EESXB,59.03333,23.11667
EESOK,58.06667,26.05
EETMM,59.56667,25.85
ESLRT,27.616666666666667,-17.983333333333334
ESABG,28.03333,-16.65
ESLAK,28.25,-16.85
ESMAZ,28.6,-17.76667
ESMEO,43.38333,-8.33333
ESMHR,28.05,-14.36667
ESNEM,43.43333,-4.83333
FRAWR,48.58333,-4.56667
FRAOO,43.48333,-1.48333
SETRU,65.38333,21.76667
SETGT,59.36667,18.98333
SETRY,63.13333,18.78333
SETUH,57.73333,11.73333
SETYD,62.43333,17.63333
SETDS,62.43333,17.68333
SETYT,58.31667,16.9
SETYA,58.85,17.23333
SEULK,57.4,12.1
SEULT,63.26667,19.08333
SEULH,63.01667,18.66667
SEUNR,56.05,15.8
SEUPB,60.61667,17.4
SEUTN,55.95,15.7
SEUTO,58.96667,18.33333
SEUTV,60.75,17.35
SEVDK,57.95,16.81667
SEVDT,63.6,19.85
SEVJR,58.38333,11.26667
SEVAE,56.06667,14.53333
SEVJE,56.05,14.55
SEVLL,57.48333,11.93333
SEVLO,57.11667,16.6
SEVAS,56.9,16.88333
SEVDB,56.95,18.31667
SEVAV,57.18333,16.46667
SEVSO,58.35,16.88333
SEVAB,58.76667,11.2
SEVSR,57.45,18.15
SEVTN,59.7,18.96667
SEVEO,57.58333,16.7
SEVSN,56.03333,14.58333
SEVAT,61.55,17.21667
SEVTO,59.81667,18.95
SEVDH,57.83333,11.7
SEVEH,56.21667,12.78333
SEVEJ,56.31667,12.76667
SEVKA,56.16667,15.63333
SEVNK,58.9,11.01667
SEVID,57.25,12.11667
SEVKN,56.15,12.58333
SEVEN,58.75,11.16667
SEVIE,59.08333,18.6
SEVIB,58.36667,11.45
SEVTM,55.7,14.21667
SEVTS,59.05,18.16667
SEVRO,58.4,16.85
SEYTO,56.1,15.78333
SEVHT,61.21667,17.21667
SEYXO,58.95,18.01667
FRAA2,49.333333333333336,-0.5833333333333334
FRE29,47.65,-3.2
FRET2,49.7,0.2
CYANM,34.983333333333334,34
DEAHC,53.666666666666664,14.2
DEZVE,48.93333333333333,115.33333333333333
DECKL,53.88333333333333,9.133333333333333
DE73A,54.8,9.633333333333333
DEMAO,56.68333333333333,10
DE64Z,54,10.816666666666666
DEOKG,54.15,11.75
DERRE,54.1,11.616666666666667
DESLQ,54.68333333333333,8.75
DE69S,54.63333333333333,8.4
DKSKH,55.766666666666666,12.6
EEASV,59.45,26.866666666666667
EEJAP,58.38333333333333,24.483333333333334
EEKII,58.766666666666666,23.533333333333335
EEKDR,59.45,29.083333333333332
EEMAH,59.516666666666666,23.716666666666665
EEUIS,58.55,23.083333333333332
ESCJE,28.066666666666666,-16.75
ESZ8R,42.9,-2.066666666666667
ES2BL,39.71666666666667,2.8666666666666667
ESL4O,42.43333333333333,-3.8166666666666664
ESMQU,39.71666666666667,-3.8166666666666664
ESCUT,28.05,-14.333333333333334
ESM8U,43.56666666666667,-7.266666666666667
ESMGR,43.46666666666667,-8.25
ESRUZ,28.416666666666668,-16.55
ES8TC,37.46666666666667,-0.8166666666666667
ESAAW,38.833333333333336,1.3833333333333333
ESV8C,42.05,-5.633333333333333
ESM8M,43.45,-3.5666666666666664
ESSO8,41.43333333333333,-4.45
ESSJ2,39.55,2.7666666666666666
ESSL8,42.583333333333336,-8.783333333333333
ESUIS,43.25,-4.233333333333333
ES2VA,42.35,-5.2
ESV7N,43.13333333333333,-2.15
ESV8M,43.1,-3.283333333333333
ESZ8N,43.28333333333333,-1.7
FRB6P,43.733333333333334,5.7
FRBSM,48.766666666666666,2.4833333333333334
FRBAU,43.516666666666666,-1.4833333333333334
FRBOI,47.18333333333333,-1.6166666666666667
FRCFG,43.483333333333334,5.566666666666666
FR9DS,49.06666666666667,5.416666666666667
FRRS4,47.25,-1.9333333333333333
FRTLP,49.68333333333333,-1.2833333333333332
FR8GT,43.65,2.05
FRHOP,48.333333333333336,-4.233333333333333
FRIDX,46.016666666666666,-1.1833333333333333
FRHMX,48.75,3.9833333333333334
FRIS4,48.03333333333333,-4.85
FRHOT,47.38333333333333,1.05
FRGHG,49.65,-1.8166666666666667
FRLGM,48.86666666666667,2.716666666666667
FRLN8,48.3,-4.266666666666667
FR8LV,48.53333333333333,-4.733333333333333
FRLAD,44.1,4.7
FRRMO,47.583333333333336,-2.9
FRGFV,46.71666666666667,5.6
FRNQU,48.36666666666667,-4.766666666666667
FRLGQ,49.416666666666664,1.0333333333333334
FRXLG,47.85,3.716666666666667
FRLIS,43.916666666666664,5.05
FRCQ4,47.56666666666667,-2.95
FR4MM,47.81666666666667,-2.3833333333333333
FRMCC,45.9,4.7
FRNMA,47.81666666666667,3.6666666666666665
FREVD,48.6,-2.55
FRUCL,48.18333333333333,-1.9166666666666665
FRPDH,45.95,0.9166666666666666
FRPJU,44,4.766666666666667
FRZHA,43.983333333333334,4.683333333333334
FRDCG,48.6,-2.25
FRNMT,49.38333333333333,-1.2166666666666668
FRZAN,45.483333333333334,-0.5833333333333334
FRSL8,49.36666666666667,-0.8833333333333333
FRVIG,48.86666666666667,2.6833333333333336
FR5TB,45.833333333333336,-1.2
FRYNR,43.11666666666667,5.8
FRS4P,42.333333333333336,9.5
FRTL4,43.333333333333336,5.116666666666666
FR9AV,49.93333333333333,3.5666666666666664
FRVFM,43.7,7.316666666666666
FRVIY,48.333333333333336,6.333333333333333
GFCCY,5.683333333333334,-53.93333333333333
GFREM,4.883333333333333,-52.28333333333333
GFLCY,4.216666666666667,-51.666666666666664
GFOYP,3.9,-51.8
GFSLM,5.5,-54.03333333333333
GPFPI,16.466666666666665,-61.516666666666666
GPAIF,16.033333333333335,-61.733333333333334
GPMSB,18.066666666666666,-63.083333333333336
GRAOR,38.93333333333333,23.033333333333335
GRATL,35,26.133333333333333
GRAON,35.53333333333333,24.083333333333332
GRPTC,39.45,20
GRALG,35.18333333333333,24.383333333333333
GRPRN,35.88333333333333,27.766666666666666
GRPKI,36.81666666666667,24.583333333333332
GRSOI,36.36666666666667,28
GRVOM,36.75,24.533333333333335
GRXIR,37.11666666666667,26.866666666666667
HRNDD,44.18333333333333,15.55
HRPVK,44.266666666666666,15.116666666666667
IEKIN,53.11666666666667,-9.666666666666666
ITGZS,42.083333333333336,12.266666666666667
ITIOA,43.3,13.733333333333333
ITTLY,44.43333333333333,12.233333333333333
ITITI,45.75,13.633333333333333
LVZJA,56.95,23.75
LVPVT,56.88333333333333,21.183333333333334
MQWF3,14.633333333333333,-61.13333333333333
MQPFI,14.816666666666666,-61.03333333333333
MQSF4,14.8,-61.233333333333334
MQKF4,14.55,-60.85
MQADA,14.483333333333333,-61.083333333333336
MQQPC,14.6,-61.05
NLAAL,51.95,5.533333333333333
NLBLE,51.36666666666667,6.166666666666667
NLHXG,51.81666666666667,4.833333333333333
NLKAI,51.916666666666664,4.6
NLSLD,51.81666666666667,4.766666666666667
NLTHE,53,4.783333333333333
NLVEN,51.36666666666667,6.166666666666667
PTSMO,39.516666666666666,-9.133333333333333
RERSE,-21.133333333333333,55.8
RESPL,-20.983333333333334,55.266666666666666
SENRR,58.93333333333333,17.966666666666665
YTKNK,-12.95,45.1
