signaldate,LAT,LON,operation_id,Outlier GPS,In Port,At Sea Anchor,At Sea Adrift,At Sea Voyage
2024-09-09T08:00:00.000000,44.099955833333,28.658128833333,1,0,1,0,0,0
2024-09-09T08:01:00.000000,44.0999555,28.658128666667,1,0,1,0,0,0
2024-09-09T08:02:00.000000,44.099955,28.6581295,1,0,1,0,0,0
2024-09-09T08:03:00.000000,44.099954166667,28.65813,1,0,1,0,0,0
2024-09-09T08:04:00.000000,44.099953833333,28.658130166667,1,0,1,0,0,0
2024-09-09T08:05:00.000000,44.099953833333,28.658130166667,1,0,1,0,0,0
2024-09-09T08:06:00.000000,44.099954333333,28.658130833333,1,0,1,0,0,0
2024-09-09T08:07:00.000000,44.099953166667,28.658133333333,1,0,1,0,0,0
2024-09-09T08:08:00.000000,44.099952333333,28.658134166667,1,0,1,0,0,0
2024-09-09T08:09:00.000000,44.099952666667,28.658134666667,1,0,1,0,0,0
2024-09-09T08:10:00.000000,44.099952666667,28.658135,1,0,1,0,0,0
2024-09-09T08:11:00.000000,44.099952,28.658135166667,1,0,1,0,0,0
2024-09-09T08:12:00.000000,44.0999515,28.658136,1,0,1,0,0,0
2024-09-09T08:13:00.000000,44.099951666667,28.658136833333,1,0,1,0,0,0
2024-09-09T08:14:00.000000,44.0999525,28.658137166667,1,0,1,0,0,0
2024-09-09T08:15:00.000000,44.099953166667,28.658136666667,1,0,1,0,0,0
2024-09-09T08:16:00.000000,44.0999535,28.658136833333,1,0,1,0,0,0
2024-09-09T08:17:00.000000,44.099954166667,28.658136166667,1,0,1,0,0,0
2024-09-09T08:18:00.000000,44.099955333333,28.6581355,1,0,1,0,0,0
2024-09-09T08:19:00.000000,44.099955833333,28.658135333333,1,0,1,0,0,0
2024-09-09T08:20:00.000000,44.099955833333,28.658135833333,1,0,1,0,0,0
2024-09-09T08:21:00.000000,44.0999555,28.658136333333,1,0,1,0,0,0
2024-09-09T08:22:00.000000,44.099955833333,28.658135833333,1,0,1,0,0,0
2024-09-09T08:23:00.000000,44.099955833333,28.6581355,1,0,1,0,0,0
2024-09-09T08:24:00.000000,44.099955666667,28.658135166667,1,0,1,0,0,0
2024-09-09T08:25:00.000000,44.099956,28.6581345,1,0,1,0,0,0
2024-09-09T08:26:00.000000,44.0999565,28.658134333333,1,0,1,0,0,0
2024-09-09T08:27:00.000000,44.099957,28.658134333333,1,0,1,0,0,0
2024-09-09T08:28:00.000000,44.099957333333,28.658134166667,1,0,1,0,0,0
2024-09-09T08:29:00.000000,44.099957833333,28.658133333333,1,0,1,0,0,0
2024-09-09T08:30:00.000000,44.099958,28.658132333333,1,0,1,0,0,0
2024-09-09T08:31:00.000000,44.099958166667,28.658132333333,1,0,1,0,0,0
2024-09-09T08:32:00.000000,44.099958166667,28.658132666667,1,0,1,0,0,0
2024-09-09T08:33:00.000000,44.099957833333,28.658132666667,1,0,1,0,0,0
2024-09-09T08:34:00.000000,44.0999575,28.658133166667,1,0,1,0,0,0
2024-09-09T08:35:00.000000,44.0999575,28.658134,1,0,1,0,0,0
2024-09-09T08:36:00.000000,44.099957666667,28.658133666667,1,0,1,0,0,0
2024-09-09T08:37:00.000000,44.099957166667,28.658135,1,0,1,0,0,0
2024-09-09T08:38:00.000000,44.0999565,28.658135666667,1,0,1,0,0,0
2024-09-09T08:39:00.000000,44.0999565,28.658135166667,1,0,1,0,0,0
2024-09-09T08:40:00.000000,44.099956666667,28.658135833333,1,0,1,0,0,0
2024-09-09T08:41:00.000000,44.099957,28.658136166667,1,0,1,0,0,0
2024-09-09T08:42:00.000000,44.099956833333,28.658136,1,0,1,0,0,0
2024-09-09T08:43:00.000000,44.099956166667,28.6581375,1,0,1,0,0,0
2024-09-09T08:44:00.000000,44.099955166667,28.658138833333,1,0,1,0,0,0
2024-09-09T08:45:00.000000,44.099954666667,28.658139166667,1,0,1,0,0,0
2024-09-09T08:46:00.000000,44.099954,28.65814,1,0,1,0,0,0
2024-09-09T08:47:00.000000,44.099954666667,28.658139833333,1,0,1,0,0,0
2024-09-09T08:48:00.000000,44.0999545,28.658138666667,1,0,1,0,0,0
2024-09-09T08:49:00.000000,44.099954,28.658139833333,1,0,1,0,0,0
2024-09-09T08:50:00.000000,44.0999545,28.658139166667,1,0,1,0,0,0
2024-09-09T08:51:00.000000,44.0999545,28.658139666667,1,0,1,0,0,0
2024-09-09T08:52:00.000000,44.099955166667,28.65814,1,0,1,0,0,0
2024-09-09T08:53:00.000000,44.099955833333,28.658140833333,1,0,1,0,0,0
2024-09-09T08:54:00.000000,44.0999565,28.6581415,1,0,1,0,0,0
2024-09-09T08:55:00.000000,44.099956166667,28.658141333333,1,0,1,0,0,0
2024-09-09T08:56:00.000000,44.099956,28.658142,1,0,1,0,0,0
2024-09-09T08:57:00.000000,44.099955833333,28.658141166667,1,0,1,0,0,0
2024-09-09T08:58:00.000000,44.099956166667,28.658138666667,1,0,1,0,0,0
2024-09-09T08:59:00.000000,44.099954833333,28.6581395,1,0,1,0,0,0
2024-09-09T09:00:00.000000,44.099953833333,28.65814,1,0,1,0,0,0
2024-09-09T09:01:00.000000,44.099953666667,28.65814,1,0,1,0,0,0
2024-09-09T09:02:00.000000,44.099954333333,28.658137,1,0,1,0,0,0
2024-09-09T09:03:00.000000,44.0999535,28.658137333333,1,0,1,0,0,0
2024-09-09T09:04:00.000000,44.0999515,28.658140333333,1,0,1,0,0,0
2024-09-09T09:05:00.000000,44.0999515,28.658140666667,1,0,1,0,0,0
2024-09-09T09:06:00.000000,44.099952333333,28.658137666667,1,0,1,0,0,0
2024-09-09T09:07:00.000000,44.099950833333,28.658137666667,1,0,1,0,0,0
2024-09-09T09:08:00.000000,44.099951666667,28.6581355,1,0,1,0,0,0
2024-09-09T09:09:00.000000,44.099952666667,28.6581345,1,0,1,0,0,0
2024-09-09T09:10:00.000000,44.099952666667,28.658135,1,0,1,0,0,0
2024-09-09T09:11:00.000000,44.099953,28.658135166667,1,0,1,0,0,0
2024-09-09T09:12:00.000000,44.099952833333,28.658135333333,1,0,1,0,0,0
2024-09-09T09:13:00.000000,44.099952833333,28.658134833333,1,0,1,0,0,0
2024-09-09T09:14:00.000000,44.099952833333,28.658134833333,1,0,1,0,0,0
2024-09-09T09:15:00.000000,44.099953333333,28.658134833333,1,0,1,0,0,0
2024-09-09T09:16:00.000000,44.099953333333,28.6581355,1,0,1,0,0,0
2024-09-09T09:17:00.000000,44.099952666667,28.6581365,1,0,1,0,0,0
2024-09-09T09:18:00.000000,44.099951,28.658136,1,0,1,0,0,0
2024-09-09T09:19:00.000000,44.099952166667,28.658136333333,1,0,1,0,0,0
2024-09-09T09:20:00.000000,44.099952,28.6581365,1,0,1,0,0,0
2024-09-09T09:21:00.000000,44.099952166667,28.6581365,1,0,1,0,0,0
2024-09-09T09:22:00.000000,44.099951666667,28.658136166667,1,0,1,0,0,0
2024-09-09T09:23:00.000000,44.0999525,28.6581365,1,0,1,0,0,0
2024-09-09T09:24:00.000000,44.0999505,28.658135666667,1,0,1,0,0,0
2024-09-09T09:25:00.000000,44.099949833333,28.658135,1,0,1,0,0,0
2024-09-09T09:26:00.000000,44.099949833333,28.658134333333,1,0,1,0,0,0
2024-09-09T09:27:00.000000,44.0999495,28.658133333333,1,0,1,0,0,0
2024-09-09T09:28:00.000000,44.099949833333,28.658133333333,1,0,1,0,0,0
2024-09-09T09:29:00.000000,44.099949166667,28.658133,1,0,1,0,0,0
2024-09-09T09:30:00.000000,44.099948833333,28.658134333333,1,0,1,0,0,0
2024-09-09T09:31:00.000000,44.099949666667,28.658136166667,1,0,1,0,0,0
2024-09-09T09:32:00.000000,44.099949166667,28.658136666667,1,0,1,0,0,0
2024-09-09T09:33:00.000000,44.099948833333,28.658136166667,1,0,1,0,0,0
2024-09-09T09:34:00.000000,44.099948166667,28.658135666667,1,0,1,0,0,0
2024-09-09T09:35:00.000000,44.099947333333,28.658135,1,0,1,0,0,0
2024-09-09T09:36:00.000000,44.099947333333,28.658135333333,1,0,1,0,0,0
2024-09-09T09:37:00.000000,44.099947333333,28.658135,1,0,1,0,0,0
2024-09-09T09:38:00.000000,44.099948833333,28.658138166667,1,0,1,0,0,0
2024-09-09T09:39:00.000000,44.099948833333,28.658136166667,1,0,1,0,0,0
2024-09-09T09:40:00.000000,44.099949333333,28.658137166667,1,0,1,0,0,0
2024-09-09T09:41:00.000000,44.099949166667,28.658136,1,0,1,0,0,0
2024-09-09T09:42:00.000000,44.099948333333,28.658136166667,1,0,1,0,0,0
2024-09-09T09:43:00.000000,44.099948333333,28.658137,1,0,1,0,0,0
2024-09-09T09:44:00.000000,44.099948833333,28.658137333333,1,0,1,0,0,0
2024-09-09T09:45:00.000000,44.099948833333,28.658136666667,1,0,1,0,0,0
2024-09-09T09:46:00.000000,44.099949333333,28.6581375,1,0,1,0,0,0
2024-09-09T09:47:00.000000,44.099950166667,28.658138333333,1,0,1,0,0,0
2024-09-09T09:48:00.000000,44.099949833333,28.658138166667,1,0,1,0,0,0
2024-09-09T09:49:00.000000,44.0999495,28.658137,1,0,1,0,0,0
2024-09-09T09:50:00.000000,44.0999495,28.658138166667,1,0,1,0,0,0
2024-09-09T09:51:00.000000,44.099949833333,28.658137666667,1,0,1,0,0,0
2024-09-09T09:52:00.000000,44.099950166667,28.658138833333,1,0,1,0,0,0
2024-09-09T09:53:00.000000,44.099950166667,28.658139166667,1,0,1,0,0,0
2024-09-09T09:54:00.000000,44.09995,28.658136833333,1,0,1,0,0,0
2024-09-09T09:55:00.000000,44.099950166667,28.658137333333,1,0,1,0,0,0
2024-09-09T09:56:00.000000,44.0999505,28.658137,1,0,1,0,0,0
2024-09-09T09:57:00.000000,44.0999505,28.6581365,1,0,1,0,0,0
2024-09-09T09:58:00.000000,44.0999505,28.658135833333,1,0,1,0,0,0
2024-09-09T09:59:00.000000,44.0999505,28.658136,1,0,1,0,0,0
2024-09-09T10:00:00.000000,44.0999485,28.658136833333,1,0,1,0,0,0
2024-09-09T10:01:00.000000,44.099946666667,28.658136833333,1,0,1,0,0,0
2024-09-09T10:02:00.000000,44.099945666667,28.658137666667,1,0,1,0,0,0
2024-09-09T10:03:00.000000,44.099945833333,28.658135166667,1,0,1,0,0,0
2024-09-09T10:04:00.000000,44.099945833333,28.658133333333,1,0,1,0,0,0
2024-09-09T10:05:00.000000,44.0999465,28.658135333333,1,0,1,0,0,0
2024-09-09T10:06:00.000000,44.099947166667,28.658135666667,1,0,1,0,0,0
2024-09-09T10:07:00.000000,44.099948666667,28.6581345,1,0,1,0,0,0
2024-09-09T10:08:00.000000,44.099949833333,28.658128833333,1,0,1,0,0,0
2024-09-09T10:09:00.000000,44.099949333333,28.65813,1,0,1,0,0,0
2024-09-09T10:10:00.000000,44.099949,28.658133833333,1,0,1,0,0,0
2024-09-09T10:11:00.000000,44.099949333333,28.6581335,1,0,1,0,0,0
2024-09-09T10:12:00.000000,44.099949666667,28.658134166667,1,0,1,0,0,0
2024-09-09T10:13:00.000000,44.099950333333,28.658133166667,1,0,1,0,0,0
2024-09-09T10:14:00.000000,44.099950166667,28.658133166667,1,0,1,0,0,0
2024-09-09T10:15:00.000000,44.099950166667,28.658133166667,1,0,1,0,0,0
2024-09-09T10:16:00.000000,44.099949833333,28.658134833333,1,0,1,0,0,0
2024-09-09T10:17:00.000000,44.099950333333,28.658135,1,0,1,0,0,0
2024-09-09T10:18:00.000000,44.099950333333,28.6581355,1,0,1,0,0,0
2024-09-09T10:19:00.000000,44.099950666667,28.658135333333,1,0,1,0,0,0
2024-09-09T10:20:00.000000,44.099951,28.658134833333,1,0,1,0,0,0
2024-09-09T10:21:00.000000,44.099950666667,28.658135166667,1,0,1,0,0,0
2024-09-09T10:22:00.000000,44.099950166667,28.6581355,1,0,1,0,0,0
2024-09-09T10:23:00.000000,44.099950666667,28.658134666667,1,0,1,0,0,0
2024-09-09T10:24:00.000000,44.0999505,28.6581345,1,0,1,0,0,0
2024-09-09T10:25:00.000000,44.099950666667,28.658134,1,0,1,0,0,0
2024-09-09T10:26:00.000000,44.099950666667,28.6581325,1,0,1,0,0,0
2024-09-09T10:27:00.000000,44.099952,28.658134,1,0,1,0,0,0
2024-09-09T10:28:00.000000,44.099952666667,28.658134666667,1,0,1,0,0,0
2024-09-09T10:29:00.000000,44.099953166667,28.6581345,1,0,1,0,0,0
2024-09-09T10:30:00.000000,44.099954166667,28.6581345,1,0,1,0,0,0
2024-09-09T10:31:00.000000,44.099955,28.658134666667,1,0,1,0,0,0
2024-09-09T10:32:00.000000,44.099954666667,28.658135,1,0,1,0,0,0
2024-09-09T10:33:00.000000,44.099954166667,28.658135833333,1,0,1,0,0,0
2024-09-09T10:34:00.000000,44.099952666667,28.6581345,1,0,1,0,0,0
2024-09-09T10:35:00.000000,44.099951166667,28.6581355,1,0,1,0,0,0
2024-09-09T10:36:00.000000,44.099949333333,28.658135833333,1,0,1,0,0,0
2024-09-09T10:37:00.000000,44.099948166667,28.658135666667,1,0,1,0,0,0
2024-09-09T10:38:00.000000,44.099948166667,28.658135333333,1,0,1,0,0,0
2024-09-09T10:39:00.000000,44.099948166667,28.658135333333,1,0,1,0,0,0
2024-09-09T10:40:00.000000,44.099948166667,28.658135666667,1,0,1,0,0,0
2024-09-09T10:41:00.000000,44.099948166667,28.658134666667,1,0,1,0,0,0
2024-09-09T10:42:00.000000,44.099948,28.658134333333,1,0,1,0,0,0
2024-09-09T10:43:00.000000,44.099948,28.658133666667,1,0,1,0,0,0
2024-09-09T10:44:00.000000,44.099947833333,28.658133,1,0,1,0,0,0
2024-09-09T10:45:00.000000,44.0999475,28.658133166667,1,0,1,0,0,0
2024-09-09T10:46:00.000000,44.099947833333,28.658132666667,1,0,1,0,0,0
2024-09-09T10:47:00.000000,44.099948166667,28.658133333333,1,0,1,0,0,0
2024-09-09T10:48:00.000000,44.099949333333,28.6581335,1,0,1,0,0,0
2024-09-09T10:49:00.000000,44.099949833333,28.658134,1,0,1,0,0,0
2024-09-09T10:50:00.000000,44.099951,28.658134666667,1,0,1,0,0,0
2024-09-09T10:51:00.000000,44.099951,28.6581345,1,0,1,0,0,0
2024-09-09T10:52:00.000000,44.099951666667,28.658135,1,0,1,0,0,0
2024-09-09T10:53:00.000000,44.099953,28.658135833333,1,0,1,0,0,0
2024-09-09T10:54:00.000000,44.099952833333,28.658136166667,1,0,1,0,0,0
2024-09-09T10:55:00.000000,44.099952166667,28.658136,1,0,1,0,0,0
2024-09-09T10:56:00.000000,44.0999515,28.658136166667,1,0,1,0,0,0
2024-09-09T10:57:00.000000,44.099952,28.658136166667,1,0,1,0,0,0
2024-09-09T10:58:00.000000,44.099951666667,28.658135666667,1,0,1,0,0,0
2024-09-09T10:59:00.000000,44.099951333333,28.658134333333,1,0,1,0,0,0
2024-09-09T11:00:00.000000,44.099951,28.658134,1,0,1,0,0,0
2024-09-09T11:01:00.000000,44.099951,28.6581335,1,0,1,0,0,0
2024-09-09T11:02:00.000000,44.099951166667,28.6581325,1,0,1,0,0,0
2024-09-09T11:03:00.000000,44.0999515,28.658131666667,1,0,1,0,0,0
2024-09-09T11:04:00.000000,44.099951333333,28.658131333333,1,0,1,0,0,0
2024-09-09T11:05:00.000000,44.099951333333,28.658131333333,1,0,1,0,0,0
2024-09-09T11:06:00.000000,44.099951,28.658131666667,1,0,1,0,0,0
2024-09-09T11:07:00.000000,44.099951666667,28.658131833333,1,0,1,0,0,0
2024-09-09T11:08:00.000000,44.099952,28.658131666667,1,0,1,0,0,0
2024-09-09T11:09:00.000000,44.099952,28.658131833333,1,0,1,0,0,0
2024-09-09T11:10:00.000000,44.099951666667,28.658131666667,1,0,1,0,0,0
2024-09-09T11:11:00.000000,44.099951833333,28.6581315,1,0,1,0,0,0
2024-09-09T11:12:00.000000,44.099952166667,28.658131333333,1,0,1,0,0,0
2024-09-09T11:13:00.000000,44.099952333333,28.658130833333,1,0,1,0,0,0
2024-09-09T11:14:00.000000,44.099952833333,28.658130166667,1,0,1,0,0,0
2024-09-09T11:15:00.000000,44.099953166667,28.65813,1,0,1,0,0,0
2024-09-09T11:16:00.000000,44.099952833333,28.65813,1,0,1,0,0,0
2024-09-09T11:17:00.000000,44.099952,28.658129666667,1,0,1,0,0,0
2024-09-09T11:18:00.000000,44.099951833333,28.658129333333,1,0,1,0,0,0
2024-09-09T11:19:00.000000,44.099951333333,28.6581305,1,0,1,0,0,0
2024-09-09T11:20:00.000000,44.0999505,28.658130666667,1,0,1,0,0,0
2024-09-09T11:21:00.000000,44.09995,28.658131,1,0,1,0,0,0
2024-09-09T11:22:00.000000,44.099950166667,28.658132,1,0,1,0,0,0
2024-09-09T11:23:00.000000,44.0999515,28.658132,1,0,1,0,0,0
2024-09-09T11:24:00.000000,44.099952666667,28.658131666667,1,0,1,0,0,0
2024-09-09T11:25:00.000000,44.099952166667,28.658131333333,1,0,1,0,0,0
2024-09-09T11:26:00.000000,44.099952833333,28.6581305,1,0,1,0,0,0
2024-09-09T11:27:00.000000,44.099953,28.6581305,1,0,1,0,0,0
2024-09-09T11:28:00.000000,44.099953333333,28.658130166667,1,0,1,0,0,0
2024-09-09T11:29:00.000000,44.099953666667,28.658131,1,0,1,0,0,0
2024-09-09T11:30:00.000000,44.099953833333,28.658132,1,0,1,0,0,0
2024-09-09T11:31:00.000000,44.099953166667,28.658132333333,1,0,1,0,0,0
2024-09-09T11:32:00.000000,44.099952833333,28.6581325,1,0,1,0,0,0
2024-09-09T11:33:00.000000,44.099952666667,28.658132833333,1,0,1,0,0,0
2024-09-09T11:34:00.000000,44.0999525,28.658133,1,0,1,0,0,0
2024-09-09T11:35:00.000000,44.099953166667,28.658133,1,0,1,0,0,0
2024-09-09T11:36:00.000000,44.099953166667,28.658134166667,1,0,1,0,0,0
2024-09-09T11:37:00.000000,44.0999525,28.658134166667,1,0,1,0,0,0
2024-09-09T11:38:00.000000,44.099952333333,28.658133333333,1,0,1,0,0,0
2024-09-09T11:39:00.000000,44.099953833333,28.6581305,1,0,1,0,0,0
2024-09-09T11:40:00.000000,44.099954166667,28.658129833333,1,0,1,0,0,0
2024-09-09T11:41:00.000000,44.099954833333,28.65813,1,0,1,0,0,0
2024-09-09T11:42:00.000000,44.099955,28.658130333333,1,0,1,0,0,0
2024-09-09T11:43:00.000000,44.099954333333,28.658132,1,0,1,0,0,0
2024-09-09T11:44:00.000000,44.099953333333,28.658132333333,1,0,1,0,0,0
2024-09-09T11:45:00.000000,44.099952666667,28.658132333333,1,0,1,0,0,0
2024-09-09T11:46:00.000000,44.099953333333,28.658130666667,1,0,1,0,0,0
2024-09-09T11:47:00.000000,44.099953333333,28.65813,1,0,1,0,0,0
2024-09-09T11:48:00.000000,44.099953166667,28.658131,1,0,1,0,0,0
2024-09-09T11:49:00.000000,44.099953666667,28.658130166667,1,0,1,0,0,0
2024-09-09T11:50:00.000000,44.099954333333,28.658128833333,1,0,1,0,0,0
2024-09-09T11:51:00.000000,44.099954666667,28.658127833333,1,0,1,0,0,0
2024-09-09T11:52:00.000000,44.0999545,28.6581275,1,0,1,0,0,0
2024-09-09T11:53:00.000000,44.099953833333,28.6581275,1,0,1,0,0,0
2024-09-09T11:54:00.000000,44.0999535,28.658127166667,1,0,1,0,0,0
2024-09-09T11:55:00.000000,44.099953333333,28.658127333333,1,0,1,0,0,0
2024-09-09T11:56:00.000000,44.0999535,28.6581265,1,0,1,0,0,0
2024-09-09T11:57:00.000000,44.099952833333,28.658126666667,1,0,1,0,0,0
2024-09-09T11:58:00.000000,44.099951833333,28.658127166667,1,0,1,0,0,0
2024-09-09T11:59:00.000000,44.099951833333,28.658127333333,1,0,1,0,0,0
2024-09-09T12:00:00.000000,44.099951833333,28.6581275,1,0,1,0,0,0
2024-09-09T12:01:00.000000,44.099951333333,28.658126833333,1,0,1,0,0,0
2024-09-09T12:02:00.000000,44.099951666667,28.658127166667,1,0,1,0,0,0
2024-09-09T12:03:00.000000,44.0999515,28.658128833333,1,0,1,0,0,0
2024-09-09T12:04:00.000000,44.099951166667,28.658128666667,1,0,1,0,0,0
2024-09-09T12:05:00.000000,44.099951666667,28.658129166667,1,0,1,0,0,0
2024-09-09T12:06:00.000000,44.099952,28.658129833333,1,0,1,0,0,0
2024-09-09T12:07:00.000000,44.099947833333,28.658133333333,1,0,1,0,0,0
2024-09-09T12:08:00.000000,44.099948666667,28.658132166667,1,0,1,0,0,0
2024-09-09T12:09:00.000000,44.099953,28.658129333333,1,0,1,0,0,0
2024-09-09T12:10:00.000000,44.099953666667,28.6581285,1,0,1,0,0,0
2024-09-09T12:11:00.000000,44.099954166667,28.658128333333,1,0,1,0,0,0
2024-09-09T12:12:00.000000,44.0999535,28.658129,1,0,1,0,0,0
2024-09-09T12:13:00.000000,44.099948,28.658132666667,1,0,1,0,0,0
2024-09-09T12:14:00.000000,44.099954333333,28.658128166667,1,0,1,0,0,0
2024-09-09T12:15:00.000000,44.099954833333,28.658127833333,1,0,1,0,0,0
2024-09-09T12:16:00.000000,44.099955,28.658128166667,1,0,1,0,0,0
2024-09-09T12:17:00.000000,44.099951166667,28.658130666667,1,0,1,0,0,0
2024-09-09T12:18:00.000000,44.0999475,28.658133666667,1,0,1,0,0,0
2024-09-09T12:19:00.000000,44.099951666667,28.658131333333,1,0,1,0,0,0
2024-09-09T12:20:00.000000,44.099952833333,28.658129833333,1,0,1,0,0,0
2024-09-09T12:21:00.000000,44.099952166667,28.6581315,1,0,1,0,0,0
2024-09-09T12:22:00.000000,44.099954666667,28.658130166667,1,0,1,0,0,0
2024-09-09T12:23:00.000000,44.099956166667,28.658128166667,1,0,1,0,0,0
2024-09-09T12:24:00.000000,44.099957666667,28.658128,1,0,1,0,0,0
2024-09-09T12:25:00.000000,44.099955333333,28.658130166667,1,0,1,0,0,0
2024-09-09T12:26:00.000000,44.099953833333,28.6581315,1,0,1,0,0,0
2024-09-09T12:27:00.000000,44.099952666667,28.658131833333,1,0,1,0,0,0
2024-09-09T12:28:00.000000,44.099954833333,28.658131333333,1,0,1,0,0,0
2024-09-09T12:29:00.000000,44.0999535,28.65813,1,0,1,0,0,0
2024-09-09T12:30:00.000000,44.099987833333,28.658085666667,1,0,1,0,0,0
2024-09-09T12:31:00.000000,44.100054833333,28.6579465,1,0,1,0,0,0
2024-09-09T12:32:00.000000,44.100146833333,28.657782,1,0,1,0,0,0
2024-09-09T12:33:00.000000,44.100199,28.657722333333,1,0,1,0,0,0
2024-09-09T12:34:00.000000,44.100199333333,28.657599166667,1,0,1,0,0,0
2024-09-09T12:35:00.000000,44.100344333333,28.657467166667,1,0,1,0,0,0
2024-09-09T12:36:00.000000,44.100473833333,28.657291333333,1,0,1,0,0,0
2024-09-09T12:37:00.000000,44.1006145,28.6570365,1,0,1,0,0,0
2024-09-09T12:38:00.000000,44.100815333333,28.6568795,1,0,1,0,0,0
2024-09-09T12:39:00.000000,44.10106,28.656763,1,0,1,0,0,0
2024-09-09T12:40:00.000000,44.101476333333,28.6565665,4,0,0,0,0,1
2024-09-09T12:41:00.000000,44.102115,28.656323166667,4,0,0,0,0,1
2024-09-09T12:42:00.000000,44.102961333333,28.656304666667,4,0,0,0,0,1
2024-09-09T12:43:00.000000,44.1039615,28.6564205,4,0,0,0,0,1
2024-09-09T12:44:00.000000,44.105140166667,28.656568166667,4,0,0,0,0,1
2024-09-09T12:45:00.000000,44.106409,28.656784166667,4,0,0,0,0,1
2024-09-09T12:46:00.000000,44.107625,28.657293,4,0,0,0,0,1
2024-09-09T12:47:00.000000,44.108559333333,28.658293666667,4,0,0,0,0,1
2024-09-09T12:48:00.000000,44.109035,28.659683833333,4,0,0,0,0,1
2024-09-09T12:49:00.000000,44.109264,28.661263833333,4,0,0,0,0,1
2024-09-09T12:50:00.000000,44.109276166667,28.662963,4,0,0,0,0,1
2024-09-09T12:51:00.000000,44.109051,28.6646795,4,0,0,0,0,1
2024-09-09T12:52:00.000000,44.108437333333,28.666179833333,4,0,0,0,0,1
2024-09-09T12:53:00.000000,44.107695833333,28.6676965,4,0,0,0,0,1
2024-09-09T12:54:00.000000,44.106892666667,28.669275166667,4,0,0,0,0,1
2024-09-09T12:55:00.000000,44.1060065,28.670846833333,4,0,0,0,0,1
2024-09-09T12:56:00.000000,44.1052735,28.6725695,4,0,0,0,0,1
2024-09-09T12:57:00.000000,44.1047355,28.6744195,4,0,0,0,0,1
2024-09-09T12:58:00.000000,44.104248666667,28.6763065,4,0,0,0,0,1
2024-09-09T12:59:00.000000,44.1038025,28.678225333333,4,0,0,0,0,1
2024-09-09T13:00:00.000000,44.103498833333,28.680158833333,4,0,0,0,0,1
2024-09-09T13:01:00.000000,44.10346,28.682069,4,0,0,0,0,1
2024-09-09T13:02:00.000000,44.1037655,28.683814,4,0,0,0,0,1
2024-09-09T13:03:00.000000,44.104247833333,28.685443166667,4,0,0,0,0,1
2024-09-09T13:04:00.000000,44.1048185,28.687037833333,4,0,0,0,0,1
2024-09-09T13:05:00.000000,44.105427166667,28.688630333333,4,0,0,0,0,1
2024-09-09T13:06:00.000000,44.105979833333,28.690338333333,4,0,0,0,0,1
2024-09-09T13:07:00.000000,44.106459666667,28.6921585,4,0,0,0,0,1
2024-09-09T13:08:00.000000,44.106444833333,28.694011333333,4,0,0,0,0,1
2024-09-09T13:09:00.000000,44.106072333333,28.695804833333,4,0,0,0,0,1
2024-09-09T13:10:00.000000,44.105351,28.697374833333,4,0,0,0,0,1
2024-09-09T13:11:00.000000,44.104230333333,28.698501,4,0,0,0,0,1
2024-09-09T13:12:00.000000,44.1028705,28.699522,4,0,0,0,0,1
2024-09-09T13:13:00.000000,44.101330833333,28.700566833333,4,0,0,0,0,1
2024-09-09T13:14:00.000000,44.099591333333,28.701189833333,4,0,0,0,0,1
2024-09-09T13:15:00.000000,44.097725,28.701645,4,0,0,0,0,1
2024-09-09T13:16:00.000000,44.095767166667,28.702073166667,4,0,0,0,0,1
2024-09-09T13:17:00.000000,44.093744166667,28.702466333333,4,0,0,0,0,1
2024-09-09T13:18:00.000000,44.091702833333,28.702969833333,4,0,0,0,0,1
2024-09-09T13:19:00.000000,44.089666333333,28.703634333333,4,0,0,0,0,1
2024-09-09T13:20:00.000000,44.087513166667,28.704381,4,0,0,0,0,1
2024-09-09T13:21:00.000000,44.0851015,28.705179166667,4,0,0,0,0,1
2024-09-09T13:22:00.000000,44.082507,28.706060166667,4,0,0,0,0,1
2024-09-09T13:23:00.000000,44.079801333333,28.707078166667,4,0,0,0,0,1
2024-09-09T13:24:00.000000,44.077005333333,28.708183833333,4,0,0,0,0,1
2024-09-09T13:25:00.000000,44.0740695,28.709279,4,0,0,0,0,1
2024-09-09T13:26:00.000000,44.071113,28.710725333333,4,0,0,0,0,1
2024-09-09T13:27:00.000000,44.0681615,28.712467833333,4,0,0,0,0,1
2024-09-09T13:28:00.000000,44.065303833333,28.714592333333,4,0,0,0,0,1
2024-09-09T13:29:00.000000,44.062564833333,28.717086666667,4,0,0,0,0,1
2024-09-09T13:30:00.000000,44.0598355,28.719753833333,4,0,0,0,0,1
2024-09-09T13:31:00.000000,44.057073833333,28.722501,4,0,0,0,0,1
2024-09-09T13:32:00.000000,44.054245666667,28.725268666667,4,0,0,0,0,1
2024-09-09T13:33:00.000000,44.051338333333,28.728003333333,4,0,0,0,0,1
2024-09-09T13:34:00.000000,44.048380166667,28.73075,4,0,0,0,0,1
2024-09-09T13:35:00.000000,44.045442,28.733622166667,4,0,0,0,0,1
2024-09-09T13:36:00.000000,44.042469833333,28.736531333333,4,0,0,0,0,1
2024-09-09T13:37:00.000000,44.039450666667,28.73946,4,0,0,0,0,1
2024-09-09T13:38:00.000000,44.036394,28.7424175,4,0,0,0,0,1
2024-09-09T13:39:00.000000,44.0332925,28.745400166667,4,0,0,0,0,1
2024-09-09T13:40:00.000000,44.030160666667,28.748413833333,4,0,0,0,0,1
2024-09-09T13:41:00.000000,44.027027,28.751472833333,4,0,0,0,0,1
2024-09-09T13:42:00.000000,44.023960833333,28.754664166667,4,0,0,0,0,1
2024-09-09T13:43:00.000000,44.020843666667,28.757802,4,0,0,0,0,1
2024-09-09T13:44:00.000000,44.017713833333,28.760956833333,4,0,0,0,0,1
2024-09-09T13:45:00.000000,44.014614333333,28.764153333333,4,0,0,0,0,1
2024-09-09T13:46:00.000000,44.011513166667,28.767345333333,4,0,0,0,0,1
2024-09-09T13:47:00.000000,44.008405833333,28.77053,4,0,0,0,0,1
2024-09-09T13:48:00.000000,44.005297,28.7737255,4,0,0,0,0,1
2024-09-09T13:49:00.000000,44.002190166667,28.776919833333,4,0,0,0,0,1
2024-09-09T13:50:00.000000,43.999084833333,28.780103833333,4,0,0,0,0,1
2024-09-09T13:51:00.000000,43.995975,28.783284833333,4,0,0,0,0,1
2024-09-09T13:52:00.000000,43.992869333333,28.786455166667,4,0,0,0,0,1
2024-09-09T13:53:00.000000,43.989786833333,28.789628,4,0,0,0,0,1
2024-09-09T13:54:00.000000,43.986640666667,28.792649833333,4,0,0,0,0,1
2024-09-09T13:55:00.000000,43.983148166667,28.794927833333,4,0,0,0,0,1
2024-09-09T13:56:00.000000,43.97941,28.796373166667,4,0,0,0,0,1
2024-09-09T13:57:00.000000,43.9755355,28.796891333333,4,0,0,0,0,1
2024-09-09T13:58:00.000000,43.971618166667,28.796799666667,4,0,0,0,0,1
2024-09-09T13:59:00.000000,43.9676935,28.796643166667,4,0,0,0,0,1
2024-09-09T14:00:00.000000,43.963776,28.796567,4,0,0,0,0,1
2024-09-09T14:01:00.000000,43.959864166667,28.796535,4,0,0,0,0,1
2024-09-09T14:02:00.000000,43.955952166667,28.796498833333,4,0,0,0,0,1
2024-09-09T14:03:00.000000,43.952044833333,28.796450666667,4,0,0,0,0,1
2024-09-09T14:04:00.000000,43.948136666667,28.796387166667,4,0,0,0,0,1
2024-09-09T14:05:00.000000,43.944231666667,28.7963215,4,0,0,0,0,1
2024-09-09T14:06:00.000000,43.9403295,28.796243166667,4,0,0,0,0,1
2024-09-09T14:07:00.000000,43.936426333333,28.796156166667,4,0,0,0,0,1
2024-09-09T14:08:00.000000,43.932535333333,28.796075166667,4,0,0,0,0,1
2024-09-09T14:09:00.000000,43.928647333333,28.795997666667,4,0,0,0,0,1
2024-09-09T14:10:00.000000,43.924754333333,28.795918333333,4,0,0,0,0,1
2024-09-09T14:11:00.000000,43.920860666667,28.795843166667,4,0,0,0,0,1
2024-09-09T14:12:00.000000,43.9169665,28.795766333333,4,0,0,0,0,1
2024-09-09T14:13:00.000000,43.91307,28.795690333333,4,0,0,0,0,1
2024-09-09T14:14:00.000000,43.9091715,28.79561,4,0,0,0,0,1
2024-09-09T14:15:00.000000,43.9052735,28.795531166667,4,0,0,0,0,1
2024-09-09T14:16:00.000000,43.901381666667,28.795468166667,4,0,0,0,0,1
2024-09-09T14:17:00.000000,43.897488166667,28.795416166667,4,0,0,0,0,1
2024-09-09T14:18:00.000000,43.893588166667,28.795373166667,4,0,0,0,0,1
2024-09-09T14:19:00.000000,43.889679333333,28.7953245,4,0,0,0,0,1
2024-09-09T14:20:00.000000,43.885763,28.795281333333,4,0,0,0,0,1
2024-09-09T14:21:00.000000,43.881836833333,28.795217833333,4,0,0,0,0,1
2024-09-09T14:22:00.000000,43.8779125,28.795147333333,4,0,0,0,0,1
2024-09-09T14:23:00.000000,43.873999,28.795031333333,4,0,0,0,0,1
2024-09-09T14:24:00.000000,43.870111333333,28.795142166667,4,0,0,0,0,1
2024-09-09T14:25:00.000000,43.8662265,28.795401666667,4,0,0,0,0,1
2024-09-09T14:26:00.000000,43.862326166667,28.795667166667,4,0,0,0,0,1
2024-09-09T14:27:00.000000,43.858416166667,28.7959115,4,0,0,0,0,1
2024-09-09T14:28:00.000000,43.854506833333,28.796141333333,4,0,0,0,0,1
2024-09-09T14:29:00.000000,43.850594333333,28.796356,4,0,0,0,0,1
2024-09-09T14:30:00.000000,43.8466805,28.796551,4,0,0,0,0,1
2024-09-09T14:31:00.000000,43.842770833333,28.796725166667,4,0,0,0,0,1
2024-09-09T14:32:00.000000,43.838867333333,28.796908166667,4,0,0,0,0,1
2024-09-09T14:33:00.000000,43.834961666667,28.797090166667,4,0,0,0,0,1
2024-09-09T14:34:00.000000,43.831059666667,28.7972965,4,0,0,0,0,1
2024-09-09T14:35:00.000000,43.827155666667,28.797514,4,0,0,0,0,1
2024-09-09T14:36:00.000000,43.823243833333,28.797729333333,4,0,0,0,0,1
2024-09-09T14:37:00.000000,43.819327166667,28.797927333333,4,0,0,0,0,1
2024-09-09T14:38:00.000000,43.81541,28.798133666667,4,0,0,0,0,1
2024-09-09T14:39:00.000000,43.811488833333,28.798330666667,4,0,0,0,0,1
2024-09-09T14:40:00.000000,43.8075685,28.798586,4,0,0,0,0,1
2024-09-09T14:41:00.000000,43.8036475,28.7988925,4,0,0,0,0,1
2024-09-09T14:42:00.000000,43.799712833333,28.79919,4,0,0,0,0,1
2024-09-09T14:43:00.000000,43.795766666667,28.7994885,4,0,0,0,0,1
2024-09-09T14:44:00.000000,43.791813666667,28.799791666667,4,0,0,0,0,1
2024-09-09T14:45:00.000000,43.7878575,28.800103,4,0,0,0,0,1
2024-09-09T14:46:00.000000,43.783893666667,28.800412833333,4,0,0,0,0,1
2024-09-09T14:47:00.000000,43.7799295,28.8007285,4,0,0,0,0,1
2024-09-09T14:48:00.000000,43.775971,28.801091,4,0,0,0,0,1
2024-09-09T14:49:00.000000,43.772021166667,28.801510666667,4,0,0,0,0,1
2024-09-09T14:50:00.000000,43.768074666667,28.801942166667,4,0,0,0,0,1
2024-09-09T14:51:00.000000,43.764140166667,28.802374333333,4,0,0,0,0,1
2024-09-09T14:52:00.000000,43.760228666667,28.802842333333,4,0,0,0,0,1
2024-09-09T14:53:00.000000,43.756343666667,28.803321833333,4,0,0,0,0,1
2024-09-09T14:54:00.000000,43.7524675,28.803793166667,4,0,0,0,0,1
2024-09-09T14:55:00.000000,43.748592333333,28.804268,4,0,0,0,0,1
2024-09-09T14:56:00.000000,43.7447195,28.804751833333,4,0,0,0,0,1
2024-09-09T14:57:00.000000,43.7408425,28.805235166667,4,0,0,0,0,1
2024-09-09T14:58:00.000000,43.736960666667,28.805702833333,4,0,0,0,0,1
2024-09-09T14:59:00.000000,43.733099333333,28.8062545,4,0,0,0,0,1
2024-09-09T15:00:00.000000,43.729274833333,28.806842,4,0,0,0,0,1
2024-09-09T15:01:00.000000,43.725464166667,28.8074095,4,0,0,0,0,1
2024-09-09T15:02:00.000000,43.721658166667,28.8079895,4,0,0,0,0,1
2024-09-09T15:03:00.000000,43.7178515,28.808567166667,4,0,0,0,0,1
2024-09-09T15:04:00.000000,43.714044166667,28.809140666667,4,0,0,0,0,1
2024-09-09T15:05:00.000000,43.7102345,28.809726666667,4,0,0,0,0,1
2024-09-09T15:06:00.000000,43.706425833333,28.8103115,4,0,0,0,0,1
2024-09-09T15:07:00.000000,43.702614,28.810889333333,4,0,0,0,0,1
2024-09-09T15:08:00.000000,43.698787,28.811137833333,4,0,0,0,0,1
2024-09-09T15:09:00.000000,43.694982166667,28.810979666667,4,0,0,0,0,1
2024-09-09T15:10:00.000000,43.691198666667,28.8105435,4,0,0,0,0,1
2024-09-09T15:11:00.000000,43.687436333333,28.810055333333,4,0,0,0,0,1
2024-09-09T15:12:00.000000,43.683692833333,28.809567166667,4,0,0,0,0,1
2024-09-09T15:13:00.000000,43.6799605,28.809075666667,4,0,0,0,0,1
2024-09-09T15:14:00.000000,43.676234333333,28.808571,4,0,0,0,0,1
2024-09-09T15:15:00.000000,43.672512,28.8080625,4,0,0,0,0,1
2024-09-09T15:16:00.000000,43.668785333333,28.807562833333,4,0,0,0,0,1
2024-09-09T15:17:00.000000,43.665059833333,28.807064833333,4,0,0,0,0,1
2024-09-09T15:18:00.000000,43.661339166667,28.806578833333,4,0,0,0,0,1
2024-09-09T15:19:00.000000,43.657622333333,28.806076333333,4,0,0,0,0,1
2024-09-09T15:20:00.000000,43.653924166667,28.805517166667,4,0,0,0,0,1
2024-09-09T15:21:00.000000,43.650272833333,28.805499333333,4,0,0,0,0,1
2024-09-09T15:22:00.000000,43.646628833333,28.805919333333,4,0,0,0,0,1
2024-09-09T15:23:00.000000,43.642963,28.806389,4,0,0,0,0,1
2024-09-09T15:24:00.000000,43.639272333333,28.806845166667,4,0,0,0,0,1
2024-09-09T15:25:00.000000,43.635569,28.807292166667,4,0,0,0,0,1
2024-09-09T15:26:00.000000,43.6318535,28.807738,4,0,0,0,0,1
2024-09-09T15:27:00.000000,43.628137666667,28.808180333333,4,0,0,0,0,1
2024-09-09T15:28:00.000000,43.624422,28.8086255,4,0,0,0,0,1
2024-09-09T15:29:00.000000,43.620706666667,28.809070833333,4,0,0,0,0,1
2024-09-09T15:30:00.000000,43.6169765,28.809525166667,4,0,0,0,0,1
2024-09-09T15:31:00.000000,43.613231333333,28.809971666667,4,0,0,0,0,1
2024-09-09T15:32:00.000000,43.609410833333,28.810420333333,4,0,0,0,0,1
2024-09-09T15:33:00.000000,43.605645333333,28.810848,4,0,0,0,0,1
2024-09-09T15:34:00.000000,43.601874833333,28.811268333333,4,0,0,0,0,1
2024-09-09T15:35:00.000000,43.598103166667,28.811681,4,0,0,0,0,1
2024-09-09T15:36:00.000000,43.5943235,28.812102,4,0,0,0,0,1
2024-09-09T15:37:00.000000,43.590540833333,28.8125225,4,0,0,0,0,1
2024-09-09T15:38:00.000000,43.586746833333,28.812921,4,0,0,0,0,1
2024-09-09T15:39:00.000000,43.582947333333,28.813306666667,4,0,0,0,0,1
2024-09-09T15:40:00.000000,43.579139833333,28.813692833333,4,0,0,0,0,1
2024-09-09T15:41:00.000000,43.5753265,28.8140785,4,0,0,0,0,1
2024-09-09T15:42:00.000000,43.571503333333,28.814446666667,4,0,0,0,0,1
2024-09-09T15:43:00.000000,43.5676755,28.814801833333,4,0,0,0,0,1
2024-09-09T15:44:00.000000,43.563846666667,28.815155166667,4,0,0,0,0,1
2024-09-09T15:45:00.000000,43.560014666667,28.8154905,4,0,0,0,0,1
2024-09-09T15:46:00.000000,43.5561775,28.815804833333,4,0,0,0,0,1
2024-09-09T15:47:00.000000,43.552333333333,28.8161155,4,0,0,0,0,1
2024-09-09T15:48:00.000000,43.548483166667,28.816419333333,4,0,0,0,0,1
2024-09-09T15:49:00.000000,43.544621666667,28.816722166667,4,0,0,0,0,1
2024-09-09T15:50:00.000000,43.540749666667,28.817003333333,4,0,0,0,0,1
2024-09-09T15:51:00.000000,43.536871666667,28.817278666667,4,0,0,0,0,1
2024-09-09T15:52:00.000000,43.532988666667,28.817548666667,4,0,0,0,0,1
2024-09-09T15:53:00.000000,43.529105833333,28.8178,4,0,0,0,0,1
2024-09-09T15:54:00.000000,43.5252325,28.818079333333,4,0,0,0,0,1
2024-09-09T15:55:00.000000,43.521363166667,28.818482833333,4,0,0,0,0,1
2024-09-09T15:56:00.000000,43.517476333333,28.818897166667,4,0,0,0,0,1
2024-09-09T15:57:00.000000,43.513575666667,28.819273666667,4,0,0,0,0,1
2024-09-09T15:58:00.000000,43.509667333333,28.819657333333,4,0,0,0,0,1
2024-09-09T15:59:00.000000,43.505756,28.820048333333,4,0,0,0,0,1
2024-09-09T16:00:00.000000,43.501845,28.820439166667,4,0,0,0,0,1
2024-09-09T16:01:00.000000,43.49793,28.820821166667,4,0,0,0,0,1
2024-09-09T16:02:00.000000,43.4940055,28.8211995,4,0,0,0,0,1
2024-09-09T16:03:00.000000,43.490072666667,28.821568,4,0,0,0,0,1
2024-09-09T16:04:00.000000,43.4861345,28.821909333333,4,0,0,0,0,1
2024-09-09T16:05:00.000000,43.482190833333,28.822232833333,4,0,0,0,0,1
2024-09-09T16:06:00.000000,43.478242666667,28.82255,4,0,0,0,0,1
2024-09-09T16:07:00.000000,43.4743005,28.8228315,4,0,0,0,0,1
2024-09-09T16:08:00.000000,43.470362333333,28.823101,4,0,0,0,0,1
2024-09-09T16:09:00.000000,43.466423833333,28.8233655,4,0,0,0,0,1
2024-09-09T16:10:00.000000,43.4625045,28.823758166667,4,0,0,0,0,1
2024-09-09T16:11:00.000000,43.458582666667,28.824139166667,4,0,0,0,0,1
2024-09-09T16:12:00.000000,43.454670833333,28.824467666667,4,0,0,0,0,1
2024-09-09T16:13:00.000000,43.450764666667,28.824788833333,4,0,0,0,0,1
2024-09-09T16:14:00.000000,43.44687,28.825091833333,4,0,0,0,0,1
2024-09-09T16:15:00.000000,43.442982666667,28.8254145,4,0,0,0,0,1
2024-09-09T16:16:00.000000,43.439096,28.825763833333,4,0,0,0,0,1
2024-09-09T16:17:00.000000,43.435204666667,28.826115333333,4,0,0,0,0,1
2024-09-09T16:18:00.000000,43.431307666667,28.826462666667,4,0,0,0,0,1
2024-09-09T16:19:00.000000,43.427404333333,28.826812666667,4,0,0,0,0,1
2024-09-09T16:20:00.000000,43.423497666667,28.827172166667,4,0,0,0,0,1
2024-09-09T16:21:00.000000,43.419588166667,28.827540333333,4,0,0,0,0,1
2024-09-09T16:22:00.000000,43.4156795,28.827924333333,4,0,0,0,0,1
2024-09-09T16:23:00.000000,43.4117725,28.8282965,4,0,0,0,0,1
2024-09-09T16:24:00.000000,43.407869,28.828664666667,4,0,0,0,0,1
2024-09-09T16:25:00.000000,43.403964166667,28.829021666667,4,0,0,0,0,1
2024-09-09T16:26:00.000000,43.400056,28.829377833333,4,0,0,0,0,1
2024-09-09T16:27:00.000000,43.3961485,28.829731,4,0,0,0,0,1
2024-09-09T16:28:00.000000,43.392242666667,28.8300875,4,0,0,0,0,1
2024-09-09T16:29:00.000000,43.388330666667,28.830438666667,4,0,0,0,0,1
2024-09-09T16:30:00.000000,43.384416666667,28.830777166667,4,0,0,0,0,1
2024-09-09T16:31:00.000000,43.3805055,28.8310955,4,0,0,0,0,1
2024-09-09T16:32:00.000000,43.376595833333,28.831429166667,4,0,0,0,0,1
2024-09-09T16:33:00.000000,43.372676666667,28.831778166667,4,0,0,0,0,1
2024-09-09T16:34:00.000000,43.368756,28.832136,4,0,0,0,0,1
2024-09-09T16:35:00.000000,43.364829333333,28.832511,4,0,0,0,0,1
2024-09-09T16:36:00.000000,43.360902333333,28.8328935,4,0,0,0,0,1
2024-09-09T16:37:00.000000,43.356978,28.833277833333,4,0,0,0,0,1
2024-09-09T16:38:00.000000,43.353048833333,28.833650333333,4,0,0,0,0,1
2024-09-09T16:39:00.000000,43.349119833333,28.834028166667,4,0,0,0,0,1
2024-09-09T16:40:00.000000,43.3451985,28.834414333333,4,0,0,0,0,1
2024-09-09T16:41:00.000000,43.341282833333,28.834803833333,4,0,0,0,0,1
2024-09-09T16:42:00.000000,43.337376333333,28.835221333333,4,0,0,0,0,1
2024-09-09T16:43:00.000000,43.333467,28.8356495,4,0,0,0,0,1
2024-09-09T16:44:00.000000,43.3295495,28.836070833333,4,0,0,0,0,1
2024-09-09T16:45:00.000000,43.325628166667,28.836488833333,4,0,0,0,0,1
2024-09-09T16:46:00.000000,43.321699833333,28.8369085,4,0,0,0,0,1
2024-09-09T16:47:00.000000,43.317769333333,28.837318166667,4,0,0,0,0,1
2024-09-09T16:48:00.000000,43.313838666667,28.837721,4,0,0,0,0,1
2024-09-09T16:49:00.000000,43.309902833333,28.838120833333,4,0,0,0,0,1
2024-09-09T16:50:00.000000,43.3059685,28.838510333333,4,0,0,0,0,1
2024-09-09T16:51:00.000000,43.302032166667,28.838892,4,0,0,0,0,1
2024-09-09T16:52:00.000000,43.298092,28.8392545,4,0,0,0,0,1
2024-09-09T16:53:00.000000,43.294154166667,28.839610666667,4,0,0,0,0,1
2024-09-09T16:54:00.000000,43.290221,28.8399635,4,0,0,0,0,1
2024-09-09T16:55:00.000000,43.286294833333,28.8403475,4,0,0,0,0,1
2024-09-09T16:56:00.000000,43.282373666667,28.840741666667,4,0,0,0,0,1
2024-09-09T16:57:00.000000,43.278454,28.841136333333,4,0,0,0,0,1
2024-09-09T16:58:00.000000,43.274537666667,28.841525833333,4,0,0,0,0,1
2024-09-09T16:59:00.000000,43.270627333333,28.841906166667,4,0,0,0,0,1
2024-09-09T17:00:00.000000,43.266719,28.842289666667,4,0,0,0,0,1
2024-09-09T17:01:00.000000,43.262808333333,28.842673166667,4,0,0,0,0,1
2024-09-09T17:02:00.000000,43.2588965,28.843041166667,4,0,0,0,0,1
2024-09-09T17:03:00.000000,43.254998,28.843461333333,4,0,0,0,0,1
2024-09-09T17:04:00.000000,43.251110333333,28.843944,4,0,0,0,0,1
2024-09-09T17:05:00.000000,43.247219166667,28.8443855,4,0,0,0,0,1
2024-09-09T17:06:00.000000,43.243330666667,28.844828,4,0,0,0,0,1
2024-09-09T17:07:00.000000,43.239444,28.845285333333,4,0,0,0,0,1
2024-09-09T17:08:00.000000,43.235553666667,28.845765333333,4,0,0,0,0,1
2024-09-09T17:09:00.000000,43.231658666667,28.846268,4,0,0,0,0,1
2024-09-09T17:10:00.000000,43.227764333333,28.846754833333,4,0,0,0,0,1
2024-09-09T17:11:00.000000,43.223875833333,28.847232,4,0,0,0,0,1
2024-09-09T17:12:00.000000,43.2199905,28.847710333333,4,0,0,0,0,1
2024-09-09T17:13:00.000000,43.21611,28.848186666667,4,0,0,0,0,1
2024-09-09T17:14:00.000000,43.212232166667,28.848672666667,4,0,0,0,0,1
2024-09-09T17:15:00.000000,43.208356,28.8491505,4,0,0,0,0,1
2024-09-09T17:16:00.000000,43.2044865,28.8496275,4,0,0,0,0,1
2024-09-09T17:17:00.000000,43.200629833333,28.850079,4,0,0,0,0,1
2024-09-09T17:18:00.000000,43.196787666667,28.850519166667,4,0,0,0,0,1
2024-09-09T17:19:00.000000,43.192955166667,28.850971,4,0,0,0,0,1
2024-09-09T17:20:00.000000,43.189121666667,28.8514335,4,0,0,0,0,1
2024-09-09T17:21:00.000000,43.185283,28.8518535,4,0,0,0,0,1
2024-09-09T17:22:00.000000,43.181433833333,28.852272833333,4,0,0,0,0,1
2024-09-09T17:23:00.000000,43.177578333333,28.852687833333,4,0,0,0,0,1
2024-09-09T17:24:00.000000,43.1737185,28.853098,4,0,0,0,0,1
2024-09-09T17:25:00.000000,43.1698465,28.853486,4,0,0,0,0,1
2024-09-09T17:26:00.000000,43.165971,28.853944833333,4,0,0,0,0,1
2024-09-09T17:27:00.000000,43.162086333333,28.8544275,4,0,0,0,0,1
2024-09-09T17:28:00.000000,43.158192166667,28.854921,4,0,0,0,0,1
2024-09-09T17:29:00.000000,43.1542985,28.855425666667,4,0,0,0,0,1
2024-09-09T17:30:00.000000,43.150397333333,28.855904333333,4,0,0,0,0,1
2024-09-09T17:31:00.000000,43.146487333333,28.8563845,4,0,0,0,0,1
2024-09-09T17:32:00.000000,43.142574666667,28.856865833333,4,0,0,0,0,1
2024-09-09T17:33:00.000000,43.138665166667,28.8573615,4,0,0,0,0,1
2024-09-09T17:34:00.000000,43.134754666667,28.857865,4,0,0,0,0,1
2024-09-09T17:35:00.000000,43.130862,28.858420666667,4,0,0,0,0,1
2024-09-09T17:36:00.000000,43.126987666667,28.859014833333,4,0,0,0,0,1
2024-09-09T17:37:00.000000,43.1231175,28.859591166667,4,0,0,0,0,1
2024-09-09T17:38:00.000000,43.1192455,28.8601515,4,0,0,0,0,1
2024-09-09T17:39:00.000000,43.115373166667,28.860721166667,4,0,0,0,0,1
2024-09-09T17:40:00.000000,43.111499833333,28.861305666667,4,0,0,0,0,1
2024-09-09T17:41:00.000000,43.107619833333,28.8619025,4,0,0,0,0,1
2024-09-09T17:42:00.000000,43.103738666667,28.862496333333,4,0,0,0,0,1
2024-09-09T17:43:00.000000,43.099854833333,28.863096166667,4,0,0,0,0,1
2024-09-09T17:44:00.000000,43.095967,28.8637,4,0,0,0,0,1
2024-09-09T17:45:00.000000,43.092077333333,28.864318333333,4,0,0,0,0,1
2024-09-09T17:46:00.000000,43.088182,28.8649305,4,0,0,0,0,1
2024-09-09T17:47:00.000000,43.084283666667,28.865533666667,4,0,0,0,0,1
2024-09-09T17:48:00.000000,43.080381166667,28.866147166667,4,0,0,0,0,1
2024-09-09T17:49:00.000000,43.0764725,28.866763666667,4,0,0,0,0,1
2024-09-09T17:50:00.000000,43.072554,28.867394333333,4,0,0,0,0,1
2024-09-09T17:51:00.000000,43.068641666667,28.868032333333,4,0,0,0,0,1
2024-09-09T17:52:00.000000,43.064721333333,28.868669333333,4,0,0,0,0,1
2024-09-09T17:53:00.000000,43.0607955,28.869295,4,0,0,0,0,1
2024-09-09T17:54:00.000000,43.056868833333,28.869921,4,0,0,0,0,1
2024-09-09T17:55:00.000000,43.052926666667,28.8705715,4,0,0,0,0,1
2024-09-09T17:56:00.000000,43.048980833333,28.871216,4,0,0,0,0,1
2024-09-09T17:57:00.000000,43.045023,28.8718565,4,0,0,0,0,1
2024-09-09T17:58:00.000000,43.041064,28.8724795,4,0,0,0,0,1
2024-09-09T17:59:00.000000,43.037091,28.873117333333,4,0,0,0,0,1
2024-09-09T18:00:00.000000,43.03311,28.873743166667,4,0,0,0,0,1
2024-09-09T18:01:00.000000,43.029122833333,28.874375166667,4,0,0,0,0,1
2024-09-09T18:02:00.000000,43.025130666667,28.875005333333,4,0,0,0,0,1
2024-09-09T18:03:00.000000,43.021138833333,28.875630166667,4,0,0,0,0,1
2024-09-09T18:04:00.000000,43.017139,28.876259166667,4,0,0,0,0,1
2024-09-09T18:05:00.000000,43.01314,28.87689,4,0,0,0,0,1
2024-09-09T18:06:00.000000,43.009129333333,28.87751,4,0,0,0,0,1
2024-09-09T18:07:00.000000,43.005111833333,28.878118166667,4,0,0,0,0,1
2024-09-09T18:08:00.000000,43.001091166667,28.878720833333,4,0,0,0,0,1
2024-09-09T18:09:00.000000,42.997071666667,28.879333833333,4,0,0,0,0,1
2024-09-09T18:10:00.000000,42.9930415,28.879958333333,4,0,0,0,0,1
2024-09-09T18:11:00.000000,42.989009833333,28.880576333333,4,0,0,0,0,1
2024-09-09T18:12:00.000000,42.984980833333,28.881181333333,4,0,0,0,0,1
2024-09-09T18:13:00.000000,42.9809435,28.881788,4,0,0,0,0,1
2024-09-09T18:14:00.000000,42.976903333333,28.8824005,4,0,0,0,0,1
2024-09-09T18:15:00.000000,42.972864333333,28.883017666667,4,0,0,0,0,1
2024-09-09T18:16:00.000000,42.968825,28.883645166667,4,0,0,0,0,1
2024-09-09T18:17:00.000000,42.9647895,28.884278166667,4,0,0,0,0,1
2024-09-09T18:18:00.000000,42.960745666667,28.884913666667,4,0,0,0,0,1
2024-09-09T18:19:00.000000,42.9566895,28.885495333333,4,0,0,0,0,1
2024-09-09T18:20:00.000000,42.952626666667,28.886059166667,4,0,0,0,0,1
2024-09-09T18:21:00.000000,42.9485625,28.886619833333,4,0,0,0,0,1
2024-09-09T18:22:00.000000,42.944497333333,28.887184833333,4,0,0,0,0,1
2024-09-09T18:23:00.000000,42.9404415,28.8877605,4,0,0,0,0,1
2024-09-09T18:24:00.000000,42.936389666667,28.888333166667,4,0,0,0,0,1
2024-09-09T18:25:00.000000,42.932343666667,28.888895166667,4,0,0,0,0,1
2024-09-09T18:26:00.000000,42.928305,28.889448666667,4,0,0,0,0,1
2024-09-09T18:27:00.000000,42.924269833333,28.8899935,4,0,0,0,0,1
2024-09-09T18:28:00.000000,42.9202425,28.890532333333,4,0,0,0,0,1
2024-09-09T18:29:00.000000,42.916216,28.891060833333,4,0,0,0,0,1
2024-09-09T18:30:00.000000,42.912196166667,28.891584666667,4,0,0,0,0,1
2024-09-09T18:31:00.000000,42.908174,28.8920945,4,0,0,0,0,1
2024-09-09T18:32:00.000000,42.904167166667,28.892601166667,4,0,0,0,0,1
2024-09-09T18:33:00.000000,42.900163666667,28.893088833333,4,0,0,0,0,1
2024-09-09T18:34:00.000000,42.896161833333,28.8935605,4,0,0,0,0,1
2024-09-09T18:35:00.000000,42.8921645,28.894033833333,4,0,0,0,0,1
2024-09-09T18:36:00.000000,42.888168666667,28.894493,4,0,0,0,0,1
2024-09-09T18:37:00.000000,42.884168333333,28.894946333333,4,0,0,0,0,1
2024-09-09T18:38:00.000000,42.8801635,28.895387666667,4,0,0,0,0,1
2024-09-09T18:39:00.000000,42.876154333333,28.895846833333,4,0,0,0,0,1
2024-09-09T18:40:00.000000,42.872146666667,28.896301333333,4,0,0,0,0,1
2024-09-09T18:41:00.000000,42.868141833333,28.896778833333,4,0,0,0,0,1
2024-09-09T18:42:00.000000,42.8641415,28.897266333333,4,0,0,0,0,1
2024-09-09T18:43:00.000000,42.860144,28.897727833333,4,0,0,0,0,1
2024-09-09T18:44:00.000000,42.856154666667,28.898183166667,4,0,0,0,0,1
2024-09-09T18:45:00.000000,42.852174,28.898611,4,0,0,0,0,1
2024-09-09T18:46:00.000000,42.848199666667,28.899053,4,0,0,0,0,1
2024-09-09T18:47:00.000000,42.8442275,28.899493833333,4,0,0,0,0,1
2024-09-09T18:48:00.000000,42.84025,28.899916,4,0,0,0,0,1
2024-09-09T18:49:00.000000,42.8362735,28.900332166667,4,0,0,0,0,1
2024-09-09T18:50:00.000000,42.8322935,28.900736,4,0,0,0,0,1
2024-09-09T18:51:00.000000,42.828313833333,28.901138833333,4,0,0,0,0,1
2024-09-09T18:52:00.000000,42.824333,28.901530666667,4,0,0,0,0,1
2024-09-09T18:53:00.000000,42.820356166667,28.901923666667,4,0,0,0,0,1
2024-09-09T18:54:00.000000,42.816390333333,28.902325333333,4,0,0,0,0,1
2024-09-09T18:55:00.000000,42.812431166667,28.9027205,4,0,0,0,0,1
2024-09-09T18:56:00.000000,42.808472666667,28.9030875,4,0,0,0,0,1
2024-09-09T18:57:00.000000,42.804504833333,28.903422666667,4,0,0,0,0,1
2024-09-09T18:58:00.000000,42.800532333333,28.903753333333,4,0,0,0,0,1
2024-09-09T18:59:00.000000,42.79656,28.9040765,4,0,0,0,0,1
2024-09-09T19:00:00.000000,42.792592666667,28.904407666667,4,0,0,0,0,1
2024-09-09T19:01:00.000000,42.788613666667,28.904729833333,4,0,0,0,0,1
2024-09-09T19:02:00.000000,42.784619666667,28.905038833333,4,0,0,0,0,1
2024-09-09T19:03:00.000000,42.780628166667,28.905344666667,4,0,0,0,0,1
2024-09-09T19:04:00.000000,42.7766355,28.9056365,4,0,0,0,0,1
2024-09-09T19:05:00.000000,42.772645,28.905931833333,4,0,0,0,0,1
2024-09-09T19:06:00.000000,42.768656833333,28.906210166667,4,0,0,0,0,1
2024-09-09T19:07:00.000000,42.764674166667,28.906509,4,0,0,0,0,1
2024-09-09T19:08:00.000000,42.760688333333,28.906801,4,0,0,0,0,1
2024-09-09T19:09:00.000000,42.7566995,28.907087666667,4,0,0,0,0,1
2024-09-09T19:10:00.000000,42.752718,28.9073865,4,0,0,0,0,1
2024-09-09T19:11:00.000000,42.748742333333,28.9077465,4,0,0,0,0,1
2024-09-09T19:12:00.000000,42.744762333333,28.908114166667,4,0,0,0,0,1
2024-09-09T19:13:00.000000,42.740773333333,28.9084615,4,0,0,0,0,1
2024-09-09T19:14:00.000000,42.736785166667,28.908806666667,4,0,0,0,0,1
2024-09-09T19:15:00.000000,42.732796166667,28.909152166667,4,0,0,0,0,1
2024-09-09T19:16:00.000000,42.728814166667,28.909533833333,4,0,0,0,0,1
2024-09-09T19:17:00.000000,42.724843666667,28.909939,4,0,0,0,0,1
2024-09-09T19:18:00.000000,42.720883666667,28.91036,4,0,0,0,0,1
2024-09-09T19:19:00.000000,42.716936833333,28.910854,4,0,0,0,0,1
2024-09-09T19:20:00.000000,42.712982,28.911346666667,4,0,0,0,0,1
2024-09-09T19:21:00.000000,42.709009666667,28.911801666667,4,0,0,0,0,1
2024-09-09T19:22:00.000000,42.7050235,28.912243833333,4,0,0,0,0,1
2024-09-09T19:23:00.000000,42.701038666667,28.912721166667,4,0,0,0,0,1
2024-09-09T19:24:00.000000,42.697057833333,28.913207666667,4,0,0,0,0,1
2024-09-09T19:25:00.000000,42.693086833333,28.9137205,4,0,0,0,0,1
2024-09-09T19:26:00.000000,42.689123333333,28.9142285,4,0,0,0,0,1
2024-09-09T19:27:00.000000,42.685169333333,28.914734166667,4,0,0,0,0,1
2024-09-09T19:28:00.000000,42.6812105,28.915232166667,4,0,0,0,0,1
2024-09-09T19:29:00.000000,42.6772425,28.9157205,4,0,0,0,0,1
2024-09-09T19:30:00.000000,42.6732725,28.916210166667,4,0,0,0,0,1
2024-09-09T19:31:00.000000,42.669307666667,28.916711666667,4,0,0,0,0,1
2024-09-09T19:32:00.000000,42.6653455,28.917220333333,4,0,0,0,0,1
2024-09-09T19:33:00.000000,42.661395,28.917738333333,4,0,0,0,0,1
2024-09-09T19:34:00.000000,42.657381,28.918248333333,4,0,0,0,0,1
2024-09-09T19:35:00.000000,42.6534315,28.918746666667,4,0,0,0,0,1
2024-09-09T19:36:00.000000,42.6494855,28.919256333333,4,0,0,0,0,1
2024-09-09T19:37:00.000000,42.6455535,28.919817166667,4,0,0,0,0,1
2024-09-09T19:38:00.000000,42.6416265,28.920368166667,4,0,0,0,0,1
2024-09-09T19:39:00.000000,42.637703,28.920908,4,0,0,0,0,1
2024-09-09T19:40:00.000000,42.633782166667,28.921437,4,0,0,0,0,1
2024-09-09T19:41:00.000000,42.629858166667,28.921959166667,4,0,0,0,0,1
2024-09-09T19:42:00.000000,42.6259265,28.922461166667,4,0,0,0,0,1
2024-09-09T19:43:00.000000,42.621995333333,28.9229755,4,0,0,0,0,1
2024-09-09T19:44:00.000000,42.618060833333,28.923496166667,4,0,0,0,0,1
2024-09-09T19:45:00.000000,42.6141295,28.924002833333,4,0,0,0,0,1
2024-09-09T19:46:00.000000,42.610193166667,28.924528166667,4,0,0,0,0,1
2024-09-09T19:47:00.000000,42.606253,28.925062166667,4,0,0,0,0,1
2024-09-09T19:48:00.000000,42.602303,28.925588333333,4,0,0,0,0,1
2024-09-09T19:49:00.000000,42.598350333333,28.926109166667,4,0,0,0,0,1
2024-09-09T19:50:00.000000,42.594399,28.9266285,4,0,0,0,0,1
2024-09-09T19:51:00.000000,42.590448833333,28.927159,4,0,0,0,0,1
2024-09-09T19:52:00.000000,42.586502166667,28.927689166667,4,0,0,0,0,1
2024-09-09T19:53:00.000000,42.582550666667,28.928221666667,4,0,0,0,0,1
2024-09-09T19:54:00.000000,42.5785925,28.928767666667,4,0,0,0,0,1
2024-09-09T19:55:00.000000,42.574634333333,28.929319333333,4,0,0,0,0,1
2024-09-09T19:56:00.000000,42.570673833333,28.929881666667,4,0,0,0,0,1
2024-09-09T19:57:00.000000,42.566718666667,28.9304505,4,0,0,0,0,1
2024-09-09T19:58:00.000000,42.5627605,28.931010333333,4,0,0,0,0,1
2024-09-09T19:59:00.000000,42.558808666667,28.93157,4,0,0,0,0,1
2024-09-09T20:00:00.000000,42.554854166667,28.932150666667,4,0,0,0,0,1
2024-09-09T20:01:00.000000,42.550904833333,28.9327265,4,0,0,0,0,1
2024-09-09T20:02:00.000000,42.5469415,28.933322833333,4,0,0,0,0,1
2024-09-09T20:03:00.000000,42.5430045,28.933883666667,4,0,0,0,0,1
2024-09-09T20:04:00.000000,42.539059166667,28.9344505,4,0,0,0,0,1
2024-09-09T20:05:00.000000,42.535115,28.934995666667,4,0,0,0,0,1
2024-09-09T20:06:00.000000,42.531165166667,28.935566833333,4,0,0,0,0,1
2024-09-09T20:07:00.000000,42.5272415,28.936208333333,4,0,0,0,0,1
2024-09-09T20:08:00.000000,42.523305333333,28.936829666667,4,0,0,0,0,1
2024-09-09T20:09:00.000000,42.519367333333,28.937443333333,4,0,0,0,0,1
2024-09-09T20:10:00.000000,42.5154345,28.938043333333,4,0,0,0,0,1
2024-09-09T20:11:00.000000,42.5115145,28.938698,4,0,0,0,0,1
2024-09-09T20:12:00.000000,42.507593666667,28.939371833333,4,0,0,0,0,1
2024-09-09T20:13:00.000000,42.503663833333,28.940038666667,4,0,0,0,0,1
2024-09-09T20:14:00.000000,42.499723666667,28.940686833333,4,0,0,0,0,1
2024-09-09T20:15:00.000000,42.495775666667,28.941326166667,4,0,0,0,0,1
2024-09-09T20:16:00.000000,42.491831,28.941942833333,4,0,0,0,0,1
2024-09-09T20:17:00.000000,42.4878895,28.942564333333,4,0,0,0,0,1
2024-09-09T20:18:00.000000,42.483958666667,28.943275333333,4,0,0,0,0,1
2024-09-09T20:19:00.000000,42.4800215,28.943951333333,4,0,0,0,0,1
2024-09-09T20:20:00.000000,42.476085666667,28.944591666667,4,0,0,0,0,1
2024-09-09T20:21:00.000000,42.4721555,28.945251333333,4,0,0,0,0,1
2024-09-09T20:22:00.000000,42.468231,28.94592,4,0,0,0,0,1
2024-09-09T20:23:00.000000,42.464308,28.9465955,4,0,0,0,0,1
2024-09-09T20:24:00.000000,42.4603895,28.947272833333,4,0,0,0,0,1
2024-09-09T20:25:00.000000,42.456475166667,28.94798,4,0,0,0,0,1
2024-09-09T20:26:00.000000,42.452555666667,28.948682833333,4,0,0,0,0,1
2024-09-09T20:27:00.000000,42.448640833333,28.949382833333,4,0,0,0,0,1
2024-09-09T20:28:00.000000,42.444735666667,28.950090166667,4,0,0,0,0,1
2024-09-09T20:29:00.000000,42.440835333333,28.950815333333,4,0,0,0,0,1
2024-09-09T20:30:00.000000,42.436931333333,28.951531,4,0,0,0,0,1
2024-09-09T20:31:00.000000,42.433032333333,28.9522475,4,0,0,0,0,1
2024-09-09T20:32:00.000000,42.429139166667,28.952963833333,4,0,0,0,0,1
2024-09-09T20:33:00.000000,42.425251,28.9537185,4,0,0,0,0,1
2024-09-09T20:34:00.000000,42.421361333333,28.954509166667,4,0,0,0,0,1
2024-09-09T20:35:00.000000,42.4174775,28.955312833333,4,0,0,0,0,1
2024-09-09T20:36:00.000000,42.4135975,28.95608,4,0,0,0,0,1
2024-09-09T20:37:00.000000,42.4097285,28.956850166667,4,0,0,0,0,1
2024-09-09T20:38:00.000000,42.405859833333,28.957597666667,4,0,0,0,0,1
2024-09-09T20:39:00.000000,42.401979,28.958261166667,4,0,0,0,0,1
2024-09-09T20:40:00.000000,42.398103166667,28.958895166667,4,0,0,0,0,1
2024-09-09T20:41:00.000000,42.394228166667,28.959522833333,4,0,0,0,0,1
2024-09-09T20:42:00.000000,42.390344833333,28.960133333333,4,0,0,0,0,1
2024-09-09T20:43:00.000000,42.386449666667,28.960728333333,4,0,0,0,0,1
2024-09-09T20:44:00.000000,42.3825515,28.961313833333,4,0,0,0,0,1
2024-09-09T20:45:00.000000,42.3786555,28.961888333333,4,0,0,0,0,1
2024-09-09T20:46:00.000000,42.374752166667,28.962445833333,4,0,0,0,0,1
2024-09-09T20:47:00.000000,42.370844166667,28.963001,4,0,0,0,0,1
2024-09-09T20:48:00.000000,42.366919833333,28.963486166667,4,0,0,0,0,1
2024-09-09T20:49:00.000000,42.362989,28.963982166667,4,0,0,0,0,1
2024-09-09T20:50:00.000000,42.359069166667,28.9644995,4,0,0,0,0,1
2024-09-09T20:51:00.000000,42.355158333333,28.964986166667,4,0,0,0,0,1
2024-09-09T20:52:00.000000,42.351248,28.965435,4,0,0,0,0,1
2024-09-09T20:53:00.000000,42.347351166667,28.9659025,4,0,0,0,0,1
2024-09-09T20:54:00.000000,42.3434675,28.966383333333,4,0,0,0,0,1
2024-09-09T20:55:00.000000,42.339587,28.966869,4,0,0,0,0,1
2024-09-09T20:56:00.000000,42.335701,28.967326166667,4,0,0,0,0,1
2024-09-09T20:57:00.000000,42.331815666667,28.967817833333,4,0,0,0,0,1
2024-09-09T20:58:00.000000,42.3279315,28.9683795,4,0,0,0,0,1
2024-09-09T20:59:00.000000,42.324039833333,28.968938666667,4,0,0,0,0,1
2024-09-09T21:00:00.000000,42.320136833333,28.969483333333,4,0,0,0,0,1
2024-09-09T21:01:00.000000,42.3162285,28.970029166667,4,0,0,0,0,1
2024-09-09T21:02:00.000000,42.312319166667,28.97058,4,0,0,0,0,1
2024-09-09T21:03:00.000000,42.308398166667,28.971129,4,0,0,0,0,1
2024-09-09T21:04:00.000000,42.304476666667,28.971663,4,0,0,0,0,1
2024-09-09T21:05:00.000000,42.300562166667,28.972191666667,4,0,0,0,0,1
2024-09-09T21:06:00.000000,42.2966545,28.972730333333,4,0,0,0,0,1
2024-09-09T21:07:00.000000,42.292745333333,28.973276833333,4,0,0,0,0,1
2024-09-09T21:08:00.000000,42.288836833333,28.973826333333,4,0,0,0,0,1
2024-09-09T21:09:00.000000,42.284934166667,28.974370833333,4,0,0,0,0,1
2024-09-09T21:10:00.000000,42.2810325,28.974916166667,4,0,0,0,0,1
2024-09-09T21:11:00.000000,42.277133333333,28.975485833333,4,0,0,0,0,1
2024-09-09T21:12:00.000000,42.273240166667,28.9760585,4,0,0,0,0,1
2024-09-09T21:13:00.000000,42.2693485,28.976630666667,4,0,0,0,0,1
2024-09-09T21:14:00.000000,42.26546,28.977196333333,4,0,0,0,0,1
2024-09-09T21:15:00.000000,42.2615765,28.977765833333,4,0,0,0,0,1
2024-09-09T21:16:00.000000,42.257701,28.978362333333,4,0,0,0,0,1
2024-09-09T21:17:00.000000,42.253820833333,28.978962666667,4,0,0,0,0,1
2024-09-09T21:18:00.000000,42.249945833333,28.9795705,4,0,0,0,0,1
2024-09-09T21:19:00.000000,42.246079,28.980177333333,4,0,0,0,0,1
2024-09-09T21:20:00.000000,42.242210333333,28.980796333333,4,0,0,0,0,1
2024-09-09T21:21:00.000000,42.238346166667,28.981407333333,4,0,0,0,0,1
2024-09-09T21:22:00.000000,42.234487166667,28.9820195,4,0,0,0,0,1
2024-09-09T21:23:00.000000,42.2306365,28.982646833333,4,0,0,0,0,1
2024-09-09T21:24:00.000000,42.226789333333,28.983283333333,4,0,0,0,0,1
2024-09-09T21:25:00.000000,42.222943833333,28.983942833333,4,0,0,0,0,1
2024-09-09T21:26:00.000000,42.219097333333,28.984592833333,4,0,0,0,0,1
2024-09-09T21:27:00.000000,42.215244166667,28.985238833333,4,0,0,0,0,1
2024-09-09T21:28:00.000000,42.211390833333,28.985887666667,4,0,0,0,0,1
2024-09-09T21:29:00.000000,42.207530166667,28.9865365,4,0,0,0,0,1
2024-09-09T21:30:00.000000,42.203660166667,28.987177333333,4,0,0,0,0,1
2024-09-09T21:31:00.000000,42.199785,28.987815333333,4,0,0,0,0,1
2024-09-09T21:32:00.000000,42.1959055,28.988463333333,4,0,0,0,0,1
2024-09-09T21:33:00.000000,42.192019666667,28.989110166667,4,0,0,0,0,1
2024-09-09T21:34:00.000000,42.188125,28.989763,4,0,0,0,0,1
2024-09-09T21:35:00.000000,42.1842635,28.9904345,4,0,0,0,0,1
2024-09-09T21:36:00.000000,42.180434833333,28.991319833333,4,0,0,0,0,1
2024-09-09T21:37:00.000000,42.176584666667,28.992231,4,0,0,0,0,1
2024-09-09T21:38:00.000000,42.172723833333,28.993148166667,4,0,0,0,0,1
2024-09-09T21:39:00.000000,42.168852666667,28.994078666667,4,0,0,0,0,1
2024-09-09T21:40:00.000000,42.164980833333,28.995002166667,4,0,0,0,0,1
2024-09-09T21:41:00.000000,42.1611035,28.995924,4,0,0,0,0,1
2024-09-09T21:42:00.000000,42.157225666667,28.996841333333,4,0,0,0,0,1
2024-09-09T21:43:00.000000,42.153335666667,28.997772166667,4,0,0,0,0,1
2024-09-09T21:44:00.000000,42.1494435,28.998695666667,4,0,0,0,0,1
2024-09-09T21:45:00.000000,42.145534,28.999623333333,4,0,0,0,0,1
2024-09-09T21:46:00.000000,42.1416215,29.000550833333,4,0,0,0,0,1
2024-09-09T21:47:00.000000,42.137710833333,29.001471833333,4,0,0,0,0,1
2024-09-09T21:48:00.000000,42.133799,29.00241,4,0,0,0,0,1
2024-09-09T21:49:00.000000,42.129887333333,29.003351166667,4,0,0,0,0,1
2024-09-09T21:50:00.000000,42.125968,29.0043035,4,0,0,0,0,1
2024-09-09T21:51:00.000000,42.122042666667,29.005256166667,4,0,0,0,0,1
2024-09-09T21:52:00.000000,42.118107,29.006217333333,4,0,0,0,0,1
2024-09-09T21:53:00.000000,42.114157833333,29.007193666667,4,0,0,0,0,1
2024-09-09T21:54:00.000000,42.110181333333,29.008139666667,4,0,0,0,0,1
2024-09-09T21:55:00.000000,42.106169333333,29.008929833333,4,0,0,0,0,1
2024-09-09T21:56:00.000000,42.1021405,29.009721833333,4,0,0,0,0,1
2024-09-09T21:57:00.000000,42.0981,29.010520333333,4,0,0,0,0,1
2024-09-09T21:58:00.000000,42.094058166667,29.011304,4,0,0,0,0,1
2024-09-09T21:59:00.000000,42.090019333333,29.012089333333,4,0,0,0,0,1
2024-09-09T22:00:00.000000,42.0859875,29.012886666667,4,0,0,0,0,1
2024-09-09T22:01:00.000000,42.081957333333,29.013670833333,4,0,0,0,0,1
2024-09-09T22:02:00.000000,42.077932,29.014446833333,4,0,0,0,0,1
2024-09-09T22:03:00.000000,42.073905833333,29.015206166667,4,0,0,0,0,1
2024-09-09T22:04:00.000000,42.069880666667,29.01594,4,0,0,0,0,1
2024-09-09T22:05:00.000000,42.0658545,29.016663,4,0,0,0,0,1
2024-09-09T22:06:00.000000,42.061833666667,29.017374333333,4,0,0,0,0,1
2024-09-09T22:07:00.000000,42.0578235,29.018071166667,4,0,0,0,0,1
2024-09-09T22:08:00.000000,42.053811833333,29.0187595,4,0,0,0,0,1
2024-09-09T22:09:00.000000,42.049798166667,29.019435833333,4,0,0,0,0,1
2024-09-09T22:10:00.000000,42.04578,29.0201015,4,0,0,0,0,1
2024-09-09T22:11:00.000000,42.041764666667,29.0207415,4,0,0,0,0,1
2024-09-09T22:12:00.000000,42.037759833333,29.021379,4,0,0,0,0,1
2024-09-09T22:13:00.000000,42.0337525,29.022009,4,0,0,0,0,1
2024-09-09T22:14:00.000000,42.029743833333,29.022658,4,0,0,0,0,1
2024-09-09T22:15:00.000000,42.025731166667,29.023319666667,4,0,0,0,0,1
2024-09-09T22:16:00.000000,42.021708833333,29.0239705,4,0,0,0,0,1
2024-09-09T22:17:00.000000,42.017683333333,29.024609666667,4,0,0,0,0,1
2024-09-09T22:18:00.000000,42.013655333333,29.025241833333,4,0,0,0,0,1
2024-09-09T22:19:00.000000,42.009632833333,29.025864,4,0,0,0,0,1
2024-09-09T22:20:00.000000,42.0056225,29.026487,4,0,0,0,0,1
2024-09-09T22:21:00.000000,42.0016175,29.027114166667,4,0,0,0,0,1
2024-09-09T22:22:00.000000,41.997614833333,29.0277245,4,0,0,0,0,1
2024-09-09T22:23:00.000000,41.993611833333,29.028333333333,4,0,0,0,0,1
2024-09-09T22:24:00.000000,41.989603666667,29.028926666667,4,0,0,0,0,1
2024-09-09T22:25:00.000000,41.985593333333,29.029496666667,4,0,0,0,0,1
2024-09-09T22:26:00.000000,41.981573666667,29.030063833333,4,0,0,0,0,1
2024-09-09T22:27:00.000000,41.977545833333,29.030625833333,4,0,0,0,0,1
2024-09-09T22:28:00.000000,41.973512333333,29.031194166667,4,0,0,0,0,1
2024-09-09T22:29:00.000000,41.969484333333,29.031743166667,4,0,0,0,0,1
2024-09-09T22:30:00.000000,41.965450333333,29.032310833333,4,0,0,0,0,1
2024-09-09T22:31:00.000000,41.961417666667,29.032874333333,4,0,0,0,0,1
2024-09-09T22:32:00.000000,41.9573875,29.033430666667,4,0,0,0,0,1
2024-09-09T22:33:00.000000,41.953360166667,29.033987,4,0,0,0,0,1
2024-09-09T22:34:00.000000,41.949330166667,29.034539333333,4,0,0,0,0,1
2024-09-09T22:35:00.000000,41.945299666667,29.035075166667,4,0,0,0,0,1
2024-09-09T22:36:00.000000,41.9412635,29.035613333333,4,0,0,0,0,1
2024-09-09T22:37:00.000000,41.937228333333,29.036144833333,4,0,0,0,0,1
2024-09-09T22:38:00.000000,41.933198333333,29.036677833333,4,0,0,0,0,1
2024-09-09T22:39:00.000000,41.929169333333,29.037197166667,4,0,0,0,0,1
2024-09-09T22:40:00.000000,41.925141666667,29.037723666667,4,0,0,0,0,1
2024-09-09T22:41:00.000000,41.921109,29.038253666667,4,0,0,0,0,1
2024-09-09T22:42:00.000000,41.917063833333,29.038775166667,4,0,0,0,0,1
2024-09-09T22:43:00.000000,41.913019,29.0392945,4,0,0,0,0,1
2024-09-09T22:44:00.000000,41.908962666667,29.039812,4,0,0,0,0,1
2024-09-09T22:45:00.000000,41.904905,29.040313666667,4,0,0,0,0,1
2024-09-09T22:46:00.000000,41.900847333333,29.040827,4,0,0,0,0,1
2024-09-09T22:47:00.000000,41.896785,29.0413405,4,0,0,0,0,1
2024-09-09T22:48:00.000000,41.892720666667,29.041847166667,4,0,0,0,0,1
2024-09-09T22:49:00.000000,41.888651833333,29.042358333333,4,0,0,0,0,1
2024-09-09T22:50:00.000000,41.884581833333,29.042868833333,4,0,0,0,0,1
2024-09-09T22:51:00.000000,41.880505833333,29.043368333333,4,0,0,0,0,1
2024-09-09T22:52:00.000000,41.876426333333,29.0438565,4,0,0,0,0,1
2024-09-09T22:53:00.000000,41.872339833333,29.044336666667,4,0,0,0,0,1
2024-09-09T22:54:00.000000,41.868254666667,29.044809666667,4,0,0,0,0,1
2024-09-09T22:55:00.000000,41.864168166667,29.0452785,4,0,0,0,0,1
2024-09-09T22:56:00.000000,41.860086833333,29.045742,4,0,0,0,0,1
2024-09-09T22:57:00.000000,41.8560185,29.046209,4,0,0,0,0,1
2024-09-09T22:58:00.000000,41.851959,29.046684333333,4,0,0,0,0,1
2024-09-09T22:59:00.000000,41.847901666667,29.047151833333,4,0,0,0,0,1
2024-09-09T23:00:00.000000,41.843851666667,29.047607,4,0,0,0,0,1
2024-09-09T23:01:00.000000,41.839802166667,29.048063,4,0,0,0,0,1
2024-09-09T23:02:00.000000,41.835750666667,29.0485225,4,0,0,0,0,1
2024-09-09T23:03:00.000000,41.831700333333,29.048982666667,4,0,0,0,0,1
2024-09-09T23:04:00.000000,41.827649833333,29.049421833333,4,0,0,0,0,1
2024-09-09T23:05:00.000000,41.823602833333,29.049847166667,4,0,0,0,0,1
2024-09-09T23:06:00.000000,41.8195495,29.050266,4,0,0,0,0,1
2024-09-09T23:07:00.000000,41.815493166667,29.050679,4,0,0,0,0,1
2024-09-09T23:08:00.000000,41.811436333333,29.051080666667,4,0,0,0,0,1
2024-09-09T23:09:00.000000,41.807372833333,29.051468833333,4,0,0,0,0,1
2024-09-09T23:10:00.000000,41.803306333333,29.051851833333,4,0,0,0,0,1
2024-09-09T23:11:00.000000,41.799234166667,29.052227,4,0,0,0,0,1
2024-09-09T23:12:00.000000,41.795162333333,29.052588666667,4,0,0,0,0,1
2024-09-09T23:13:00.000000,41.791084166667,29.052928166667,4,0,0,0,0,1
2024-09-09T23:14:00.000000,41.786996833333,29.053258666667,4,0,0,0,0,1
2024-09-09T23:15:00.000000,41.782899333333,29.0535655,4,0,0,0,0,1
2024-09-09T23:16:00.000000,41.778722166667,29.053900833333,4,0,0,0,0,1
2024-09-09T23:17:00.000000,41.7746235,29.054267666667,4,0,0,0,0,1
2024-09-09T23:18:00.000000,41.7705665,29.054674833333,4,0,0,0,0,1
2024-09-09T23:19:00.000000,41.766570166667,29.0553035,4,0,0,0,0,1
2024-09-09T23:20:00.000000,41.762576666667,29.055979833333,4,0,0,0,0,1
2024-09-09T23:21:00.000000,41.758597,29.056733,4,0,0,0,0,1
2024-09-09T23:22:00.000000,41.754666833333,29.057587666667,4,0,0,0,0,1
2024-09-09T23:23:00.000000,41.750757666667,29.058414666667,4,0,0,0,0,1
2024-09-09T23:24:00.000000,41.746863333333,29.0592355,4,0,0,0,0,1
2024-09-09T23:25:00.000000,41.7429805,29.0600375,4,0,0,0,0,1
2024-09-09T23:26:00.000000,41.739098833333,29.060845333333,4,0,0,0,0,1
2024-09-09T23:27:00.000000,41.735212166667,29.061649666667,4,0,0,0,0,1
2024-09-09T23:28:00.000000,41.731317833333,29.06242,4,0,0,0,0,1
2024-09-09T23:29:00.000000,41.727399666667,29.063026166667,4,0,0,0,0,1
2024-09-09T23:30:00.000000,41.723471666667,29.0635805,4,0,0,0,0,1
2024-09-09T23:31:00.000000,41.719540333333,29.064117333333,4,0,0,0,0,1
2024-09-09T23:32:00.000000,41.715607,29.064642166667,4,0,0,0,0,1
2024-09-09T23:33:00.000000,41.711678,29.0651725,4,0,0,0,0,1
2024-09-09T23:34:00.000000,41.707778166667,29.065847666667,4,0,0,0,0,1
2024-09-09T23:35:00.000000,41.703877166667,29.066415666667,4,0,0,0,0,1
2024-09-09T23:36:00.000000,41.699982666667,29.066943,4,0,0,0,0,1
2024-09-09T23:37:00.000000,41.696092333333,29.067467666667,4,0,0,0,0,1
2024-09-09T23:38:00.000000,41.692212166667,29.068023833333,4,0,0,0,0,1
2024-09-09T23:39:00.000000,41.688339666667,29.068574666667,4,0,0,0,0,1
2024-09-09T23:40:00.000000,41.684469,29.069108333333,4,0,0,0,0,1
2024-09-09T23:41:00.000000,41.680606666667,29.069631333333,4,0,0,0,0,1
2024-09-09T23:42:00.000000,41.676756666667,29.070163833333,4,0,0,0,0,1
2024-09-09T23:43:00.000000,41.672912,29.070684833333,4,0,0,0,0,1
2024-09-09T23:44:00.000000,41.669069166667,29.071190833333,4,0,0,0,0,1
2024-09-09T23:45:00.000000,41.665225666667,29.071677333333,4,0,0,0,0,1
2024-09-09T23:46:00.000000,41.661369666667,29.072147666667,4,0,0,0,0,1
2024-09-09T23:47:00.000000,41.657504333333,29.072594833333,4,0,0,0,0,1
2024-09-09T23:48:00.000000,41.653634666667,29.073035333333,4,0,0,0,0,1
2024-09-09T23:49:00.000000,41.649762833333,29.073464333333,4,0,0,0,0,1
2024-09-09T23:50:00.000000,41.645874666667,29.0738815,4,0,0,0,0,1
2024-09-09T23:51:00.000000,41.641985833333,29.074301333333,4,0,0,0,0,1
2024-09-09T23:52:00.000000,41.638113666667,29.074740666667,4,0,0,0,0,1
2024-09-09T23:53:00.000000,41.6342455,29.0751505,4,0,0,0,0,1
2024-09-09T23:54:00.000000,41.630378166667,29.075550833333,4,0,0,0,0,1
2024-09-09T23:55:00.000000,41.626510666667,29.075944666667,4,0,0,0,0,1
2024-09-09T23:56:00.000000,41.622636166667,29.076330666667,4,0,0,0,0,1
2024-09-09T23:57:00.000000,41.618757666667,29.076723833333,4,0,0,0,0,1
2024-09-09T23:58:00.000000,41.6148685,29.077116166667,4,0,0,0,0,1
2024-09-09T23:59:00.000000,41.610974666667,29.0775055,4,0,0,0,0,1
2024-09-10T00:00:00.000000,41.607073666667,29.077882666667,4,0,0,0,0,1
2024-09-10T00:01:00.000000,41.603175333333,29.078257833333,4,0,0,0,0,1
2024-09-10T00:02:00.000000,41.599282166667,29.078655666667,4,0,0,0,0,1
2024-09-10T00:03:00.000000,41.5953895,29.079088,4,0,0,0,0,1
2024-09-10T00:04:00.000000,41.5914865,29.0795195,4,0,0,0,0,1
2024-09-10T00:05:00.000000,41.587586666667,29.079937333333,4,0,0,0,0,1
2024-09-10T00:06:00.000000,41.583676333333,29.080356333333,4,0,0,0,0,1
2024-09-10T00:07:00.000000,41.579764333333,29.0807895,4,0,0,0,0,1
2024-09-10T00:08:00.000000,41.57586,29.08123,4,0,0,0,0,1
2024-09-10T00:09:00.000000,41.571958666667,29.081679333333,4,0,0,0,0,1
2024-09-10T00:10:00.000000,41.568048833333,29.082149833333,4,0,0,0,0,1
2024-09-10T00:11:00.000000,41.564122333333,29.082590166667,4,0,0,0,0,1
2024-09-10T00:12:00.000000,41.560162833333,29.082990166667,4,0,0,0,0,1
2024-09-10T00:13:00.000000,41.556193333333,29.083366166667,4,0,0,0,0,1
2024-09-10T00:14:00.000000,41.55222,29.083735166667,4,0,0,0,0,1
2024-09-10T00:15:00.000000,41.548296833333,29.084041666667,4,0,0,0,0,1
2024-09-10T00:16:00.000000,41.544340666667,29.084423166667,4,0,0,0,0,1
2024-09-10T00:17:00.000000,41.540389166667,29.084777333333,4,0,0,0,0,1
2024-09-10T00:18:00.000000,41.536450333333,29.085094666667,4,0,0,0,0,1
2024-09-10T00:19:00.000000,41.5325025,29.085463333333,4,0,0,0,0,1
2024-09-10T00:20:00.000000,41.528543,29.085869166667,4,0,0,0,0,1
2024-09-10T00:21:00.000000,41.524612,29.086045,4,0,0,0,0,1
2024-09-10T00:22:00.000000,41.520649666667,29.085657,4,0,0,0,0,1
2024-09-10T00:23:00.000000,41.516701333333,29.085066,4,0,0,0,0,1
2024-09-10T00:24:00.000000,41.512765,29.084426666667,4,0,0,0,0,1
2024-09-10T00:25:00.000000,41.508858333333,29.083770333333,4,0,0,0,0,1
2024-09-10T00:26:00.000000,41.5049545,29.0831515,4,0,0,0,0,1
2024-09-10T00:27:00.000000,41.5010625,29.082430333333,4,0,0,0,0,1
2024-09-10T00:28:00.000000,41.4971775,29.081647333333,4,0,0,0,0,1
2024-09-10T00:29:00.000000,41.493316833333,29.080856666667,4,0,0,0,0,1
2024-09-10T00:30:00.000000,41.489492333333,29.0800975,4,0,0,0,0,1
2024-09-10T00:31:00.000000,41.485723166667,29.079231166667,4,0,0,0,0,1
2024-09-10T00:32:00.000000,41.482019666667,29.078172833333,4,0,0,0,0,1
2024-09-10T00:33:00.000000,41.4784045,29.0769125,4,0,0,0,0,1
2024-09-10T00:34:00.000000,41.474849333333,29.075654166667,4,0,0,0,0,1
2024-09-10T00:35:00.000000,41.4713485,29.074429,4,0,0,0,0,1
2024-09-10T00:36:00.000000,41.4679065,29.073198833333,4,0,0,0,0,1
2024-09-10T00:37:00.000000,41.464527833333,29.0719355,4,0,0,0,0,1
2024-09-10T00:38:00.000000,41.4612715,29.0705905,4,0,0,0,0,1
2024-09-10T00:39:00.000000,41.458295166667,29.069321166667,4,0,0,0,0,1
2024-09-10T00:40:00.000000,41.4555635,29.068159666667,4,0,0,0,0,1
2024-09-10T00:41:00.000000,41.453070166667,29.067091333333,4,0,0,0,0,1
2024-09-10T00:42:00.000000,41.450765166667,29.066049333333,4,0,0,0,0,1
2024-09-10T00:43:00.000000,41.448612333333,29.065012166667,4,0,0,0,0,1
2024-09-10T00:44:00.000000,41.446583333333,29.063940833333,4,0,0,0,0,1
2024-09-10T00:45:00.000000,41.444664,29.062841333333,4,0,0,0,0,1
2024-09-10T00:46:00.000000,41.442834833333,29.061695166667,4,0,0,0,0,1
2024-09-10T00:47:00.000000,41.441085166667,29.060496166667,4,0,0,0,0,1
2024-09-10T00:48:00.000000,41.439432666667,29.059229333333,4,0,0,0,0,1
2024-09-10T00:49:00.000000,41.4378885,29.057959333333,4,0,0,0,0,1
2024-09-10T00:50:00.000000,41.436408833333,29.056751166667,4,0,0,0,0,1
2024-09-10T00:51:00.000000,41.435023833333,29.055520666667,4,0,0,0,0,1
2024-09-10T00:52:00.000000,41.433689,29.054326,4,0,0,0,0,1
2024-09-10T00:53:00.000000,41.4323785,29.053182833333,4,0,0,0,0,1
2024-09-10T00:54:00.000000,41.431125166667,29.052023,4,0,0,0,0,1
2024-09-10T00:55:00.000000,41.429916,29.050855,4,0,0,0,0,1
2024-09-10T00:56:00.000000,41.4287235,29.049710833333,4,0,0,0,0,1
2024-09-10T00:57:00.000000,41.427584333333,29.0485275,4,0,0,0,0,1
2024-09-10T00:58:00.000000,41.426495666667,29.047305,4,0,0,0,0,1
2024-09-10T00:59:00.000000,41.425487166667,29.046019666667,4,0,0,0,0,1
2024-09-10T01:00:00.000000,41.4245555,29.044676333333,4,0,0,0,0,1
2024-09-10T01:01:00.000000,41.423707333333,29.043278666667,4,0,0,0,0,1
2024-09-10T01:02:00.000000,41.422945666667,29.041829166667,4,0,0,0,0,1
2024-09-10T01:03:00.000000,41.422263666667,29.040341333333,4,0,0,0,0,1
2024-09-10T01:04:00.000000,41.421670666667,29.038818333333,4,0,0,0,0,1
2024-09-10T01:05:00.000000,41.421163833333,29.037272333333,4,0,0,0,0,1
2024-09-10T01:06:00.000000,41.4207005,29.035711666667,4,0,0,0,0,1
2024-09-10T01:07:00.000000,41.420254,29.034147833333,4,0,0,0,0,1
2024-09-10T01:08:00.000000,41.419810333333,29.032586833333,4,0,0,0,0,1
2024-09-10T01:09:00.000000,41.4193595,29.031028,4,0,0,0,0,1
2024-09-10T01:10:00.000000,41.418904166667,29.029474333333,4,0,0,0,0,1
2024-09-10T01:11:00.000000,41.418441333333,29.027917333333,4,0,0,0,0,1
2024-09-10T01:12:00.000000,41.417979833333,29.026352666667,4,0,0,0,0,1
2024-09-10T01:13:00.000000,41.417518833333,29.024782333333,4,0,0,0,0,1
2024-09-10T01:14:00.000000,41.417050666667,29.023210666667,4,0,0,0,0,1
2024-09-10T01:15:00.000000,41.416578666667,29.021638,4,0,0,0,0,1
2024-09-10T01:16:00.000000,41.416095666667,29.020066833333,4,0,0,0,0,1
2024-09-10T01:17:00.000000,41.415618833333,29.018493333333,4,0,0,0,0,1
2024-09-10T01:18:00.000000,41.415137166667,29.016918166667,4,0,0,0,0,1
2024-09-10T01:19:00.000000,41.414624833333,29.015355666667,4,0,0,0,0,1
2024-09-10T01:20:00.000000,41.414139666667,29.013783666667,4,0,0,0,0,1
2024-09-10T01:21:00.000000,41.413718833333,29.012200833333,4,0,0,0,0,1
2024-09-10T01:22:00.000000,41.413375666667,29.0106105,4,0,0,0,0,1
2024-09-10T01:23:00.000000,41.413106833333,29.009025166667,4,0,0,0,0,1
2024-09-10T01:24:00.000000,41.412915666667,29.007519,4,0,0,0,0,1
2024-09-10T01:25:00.000000,41.412802333333,29.006113666667,4,0,0,0,0,1
2024-09-10T01:26:00.000000,41.412743833333,29.004803,4,0,0,0,0,1
2024-09-10T01:27:00.000000,41.412704333333,29.003571166667,4,0,0,0,0,1
2024-09-10T01:28:00.000000,41.4126725,29.0024155,4,0,0,0,0,1
2024-09-10T01:29:00.000000,41.412617,29.001314333333,4,0,0,0,0,1
2024-09-10T01:30:00.000000,41.412524166667,29.000257833333,4,0,0,0,0,1
2024-09-10T01:31:00.000000,41.412433666667,28.999245166667,4,0,0,0,0,1
2024-09-10T01:32:00.000000,41.4123715,28.998284833333,4,0,0,0,0,1
2024-09-10T01:33:00.000000,41.412358333333,28.997391333333,4,0,0,0,0,1
2024-09-10T01:34:00.000000,41.412381833333,28.996556333333,4,0,0,0,0,1
2024-09-10T01:35:00.000000,41.412445666667,28.995801,4,0,0,0,0,1
2024-09-10T01:36:00.000000,41.412536,28.995111666667,3,0,0,0,1,0
2024-09-10T01:37:00.000000,41.412645666667,28.994481333333,3,0,0,0,1,0
2024-09-10T01:38:00.000000,41.412770833333,28.9939125,3,0,0,0,1,0
2024-09-10T01:39:00.000000,41.412904333333,28.993404166667,3,0,0,0,1,0
2024-09-10T01:40:00.000000,41.413038833333,28.992944833333,3,0,0,0,1,0
2024-09-10T01:41:00.000000,41.413173,28.992537,3,0,0,0,1,0
2024-09-10T01:42:00.000000,41.413303666667,28.992174833333,3,0,0,0,1,0
2024-09-10T01:43:00.000000,41.413420666667,28.991837833333,3,0,0,0,1,0
2024-09-10T01:44:00.000000,41.413524,28.991523833333,3,0,0,0,1,0
2024-09-10T01:45:00.000000,41.4136135,28.991227333333,3,0,0,0,1,0
2024-09-10T01:46:00.000000,41.4136915,28.9909545,3,0,0,0,1,0
2024-09-10T01:47:00.000000,41.413756,28.9907085,3,0,0,0,1,0
2024-09-10T01:48:00.000000,41.413807333333,28.9904885,3,0,0,0,1,0
2024-09-10T01:49:00.000000,41.413843666667,28.990282333333,3,0,0,0,1,0
2024-09-10T01:50:00.000000,41.413867333333,28.990083166667,3,0,0,0,1,0
2024-09-10T01:51:00.000000,41.413878833333,28.989886333333,3,0,0,0,1,0
2024-09-10T01:52:00.000000,41.413880333333,28.9896995,3,0,0,0,1,0
2024-09-10T01:53:00.000000,41.413871666667,28.989519166667,3,0,0,0,1,0
2024-09-10T01:54:00.000000,41.4138495,28.989340666667,3,0,0,0,1,0
2024-09-10T01:55:00.000000,41.41381,28.989171,3,0,0,0,1,0
2024-09-10T01:56:00.000000,41.413759333333,28.988999,3,0,0,0,1,0
2024-09-10T01:57:00.000000,41.4136995,28.988830666667,3,0,0,0,1,0
2024-09-10T01:58:00.000000,41.413631666667,28.988662166667,3,0,0,0,1,0
2024-09-10T01:59:00.000000,41.413556833333,28.988485833333,3,0,0,0,1,0
2024-09-10T02:00:00.000000,41.413477166667,28.988307166667,3,0,0,0,1,0
2024-09-10T02:01:00.000000,41.413384666667,28.988127666667,3,0,0,0,1,0
2024-09-10T02:02:00.000000,41.413291,28.987957333333,3,0,0,0,1,0
2024-09-10T02:03:00.000000,41.413194333333,28.987776333333,3,0,0,0,1,0
2024-09-10T02:04:00.000000,41.4130925,28.987595666667,3,0,0,0,1,0
2024-09-10T02:05:00.000000,41.4129835,28.9874095,3,0,0,0,1,0
2024-09-10T02:06:00.000000,41.412870833333,28.987214666667,3,0,0,0,1,0
2024-09-10T02:07:00.000000,41.412758666667,28.987025166667,3,0,0,0,1,0
2024-09-10T02:08:00.000000,41.412646833333,28.9868605,3,0,0,0,1,0
2024-09-10T02:09:00.000000,41.412532166667,28.986708,3,0,0,0,1,0
2024-09-10T02:10:00.000000,41.412415333333,28.986549833333,3,0,0,0,1,0
2024-09-10T02:11:00.000000,41.4122965,28.9863975,3,0,0,0,1,0
2024-09-10T02:12:00.000000,41.412171,28.9862295,3,0,0,0,1,0
2024-09-10T02:13:00.000000,41.412044,28.986062666667,3,0,0,0,1,0
2024-09-10T02:14:00.000000,41.411917166667,28.985894333333,3,0,0,0,1,0
2024-09-10T02:15:00.000000,41.411785666667,28.985718833333,3,0,0,0,1,0
2024-09-10T02:16:00.000000,41.411653,28.9855415,3,0,0,0,1,0
2024-09-10T02:17:00.000000,41.411523166667,28.9853705,3,0,0,0,1,0
2024-09-10T02:18:00.000000,41.4113915,28.9851975,3,0,0,0,1,0
2024-09-10T02:19:00.000000,41.411249666667,28.985012833333,3,0,0,0,1,0
2024-09-10T02:20:00.000000,41.411105833333,28.984820666667,3,0,0,0,1,0
2024-09-10T02:21:00.000000,41.410964,28.984632166667,3,0,0,0,1,0
2024-09-10T02:22:00.000000,41.4108195,28.984443666667,3,0,0,0,1,0
2024-09-10T02:23:00.000000,41.410676166667,28.984254666667,3,0,0,0,1,0
2024-09-10T02:24:00.000000,41.410541833333,28.9840465,3,0,0,0,1,0
2024-09-10T02:25:00.000000,41.410446333333,28.983686333333,3,0,0,0,1,0
2024-09-10T02:26:00.000000,41.410412,28.983272833333,3,0,0,0,1,0
2024-09-10T02:27:00.000000,41.410398,28.982955,3,0,0,0,1,0
2024-09-10T02:28:00.000000,41.410382833333,28.982683833333,3,0,0,0,1,0
2024-09-10T02:29:00.000000,41.410363666667,28.9824415,3,0,0,0,1,0
2024-09-10T02:30:00.000000,41.410339833333,28.982222333333,3,0,0,0,1,0
2024-09-10T02:31:00.000000,41.410309,28.982017666667,3,0,0,0,1,0
2024-09-10T02:32:00.000000,41.410271333333,28.981808666667,3,0,0,0,1,0
2024-09-10T02:33:00.000000,41.410227833333,28.9816005,3,0,0,0,1,0
2024-09-10T02:34:00.000000,41.41018,28.981389666667,3,0,0,0,1,0
2024-09-10T02:35:00.000000,41.410125833333,28.981165,3,0,0,0,1,0
2024-09-10T02:36:00.000000,41.410062666667,28.980978166667,3,0,0,0,1,0
2024-09-10T02:37:00.000000,41.409998833333,28.980783166667,3,0,0,0,1,0
2024-09-10T02:38:00.000000,41.409933,28.980576333333,3,0,0,0,1,0
2024-09-10T02:39:00.000000,41.409856,28.980386666667,3,0,0,0,1,0
2024-09-10T02:40:00.000000,41.409775833333,28.980206333333,3,0,0,0,1,0
2024-09-10T02:41:00.000000,41.409684833333,28.980024166667,3,0,0,0,1,0
2024-09-10T02:42:00.000000,41.409585166667,28.979840666667,3,0,0,0,1,0
2024-09-10T02:43:00.000000,41.409483833333,28.979668166667,3,0,0,0,1,0
2024-09-10T02:44:00.000000,41.409383,28.979515833333,3,0,0,0,1,0
2024-09-10T02:45:00.000000,41.409281333333,28.979359666667,3,0,0,0,1,0
2024-09-10T02:46:00.000000,41.409174333333,28.979202833333,3,0,0,0,1,0
2024-09-10T02:47:00.000000,41.409062,28.9790335,3,0,0,0,1,0
2024-09-10T02:48:00.000000,41.408945833333,28.978861166667,3,0,0,0,1,0
2024-09-10T02:49:00.000000,41.408823333333,28.978688166667,3,0,0,0,1,0
2024-09-10T02:50:00.000000,41.408694833333,28.978502333333,3,0,0,0,1,0
2024-09-10T02:51:00.000000,41.408569166667,28.978337,3,0,0,0,1,0
2024-09-10T02:52:00.000000,41.408443833333,28.978178333333,3,0,0,0,1,0
2024-09-10T02:53:00.000000,41.408316833333,28.978021666667,3,0,0,0,1,0
2024-09-10T02:54:00.000000,41.408196833333,28.977898,3,0,0,0,1,0
2024-09-10T02:55:00.000000,41.408068833333,28.977750666667,3,0,0,0,1,0
2024-09-10T02:56:00.000000,41.407939166667,28.977599166667,3,0,0,0,1,0
2024-09-10T02:57:00.000000,41.407811333333,28.977444666667,3,0,0,0,1,0
2024-09-10T02:58:00.000000,41.407683666667,28.977286333333,3,0,0,0,1,0
2024-09-10T02:59:00.000000,41.407554,28.977116666667,3,0,0,0,1,0
2024-09-10T03:00:00.000000,41.407421833333,28.976940333333,3,0,0,0,1,0
2024-09-10T03:01:00.000000,41.4072815,28.976748666667,3,0,0,0,1,0
2024-09-10T03:02:00.000000,41.407143666667,28.976569166667,3,0,0,0,1,0
2024-09-10T03:03:00.000000,41.407011166667,28.976393,3,0,0,0,1,0
2024-09-10T03:04:00.000000,41.406886,28.976228833333,3,0,0,0,1,0
2024-09-10T03:05:00.000000,41.406763,28.976069166667,3,0,0,0,1,0
2024-09-10T03:06:00.000000,41.406638,28.975911166667,3,0,0,0,1,0
2024-09-10T03:07:00.000000,41.406505833333,28.975742666667,3,0,0,0,1,0
2024-09-10T03:08:00.000000,41.406352166667,28.975548166667,3,0,0,0,1,0
2024-09-10T03:09:00.000000,41.406212833333,28.975372333333,3,0,0,0,1,0
2024-09-10T03:10:00.000000,41.406074833333,28.9751965,3,0,0,0,1,0
2024-09-10T03:11:00.000000,41.4059845,28.9749735,3,0,0,0,1,0
2024-09-10T03:12:00.000000,41.406005166667,28.974624833333,3,0,0,0,1,0
2024-09-10T03:13:00.000000,41.406063833333,28.974195166667,3,0,0,0,1,0
2024-09-10T03:14:00.000000,41.4061045,28.9737555,3,0,0,0,1,0
2024-09-10T03:15:00.000000,41.4061595,28.973339,3,0,0,0,1,0
2024-09-10T03:16:00.000000,41.406194,28.972930833333,3,0,0,0,1,0
2024-09-10T03:17:00.000000,41.406219833333,28.972542333333,3,0,0,0,1,0
2024-09-10T03:18:00.000000,41.406250166667,28.972179,3,0,0,0,1,0
2024-09-10T03:19:00.000000,41.406277166667,28.971838833333,3,0,0,0,1,0
2024-09-10T03:20:00.000000,41.4063055,28.971521833333,3,0,0,0,1,0
2024-09-10T03:21:00.000000,41.406328666667,28.971222666667,3,0,0,0,1,0
2024-09-10T03:22:00.000000,41.406341833333,28.970931333333,3,0,0,0,1,0
2024-09-10T03:23:00.000000,41.406348833333,28.970655666667,3,0,0,0,1,0
2024-09-10T03:24:00.000000,41.406355166667,28.970395833333,3,0,0,0,1,0
2024-09-10T03:25:00.000000,41.406359833333,28.9701465,3,0,0,0,1,0
2024-09-10T03:26:00.000000,41.406361,28.9698955,3,0,0,0,1,0
2024-09-10T03:27:00.000000,41.406354333333,28.9696405,3,0,0,0,1,0
2024-09-10T03:28:00.000000,41.406343833333,28.969388666667,3,0,0,0,1,0
2024-09-10T03:29:00.000000,41.406332166667,28.969149833333,3,0,0,0,1,0
2024-09-10T03:30:00.000000,41.406315666667,28.9689165,3,0,0,0,1,0
2024-09-10T03:31:00.000000,41.4063025,28.968691,3,0,0,0,1,0
2024-09-10T03:32:00.000000,41.406278666667,28.968480166667,3,0,0,0,1,0
2024-09-10T03:33:00.000000,41.406251666667,28.968279833333,3,0,0,0,1,0
2024-09-10T03:34:00.000000,41.406225833333,28.968089333333,3,0,0,0,1,0
2024-09-10T03:35:00.000000,41.406192,28.967904166667,3,0,0,0,1,0
2024-09-10T03:36:00.000000,41.4061495,28.967720166667,3,0,0,0,1,0
2024-09-10T03:37:00.000000,41.406103666667,28.9675385,3,0,0,0,1,0
2024-09-10T03:38:00.000000,41.406053833333,28.967363833333,3,0,0,0,1,0
2024-09-10T03:39:00.000000,41.405999833333,28.967193333333,3,0,0,0,1,0
2024-09-10T03:40:00.000000,41.405942,28.967022666667,3,0,0,0,1,0
2024-09-10T03:41:00.000000,41.405881166667,28.966851,3,0,0,0,1,0
2024-09-10T03:42:00.000000,41.405818,28.966682333333,3,0,0,0,1,0
2024-09-10T03:43:00.000000,41.405754,28.9665225,3,0,0,0,1,0
2024-09-10T03:44:00.000000,41.405688333333,28.966375333333,3,0,0,0,1,0
2024-09-10T03:45:00.000000,41.4056165,28.966225333333,3,0,0,0,1,0
2024-09-10T03:46:00.000000,41.405538833333,28.966076333333,3,0,0,0,1,0
2024-09-10T03:47:00.000000,41.40546,28.965931333333,3,0,0,0,1,0
2024-09-10T03:48:00.000000,41.405379,28.965784333333,3,0,0,0,1,0
2024-09-10T03:49:00.000000,41.405325166667,28.965555833333,3,0,0,0,1,0
2024-09-10T03:50:00.000000,41.4053495,28.965165833333,3,0,0,0,1,0
2024-09-10T03:51:00.000000,41.405465,28.964734166667,3,0,0,0,1,0
2024-09-10T03:52:00.000000,41.405674333333,28.964311666667,3,0,0,0,1,0
2024-09-10T03:53:00.000000,41.4059765,28.963943,3,0,0,0,1,0
2024-09-10T03:54:00.000000,41.406355,28.963681666667,3,0,0,0,1,0
2024-09-10T03:55:00.000000,41.406788833333,28.963549833333,3,0,0,0,1,0
2024-09-10T03:56:00.000000,41.407252333333,28.963565166667,3,0,0,0,1,0
2024-09-10T03:57:00.000000,41.407714166667,28.963749666667,3,0,0,0,1,0
2024-09-10T03:58:00.000000,41.408128,28.964109666667,3,0,0,0,1,0
2024-09-10T03:59:00.000000,41.4083835,28.964661333333,3,0,0,0,1,0
2024-09-10T04:00:00.000000,41.408499833333,28.965345333333,3,0,0,0,1,0
2024-09-10T04:01:00.000000,41.408533333333,28.966130166667,3,0,0,0,1,0
2024-09-10T04:02:00.000000,41.408529833333,28.966993166667,3,0,0,0,1,0
2024-09-10T04:03:00.000000,41.408484666667,28.9678395,3,0,0,0,1,0
2024-09-10T04:04:00.000000,41.408413166667,28.968643833333,3,0,0,0,1,0
2024-09-10T04:05:00.000000,41.408302333333,28.969402166667,3,0,0,0,1,0
2024-09-10T04:06:00.000000,41.4081825,28.970117833333,3,0,0,0,1,0
2024-09-10T04:07:00.000000,41.408059,28.970795333333,3,0,0,0,1,0
2024-09-10T04:08:00.000000,41.407941166667,28.971432166667,3,0,0,0,1,0
2024-09-10T04:09:00.000000,41.407828166667,28.9720275,3,0,0,0,1,0
2024-09-10T04:10:00.000000,41.407730333333,28.972581833333,3,0,0,0,1,0
2024-09-10T04:11:00.000000,41.4076365,28.973099166667,3,0,0,0,1,0
2024-09-10T04:12:00.000000,41.407551,28.973581833333,3,0,0,0,1,0
2024-09-10T04:13:00.000000,41.407472,28.974029666667,3,0,0,0,1,0
2024-09-10T04:14:00.000000,41.4073995,28.974447166667,3,0,0,0,1,0
2024-09-10T04:15:00.000000,41.4073335,28.974836833333,3,0,0,0,1,0
2024-09-10T04:16:00.000000,41.4072725,28.9752005,3,0,0,0,1,0
2024-09-10T04:17:00.000000,41.407215,28.975536666667,3,0,0,0,1,0
2024-09-10T04:18:00.000000,41.407157166667,28.975846833333,3,0,0,0,1,0
2024-09-10T04:19:00.000000,41.407096,28.976132666667,3,0,0,0,1,0
2024-09-10T04:20:00.000000,41.407031166667,28.9763945,3,0,0,0,1,0
2024-09-10T04:21:00.000000,41.406962666667,28.976634166667,3,0,0,0,1,0
2024-09-10T04:22:00.000000,41.406891,28.9768525,3,0,0,0,1,0
2024-09-10T04:23:00.000000,41.406812333333,28.9770495,3,0,0,0,1,0
2024-09-10T04:24:00.000000,41.4067315,28.977229166667,3,0,0,0,1,0
2024-09-10T04:25:00.000000,41.406646166667,28.977391833333,3,0,0,0,1,0
2024-09-10T04:26:00.000000,41.406556,28.977540666667,3,0,0,0,1,0
2024-09-10T04:27:00.000000,41.4064615,28.977677333333,3,0,0,0,1,0
2024-09-10T04:28:00.000000,41.406362333333,28.977801666667,3,0,0,0,1,0
2024-09-10T04:29:00.000000,41.406259166667,28.977912833333,3,0,0,0,1,0
2024-09-10T04:30:00.000000,41.406153833333,28.978010166667,3,0,0,0,1,0
2024-09-10T04:31:00.000000,41.406047666667,28.9780955,3,0,0,0,1,0
2024-09-10T04:32:00.000000,41.40594,28.978167833333,3,0,0,0,1,0
2024-09-10T04:33:00.000000,41.405830833333,28.9782265,3,0,0,0,1,0
2024-09-10T04:34:00.000000,41.405719666667,28.97827,3,0,0,0,1,0
2024-09-10T04:35:00.000000,41.405608,28.9783025,3,0,0,0,1,0
2024-09-10T04:36:00.000000,41.405495,28.978327333333,3,0,0,0,1,0
2024-09-10T04:37:00.000000,41.405381666667,28.978341666667,3,0,0,0,1,0
2024-09-10T04:38:00.000000,41.405269333333,28.978346,3,0,0,0,1,0
2024-09-10T04:39:00.000000,41.405159333333,28.9783415,3,0,0,0,1,0
2024-09-10T04:40:00.000000,41.405051166667,28.978327666667,3,0,0,0,1,0
2024-09-10T04:41:00.000000,41.404944,28.978302666667,3,0,0,0,1,0
2024-09-10T04:42:00.000000,41.404838166667,28.978269,3,0,0,0,1,0
2024-09-10T04:43:00.000000,41.404737,28.978227833333,3,0,0,0,1,0
2024-09-10T04:44:00.000000,41.404642666667,28.978176,3,0,0,0,1,0
2024-09-10T04:45:00.000000,41.404553166667,28.978120333333,3,0,0,0,1,0
2024-09-10T04:46:00.000000,41.404465666667,28.978062166667,3,0,0,0,1,0
2024-09-10T04:47:00.000000,41.404385666667,28.9780045,3,0,0,0,1,0
2024-09-10T04:48:00.000000,41.404294666667,28.977937333333,3,0,0,0,1,0
2024-09-10T04:49:00.000000,41.404208833333,28.977869166667,3,0,0,0,1,0
2024-09-10T04:50:00.000000,41.404118833333,28.977798666667,3,0,0,0,1,0
2024-09-10T04:51:00.000000,41.404026333333,28.977727166667,3,0,0,0,1,0
2024-09-10T04:52:00.000000,41.403932666667,28.977658,3,0,0,0,1,0
2024-09-10T04:53:00.000000,41.403806333333,28.977631,3,0,0,0,1,0
2024-09-10T04:54:00.000000,41.4035805,28.977728333333,3,0,0,0,1,0
2024-09-10T04:55:00.000000,41.403275666667,28.9779225,3,0,0,0,1,0
2024-09-10T04:56:00.000000,41.402968166667,28.978145666667,3,0,0,0,1,0
2024-09-10T04:57:00.000000,41.402667,28.978356333333,3,0,0,0,1,0
2024-09-10T04:58:00.000000,41.402375,28.978562666667,3,0,0,0,1,0
2024-09-10T04:59:00.000000,41.402084833333,28.9787535,3,0,0,0,1,0
2024-09-10T05:00:00.000000,41.401809833333,28.978944166667,3,0,0,0,1,0
2024-09-10T05:01:00.000000,41.401543333333,28.9791245,3,0,0,0,1,0
2024-09-10T05:02:00.000000,41.401288833333,28.979297666667,3,0,0,0,1,0
2024-09-10T05:03:00.000000,41.401046333333,28.979463,3,0,0,0,1,0
2024-09-10T05:04:00.000000,41.400813166667,28.979616,3,0,0,0,1,0
2024-09-10T05:05:00.000000,41.4005855,28.979758166667,3,0,0,0,1,0
2024-09-10T05:06:00.000000,41.400366833333,28.979891333333,3,0,0,0,1,0
2024-09-10T05:07:00.000000,41.4001465,28.980009666667,3,0,0,0,1,0
2024-09-10T05:08:00.000000,41.399939666667,28.980123333333,3,0,0,0,1,0
2024-09-10T05:09:00.000000,41.399744166667,28.980228833333,3,0,0,0,1,0
2024-09-10T05:10:00.000000,41.399555833333,28.980327166667,3,0,0,0,1,0
2024-09-10T05:11:00.000000,41.39936,28.980413,3,0,0,0,1,0
2024-09-10T05:12:00.000000,41.399172,28.980496666667,3,0,0,0,1,0
2024-09-10T05:13:00.000000,41.398984,28.980575166667,3,0,0,0,1,0
2024-09-10T05:14:00.000000,41.398790166667,28.980646166667,3,0,0,0,1,0
2024-09-10T05:15:00.000000,41.398591333333,28.980708666667,3,0,0,0,1,0
2024-09-10T05:16:00.000000,41.398393333333,28.980764166667,3,0,0,0,1,0
2024-09-10T05:17:00.000000,41.398198333333,28.980814333333,3,0,0,0,1,0
2024-09-10T05:18:00.000000,41.398010833333,28.980858166667,3,0,0,0,1,0
2024-09-10T05:19:00.000000,41.397827833333,28.980896833333,3,0,0,0,1,0
2024-09-10T05:20:00.000000,41.397652833333,28.980929166667,3,0,0,0,1,0
2024-09-10T05:21:00.000000,41.397478666667,28.980955833333,3,0,0,0,1,0
2024-09-10T05:22:00.000000,41.397302333333,28.980975333333,3,0,0,0,1,0
2024-09-10T05:23:00.000000,41.397119,28.980984333333,3,0,0,0,1,0
2024-09-10T05:24:00.000000,41.3969395,28.9809915,3,0,0,0,1,0
2024-09-10T05:25:00.000000,41.396759166667,28.980991166667,3,0,0,0,1,0
2024-09-10T05:26:00.000000,41.396582333333,28.980988166667,3,0,0,0,1,0
2024-09-10T05:27:00.000000,41.396407,28.980977333333,3,0,0,0,1,0
2024-09-10T05:28:00.000000,41.396233166667,28.980961833333,3,0,0,0,1,0
2024-09-10T05:29:00.000000,41.396064166667,28.98094,3,0,0,0,1,0
2024-09-10T05:30:00.000000,41.395881166667,28.980960333333,3,0,0,0,1,0
2024-09-10T05:31:00.000000,41.3956805,28.981026166667,3,0,0,0,1,0
2024-09-10T05:32:00.000000,41.3954775,28.981080166667,3,0,0,0,1,0
2024-09-10T05:33:00.000000,41.395272,28.981123,3,0,0,0,1,0
2024-09-10T05:34:00.000000,41.395069166667,28.981161833333,3,0,0,0,1,0
2024-09-10T05:35:00.000000,41.394869166667,28.981195166667,3,0,0,0,1,0
2024-09-10T05:36:00.000000,41.394670666667,28.981222666667,3,0,0,0,1,0
2024-09-10T05:37:00.000000,41.394475333333,28.981249166667,3,0,0,0,1,0
2024-09-10T05:38:00.000000,41.394282166667,28.981272333333,3,0,0,0,1,0
2024-09-10T05:39:00.000000,41.394076833333,28.981280333333,3,0,0,0,1,0
2024-09-10T05:40:00.000000,41.393871666667,28.981280333333,3,0,0,0,1,0
2024-09-10T05:41:00.000000,41.393672333333,28.981279833333,3,0,0,0,1,0
2024-09-10T05:42:00.000000,41.3934835,28.981281833333,3,0,0,0,1,0
2024-09-10T05:43:00.000000,41.393292166667,28.981275833333,3,0,0,0,1,0
2024-09-10T05:44:00.000000,41.393096,28.981264333333,3,0,0,0,1,0
2024-09-10T05:45:00.000000,41.3929025,28.981249833333,3,0,0,0,1,0
2024-09-10T05:46:00.000000,41.392710166667,28.981235333333,3,0,0,0,1,0
2024-09-10T05:47:00.000000,41.392523,28.981218166667,3,0,0,0,1,0
2024-09-10T05:48:00.000000,41.3923395,28.981201166667,3,0,0,0,1,0
2024-09-10T05:49:00.000000,41.39216,28.9811835,3,0,0,0,1,0
2024-09-10T05:50:00.000000,41.391984166667,28.981165,3,0,0,0,1,0
2024-09-10T05:51:00.000000,41.391809,28.981147,3,0,0,0,1,0
2024-09-10T05:52:00.000000,41.391588833333,28.981217,3,0,0,0,1,0
2024-09-10T05:53:00.000000,41.391298666667,28.981418333333,3,0,0,0,1,0
2024-09-10T05:54:00.000000,41.390980833333,28.981748833333,3,0,0,0,1,0
2024-09-10T05:55:00.000000,41.3906405,28.9821925,3,0,0,0,1,0
2024-09-10T05:56:00.000000,41.390247333333,28.982713,4,0,0,0,0,1
2024-09-10T05:57:00.000000,41.389847,28.983331333333,4,0,0,0,0,1
2024-09-10T05:58:00.000000,41.3894445,28.984040833333,4,0,0,0,0,1
2024-09-10T05:59:00.000000,41.389019,28.98481,4,0,0,0,0,1
2024-09-10T06:00:00.000000,41.388552833333,28.9856145,4,0,0,0,0,1
2024-09-10T06:01:00.000000,41.388052,28.986525166667,4,0,0,0,0,1
2024-09-10T06:02:00.000000,41.387481666667,28.987560666667,4,0,0,0,0,1
2024-09-10T06:03:00.000000,41.386888666667,28.988741333333,4,0,0,0,0,1
2024-09-10T06:04:00.000000,41.386249666667,28.990028,4,0,0,0,0,1
2024-09-10T06:05:00.000000,41.385545,28.991383666667,4,0,0,0,0,1
2024-09-10T06:06:00.000000,41.384828333333,28.992836166667,4,0,0,0,0,1
2024-09-10T06:07:00.000000,41.384082,28.994357833333,4,0,0,0,0,1
2024-09-10T06:08:00.000000,41.383280333333,28.995914666667,4,0,0,0,0,1
2024-09-10T06:09:00.000000,41.3824125,28.9974775,4,0,0,0,0,1
2024-09-10T06:10:00.000000,41.381512666667,28.999057666667,4,0,0,0,0,1
2024-09-10T06:11:00.000000,41.380568166667,29.000713,4,0,0,0,0,1
2024-09-10T06:12:00.000000,41.379564333333,29.002498333333,4,0,0,0,0,1
2024-09-10T06:13:00.000000,41.378489666667,29.004377,4,0,0,0,0,1
2024-09-10T06:14:00.000000,41.377364666667,29.006337166667,4,0,0,0,0,1
2024-09-10T06:15:00.000000,41.376138833333,29.008317333333,4,0,0,0,0,1
2024-09-10T06:16:00.000000,41.374672833333,29.010380666667,4,0,0,0,0,1
2024-09-10T06:17:00.000000,41.372965166667,29.012645333333,4,0,0,0,0,1
2024-09-10T06:18:00.000000,41.371103333333,29.015069833333,4,0,0,0,0,1
2024-09-10T06:19:00.000000,41.369107833333,29.017572333333,4,0,0,0,0,1
2024-09-10T06:20:00.000000,41.366939,29.019993833333,4,0,0,0,0,1
2024-09-10T06:21:00.000000,41.364682833333,29.022395,4,0,0,0,0,1
2024-09-10T06:22:00.000000,41.362378666667,29.024783,4,0,0,0,0,1
2024-09-10T06:23:00.000000,41.360020666667,29.027130166667,4,0,0,0,0,1
2024-09-10T06:24:00.000000,41.357579833333,29.029367666667,4,0,0,0,0,1
2024-09-10T06:25:00.000000,41.355114833333,29.031574833333,4,0,0,0,0,1
2024-09-10T06:26:00.000000,41.3526445,29.03378,4,0,0,0,0,1
2024-09-10T06:27:00.000000,41.350194333333,29.036010333333,4,0,0,0,0,1
2024-09-10T06:28:00.000000,41.347767166667,29.038296,4,0,0,0,0,1
2024-09-10T06:29:00.000000,41.345316666667,29.040558833333,4,0,0,0,0,1
2024-09-10T06:30:00.000000,41.342857166667,29.042789166667,4,0,0,0,0,1
2024-09-10T06:31:00.000000,41.3404,29.0450095,4,0,0,0,0,1
2024-09-10T06:32:00.000000,41.337957,29.047242166667,4,0,0,0,0,1
2024-09-10T06:33:00.000000,41.335514,29.049483,4,0,0,0,0,1
2024-09-10T06:34:00.000000,41.333061,29.051720666667,4,0,0,0,0,1
2024-09-10T06:35:00.000000,41.330597666667,29.053950833333,4,0,0,0,0,1
2024-09-10T06:36:00.000000,41.328133,29.056172333333,4,0,0,0,0,1
2024-09-10T06:37:00.000000,41.325662166667,29.0583885,4,0,0,0,0,1
2024-09-10T06:38:00.000000,41.323190166667,29.060609333333,4,0,0,0,0,1
2024-09-10T06:39:00.000000,41.320716,29.062839333333,4,0,0,0,0,1
2024-09-10T06:40:00.000000,41.318241,29.065093,4,0,0,0,0,1
2024-09-10T06:41:00.000000,41.315759833333,29.067344,4,0,0,0,0,1
2024-09-10T06:42:00.000000,41.313277833333,29.069597166667,4,0,0,0,0,1
2024-09-10T06:43:00.000000,41.310790166667,29.071844833333,4,0,0,0,0,1
2024-09-10T06:44:00.000000,41.308302833333,29.074095333333,4,0,0,0,0,1
2024-09-10T06:45:00.000000,41.305820166667,29.076351,4,0,0,0,0,1
2024-09-10T06:46:00.000000,41.303335666667,29.078617666667,4,0,0,0,0,1
2024-09-10T06:47:00.000000,41.300858,29.080897,4,0,0,0,0,1
2024-09-10T06:48:00.000000,41.298395,29.083185,4,0,0,0,0,1
2024-09-10T06:49:00.000000,41.295944833333,29.085482333333,4,0,0,0,0,1
2024-09-10T06:50:00.000000,41.293495333333,29.087762166667,4,0,0,0,0,1
2024-09-10T06:51:00.000000,41.291152,29.089942333333,4,0,0,0,0,1
2024-09-10T06:52:00.000000,41.2889665,29.091971166667,4,0,0,0,0,1
2024-09-10T06:53:00.000000,41.2868985,29.0938905,4,0,0,0,0,1
2024-09-10T06:54:00.000000,41.284910166667,29.095721166667,4,0,0,0,0,1
2024-09-10T06:55:00.000000,41.282983666667,29.097499333333,4,0,0,0,0,1
2024-09-10T06:56:00.000000,41.281097166667,29.099231833333,4,0,0,0,0,1
2024-09-10T06:57:00.000000,41.279242,29.100926,4,0,0,0,0,1
2024-09-10T06:58:00.000000,41.2774055,29.1025785,4,0,0,0,0,1
2024-09-10T06:59:00.000000,41.275588,29.1042085,4,0,0,0,0,1
2024-09-10T07:00:00.000000,41.273786,29.105816666667,4,0,0,0,0,1
2024-09-10T07:01:00.000000,41.271994833333,29.107412166667,4,0,0,0,0,1
2024-09-10T07:02:00.000000,41.2702165,29.109003833333,4,0,0,0,0,1
2024-09-10T07:03:00.000000,41.2684285,29.110558666667,4,0,0,0,0,1
2024-09-10T07:04:00.000000,41.266643666667,29.112116166667,4,0,0,0,0,1
2024-09-10T07:05:00.000000,41.264861666667,29.113675,4,0,0,0,0,1
2024-09-10T07:06:00.000000,41.2630815,29.115229,4,0,0,0,0,1
2024-09-10T07:07:00.000000,41.261295333333,29.116768833333,4,0,0,0,0,1
2024-09-10T07:08:00.000000,41.259472333333,29.118241333333,4,0,0,0,0,1
2024-09-10T07:09:00.000000,41.257639333333,29.119702333333,4,0,0,0,0,1
2024-09-10T07:10:00.000000,41.255816,29.121197,4,0,0,0,0,1
2024-09-10T07:11:00.000000,41.253877166667,29.122403333333,4,0,0,0,0,1
2024-09-10T07:12:00.000000,41.25182,29.1235355,4,0,0,0,0,1
2024-09-10T07:13:00.000000,41.249530333333,29.124772,4,0,0,0,0,1
2024-09-10T07:14:00.000000,41.2470105,29.125906666667,4,0,0,0,0,1
2024-09-10T07:15:00.000000,41.244304333333,29.126784,4,0,0,0,0,1
2024-09-10T07:16:00.000000,41.2414915,29.127489666667,4,0,0,0,0,1
2024-09-10T07:17:00.000000,41.238769,29.1279435,4,0,0,0,0,1
2024-09-10T07:18:00.000000,41.236186833333,29.127868666667,4,0,0,0,0,1
2024-09-10T07:19:00.000000,41.233699833333,29.127703,4,0,0,0,0,1
2024-09-10T07:20:00.000000,41.231275166667,29.127580333333,4,0,0,0,0,1
2024-09-10T07:21:00.000000,41.228908333333,29.1273305,4,0,0,0,0,1
2024-09-10T07:22:00.000000,41.226687,29.126526833333,4,0,0,0,0,1
2024-09-10T07:23:00.000000,41.2246955,29.125139166667,4,0,0,0,0,1
2024-09-10T07:24:00.000000,41.222754333333,29.12354,4,0,0,0,0,1
2024-09-10T07:25:00.000000,41.220807,29.12191,4,0,0,0,0,1
2024-09-10T07:26:00.000000,41.2187675,29.120448666667,4,0,0,0,0,1
2024-09-10T07:27:00.000000,41.216675666667,29.1190515,4,0,0,0,0,1
2024-09-10T07:28:00.000000,41.214566166667,29.117650333333,4,0,0,0,0,1
2024-09-10T07:29:00.000000,41.212426666667,29.116279833333,4,0,0,0,0,1
2024-09-10T07:30:00.000000,41.210273333333,29.114891333333,4,0,0,0,0,1
2024-09-10T07:31:00.000000,41.208106333333,29.1134785,4,0,0,0,0,1
2024-09-10T07:32:00.000000,41.205927,29.112039833333,4,0,0,0,0,1
2024-09-10T07:33:00.000000,41.203758833333,29.110584666667,4,0,0,0,0,1
2024-09-10T07:34:00.000000,41.201519666667,29.109147333333,4,0,0,0,0,1
2024-09-10T07:35:00.000000,41.199177,29.107534,4,0,0,0,0,1
2024-09-10T07:36:00.000000,41.197003166667,29.105215166667,4,0,0,0,0,1
2024-09-10T07:37:00.000000,41.195024666667,29.10237,4,0,0,0,0,1
2024-09-10T07:38:00.000000,41.193006,29.099438833333,4,0,0,0,0,1
2024-09-10T07:39:00.000000,41.190874,29.096520833333,4,0,0,0,0,1
2024-09-10T07:40:00.000000,41.1886855,29.093584666667,4,0,0,0,0,1
2024-09-10T07:41:00.000000,41.186419333333,29.090724333333,4,0,0,0,0,1
2024-09-10T07:42:00.000000,41.184128666667,29.087865,4,0,0,0,0,1
2024-09-10T07:43:00.000000,41.1818225,29.084991,4,0,0,0,0,1
2024-09-10T07:44:00.000000,41.1794775,29.082141333333,4,0,0,0,0,1
2024-09-10T07:45:00.000000,41.177073833333,29.07934,4,0,0,0,0,1
2024-09-10T07:46:00.000000,41.174637333333,29.0765475,4,0,0,0,0,1
2024-09-10T07:47:00.000000,41.172184833333,29.073736333333,4,0,0,0,0,1
2024-09-10T07:48:00.000000,41.169755166667,29.070852,4,0,0,0,0,1
2024-09-10T07:49:00.000000,41.167330833333,29.067944166667,4,0,0,0,0,1
2024-09-10T07:50:00.000000,41.164780333333,29.065240666667,4,0,0,0,0,1
2024-09-10T07:51:00.000000,41.162218666667,29.062574666667,4,0,0,0,0,1
2024-09-10T07:52:00.000000,41.159558833333,29.060227,4,0,0,0,0,1
2024-09-10T07:53:00.000000,41.156698666667,29.0587725,4,0,0,0,0,1
2024-09-10T07:54:00.000000,41.153741166667,29.058218833333,4,0,0,0,0,1
2024-09-10T07:55:00.000000,41.150762333333,29.058399,4,0,0,0,0,1
2024-09-10T07:56:00.000000,41.147797666667,29.0591055,4,0,0,0,0,1
2024-09-10T07:57:00.000000,41.1449055,29.060256833333,4,0,0,0,0,1
2024-09-10T07:58:00.000000,41.142239833333,29.0620735,4,0,0,0,0,1
2024-09-10T07:59:00.000000,41.1396935,29.0642185,4,0,0,0,0,1
2024-09-10T08:00:00.000000,41.1371595,29.066507166667,4,0,0,0,0,1
2024-09-10T08:01:00.000000,41.134582333333,29.068826333333,4,0,0,0,0,1
2024-09-10T08:02:00.000000,41.131971833333,29.071173,4,0,0,0,0,1
2024-09-10T08:03:00.000000,41.12934,29.073556833333,4,0,0,0,0,1
2024-09-10T08:04:00.000000,41.126619166667,29.0758555,4,0,0,0,0,1
2024-09-10T08:05:00.000000,41.123629,29.077425,4,0,0,0,0,1
2024-09-10T08:06:00.000000,41.120547666667,29.077661666667,4,0,0,0,0,1
2024-09-10T08:07:00.000000,41.117694666667,29.0765115,4,0,0,0,0,1
2024-09-10T08:08:00.000000,41.115295666667,29.074253333333,4,0,0,0,0,1
2024-09-10T08:09:00.000000,41.113144833333,29.071454,4,0,0,0,0,1
2024-09-10T08:10:00.000000,41.111058,29.068448833333,4,0,0,0,0,1
2024-09-10T08:11:00.000000,41.1088315,29.065608833333,4,0,0,0,0,1
2024-09-10T08:12:00.000000,41.1063085,29.063369166667,4,0,0,0,0,1
2024-09-10T08:13:00.000000,41.1035415,29.0617795,4,0,0,0,0,1
2024-09-10T08:14:00.000000,41.100603333333,29.060733,4,0,0,0,0,1
2024-09-10T08:15:00.000000,41.097551333333,29.060148,4,0,0,0,0,1
2024-09-10T08:16:00.000000,41.0943995,29.059819666667,4,0,0,0,0,1
2024-09-10T08:17:00.000000,41.091168166667,29.05973,4,0,0,0,0,1
2024-09-10T08:18:00.000000,41.087865166667,29.059744666667,4,0,0,0,0,1
2024-09-10T08:19:00.000000,41.084495666667,29.0595905,4,0,0,0,0,1
2024-09-10T08:20:00.000000,41.081231166667,29.058575833333,4,0,0,0,0,1
2024-09-10T08:21:00.000000,41.078251,29.05661,4,0,0,0,0,1
2024-09-10T08:22:00.000000,41.075368166667,29.054273666667,4,0,0,0,0,1
2024-09-10T08:23:00.000000,41.072308833333,29.0522115,4,0,0,0,0,1
2024-09-10T08:24:00.000000,41.069044166667,29.0506005,4,0,0,0,0,1
2024-09-10T08:25:00.000000,41.065669666667,29.049092333333,4,0,0,0,0,1
2024-09-10T08:26:00.000000,41.062265166667,29.047461833333,4,0,0,0,0,1
2024-09-10T08:27:00.000000,41.058854333333,29.045697,4,0,0,0,0,1
2024-09-10T08:28:00.000000,41.055515,29.043584166667,4,0,0,0,0,1
2024-09-10T08:29:00.000000,41.0523275,29.0410355,4,0,0,0,0,1
2024-09-10T08:30:00.000000,41.049312166667,29.038125833333,4,0,0,0,0,1
2024-09-10T08:31:00.000000,41.0466485,29.034631666667,4,0,0,0,0,1
2024-09-10T08:32:00.000000,41.0444115,29.030919833333,4,0,0,0,0,1
2024-09-10T08:33:00.000000,41.042292666667,29.0269515,4,0,0,0,0,1
2024-09-10T08:34:00.000000,41.040252,29.023077833333,4,0,0,0,0,1
2024-09-10T08:35:00.000000,41.038174833333,29.0192855,4,0,0,0,0,1
2024-09-10T08:36:00.000000,41.036064333333,29.015554833333,4,0,0,0,0,1
2024-09-10T08:37:00.000000,41.033869333333,29.011930333333,4,0,0,0,0,1
2024-09-10T08:38:00.000000,41.0316445,29.0083025,4,0,0,0,0,1
2024-09-10T08:39:00.000000,41.02942,29.0046335,4,0,0,0,0,1
2024-09-10T08:40:00.000000,41.026954,29.001322666667,4,0,0,0,0,1
2024-09-10T08:41:00.000000,41.0241105,28.998880833333,4,0,0,0,0,1
2024-09-10T08:42:00.000000,41.021030166667,28.997281166667,4,0,0,0,0,1
2024-09-10T08:43:00.000000,41.017993,28.9965185,4,0,0,0,0,1
2024-09-10T08:44:00.000000,41.015142666667,28.996227833333,4,0,0,0,0,1
2024-09-10T08:45:00.000000,41.012476666667,28.9960635,4,0,0,0,0,1
2024-09-10T08:46:00.000000,41.0099455,28.995945666667,4,0,0,0,0,1
2024-09-10T08:47:00.000000,41.007523166667,28.995857,4,0,0,0,0,1
2024-09-10T08:48:00.000000,41.005197666667,28.995788166667,4,0,0,0,0,1
2024-09-10T08:49:00.000000,41.002948,28.995764833333,4,0,0,0,0,1
2024-09-10T08:50:00.000000,41.000816,28.995467333333,4,0,0,0,0,1
2024-09-10T08:51:00.000000,40.99878,28.9948935,4,0,0,0,0,1
2024-09-10T08:52:00.000000,40.996762,28.9943135,4,0,0,0,0,1
2024-09-10T08:53:00.000000,40.994801333333,28.9935635,4,0,0,0,0,1
2024-09-10T08:54:00.000000,40.992790333333,28.9927205,4,0,0,0,0,1
2024-09-10T08:55:00.000000,40.990700166667,28.991886833333,4,0,0,0,0,1
2024-09-10T08:56:00.000000,40.988676,28.990763333333,4,0,0,0,0,1
2024-09-10T08:57:00.000000,40.986731333333,28.989387833333,4,0,0,0,0,1
2024-09-10T08:58:00.000000,40.984893333333,28.987768166667,4,0,0,0,0,1
2024-09-10T08:59:00.000000,40.98314,28.985970833333,4,0,0,0,0,1
2024-09-10T09:00:00.000000,40.981412833333,28.984085666667,4,0,0,0,0,1
2024-09-10T09:01:00.000000,40.979643666667,28.9821925,4,0,0,0,0,1
2024-09-10T09:02:00.000000,40.977941166667,28.980185166667,4,0,0,0,0,1
2024-09-10T09:03:00.000000,40.976286666667,28.978081333333,4,0,0,0,0,1
2024-09-10T09:04:00.000000,40.974689666667,28.975897666667,4,0,0,0,0,1
2024-09-10T09:05:00.000000,40.9730975,28.973698166667,4,0,0,0,0,1
2024-09-10T09:06:00.000000,40.971529333333,28.971468333333,4,0,0,0,0,1
2024-09-10T09:07:00.000000,40.969976333333,28.969219333333,4,0,0,0,0,1
2024-09-10T09:08:00.000000,40.968431833333,28.966957833333,4,0,0,0,0,1
2024-09-10T09:09:00.000000,40.966907666667,28.964679,4,0,0,0,0,1
2024-09-10T09:10:00.000000,40.965383666667,28.962415166667,4,0,0,0,0,1
2024-09-10T09:11:00.000000,40.963936,28.960085666667,4,0,0,0,0,1
2024-09-10T09:12:00.000000,40.9625005,28.957762333333,4,0,0,0,0,1
2024-09-10T09:13:00.000000,40.961063333333,28.955453166667,4,0,0,0,0,1
2024-09-10T09:14:00.000000,40.959638,28.953145833333,4,0,0,0,0,1
2024-09-10T09:15:00.000000,40.958217333333,28.950845166667,4,0,0,0,0,1
2024-09-10T09:16:00.000000,40.956762,28.948587833333,4,0,0,0,0,1
2024-09-10T09:17:00.000000,40.955371333333,28.946252333333,4,0,0,0,0,1
2024-09-10T09:18:00.000000,40.954435666667,28.943672666667,4,0,0,0,0,1
2024-09-10T09:19:00.000000,40.953667166667,28.9410155,4,0,0,0,0,1
2024-09-10T09:20:00.000000,40.9529195,28.938339333333,4,0,0,0,0,1
2024-09-10T09:21:00.000000,40.952187333333,28.935647333333,4,0,0,0,0,1
2024-09-10T09:22:00.000000,40.9514425,28.932950666667,4,0,0,0,0,1
2024-09-10T09:23:00.000000,40.950715666667,28.930240666667,4,0,0,0,0,1
2024-09-10T09:24:00.000000,40.949999,28.927524333333,4,0,0,0,0,1
2024-09-10T09:25:00.000000,40.9492475,28.924837166667,4,0,0,0,0,1
2024-09-10T09:26:00.000000,40.948470333333,28.922153833333,4,0,0,0,0,1
2024-09-10T09:27:00.000000,40.9477375,28.919450166667,4,0,0,0,0,1
2024-09-10T09:28:00.000000,40.9469325,28.916802333333,4,0,0,0,0,1
2024-09-10T09:29:00.000000,40.946125,28.9142895,4,0,0,0,0,1
2024-09-10T09:30:00.000000,40.945374,28.911932,4,0,0,0,0,1
2024-09-10T09:31:00.000000,40.9445415,28.909791166667,4,0,0,0,0,1
2024-09-10T09:32:00.000000,40.9437465,28.907758,4,0,0,0,0,1
2024-09-10T09:33:00.000000,40.942983833333,28.905817833333,4,0,0,0,0,1
2024-09-10T09:34:00.000000,40.942262666667,28.903930333333,4,0,0,0,0,1
2024-09-10T09:35:00.000000,40.941566333333,28.902106666667,4,0,0,0,0,1
2024-09-10T09:36:00.000000,40.940905666667,28.900341,4,0,0,0,0,1
2024-09-10T09:37:00.000000,40.940283166667,28.898690833333,4,0,0,0,0,1
2024-09-10T09:38:00.000000,40.939714666667,28.8971305,4,0,0,0,0,1
2024-09-10T09:39:00.000000,40.939189833333,28.895664833333,4,0,0,0,0,1
2024-09-10T09:40:00.000000,40.9386955,28.8942895,4,0,0,0,0,1
2024-09-10T09:41:00.000000,40.938243,28.892976666667,4,0,0,0,0,1
2024-09-10T09:42:00.000000,40.937851,28.891703,4,0,0,0,0,1
2024-09-10T09:43:00.000000,40.937489833333,28.890505,4,0,0,0,0,1
2024-09-10T09:44:00.000000,40.937163333333,28.8893765,4,0,0,0,0,1
2024-09-10T09:45:00.000000,40.936861166667,28.888313833333,4,0,0,0,0,1
2024-09-10T09:46:00.000000,40.936556,28.887251,4,0,0,0,0,1
2024-09-10T09:47:00.000000,40.936256666667,28.886128833333,4,0,0,0,0,1
2024-09-10T09:48:00.000000,40.935933166667,28.884990666667,4,0,0,0,0,1
2024-09-10T09:49:00.000000,40.935597166667,28.883849666667,4,0,0,0,0,1
2024-09-10T09:50:00.000000,40.935258666667,28.8827015,4,0,0,0,0,1
2024-09-10T09:51:00.000000,40.934923666667,28.881558333333,4,0,0,0,0,1
2024-09-10T09:52:00.000000,40.934591666667,28.880408333333,4,0,0,0,0,1
2024-09-10T09:53:00.000000,40.934262333333,28.879254333333,4,0,0,0,0,1
2024-09-10T09:54:00.000000,40.933948,28.878080333333,4,0,0,0,0,1
2024-09-10T09:55:00.000000,40.933628833333,28.876918333333,4,0,0,0,0,1
2024-09-10T09:56:00.000000,40.933316666667,28.875750333333,4,0,0,0,0,1
2024-09-10T09:57:00.000000,40.933003333333,28.8745745,4,0,0,0,0,1
2024-09-10T09:58:00.000000,40.932686833333,28.873401666667,4,0,0,0,0,1
2024-09-10T09:59:00.000000,40.9323755,28.872228833333,4,0,0,0,0,1
2024-09-10T10:00:00.000000,40.9320595,28.871061333333,4,0,0,0,0,1
2024-09-10T10:01:00.000000,40.9317425,28.869898166667,4,0,0,0,0,1
2024-09-10T10:02:00.000000,40.931429333333,28.8687275,4,0,0,0,0,1
2024-09-10T10:03:00.000000,40.931110166667,28.867555833333,4,0,0,0,0,1
2024-09-10T10:04:00.000000,40.930795,28.866376833333,4,0,0,0,0,1
2024-09-10T10:05:00.000000,40.9304755,28.8651995,4,0,0,0,0,1
2024-09-10T10:06:00.000000,40.930148666667,28.864025666667,4,0,0,0,0,1
2024-09-10T10:07:00.000000,40.929801333333,28.862800333333,4,0,0,0,0,1
2024-09-10T10:08:00.000000,40.9293885,28.861395,4,0,0,0,0,1
2024-09-10T10:09:00.000000,40.928887166667,28.859746166667,4,0,0,0,0,1
2024-09-10T10:10:00.000000,40.928163333333,28.857772,4,0,0,0,0,1
2024-09-10T10:11:00.000000,40.927285,28.855285833333,4,0,0,0,0,1
2024-09-10T10:12:00.000000,40.926257166667,28.852425166667,4,0,0,0,0,1
2024-09-10T10:13:00.000000,40.925140833333,28.849277166667,4,0,0,0,0,1
2024-09-10T10:14:00.000000,40.924011166667,28.845880166667,4,0,0,0,0,1
2024-09-10T10:15:00.000000,40.922947666667,28.842205833333,4,0,0,0,0,1
2024-09-10T10:16:00.000000,40.921866666667,28.838297666667,4,0,0,0,0,1
2024-09-10T10:17:00.000000,40.920764,28.834233333333,4,0,0,0,0,1
2024-09-10T10:18:00.000000,40.919642,28.830041,4,0,0,0,0,1
2024-09-10T10:19:00.000000,40.918507,28.825762166667,4,0,0,0,0,1
2024-09-10T10:20:00.000000,40.917475166667,28.8213565,4,0,0,0,0,1
2024-09-10T10:21:00.000000,40.916489166667,28.816871833333,4,0,0,0,0,1
2024-09-10T10:22:00.000000,40.915494666667,28.8123565,4,0,0,0,0,1
2024-09-10T10:23:00.000000,40.914520833333,28.807807,4,0,0,0,0,1
2024-09-10T10:24:00.000000,40.913790833333,28.803155333333,4,0,0,0,0,1
2024-09-10T10:25:00.000000,40.9131,28.798476,4,0,0,0,0,1
2024-09-10T10:26:00.000000,40.912403666667,28.793784,4,0,0,0,0,1
2024-09-10T10:27:00.000000,40.911714666667,28.789070833333,4,0,0,0,0,1
2024-09-10T10:28:00.000000,40.911029,28.784326166667,4,0,0,0,0,1
2024-09-10T10:29:00.000000,40.910323333333,28.779551833333,4,0,0,0,0,1
2024-09-10T10:30:00.000000,40.9096035,28.774745,4,0,0,0,0,1
2024-09-10T10:31:00.000000,40.908876833333,28.769897666667,4,0,0,0,0,1
2024-09-10T10:32:00.000000,40.908128166667,28.7650065,4,0,0,0,0,1
2024-09-10T10:33:00.000000,40.907359,28.7600705,4,0,0,0,0,1
2024-09-10T10:34:00.000000,40.906587166667,28.755091666667,4,0,0,0,0,1
2024-09-10T10:35:00.000000,40.905792833333,28.7500835,4,0,0,0,0,1
2024-09-10T10:36:00.000000,40.904988166667,28.7450355,4,0,0,0,0,1
2024-09-10T10:37:00.000000,40.904180166667,28.739953,4,0,0,0,0,1
2024-09-10T10:38:00.000000,40.903359833333,28.734847166667,4,0,0,0,0,1
2024-09-10T10:39:00.000000,40.902529333333,28.729728,4,0,0,0,0,1
2024-09-10T10:40:00.000000,40.9016805,28.724594666667,4,0,0,0,0,1
2024-09-10T10:41:00.000000,40.900812,28.719445,4,0,0,0,0,1
2024-09-10T10:42:00.000000,40.899940333333,28.714278166667,4,0,0,0,0,1
2024-09-10T10:43:00.000000,40.899064833333,28.709102,4,0,0,0,0,1
2024-09-10T10:44:00.000000,40.8981805,28.703922833333,4,0,0,0,0,1
2024-09-10T10:45:00.000000,40.8972895,28.698741166667,4,0,0,0,0,1
2024-09-10T10:46:00.000000,40.896392,28.693562166667,4,0,0,0,0,1
2024-09-10T10:47:00.000000,40.895497333333,28.688384666667,4,0,0,0,0,1
2024-09-10T10:48:00.000000,40.894583333333,28.683208333333,4,0,0,0,0,1
2024-09-10T10:49:00.000000,40.893693666667,28.678020333333,4,0,0,0,0,1
2024-09-10T10:50:00.000000,40.892789,28.672829833333,4,0,0,0,0,1
2024-09-10T10:51:00.000000,40.891858166667,28.667638,4,0,0,0,0,1
2024-09-10T10:52:00.000000,40.890921166667,28.662433333333,4,0,0,0,0,1
2024-09-10T10:53:00.000000,40.889973,28.6572165,4,0,0,0,0,1
2024-09-10T10:54:00.000000,40.8890475,28.651975,4,0,0,0,0,1
2024-09-10T10:55:00.000000,40.888259333333,28.646681333333,4,0,0,0,0,1
2024-09-10T10:56:00.000000,40.887486166667,28.641375166667,4,0,0,0,0,1
2024-09-10T10:57:00.000000,40.886706666667,28.6360775,4,0,0,0,0,1
2024-09-10T10:58:00.000000,40.885921,28.630791333333,4,0,0,0,0,1
2024-09-10T10:59:00.000000,40.885126833333,28.625508666667,4,0,0,0,0,1
2024-09-10T11:00:00.000000,40.884313833333,28.6202215,4,0,0,0,0,1
2024-09-10T11:01:00.000000,40.883474,28.614928,4,0,0,0,0,1
2024-09-10T11:02:00.000000,40.882644,28.609616333333,4,0,0,0,0,1
2024-09-10T11:03:00.000000,40.881805,28.604296333333,4,0,0,0,0,1
2024-09-10T11:04:00.000000,40.880963166667,28.598985666667,4,0,0,0,0,1
2024-09-10T11:05:00.000000,40.880143,28.593685333333,4,0,0,0,0,1
2024-09-10T11:06:00.000000,40.879325833333,28.5883865,4,0,0,0,0,1
2024-09-10T11:07:00.000000,40.878505,28.5831015,4,0,0,0,0,1
2024-09-10T11:08:00.000000,40.8777005,28.577830666667,4,0,0,0,0,1
2024-09-10T11:09:00.000000,40.876890666667,28.572575666667,4,0,0,0,0,1
2024-09-10T11:10:00.000000,40.876077,28.5673445,4,0,0,0,0,1
2024-09-10T11:11:00.000000,40.875276166667,28.5621255,4,0,0,0,0,1
2024-09-10T11:12:00.000000,40.874486833333,28.556911166667,4,0,0,0,0,1
2024-09-10T11:13:00.000000,40.873694833333,28.551704333333,4,0,0,0,0,1
2024-09-10T11:14:00.000000,40.872957333333,28.546496833333,4,0,0,0,0,1
2024-09-10T11:15:00.000000,40.872369333333,28.541282666667,4,0,0,0,0,1
2024-09-10T11:16:00.000000,40.871799333333,28.536092,4,0,0,0,0,1
2024-09-10T11:17:00.000000,40.8712485,28.530918,4,0,0,0,0,1
2024-09-10T11:18:00.000000,40.870693833333,28.525761333333,4,0,0,0,0,1
2024-09-10T11:19:00.000000,40.870134,28.5206255,4,0,0,0,0,1
2024-09-10T11:20:00.000000,40.869584833333,28.515508333333,4,0,0,0,0,1
2024-09-10T11:21:00.000000,40.869044666667,28.510406166667,4,0,0,0,0,1
2024-09-10T11:22:00.000000,40.868516,28.505330333333,4,0,0,0,0,1
2024-09-10T11:23:00.000000,40.867979333333,28.500276333333,4,0,0,0,0,1
2024-09-10T11:24:00.000000,40.8674385,28.495238166667,4,0,0,0,0,1
2024-09-10T11:25:00.000000,40.866906166667,28.490207833333,4,0,0,0,0,1
2024-09-10T11:26:00.000000,40.866366,28.485182333333,4,0,0,0,0,1
2024-09-10T11:27:00.000000,40.865815666667,28.480080333333,4,0,0,0,0,1
2024-09-10T11:28:00.000000,40.8652705,28.47507,4,0,0,0,0,1
2024-09-10T11:29:00.000000,40.8647345,28.470066166667,4,0,0,0,0,1
2024-09-10T11:30:00.000000,40.864196833333,28.465065833333,4,0,0,0,0,1
2024-09-10T11:31:00.000000,40.863653833333,28.460064166667,4,0,0,0,0,1
2024-09-10T11:32:00.000000,40.863113833333,28.455056666667,4,0,0,0,0,1
2024-09-10T11:33:00.000000,40.862569166667,28.450041166667,4,0,0,0,0,1
2024-09-10T11:34:00.000000,40.862029833333,28.445019,4,0,0,0,0,1
2024-09-10T11:35:00.000000,40.861487833333,28.439996,4,0,0,0,0,1
2024-09-10T11:36:00.000000,40.860945666667,28.434972,4,0,0,0,0,1
2024-09-10T11:37:00.000000,40.860419833333,28.429939,4,0,0,0,0,1
2024-09-10T11:38:00.000000,40.859897166667,28.4248915,4,0,0,0,0,1
2024-09-10T11:39:00.000000,40.859383333333,28.4198295,4,0,0,0,0,1
2024-09-10T11:40:00.000000,40.858867333333,28.4147515,4,0,0,0,0,1
2024-09-10T11:41:00.000000,40.8583625,28.409669833333,4,0,0,0,0,1
2024-09-10T11:42:00.000000,40.857865333333,28.404589166667,4,0,0,0,0,1
2024-09-10T11:43:00.000000,40.857373166667,28.399505833333,4,0,0,0,0,1
2024-09-10T11:44:00.000000,40.856894666667,28.394419166667,4,0,0,0,0,1
2024-09-10T11:45:00.000000,40.856423333333,28.389332166667,4,0,0,0,0,1
2024-09-10T11:46:00.000000,40.8559505,28.384246333333,4,0,0,0,0,1
2024-09-10T11:47:00.000000,40.855493666667,28.379156666667,4,0,0,0,0,1
2024-09-10T11:48:00.000000,40.855003333333,28.374075166667,4,0,0,0,0,1
2024-09-10T11:49:00.000000,40.854480166667,28.369002,4,0,0,0,0,1
2024-09-10T11:50:00.000000,40.853961666667,28.363922,4,0,0,0,0,1
2024-09-10T11:51:00.000000,40.853452833333,28.358837166667,4,0,0,0,0,1
2024-09-10T11:52:00.000000,40.852941333333,28.353745666667,4,0,0,0,0,1
2024-09-10T11:53:00.000000,40.852415166667,28.348652666667,4,0,0,0,0,1
2024-09-10T11:54:00.000000,40.851890666667,28.343563666667,4,0,0,0,0,1
2024-09-10T11:55:00.000000,40.851368,28.338483,4,0,0,0,0,1
2024-09-10T11:56:00.000000,40.850856666667,28.333409833333,4,0,0,0,0,1
2024-09-10T11:57:00.000000,40.8503555,28.328336166667,4,0,0,0,0,1
2024-09-10T11:58:00.000000,40.849857833333,28.323263666667,4,0,0,0,0,1
2024-09-10T11:59:00.000000,40.849357166667,28.318196666667,4,0,0,0,0,1
2024-09-10T12:00:00.000000,40.848870333333,28.3131375,4,0,0,0,0,1
2024-09-10T12:01:00.000000,40.848378,28.3080855,4,0,0,0,0,1
2024-09-10T12:02:00.000000,40.847904333333,28.303032333333,4,0,0,0,0,1
2024-09-10T12:03:00.000000,40.847476166667,28.297974166667,4,0,0,0,0,1
2024-09-10T12:04:00.000000,40.847067,28.292914833333,4,0,0,0,0,1
2024-09-10T12:05:00.000000,40.846652166667,28.287856833333,4,0,0,0,0,1
2024-09-10T12:06:00.000000,40.846238833333,28.282797166667,4,0,0,0,0,1
2024-09-10T12:07:00.000000,40.845827666667,28.277727,4,0,0,0,0,1
2024-09-10T12:08:00.000000,40.8454195,28.272653833333,4,0,0,0,0,1
2024-09-10T12:09:00.000000,40.8450105,28.267580166667,4,0,0,0,0,1
2024-09-10T12:10:00.000000,40.844589,28.262513333333,4,0,0,0,0,1
2024-09-10T12:11:00.000000,40.84417,28.257449833333,4,0,0,0,0,1
2024-09-10T12:12:00.000000,40.843751166667,28.252380833333,4,0,0,0,0,1
2024-09-10T12:13:00.000000,40.8433465,28.247302,4,0,0,0,0,1
2024-09-10T12:14:00.000000,40.842936666667,28.242216,4,0,0,0,0,1
2024-09-10T12:15:00.000000,40.842519166667,28.237121166667,4,0,0,0,0,1
2024-09-10T12:16:00.000000,40.842103666667,28.232017833333,4,0,0,0,0,1
2024-09-10T12:17:00.000000,40.8416965,28.226909333333,4,0,0,0,0,1
2024-09-10T12:18:00.000000,40.841301166667,28.221792833333,4,0,0,0,0,1
2024-09-10T12:19:00.000000,40.8408945,28.216673666667,4,0,0,0,0,1
2024-09-10T12:20:00.000000,40.840482333333,28.211551333333,4,0,0,0,0,1
2024-09-10T12:21:00.000000,40.8400735,28.206424,4,0,0,0,0,1
2024-09-10T12:22:00.000000,40.839665833333,28.201285666667,4,0,0,0,0,1
2024-09-10T12:23:00.000000,40.839257333333,28.196142333333,4,0,0,0,0,1
2024-09-10T12:24:00.000000,40.838856333333,28.1909945,4,0,0,0,0,1
2024-09-10T12:25:00.000000,40.8384205,28.1858515,4,0,0,0,0,1
2024-09-10T12:26:00.000000,40.837903166667,28.180715166667,4,0,0,0,0,1
2024-09-10T12:27:00.000000,40.837378666667,28.175568,4,0,0,0,0,1
2024-09-10T12:28:00.000000,40.836851333333,28.170410333333,4,0,0,0,0,1
2024-09-10T12:29:00.000000,40.83634,28.165243166667,4,0,0,0,0,1
2024-09-10T12:30:00.000000,40.835840333333,28.160073833333,4,0,0,0,0,1
2024-09-10T12:31:00.000000,40.835347833333,28.154907,4,0,0,0,0,1
2024-09-10T12:32:00.000000,40.8348655,28.149740166667,4,0,0,0,0,1
2024-09-10T12:33:00.000000,40.8343935,28.144571666667,4,0,0,0,0,1
2024-09-10T12:34:00.000000,40.833932333333,28.139407,4,0,0,0,0,1
2024-09-10T12:35:00.000000,40.833481666667,28.134238666667,4,0,0,0,0,1
2024-09-10T12:36:00.000000,40.833040333333,28.1290715,4,0,0,0,0,1
2024-09-10T12:37:00.000000,40.832603833333,28.123903833333,4,0,0,0,0,1
2024-09-10T12:38:00.000000,40.832253333333,28.119591666667,4,0,0,0,0,1
2024-09-10T12:39:00.000000,40.831835833333,28.1144025,4,0,0,0,0,1
2024-09-10T12:40:00.000000,40.831417666667,28.1092065,4,0,0,0,0,1
2024-09-10T12:41:00.000000,40.830994666667,28.104009333333,4,0,0,0,0,1
2024-09-10T12:42:00.000000,40.830564833333,28.098815166667,4,0,0,0,0,1
2024-09-10T12:43:00.000000,40.830127,28.09362,4,0,0,0,0,1
2024-09-10T12:44:00.000000,40.82969,28.088418833333,4,0,0,0,0,1
2024-09-10T12:45:00.000000,40.829264666667,28.083205333333,4,0,0,0,0,1
2024-09-10T12:46:00.000000,40.8288155,28.077993666667,4,0,0,0,0,1
2024-09-10T12:47:00.000000,40.828365333333,28.0727845,4,0,0,0,0,1
2024-09-10T12:48:00.000000,40.827926166667,28.067570333333,4,0,0,0,0,1
2024-09-10T12:49:00.000000,40.827500666667,28.0623545,4,0,0,0,0,1
2024-09-10T12:50:00.000000,40.8270765,28.057134666667,4,0,0,0,0,1
2024-09-10T12:51:00.000000,40.826648833333,28.0519065,4,0,0,0,0,1
2024-09-10T12:52:00.000000,40.826210166667,28.046676166667,4,0,0,0,0,1
2024-09-10T12:53:00.000000,40.8257145,28.0414615,4,0,0,0,0,1
2024-09-10T12:54:00.000000,40.8251405,28.036266166667,4,0,0,0,0,1
2024-09-10T12:55:00.000000,40.824546666667,28.031066833333,4,0,0,0,0,1
2024-09-10T12:56:00.000000,40.8239475,28.025854,4,0,0,0,0,1
2024-09-10T12:57:00.000000,40.823327,28.020631333333,4,0,0,0,0,1
2024-09-10T12:58:00.000000,40.8226755,28.015409,4,0,0,0,0,1
2024-09-10T12:59:00.000000,40.8220205,28.010183,4,0,0,0,0,1
2024-09-10T13:00:00.000000,40.821367333333,28.004954333333,4,0,0,0,0,1
2024-09-10T13:01:00.000000,40.820729,27.999722,4,0,0,0,0,1
2024-09-10T13:02:00.000000,40.820098833333,27.994490333333,4,0,0,0,0,1
2024-09-10T13:03:00.000000,40.819468833333,27.989257833333,4,0,0,0,0,1
2024-09-10T13:04:00.000000,40.818843166667,27.984017333333,4,0,0,0,0,1
2024-09-10T13:05:00.000000,40.818217833333,27.978769666667,4,0,0,0,0,1
2024-09-10T13:06:00.000000,40.817591833333,27.973515666667,4,0,0,0,0,1
2024-09-10T13:07:00.000000,40.816973666667,27.968267333333,4,0,0,0,0,1
2024-09-10T13:08:00.000000,40.816364666667,27.963021833333,4,0,0,0,0,1
2024-09-10T13:09:00.000000,40.815748333333,27.9577765,4,0,0,0,0,1
2024-09-10T13:10:00.000000,40.815138666667,27.952521333333,4,0,0,0,0,1
2024-09-10T13:11:00.000000,40.8145195,27.9472535,4,0,0,0,0,1
2024-09-10T13:12:00.000000,40.813900333333,27.941976166667,4,0,0,0,0,1
2024-09-10T13:13:00.000000,40.813298333333,27.936686,4,0,0,0,0,1
2024-09-10T13:14:00.000000,40.812615666667,27.931411,4,0,0,0,0,1
2024-09-10T13:15:00.000000,40.811873166667,27.926143166667,4,0,0,0,0,1
2024-09-10T13:16:00.000000,40.811129666667,27.920863333333,4,0,0,0,0,1
2024-09-10T13:17:00.000000,40.810388166667,27.915578,4,0,0,0,0,1
2024-09-10T13:18:00.000000,40.809643333333,27.910291,4,0,0,0,0,1
2024-09-10T13:19:00.000000,40.808892666667,27.904998333333,4,0,0,0,0,1
2024-09-10T13:20:00.000000,40.8081355,27.899708166667,4,0,0,0,0,1
2024-09-10T13:21:00.000000,40.807391666667,27.894423333333,4,0,0,0,0,1
2024-09-10T13:22:00.000000,40.806649333333,27.88914,4,0,0,0,0,1
2024-09-10T13:23:00.000000,40.805909,27.8838615,4,0,0,0,0,1
2024-09-10T13:24:00.000000,40.805173,27.878588166667,4,0,0,0,0,1
2024-09-10T13:25:00.000000,40.80442,27.873324,4,0,0,0,0,1
2024-09-10T13:26:00.000000,40.803619333333,27.868080666667,4,0,0,0,0,1
2024-09-10T13:27:00.000000,40.802808333333,27.862845333333,4,0,0,0,0,1
2024-09-10T13:28:00.000000,40.801968166667,27.857608833333,4,0,0,0,0,1
2024-09-10T13:29:00.000000,40.801111166667,27.852360666667,4,0,0,0,0,1
2024-09-10T13:30:00.000000,40.8002405,27.847094,4,0,0,0,0,1
2024-09-10T13:31:00.000000,40.799356833333,27.8418305,4,0,0,0,0,1
2024-09-10T13:32:00.000000,40.798453833333,27.83657,4,0,0,0,0,1
2024-09-10T13:33:00.000000,40.797523833333,27.831314166667,4,0,0,0,0,1
2024-09-10T13:34:00.000000,40.7966155,27.826052,4,0,0,0,0,1
2024-09-10T13:35:00.000000,40.795696666667,27.8207915,4,0,0,0,0,1
2024-09-10T13:36:00.000000,40.794775833333,27.815534333333,4,0,0,0,0,1
2024-09-10T13:37:00.000000,40.793849166667,27.810275333333,4,0,0,0,0,1
2024-09-10T13:38:00.000000,40.792928833333,27.805009,4,0,0,0,0,1
2024-09-10T13:39:00.000000,40.7920105,27.799752,4,0,0,0,0,1
2024-09-10T13:40:00.000000,40.791096166667,27.794495833333,4,0,0,0,0,1
2024-09-10T13:41:00.000000,40.790210166667,27.7892325,4,0,0,0,0,1
2024-09-10T13:42:00.000000,40.789331666667,27.783966833333,4,0,0,0,0,1
2024-09-10T13:43:00.000000,40.788457833333,27.778693166667,4,0,0,0,0,1
2024-09-10T13:44:00.000000,40.787582166667,27.773414,4,0,0,0,0,1
2024-09-10T13:45:00.000000,40.786697166667,27.768133333333,4,0,0,0,0,1
2024-09-10T13:46:00.000000,40.785858333333,27.762837833333,4,0,0,0,0,1
2024-09-10T13:47:00.000000,40.785116666667,27.757524833333,4,0,0,0,0,1
2024-09-10T13:48:00.000000,40.784391833333,27.752210833333,4,0,0,0,0,1
2024-09-10T13:49:00.000000,40.7836695,27.746899333333,4,0,0,0,0,1
2024-09-10T13:50:00.000000,40.782968833333,27.7415815,4,0,0,0,0,1
2024-09-10T13:51:00.000000,40.782272166667,27.736264833333,4,0,0,0,0,1
2024-09-10T13:52:00.000000,40.781576333333,27.7309465,4,0,0,0,0,1
2024-09-10T13:53:00.000000,40.7809,27.72562,4,0,0,0,0,1
2024-09-10T13:54:00.000000,40.780235166667,27.720296666667,4,0,0,0,0,1
2024-09-10T13:55:00.000000,40.779562,27.714971,4,0,0,0,0,1
2024-09-10T13:56:00.000000,40.7789,27.709641166667,4,0,0,0,0,1
2024-09-10T13:57:00.000000,40.7782345,27.704307833333,4,0,0,0,0,1
2024-09-10T13:58:00.000000,40.777557833333,27.698973166667,4,0,0,0,0,1
2024-09-10T13:59:00.000000,40.776901333333,27.693632833333,4,0,0,0,0,1
2024-09-10T14:00:00.000000,40.776258333333,27.688284833333,4,0,0,0,0,1
2024-09-10T14:01:00.000000,40.775618166667,27.682934333333,4,0,0,0,0,1
2024-09-10T14:02:00.000000,40.7749675,27.677585166667,4,0,0,0,0,1
2024-09-10T14:03:00.000000,40.774310166667,27.672238833333,4,0,0,0,0,1
2024-09-10T14:04:00.000000,40.773657166667,27.666898,4,0,0,0,0,1
2024-09-10T14:05:00.000000,40.773015333333,27.661562166667,4,0,0,0,0,1
2024-09-10T14:06:00.000000,40.772383833333,27.656227333333,4,0,0,0,0,1
2024-09-10T14:07:00.000000,40.771749833333,27.650892,4,0,0,0,0,1
2024-09-10T14:08:00.000000,40.771178166667,27.645571166667,4,0,0,0,0,1
2024-09-10T14:09:00.000000,40.7700345,27.640539666667,4,0,0,0,0,1
2024-09-10T14:10:00.000000,40.768374833333,27.635776,4,0,0,0,0,1
2024-09-10T14:11:00.000000,40.766634833333,27.631003,4,0,0,0,0,1
2024-09-10T14:12:00.000000,40.764906,27.626179666667,4,0,0,0,0,1
2024-09-10T14:13:00.000000,40.763185333333,27.621330666667,4,0,0,0,0,1
2024-09-10T14:14:00.000000,40.7614705,27.616472,4,0,0,0,0,1
2024-09-10T14:15:00.000000,40.759737166667,27.611633833333,4,0,0,0,0,1
2024-09-10T14:16:00.000000,40.757974833333,27.606815833333,4,0,0,0,0,1
2024-09-10T14:17:00.000000,40.756209833333,27.601996,4,0,0,0,0,1
2024-09-10T14:18:00.000000,40.754451166667,27.597179666667,4,0,0,0,0,1
2024-09-10T14:19:00.000000,40.752678,27.592375666667,4,0,0,0,0,1
2024-09-10T14:20:00.000000,40.7509095,27.587572333333,4,0,0,0,0,1
2024-09-10T14:21:00.000000,40.749144333333,27.582775166667,4,0,0,0,0,1
2024-09-10T14:22:00.000000,40.747380833333,27.577987333333,4,0,0,0,0,1
2024-09-10T14:23:00.000000,40.745608,27.573215166667,4,0,0,0,0,1
2024-09-10T14:24:00.000000,40.743797,27.568477,4,0,0,0,0,1
2024-09-10T14:25:00.000000,40.741960166667,27.563764333333,4,0,0,0,0,1
2024-09-10T14:26:00.000000,40.740115,27.559062,4,0,0,0,0,1
2024-09-10T14:27:00.000000,40.738279,27.554359,4,0,0,0,0,1
2024-09-10T14:28:00.000000,40.736444833333,27.549667666667,4,0,0,0,0,1
2024-09-10T14:29:00.000000,40.734606166667,27.544996333333,4,0,0,0,0,1
2024-09-10T14:30:00.000000,40.732765333333,27.540335833333,4,0,0,0,0,1
2024-09-10T14:31:00.000000,40.730952333333,27.535655333333,4,0,0,0,0,1
2024-09-10T14:32:00.000000,40.729236333333,27.530908166667,4,0,0,0,0,1
2024-09-10T14:33:00.000000,40.727542166667,27.526152833333,4,0,0,0,0,1
2024-09-10T14:34:00.000000,40.725827833333,27.5214145,4,0,0,0,0,1
2024-09-10T14:35:00.000000,40.724109333333,27.516681,4,0,0,0,0,1
2024-09-10T14:36:00.000000,40.722386166667,27.511952333333,4,0,0,0,0,1
2024-09-10T14:37:00.000000,40.7206505,27.507238166667,4,0,0,0,0,1
2024-09-10T14:38:00.000000,40.718911166667,27.502534333333,4,0,0,0,0,1
2024-09-10T14:39:00.000000,40.717142833333,27.497747666667,4,0,0,0,0,1
2024-09-10T14:40:00.000000,40.715389333333,27.493062666667,4,0,0,0,0,1
2024-09-10T14:41:00.000000,40.713633666667,27.4883925,4,0,0,0,0,1
2024-09-10T14:42:00.000000,40.711869833333,27.483737,4,0,0,0,0,1
2024-09-10T14:43:00.000000,40.710106666667,27.479086833333,4,0,0,0,0,1
2024-09-10T14:44:00.000000,40.708347,27.474447333333,4,0,0,0,0,1
2024-09-10T14:45:00.000000,40.706582333333,27.469822666667,4,0,0,0,0,1
2024-09-10T14:46:00.000000,40.704807,27.465221666667,4,0,0,0,0,1
2024-09-10T14:47:00.000000,40.703012333333,27.460648,4,0,0,0,0,1
2024-09-10T14:48:00.000000,40.701223,27.456078666667,4,0,0,0,0,1
2024-09-10T14:49:00.000000,40.699434166667,27.4515145,4,0,0,0,0,1
2024-09-10T14:50:00.000000,40.6976345,27.4469905,4,0,0,0,0,1
2024-09-10T14:51:00.000000,40.695842666667,27.442520166667,4,0,0,0,0,1
2024-09-10T14:52:00.000000,40.694073333333,27.4380995,4,0,0,0,0,1
2024-09-10T14:53:00.000000,40.692325833333,27.4337395,4,0,0,0,0,1
2024-09-10T14:54:00.000000,40.690603833333,27.429446166667,4,0,0,0,0,1
2024-09-10T14:55:00.000000,40.688969666667,27.425172333333,4,0,0,0,0,1
2024-09-10T14:56:00.000000,40.687421,27.420919,4,0,0,0,0,1
2024-09-10T14:57:00.000000,40.685905,27.416719166667,4,0,0,0,0,1
2024-09-10T14:58:00.000000,40.684428666667,27.412565333333,4,0,0,0,0,1
2024-09-10T14:59:00.000000,40.682976833333,27.408495166667,4,0,0,0,0,1
2024-09-10T15:00:00.000000,40.681573,27.404538666667,4,0,0,0,0,1
2024-09-10T15:01:00.000000,40.6802095,27.400658333333,4,0,0,0,0,1
2024-09-10T15:02:00.000000,40.678866,27.396832333333,4,0,0,0,0,1
2024-09-10T15:03:00.000000,40.677549666667,27.393031333333,4,0,0,0,0,1
2024-09-10T15:04:00.000000,40.676254833333,27.389241,4,0,0,0,0,1
2024-09-10T15:05:00.000000,40.674968333333,27.385457666667,4,0,0,0,0,1
2024-09-10T15:06:00.000000,40.673685833333,27.381679166667,4,0,0,0,0,1
2024-09-10T15:07:00.000000,40.672412333333,27.3778965,4,0,0,0,0,1
2024-09-10T15:08:00.000000,40.671150666667,27.374102833333,4,0,0,0,0,1
2024-09-10T15:09:00.000000,40.669896166667,27.370306333333,4,0,0,0,0,1
2024-09-10T15:10:00.000000,40.6686365,27.3665085,4,0,0,0,0,1
2024-09-10T15:11:00.000000,40.667388833333,27.3627045,4,0,0,0,0,1
2024-09-10T15:12:00.000000,40.666130333333,27.358894833333,4,0,0,0,0,1
2024-09-10T15:13:00.000000,40.6648805,27.355069333333,4,0,0,0,0,1
2024-09-10T15:14:00.000000,40.663617166667,27.351250666667,4,0,0,0,0,1
2024-09-10T15:15:00.000000,40.6623505,27.3474245,4,0,0,0,0,1
2024-09-10T15:16:00.000000,40.661091333333,27.343588666667,4,0,0,0,0,1
2024-09-10T15:17:00.000000,40.659848833333,27.339741833333,4,0,0,0,0,1
2024-09-10T15:18:00.000000,40.6586075,27.335897,4,0,0,0,0,1
2024-09-10T15:19:00.000000,40.657348666667,27.332063833333,4,0,0,0,0,1
2024-09-10T15:20:00.000000,40.6560825,27.328215833333,4,0,0,0,0,1
2024-09-10T15:21:00.000000,40.6548235,27.324354166667,4,0,0,0,0,1
2024-09-10T15:22:00.000000,40.6535695,27.320489166667,4,0,0,0,0,1
2024-09-10T15:23:00.000000,40.652311166667,27.316620333333,4,0,0,0,0,1
2024-09-10T15:24:00.000000,40.651058833333,27.312742,4,0,0,0,0,1
2024-09-10T15:25:00.000000,40.649806333333,27.308878166667,4,0,0,0,0,1
2024-09-10T15:26:00.000000,40.648554333333,27.305003833333,4,0,0,0,0,1
2024-09-10T15:27:00.000000,40.647306166667,27.301121333333,4,0,0,0,0,1
2024-09-10T15:28:00.000000,40.646041833333,27.297237833333,4,0,0,0,0,1
2024-09-10T15:29:00.000000,40.6447885,27.2933465,4,0,0,0,0,1
2024-09-10T15:30:00.000000,40.6435345,27.289443,4,0,0,0,0,1
2024-09-10T15:31:00.000000,40.642283333333,27.285522,4,0,0,0,0,1
2024-09-10T15:32:00.000000,40.641035166667,27.281587,4,0,0,0,0,1
2024-09-10T15:33:00.000000,40.639791166667,27.2777165,4,0,0,0,0,1
2024-09-10T15:34:00.000000,40.6385165,27.273716,4,0,0,0,0,1
2024-09-10T15:35:00.000000,40.637179,27.269844333333,4,0,0,0,0,1
2024-09-10T15:36:00.000000,40.635720333333,27.2660535,4,0,0,0,0,1
2024-09-10T15:37:00.000000,40.634114666667,27.262391666667,4,0,0,0,0,1
2024-09-10T15:38:00.000000,40.6324005,27.2588015,4,0,0,0,0,1
2024-09-10T15:39:00.000000,40.6306575,27.25521,4,0,0,0,0,1
2024-09-10T15:40:00.000000,40.6289135,27.251593166667,4,0,0,0,0,1
2024-09-10T15:41:00.000000,40.627147,27.247969,4,0,0,0,0,1
2024-09-10T15:42:00.000000,40.625381666667,27.244332833333,4,0,0,0,0,1
2024-09-10T15:43:00.000000,40.623597666667,27.2407085,4,0,0,0,0,1
2024-09-10T15:44:00.000000,40.621794,27.2371,4,0,0,0,0,1
2024-09-10T15:45:00.000000,40.620004,27.233464166667,4,0,0,0,0,1
2024-09-10T15:46:00.000000,40.6181735,27.229852,4,0,0,0,0,1
2024-09-10T15:47:00.000000,40.616368666667,27.226211666667,4,0,0,0,0,1
2024-09-10T15:48:00.000000,40.614555,27.222579166667,4,0,0,0,0,1
2024-09-10T15:49:00.000000,40.612703,27.218979,4,0,0,0,0,1
2024-09-10T15:50:00.000000,40.610836833333,27.215374166667,4,0,0,0,0,1
2024-09-10T15:51:00.000000,40.608973833333,27.211752166667,4,0,0,0,0,1
2024-09-10T15:52:00.000000,40.607109333333,27.208133333333,4,0,0,0,0,1
2024-09-10T15:53:00.000000,40.605233666667,27.204518666667,4,0,0,0,0,1
2024-09-10T15:54:00.000000,40.603333166667,27.2009185,4,0,0,0,0,1
2024-09-10T15:55:00.000000,40.601479666667,27.197259833333,4,0,0,0,0,1
2024-09-10T15:56:00.000000,40.599797166667,27.193465666667,4,0,0,0,0,1
2024-09-10T15:57:00.000000,40.598269333333,27.189548166667,4,0,0,0,0,1
2024-09-10T15:58:00.000000,40.596817333333,27.185580666667,4,0,0,0,0,1
2024-09-10T15:59:00.000000,40.595384,27.181617833333,4,0,0,0,0,1
2024-09-10T16:00:00.000000,40.5939465,27.177683666667,4,0,0,0,0,1
2024-09-10T16:01:00.000000,40.592523166667,27.173759,4,0,0,0,0,1
2024-09-10T16:02:00.000000,40.5911085,27.169849833333,4,0,0,0,0,1
2024-09-10T16:03:00.000000,40.589702833333,27.165953666667,4,0,0,0,0,1
2024-09-10T16:04:00.000000,40.5883185,27.162063333333,4,0,0,0,0,1
2024-09-10T16:05:00.000000,40.586936833333,27.1581835,4,0,0,0,0,1
2024-09-10T16:06:00.000000,40.585555333333,27.1543085,4,0,0,0,0,1
2024-09-10T16:07:00.000000,40.584195833333,27.150435166667,4,0,0,0,0,1
2024-09-10T16:08:00.000000,40.582850333333,27.146555166667,4,0,0,0,0,1
2024-09-10T16:09:00.000000,40.581508833333,27.142685833333,4,0,0,0,0,1
2024-09-10T16:10:00.000000,40.580182833333,27.138830833333,4,0,0,0,0,1
2024-09-10T16:11:00.000000,40.578861833333,27.134989333333,4,0,0,0,0,1
2024-09-10T16:12:00.000000,40.577558833333,27.1311565,4,0,0,0,0,1
2024-09-10T16:13:00.000000,40.576263833333,27.127327333333,4,0,0,0,0,1
2024-09-10T16:14:00.000000,40.574970166667,27.123520666667,4,0,0,0,0,1
2024-09-10T16:15:00.000000,40.573683,27.119719333333,4,0,0,0,0,1
2024-09-10T16:16:00.000000,40.572412833333,27.115916,4,0,0,0,0,1
2024-09-10T16:17:00.000000,40.5711425,27.112118,4,0,0,0,0,1
2024-09-10T16:18:00.000000,40.5698855,27.108312,4,0,0,0,0,1
2024-09-10T16:19:00.000000,40.568630333333,27.104499,4,0,0,0,0,1
2024-09-10T16:20:00.000000,40.567372,27.100690833333,4,0,0,0,0,1
2024-09-10T16:21:00.000000,40.566103833333,27.096891166667,4,0,0,0,0,1
2024-09-10T16:22:00.000000,40.564839166667,27.093086,4,0,0,0,0,1
2024-09-10T16:23:00.000000,40.563574166667,27.089272833333,4,0,0,0,0,1
2024-09-10T16:24:00.000000,40.5623055,27.085457,4,0,0,0,0,1
2024-09-10T16:25:00.000000,40.561031333333,27.081646333333,4,0,0,0,0,1
2024-09-10T16:26:00.000000,40.5597625,27.077832833333,4,0,0,0,0,1
2024-09-10T16:27:00.000000,40.558502,27.074019166667,4,0,0,0,0,1
2024-09-10T16:28:00.000000,40.557232166667,27.070216,4,0,0,0,0,1
2024-09-10T16:29:00.000000,40.555973666667,27.066413166667,4,0,0,0,0,1
2024-09-10T16:30:00.000000,40.554725666667,27.062614,4,0,0,0,0,1
2024-09-10T16:31:00.000000,40.553473333333,27.058829666667,4,0,0,0,0,1
2024-09-10T16:32:00.000000,40.552221333333,27.05505,4,0,0,0,0,1
2024-09-10T16:33:00.000000,40.550966,27.051279,4,0,0,0,0,1
2024-09-10T16:34:00.000000,40.5497105,27.0475085,4,0,0,0,0,1
2024-09-10T16:35:00.000000,40.5484525,27.043742833333,4,0,0,0,0,1
2024-09-10T16:36:00.000000,40.547202,27.039981833333,4,0,0,0,0,1
2024-09-10T16:37:00.000000,40.545945666667,27.036222166667,4,0,0,0,0,1
2024-09-10T16:38:00.000000,40.544696,27.032440166667,4,0,0,0,0,1
2024-09-10T16:39:00.000000,40.543447333333,27.028645666667,4,0,0,0,0,1
2024-09-10T16:40:00.000000,40.542194666667,27.024846166667,4,0,0,0,0,1
2024-09-10T16:41:00.000000,40.540952833333,27.021035166667,4,0,0,0,0,1
2024-09-10T16:42:00.000000,40.539665166667,27.017251833333,4,0,0,0,0,1
2024-09-10T16:43:00.000000,40.538319166667,27.013500666667,4,0,0,0,0,1
2024-09-10T16:44:00.000000,40.536963833333,27.0097425,4,0,0,0,0,1
2024-09-10T16:45:00.000000,40.535596833333,27.005980666667,4,0,0,0,0,1
2024-09-10T16:46:00.000000,40.534186333333,27.002239666667,4,0,0,0,0,1
2024-09-10T16:47:00.000000,40.532769166667,26.998488,4,0,0,0,0,1
2024-09-10T16:48:00.000000,40.531349166667,26.994736833333,4,0,0,0,0,1
2024-09-10T16:49:00.000000,40.529992,26.991171833333,4,0,0,0,0,1
2024-09-10T16:50:00.000000,40.528715666667,26.987804166667,4,0,0,0,0,1
2024-09-10T16:51:00.000000,40.527497333333,26.984585166667,4,0,0,0,0,1
2024-09-10T16:52:00.000000,40.526312333333,26.981478833333,4,0,0,0,0,1
2024-09-10T16:53:00.000000,40.525154833333,26.978453166667,4,0,0,0,0,1
2024-09-10T16:54:00.000000,40.524025666667,26.975477833333,4,0,0,0,0,1
2024-09-10T16:55:00.000000,40.522915666667,26.972542166667,4,0,0,0,0,1
2024-09-10T16:56:00.000000,40.521815333333,26.969638,4,0,0,0,0,1
2024-09-10T16:57:00.000000,40.520726666667,26.966755666667,4,0,0,0,0,1
2024-09-10T16:58:00.000000,40.519641666667,26.9638915,4,0,0,0,0,1
2024-09-10T16:59:00.000000,40.518562166667,26.961039666667,4,0,0,0,0,1
2024-09-10T17:00:00.000000,40.5174945,26.958190333333,4,0,0,0,0,1
2024-09-10T17:01:00.000000,40.516430333333,26.955349166667,4,0,0,0,0,1
2024-09-10T17:02:00.000000,40.515367166667,26.952515833333,4,0,0,0,0,1
2024-09-10T17:03:00.000000,40.514294,26.949698833333,4,0,0,0,0,1
2024-09-10T17:04:00.000000,40.5132205,26.9468885,4,0,0,0,0,1
2024-09-10T17:05:00.000000,40.512151333333,26.944082166667,4,0,0,0,0,1
2024-09-10T17:06:00.000000,40.511082666667,26.941283333333,4,0,0,0,0,1
2024-09-10T17:07:00.000000,40.510018333333,26.938516333333,4,0,0,0,0,1
2024-09-10T17:08:00.000000,40.508995166667,26.935844666667,4,0,0,0,0,1
2024-09-10T17:09:00.000000,40.508094833333,26.933214666667,4,0,0,0,0,1
2024-09-10T17:10:00.000000,40.507259166667,26.930641333333,4,0,0,0,0,1
2024-09-10T17:11:00.000000,40.506453833333,26.928128,4,0,0,0,0,1
2024-09-10T17:12:00.000000,40.505664,26.925671166667,4,0,0,0,0,1
2024-09-10T17:13:00.000000,40.504891166667,26.9232575,4,0,0,0,0,1
2024-09-10T17:14:00.000000,40.504128666667,26.920879166667,4,0,0,0,0,1
2024-09-10T17:15:00.000000,40.503369333333,26.918531333333,4,0,0,0,0,1
2024-09-10T17:16:00.000000,40.50262,26.916214166667,4,0,0,0,0,1
2024-09-10T17:17:00.000000,40.501894,26.913977,4,0,0,0,0,1
2024-09-10T17:18:00.000000,40.501165166667,26.911842666667,4,0,0,0,0,1
2024-09-10T17:19:00.000000,40.500508333333,26.909753333333,4,0,0,0,0,1
2024-09-10T17:20:00.000000,40.4999315,26.907695166667,4,0,0,0,0,1
2024-09-10T17:21:00.000000,40.4996655,26.905692833333,4,0,0,0,0,1
2024-09-10T17:22:00.000000,40.499774,26.903949833333,4,0,0,0,0,1
2024-09-10T17:23:00.000000,40.500095333333,26.902508,4,0,0,0,0,1
2024-09-10T17:24:00.000000,40.500589333333,26.901434666667,4,0,0,0,0,1
2024-09-10T17:25:00.000000,40.5012205,26.900690833333,4,0,0,0,0,1
2024-09-10T17:26:00.000000,40.5019065,26.900041166667,4,0,0,0,0,1
2024-09-10T17:27:00.000000,40.502551,26.899367166667,4,0,0,0,0,1
2024-09-10T17:28:00.000000,40.503136833333,26.8986755,4,0,0,0,0,1
2024-09-10T17:29:00.000000,40.5036825,26.898003833333,4,0,0,0,0,1
2024-09-10T17:30:00.000000,40.504159666667,26.897387666667,4,0,0,0,0,1
2024-09-10T17:31:00.000000,40.5045475,26.896830333333,4,0,0,0,0,1
2024-09-10T17:32:00.000000,40.504899833333,26.896345,2,0,0,1,0,0
2024-09-10T17:33:00.000000,40.505225666667,26.895954,2,0,0,1,0,0
2024-09-10T17:34:00.000000,40.505507833333,26.8956405,2,0,0,1,0,0
2024-09-10T17:35:00.000000,40.505753833333,26.895362333333,2,0,0,1,0,0
2024-09-10T17:36:00.000000,40.505971666667,26.895093,2,0,0,1,0,0
2024-09-10T17:37:00.000000,40.506166,26.894823,2,0,0,1,0,0
2024-09-10T17:38:00.000000,40.506336,26.894552166667,2,0,0,1,0,0
2024-09-10T17:39:00.000000,40.506482166667,26.894270166667,2,0,0,1,0,0
2024-09-10T17:40:00.000000,40.506605,26.893979,2,0,0,1,0,0
2024-09-10T17:41:00.000000,40.506710166667,26.8936805,2,0,0,1,0,0
2024-09-10T17:42:00.000000,40.5067975,26.893378333333,2,0,0,1,0,0
2024-09-10T17:43:00.000000,40.5068665,26.893077166667,2,0,0,1,0,0
2024-09-10T17:44:00.000000,40.506923333333,26.892766666667,2,0,0,1,0,0
2024-09-10T17:45:00.000000,40.506973166667,26.892441333333,2,0,0,1,0,0
2024-09-10T17:46:00.000000,40.5070395,26.8920865,2,0,0,1,0,0
2024-09-10T17:47:00.000000,40.507119,26.891680333333,2,0,0,1,0,0
2024-09-10T17:48:00.000000,40.507197666667,26.891236166667,2,0,0,1,0,0
2024-09-10T17:49:00.000000,40.507275166667,26.890821833333,2,0,0,1,0,0
2024-09-10T17:50:00.000000,40.50739,26.890439333333,2,0,0,1,0,0
2024-09-10T17:51:00.000000,40.507513166667,26.8901215,2,0,0,1,0,0
2024-09-10T17:52:00.000000,40.5076405,26.889873,2,0,0,1,0,0
2024-09-10T17:53:00.000000,40.5077775,26.889740166667,2,0,0,1,0,0
2024-09-10T17:54:00.000000,40.507884333333,26.889627333333,2,0,0,1,0,0
2024-09-10T17:55:00.000000,40.507954666667,26.889493333333,2,0,0,1,0,0
2024-09-10T17:56:00.000000,40.5080055,26.889329666667,2,0,0,1,0,0
2024-09-10T17:57:00.000000,40.508058833333,26.889151666667,2,0,0,1,0,0
2024-09-10T17:58:00.000000,40.508139,26.888987833333,2,0,0,1,0,0
2024-09-10T17:59:00.000000,40.508225333333,26.888848,2,0,0,1,0,0
2024-09-10T18:00:00.000000,40.5083,26.888746666667,2,0,0,1,0,0
2024-09-10T18:01:00.000000,40.5083475,26.888806833333,2,0,0,1,0,0
2024-09-10T18:02:00.000000,40.508369666667,26.888899333333,2,0,0,1,0,0
2024-09-10T18:03:00.000000,40.5083825,26.888951,2,0,0,1,0,0
2024-09-10T18:04:00.000000,40.508387666667,26.888958166667,2,0,0,1,0,0
2024-09-10T18:05:00.000000,40.508383333333,26.8889225,2,0,0,1,0,0
2024-09-10T18:06:00.000000,40.508344333333,26.888862833333,2,0,0,1,0,0
2024-09-10T18:07:00.000000,40.5082525,26.888833166667,2,0,0,1,0,0
2024-09-10T18:08:00.000000,40.508160833333,26.888825833333,2,0,0,1,0,0
2024-09-10T18:09:00.000000,40.508089833333,26.8888255,2,0,0,1,0,0
2024-09-10T18:10:00.000000,40.508039833333,26.888826833333,2,0,0,1,0,0
2024-09-10T18:11:00.000000,40.508016333333,26.888839,2,0,0,1,0,0
2024-09-10T18:12:00.000000,40.508017833333,26.8888585,2,0,0,1,0,0
2024-09-10T18:13:00.000000,40.5080275,26.888871833333,2,0,0,1,0,0
2024-09-10T18:14:00.000000,40.5080365,26.888871833333,2,0,0,1,0,0
2024-09-10T18:15:00.000000,40.508031833333,26.888857,2,0,0,1,0,0
2024-09-10T18:16:00.000000,40.508018666667,26.888840833333,2,0,0,1,0,0
2024-09-10T18:17:00.000000,40.507994166667,26.888840833333,2,0,0,1,0,0
2024-09-10T18:18:00.000000,40.507970333333,26.88886,2,0,0,1,0,0
2024-09-10T18:19:00.000000,40.507955666667,26.888880166667,2,0,0,1,0,0
2024-09-10T18:20:00.000000,40.507944833333,26.888886333333,2,0,0,1,0,0
2024-09-10T18:21:00.000000,40.5079435,26.888883,2,0,0,1,0,0
2024-09-10T18:22:00.000000,40.507948833333,26.8888715,2,0,0,1,0,0
2024-09-10T18:23:00.000000,40.507969166667,26.888861,2,0,0,1,0,0
2024-09-10T18:24:00.000000,40.507999,26.888857833333,2,0,0,1,0,0
2024-09-10T18:25:00.000000,40.508032,26.888854833333,2,0,0,1,0,0
2024-09-10T18:26:00.000000,40.508062166667,26.888846,2,0,0,1,0,0
2024-09-10T18:27:00.000000,40.508086666667,26.888838833333,2,0,0,1,0,0
2024-09-10T18:28:00.000000,40.508098166667,26.888837833333,2,0,0,1,0,0
2024-09-10T18:29:00.000000,40.508102833333,26.888840666667,2,0,0,1,0,0
2024-09-10T18:30:00.000000,40.508096166667,26.888835,2,0,0,1,0,0
2024-09-10T18:31:00.000000,40.508091666667,26.888828,2,0,0,1,0,0
2024-09-10T18:32:00.000000,40.508086666667,26.888827,2,0,0,1,0,0
2024-09-10T18:33:00.000000,40.508086833333,26.888838666667,2,0,0,1,0,0
2024-09-10T18:34:00.000000,40.5080995,26.888849333333,2,0,0,1,0,0
2024-09-10T18:35:00.000000,40.508121166667,26.888851166667,2,0,0,1,0,0
2024-09-10T18:36:00.000000,40.508150666667,26.888841,2,0,0,1,0,0
2024-09-10T18:37:00.000000,40.508187166667,26.8888225,2,0,0,1,0,0
2024-09-10T18:38:00.000000,40.508219,26.888806,2,0,0,1,0,0
2024-09-10T18:39:00.000000,40.508246333333,26.888803666667,2,0,0,1,0,0
2024-09-10T18:40:00.000000,40.5082635,26.888823166667,2,0,0,1,0,0
2024-09-10T18:41:00.000000,40.508271,26.888848833333,2,0,0,1,0,0
2024-09-10T18:42:00.000000,40.508268333333,26.888858666667,2,0,0,1,0,0
2024-09-10T18:43:00.000000,40.508254,26.888847166667,2,0,0,1,0,0
2024-09-10T18:44:00.000000,40.508229166667,26.888828166667,2,0,0,1,0,0
2024-09-10T18:45:00.000000,40.508198666667,26.888808833333,2,0,0,1,0,0
2024-09-10T18:46:00.000000,40.508166833333,26.888805833333,2,0,0,1,0,0
2024-09-10T18:47:00.000000,40.5081605,26.888834166667,2,0,0,1,0,0
2024-09-10T18:48:00.000000,40.508161,26.888873166667,2,0,0,1,0,0
2024-09-10T18:49:00.000000,40.508174166667,26.888897333333,2,0,0,1,0,0
2024-09-10T18:50:00.000000,40.508189166667,26.888899666667,2,0,0,1,0,0
2024-09-10T18:51:00.000000,40.508210833333,26.888880333333,2,0,0,1,0,0
2024-09-10T18:52:00.000000,40.508241166667,26.888840166667,2,0,0,1,0,0
2024-09-10T18:53:00.000000,40.508275,26.888802833333,2,0,0,1,0,0
2024-09-10T18:54:00.000000,40.508315833333,26.8887965,2,0,0,1,0,0
2024-09-10T18:55:00.000000,40.508351166667,26.888824666667,2,0,0,1,0,0
2024-09-10T18:56:00.000000,40.508368333333,26.888858166667,2,0,0,1,0,0
2024-09-10T18:57:00.000000,40.508365666667,26.888885,2,0,0,1,0,0
2024-09-10T18:58:00.000000,40.508349333333,26.8889015,2,0,0,1,0,0
2024-09-10T18:59:00.000000,40.5083155,26.888899,2,0,0,1,0,0
2024-09-10T19:00:00.000000,40.508278666667,26.8888785,2,0,0,1,0,0
2024-09-10T19:01:00.000000,40.508221833333,26.888850333333,2,0,0,1,0,0
2024-09-10T19:02:00.000000,40.508158,26.8888325,2,0,0,1,0,0
2024-09-10T19:03:00.000000,40.508105333333,26.8888325,2,0,0,1,0,0
2024-09-10T19:04:00.000000,40.508059166667,26.888849,2,0,0,1,0,0
2024-09-10T19:05:00.000000,40.508032,26.888874666667,2,0,0,1,0,0
2024-09-10T19:06:00.000000,40.508026666667,26.8889035,2,0,0,1,0,0
2024-09-10T19:07:00.000000,40.508029833333,26.888925833333,2,0,0,1,0,0
2024-09-10T19:08:00.000000,40.508039833333,26.888923833333,2,0,0,1,0,0
2024-09-10T19:09:00.000000,40.508048666667,26.888899833333,2,0,0,1,0,0
2024-09-10T19:10:00.000000,40.5080555,26.888868,2,0,0,1,0,0
2024-09-10T19:11:00.000000,40.50807,26.8888395,2,0,0,1,0,0
2024-09-10T19:12:00.000000,40.508098666667,26.888833666667,2,0,0,1,0,0
2024-09-10T19:13:00.000000,40.508139666667,26.888847833333,2,0,0,1,0,0
2024-09-10T19:14:00.000000,40.508162166667,26.888861333333,2,0,0,1,0,0
2024-09-10T19:15:00.000000,40.508181833333,26.888873666667,2,0,0,1,0,0
2024-09-10T19:16:00.000000,40.5081875,26.888873,2,0,0,1,0,0
2024-09-10T19:17:00.000000,40.508185,26.8888675,2,0,0,1,0,0
2024-09-10T19:18:00.000000,40.508187,26.8888575,2,0,0,1,0,0
2024-09-10T19:19:00.000000,40.508177833333,26.8888445,2,0,0,1,0,0
2024-09-10T19:20:00.000000,40.508169,26.888833,2,0,0,1,0,0
2024-09-10T19:21:00.000000,40.508149833333,26.888837333333,2,0,0,1,0,0
2024-09-10T19:22:00.000000,40.5081435,26.888849833333,2,0,0,1,0,0
2024-09-10T19:23:00.000000,40.508147666667,26.888860666667,2,0,0,1,0,0
2024-09-10T19:24:00.000000,40.508152333333,26.8888665,2,0,0,1,0,0
2024-09-10T19:25:00.000000,40.5081655,26.888864833333,2,0,0,1,0,0
2024-09-10T19:26:00.000000,40.508183666667,26.888857333333,2,0,0,1,0,0
2024-09-10T19:27:00.000000,40.5082045,26.888846,2,0,0,1,0,0
2024-09-10T19:28:00.000000,40.508227,26.888837666667,2,0,0,1,0,0
2024-09-10T19:29:00.000000,40.5082465,26.888834333333,2,0,0,1,0,0
2024-09-10T19:30:00.000000,40.50825,26.888834833333,2,0,0,1,0,0
2024-09-10T19:31:00.000000,40.508247166667,26.888840833333,2,0,0,1,0,0
2024-09-10T19:32:00.000000,40.508235166667,26.88885,2,0,0,1,0,0
2024-09-10T19:33:00.000000,40.508216333333,26.8888575,2,0,0,1,0,0
2024-09-10T19:34:00.000000,40.508194333333,26.888863,2,0,0,1,0,0
2024-09-10T19:35:00.000000,40.508180166667,26.888859666667,2,0,0,1,0,0
2024-09-10T19:36:00.000000,40.5081545,26.88885,2,0,0,1,0,0
2024-09-10T19:37:00.000000,40.508140333333,26.888840666667,2,0,0,1,0,0
2024-09-10T19:38:00.000000,40.508126333333,26.888838666667,2,0,0,1,0,0
2024-09-10T19:39:00.000000,40.5081275,26.8888455,2,0,0,1,0,0
2024-09-10T19:40:00.000000,40.508111833333,26.8888595,2,0,0,1,0,0
2024-09-10T19:41:00.000000,40.508107333333,26.8888675,2,0,0,1,0,0
2024-09-10T19:42:00.000000,40.508097166667,26.888868666667,2,0,0,1,0,0
2024-09-10T19:43:00.000000,40.508086333333,26.888867166667,2,0,0,1,0,0
2024-09-10T19:44:00.000000,40.508069,26.888866333333,2,0,0,1,0,0
2024-09-10T19:45:00.000000,40.508041833333,26.888874666667,2,0,0,1,0,0
2024-09-10T19:46:00.000000,40.508021166667,26.888882833333,2,0,0,1,0,0
2024-09-10T19:47:00.000000,40.507987833333,26.888887833333,2,0,0,1,0,0
2024-09-10T19:48:00.000000,40.5079625,26.888888333333,2,0,0,1,0,0
2024-09-10T19:49:00.000000,40.50794,26.8888875,2,0,0,1,0,0
2024-09-10T19:50:00.000000,40.5079225,26.888884166667,2,0,0,1,0,0
2024-09-10T19:51:00.000000,40.507918,26.888892666667,2,0,0,1,0,0
2024-09-10T19:52:00.000000,40.507929333333,26.888906166667,2,0,0,1,0,0
2024-09-10T19:53:00.000000,40.507930333333,26.888912666667,2,0,0,1,0,0
2024-09-10T19:54:00.000000,40.5079325,26.888912333333,2,0,0,1,0,0
2024-09-10T19:55:00.000000,40.507933333333,26.888905666667,2,0,0,1,0,0
2024-09-10T19:56:00.000000,40.507933166667,26.888889666667,2,0,0,1,0,0
2024-09-10T19:57:00.000000,40.507927333333,26.888886166667,2,0,0,1,0,0
2024-09-10T19:58:00.000000,40.507922166667,26.888893,2,0,0,1,0,0
2024-09-10T19:59:00.000000,40.507915833333,26.8889055,2,0,0,1,0,0
2024-09-10T20:00:00.000000,40.507911,26.888912166667,2,0,0,1,0,0
2024-09-10T20:01:00.000000,40.5079185,26.888914166667,2,0,0,1,0,0
2024-09-10T20:02:00.000000,40.507921666667,26.888912166667,2,0,0,1,0,0
2024-09-10T20:03:00.000000,40.507933166667,26.888902166667,2,0,0,1,0,0
2024-09-10T20:04:00.000000,40.507945,26.888893833333,2,0,0,1,0,0
2024-09-10T20:05:00.000000,40.507968666667,26.888884,2,0,0,1,0,0
2024-09-10T20:06:00.000000,40.508000333333,26.888875333333,2,0,0,1,0,0
2024-09-10T20:07:00.000000,40.508012833333,26.8888755,2,0,0,1,0,0
2024-09-10T20:08:00.000000,40.508025833333,26.888876166667,2,0,0,1,0,0
2024-09-10T20:09:00.000000,40.5080405,26.888881166667,2,0,0,1,0,0
2024-09-10T20:10:00.000000,40.508056166667,26.8888835,2,0,0,1,0,0
2024-09-10T20:11:00.000000,40.508070666667,26.888880333333,2,0,0,1,0,0
2024-09-10T20:12:00.000000,40.5080805,26.888870833333,2,0,0,1,0,0
2024-09-10T20:13:00.000000,40.508086,26.888858166667,2,0,0,1,0,0
2024-09-10T20:14:00.000000,40.508090166667,26.888851666667,2,0,0,1,0,0
2024-09-10T20:15:00.000000,40.508094,26.888854,2,0,0,1,0,0
2024-09-10T20:16:00.000000,40.508101666667,26.8888615,2,0,0,1,0,0
2024-09-10T20:17:00.000000,40.508103333333,26.888871833333,2,0,0,1,0,0
2024-09-10T20:18:00.000000,40.508107333333,26.888877,2,0,0,1,0,0
2024-09-10T20:19:00.000000,40.50811,26.888876333333,2,0,0,1,0,0
2024-09-10T20:20:00.000000,40.508112,26.888871,2,0,0,1,0,0
2024-09-10T20:21:00.000000,40.508104666667,26.8888685,2,0,0,1,0,0
2024-09-10T20:22:00.000000,40.508090166667,26.888872166667,2,0,0,1,0,0
2024-09-10T20:23:00.000000,40.508079666667,26.888874833333,2,0,0,1,0,0
2024-09-10T20:24:00.000000,40.508067666667,26.888874166667,2,0,0,1,0,0
2024-09-10T20:25:00.000000,40.508058333333,26.888877,2,0,0,1,0,0
2024-09-10T20:26:00.000000,40.508053166667,26.888885,2,0,0,1,0,0
2024-09-10T20:27:00.000000,40.508045666667,26.888894666667,2,0,0,1,0,0
2024-09-10T20:28:00.000000,40.508041333333,26.888900166667,2,0,0,1,0,0
2024-09-10T20:29:00.000000,40.508039,26.888904333333,2,0,0,1,0,0
2024-09-10T20:30:00.000000,40.508041,26.888905666667,2,0,0,1,0,0
2024-09-10T20:31:00.000000,40.508045833333,26.888905166667,2,0,0,1,0,0
2024-09-10T20:32:00.000000,40.508057666667,26.8889025,2,0,0,1,0,0
2024-09-10T20:33:00.000000,40.508076833333,26.888900166667,2,0,0,1,0,0
2024-09-10T20:34:00.000000,40.5081045,26.888897666667,2,0,0,1,0,0
2024-09-10T20:35:00.000000,40.508143833333,26.888895666667,2,0,0,1,0,0
2024-09-10T20:36:00.000000,40.508190333333,26.888889833333,2,0,0,1,0,0
2024-09-10T20:37:00.000000,40.508244666667,26.888885833333,2,0,0,1,0,0
2024-09-10T20:38:00.000000,40.508302166667,26.888885666667,2,0,0,1,0,0
2024-09-10T20:39:00.000000,40.508362333333,26.8888855,2,0,0,1,0,0
2024-09-10T20:40:00.000000,40.5084165,26.888884166667,2,0,0,1,0,0
2024-09-10T20:41:00.000000,40.508469666667,26.888887666667,2,0,0,1,0,0
2024-09-10T20:42:00.000000,40.508519,26.888888166667,2,0,0,1,0,0
2024-09-10T20:43:00.000000,40.5085645,26.888885,2,0,0,1,0,0
2024-09-10T20:44:00.000000,40.5085945,26.888909333333,2,0,0,1,0,0
2024-09-10T20:45:00.000000,40.508616666667,26.888952666667,2,0,0,1,0,0
2024-09-10T20:46:00.000000,40.508634166667,26.888988166667,2,0,0,1,0,0
2024-09-10T20:47:00.000000,40.508640333333,26.889012,2,0,0,1,0,0
2024-09-10T20:48:00.000000,40.508651666667,26.8890245,2,0,0,1,0,0
2024-09-10T20:49:00.000000,40.508646,26.889018833333,2,0,0,1,0,0
2024-09-10T20:50:00.000000,40.508633666667,26.888996666667,2,0,0,1,0,0
2024-09-10T20:51:00.000000,40.5086065,26.888981333333,2,0,0,1,0,0
2024-09-10T20:52:00.000000,40.5085335,26.889004166667,2,0,0,1,0,0
2024-09-10T20:53:00.000000,40.508427333333,26.8892015,2,0,0,1,0,0
2024-09-10T20:54:00.000000,40.508361166667,26.889431833333,2,0,0,1,0,0
2024-09-10T20:55:00.000000,40.508321666667,26.889643333333,2,0,0,1,0,0
2024-09-10T20:56:00.000000,40.508295666667,26.889826833333,2,0,0,1,0,0
2024-09-10T20:57:00.000000,40.508282333333,26.889986333333,2,0,0,1,0,0
2024-09-10T20:58:00.000000,40.508275666667,26.890111666667,2,0,0,1,0,0
2024-09-10T20:59:00.000000,40.508272,26.890208333333,2,0,0,1,0,0
2024-09-10T21:00:00.000000,40.508271666667,26.890278666667,2,0,0,1,0,0
2024-09-10T21:01:00.000000,40.508273333333,26.890325166667,2,0,0,1,0,0
2024-09-10T21:02:00.000000,40.508274,26.8903485,2,0,0,1,0,0
2024-09-10T21:03:00.000000,40.508277,26.890351,2,0,0,1,0,0
2024-09-10T21:04:00.000000,40.508308333333,26.890428166667,2,0,0,1,0,0
2024-09-10T21:05:00.000000,40.508355166667,26.890591166667,2,0,0,1,0,0
2024-09-10T21:06:00.000000,40.508391833333,26.890737333333,2,0,0,1,0,0
2024-09-10T21:07:00.000000,40.508448833333,26.890904,2,0,0,1,0,0
2024-09-10T21:08:00.000000,40.508622666667,26.891276,2,0,0,1,0,0
2024-09-10T21:09:00.000000,40.508763666667,26.891899833333,4,0,0,0,0,1
2024-09-10T21:10:00.000000,40.5086805,26.892679666667,4,0,0,0,0,1
2024-09-10T21:11:00.000000,40.508378,26.893530666667,4,0,0,0,0,1
2024-09-10T21:12:00.000000,40.507761,26.894312166667,4,0,0,0,0,1
2024-09-10T21:13:00.000000,40.506811166667,26.894853666667,4,0,0,0,0,1
2024-09-10T21:14:00.000000,40.505592,26.895045166667,4,0,0,0,0,1
2024-09-10T21:15:00.000000,40.504171833333,26.895021166667,4,0,0,0,0,1
2024-09-10T21:16:00.000000,40.502597166667,26.894943166667,4,0,0,0,0,1
2024-09-10T21:17:00.000000,40.500884666667,26.894828666667,4,0,0,0,0,1
2024-09-10T21:18:00.000000,40.499149666667,26.894278,4,0,0,0,0,1
2024-09-10T21:19:00.000000,40.497684333333,26.893001833333,4,0,0,0,0,1
2024-09-10T21:20:00.000000,40.496627833333,26.891172666667,4,0,0,0,0,1
2024-09-10T21:21:00.000000,40.495812166667,26.8890475,4,0,0,0,0,1
2024-09-10T21:22:00.000000,40.495003166667,26.886819333333,4,0,0,0,0,1
2024-09-10T21:23:00.000000,40.493988833333,26.884606666667,4,0,0,0,0,1
2024-09-10T21:24:00.000000,40.492938833333,26.882404166667,4,0,0,0,0,1
2024-09-10T21:25:00.000000,40.491825333333,26.8801875,4,0,0,0,0,1
2024-09-10T21:26:00.000000,40.490682166667,26.877933666667,4,0,0,0,0,1
2024-09-10T21:27:00.000000,40.4895305,26.875642666667,4,0,0,0,0,1
2024-09-10T21:28:00.000000,40.488367333333,26.873322166667,4,0,0,0,0,1
2024-09-10T21:29:00.000000,40.487196,26.870984,4,0,0,0,0,1
2024-09-10T21:30:00.000000,40.486023333333,26.868625166667,4,0,0,0,0,1
2024-09-10T21:31:00.000000,40.484834166667,26.866275,4,0,0,0,0,1
2024-09-10T21:32:00.000000,40.483566666667,26.863984333333,4,0,0,0,0,1
2024-09-10T21:33:00.000000,40.482299166667,26.861680833333,4,0,0,0,0,1
2024-09-10T21:34:00.000000,40.481083666667,26.859312833333,4,0,0,0,0,1
2024-09-10T21:35:00.000000,40.4798925,26.856909333333,4,0,0,0,0,1
2024-09-10T21:36:00.000000,40.478703833333,26.854493833333,4,0,0,0,0,1
2024-09-10T21:37:00.000000,40.4775195,26.852067,4,0,0,0,0,1
2024-09-10T21:38:00.000000,40.476339833333,26.849627,4,0,0,0,0,1
2024-09-10T21:39:00.000000,40.475185833333,26.847157166667,4,0,0,0,0,1
2024-09-10T21:40:00.000000,40.474020666667,26.844687833333,4,0,0,0,0,1
2024-09-10T21:41:00.000000,40.472876,26.842190333333,4,0,0,0,0,1
2024-09-10T21:42:00.000000,40.471764166667,26.839652666667,4,0,0,0,0,1
2024-09-10T21:43:00.000000,40.470667,26.837097333333,4,0,0,0,0,1
2024-09-10T21:44:00.000000,40.469639166667,26.8344875,4,0,0,0,0,1
2024-09-10T21:45:00.000000,40.4686285,26.831864833333,4,0,0,0,0,1
2024-09-10T21:46:00.000000,40.467664166667,26.829251333333,4,0,0,0,0,1
2024-09-10T21:47:00.000000,40.466712,26.8266695,4,0,0,0,0,1
2024-09-10T21:48:00.000000,40.465766666667,26.824124,4,0,0,0,0,1
2024-09-10T21:49:00.000000,40.464834833333,26.821611833333,4,0,0,0,0,1
2024-09-10T21:50:00.000000,40.463907166667,26.819122333333,4,0,0,0,0,1
2024-09-10T21:51:00.000000,40.462989833333,26.8166425,4,0,0,0,0,1
2024-09-10T21:52:00.000000,40.462067166667,26.814136833333,4,0,0,0,0,1
2024-09-10T21:53:00.000000,40.461095833333,26.811628833333,4,0,0,0,0,1
2024-09-10T21:54:00.000000,40.460094166667,26.809117833333,4,0,0,0,0,1
2024-09-10T21:55:00.000000,40.459056833333,26.8066115,4,0,0,0,0,1
2024-09-10T21:56:00.000000,40.4579795,26.8041205,4,0,0,0,0,1
2024-09-10T21:57:00.000000,40.456889833333,26.8016205,4,0,0,0,0,1
2024-09-10T21:58:00.000000,40.455783333333,26.799102166667,4,0,0,0,0,1
2024-09-10T21:59:00.000000,40.454562333333,26.7963635,4,0,0,0,0,1
2024-09-10T22:00:00.000000,40.453249,26.793335833333,4,0,0,0,0,1
2024-09-10T22:01:00.000000,40.451898833333,26.790079833333,4,0,0,0,0,1
2024-09-10T22:02:00.000000,40.4504955,26.786692833333,4,0,0,0,0,1
2024-09-10T22:03:00.000000,40.449061166667,26.783207666667,4,0,0,0,0,1
2024-09-10T22:04:00.000000,40.447594166667,26.779672333333,4,0,0,0,0,1
2024-09-10T22:05:00.000000,40.446104333333,26.7761055,4,0,0,0,0,1
2024-09-10T22:06:00.000000,40.444604,26.7725135,4,0,0,0,0,1
2024-09-10T22:07:00.000000,40.443092,26.768908166667,4,0,0,0,0,1
2024-09-10T22:08:00.000000,40.4415705,26.7652905,4,0,0,0,0,1
2024-09-10T22:09:00.000000,40.4400495,26.761660833333,4,0,0,0,0,1
2024-09-10T22:10:00.000000,40.4384955,26.758053166667,4,0,0,0,0,1
2024-09-10T22:11:00.000000,40.436896166667,26.754486166667,4,0,0,0,0,1
2024-09-10T22:12:00.000000,40.435214,26.750988,4,0,0,0,0,1
2024-09-10T22:13:00.000000,40.433465833333,26.747545333333,4,0,0,0,0,1
2024-09-10T22:14:00.000000,40.431641166667,26.744165166667,4,0,0,0,0,1
2024-09-10T22:15:00.000000,40.429781833333,26.740800833333,4,0,0,0,0,1
2024-09-10T22:16:00.000000,40.427979333333,26.737480166667,4,0,0,0,0,1
2024-09-10T22:17:00.000000,40.426472333333,26.734205,4,0,0,0,0,1
2024-09-10T22:18:00.000000,40.425101666667,26.731048333333,4,0,0,0,0,1
2024-09-10T22:19:00.000000,40.423805,26.728006333333,4,0,0,0,0,1
2024-09-10T22:20:00.000000,40.422535166667,26.725072166667,4,0,0,0,0,1
2024-09-10T22:21:00.000000,40.421289,26.722225,4,0,0,0,0,1
2024-09-10T22:22:00.000000,40.419980166667,26.7195075,4,0,0,0,0,1
2024-09-10T22:23:00.000000,40.418660166667,26.7168505,4,0,0,0,0,1
2024-09-10T22:24:00.000000,40.417310333333,26.714253666667,4,0,0,0,0,1
2024-09-10T22:25:00.000000,40.415984333333,26.711720833333,4,0,0,0,0,1
2024-09-10T22:26:00.000000,40.41469,26.709287166667,4,0,0,0,0,1
2024-09-10T22:27:00.000000,40.413427833333,26.706922166667,4,0,0,0,0,1
2024-09-10T22:28:00.000000,40.4121845,26.704582,4,0,0,0,0,1
2024-09-10T22:29:00.000000,40.4109335,26.702260333333,4,0,0,0,0,1
2024-09-10T22:30:00.000000,40.409710333333,26.699920166667,4,0,0,0,0,1
2024-09-10T22:31:00.000000,40.408469666667,26.697545833333,4,0,0,0,0,1
2024-09-10T22:32:00.000000,40.407164,26.695145333333,4,0,0,0,0,1
2024-09-10T22:33:00.000000,40.405835833333,26.692687,4,0,0,0,0,1
2024-09-10T22:34:00.000000,40.404487333333,26.690179166667,4,0,0,0,0,1
2024-09-10T22:35:00.000000,40.403156333333,26.687493,4,0,0,0,0,1
2024-09-10T22:36:00.000000,40.401366833333,26.684960333333,4,0,0,0,0,1
2024-09-10T22:37:00.000000,40.399208166667,26.682607166667,4,0,0,0,0,1
2024-09-10T22:38:00.000000,40.396781666667,26.680442666667,4,0,0,0,0,1
2024-09-10T22:39:00.000000,40.394227333333,26.678245666667,4,0,0,0,0,1
2024-09-10T22:40:00.000000,40.391582,26.675989333333,4,0,0,0,0,1
2024-09-10T22:41:00.000000,40.388820166667,26.673643833333,4,0,0,0,0,1
2024-09-10T22:42:00.000000,40.385961666667,26.671227166667,4,0,0,0,0,1
2024-09-10T22:43:00.000000,40.383030333333,26.668767166667,4,0,0,0,0,1
2024-09-10T22:44:00.000000,40.3800375,26.666272666667,4,0,0,0,0,1
2024-09-10T22:45:00.000000,40.3769935,26.663759333333,4,0,0,0,0,1
2024-09-10T22:46:00.000000,40.373914666667,26.661222833333,4,0,0,0,0,1
2024-09-10T22:47:00.000000,40.3707985,26.658666333333,4,0,0,0,0,1
2024-09-10T22:48:00.000000,40.367643666667,26.656087833333,4,0,0,0,0,1
2024-09-10T22:49:00.000000,40.364451666667,26.6534915,4,0,0,0,0,1
2024-09-10T22:50:00.000000,40.361223,26.650876,4,0,0,0,0,1
2024-09-10T22:51:00.000000,40.357959833333,26.648232,4,0,0,0,0,1
2024-09-10T22:52:00.000000,40.354659333333,26.6455585,4,0,0,0,0,1
2024-09-10T22:53:00.000000,40.351332166667,26.6428415,4,0,0,0,0,1
2024-09-10T22:54:00.000000,40.347979666667,26.640085166667,4,0,0,0,0,1
2024-09-10T22:55:00.000000,40.344624333333,26.637224333333,4,0,0,0,0,1
2024-09-10T22:56:00.000000,40.341512,26.633871833333,4,0,0,0,0,1
2024-09-10T22:57:00.000000,40.3385745,26.630221,4,0,0,0,0,1
2024-09-10T22:58:00.000000,40.3357385,26.626399166667,4,0,0,0,0,1
2024-09-10T22:59:00.000000,40.332920333333,26.6225575,4,0,0,0,0,1
2024-09-10T23:00:00.000000,40.330116666667,26.618703833333,4,0,0,0,0,1
2024-09-10T23:01:00.000000,40.327357666667,26.614809,4,0,0,0,0,1
2024-09-10T23:02:00.000000,40.324586333333,26.610947166667,4,0,0,0,0,1
2024-09-10T23:03:00.000000,40.321834166667,26.607065,4,0,0,0,0,1
2024-09-10T23:04:00.000000,40.319079166667,26.603179666667,4,0,0,0,0,1
2024-09-10T23:05:00.000000,40.316460166667,26.599123333333,4,0,0,0,0,1
2024-09-10T23:06:00.000000,40.313843333333,26.595065333333,4,0,0,0,0,1
2024-09-10T23:07:00.000000,40.3112415,26.591000333333,4,0,0,0,0,1
2024-09-10T23:08:00.000000,40.3086615,26.5869395,4,0,0,0,0,1
2024-09-10T23:09:00.000000,40.306091333333,26.582882,4,0,0,0,0,1
2024-09-10T23:10:00.000000,40.3035495,26.578798833333,4,0,0,0,0,1
2024-09-10T23:11:00.000000,40.301012833333,26.5747015,4,0,0,0,0,1
2024-09-10T23:12:00.000000,40.2984825,26.570598333333,4,0,0,0,0,1
2024-09-10T23:13:00.000000,40.2959615,26.566474166667,4,0,0,0,0,1
2024-09-10T23:14:00.000000,40.2934515,26.562328333333,4,0,0,0,0,1
2024-09-10T23:15:00.000000,40.290935,26.558193,4,0,0,0,0,1
2024-09-10T23:16:00.000000,40.288406833333,26.5540635,4,0,0,0,0,1
2024-09-10T23:17:00.000000,40.285874333333,26.549929166667,4,0,0,0,0,1
2024-09-10T23:18:00.000000,40.283336166667,26.5457865,4,0,0,0,0,1
2024-09-10T23:19:00.000000,40.2807875,26.541634833333,4,0,0,0,0,1
2024-09-10T23:20:00.000000,40.278227333333,26.537480166667,4,0,0,0,0,1
2024-09-10T23:21:00.000000,40.275658333333,26.533324833333,4,0,0,0,0,1
2024-09-10T23:22:00.000000,40.273084833333,26.529173666667,4,0,0,0,0,1
2024-09-10T23:23:00.000000,40.270501166667,26.525039666667,4,0,0,0,0,1
2024-09-10T23:24:00.000000,40.267906666667,26.520933166667,4,0,0,0,0,1
2024-09-10T23:25:00.000000,40.265318666667,26.516838333333,4,0,0,0,0,1
2024-09-10T23:26:00.000000,40.262717666667,26.5127665,4,0,0,0,0,1
2024-09-10T23:27:00.000000,40.260115166667,26.5087065,4,0,0,0,0,1
2024-09-10T23:28:00.000000,40.257506166667,26.504664,4,0,0,0,0,1
2024-09-10T23:29:00.000000,40.254885,26.500655333333,4,0,0,0,0,1
2024-09-10T23:30:00.000000,40.252272,26.496651666667,4,0,0,0,0,1
2024-09-10T23:31:00.000000,40.249672,26.492637833333,4,0,0,0,0,1
2024-09-10T23:32:00.000000,40.247080666667,26.488622333333,4,0,0,0,0,1
2024-09-10T23:33:00.000000,40.244478333333,26.484626833333,4,0,0,0,0,1
2024-09-10T23:34:00.000000,40.241889666667,26.480613333333,4,0,0,0,0,1
2024-09-10T23:35:00.000000,40.239301833333,26.476586333333,4,0,0,0,0,1
2024-09-10T23:36:00.000000,40.2367915,26.472465,4,0,0,0,0,1
2024-09-10T23:37:00.000000,40.234285333333,26.468320166667,4,0,0,0,0,1
2024-09-10T23:38:00.000000,40.231767833333,26.464147833333,4,0,0,0,0,1
2024-09-10T23:39:00.000000,40.229330666667,26.459848166667,4,0,0,0,0,1
2024-09-10T23:40:00.000000,40.227024666667,26.455399666667,4,0,0,0,0,1
2024-09-10T23:41:00.000000,40.224714333333,26.450952333333,4,0,0,0,0,1
2024-09-10T23:42:00.000000,40.2226795,26.446332666667,4,0,0,0,0,1
2024-09-10T23:43:00.000000,40.220963333333,26.4415705,4,0,0,0,0,1
2024-09-10T23:44:00.000000,40.219314666667,26.436842833333,4,0,0,0,0,1
2024-09-10T23:45:00.000000,40.217694666667,26.432176166667,4,0,0,0,0,1
2024-09-10T23:46:00.000000,40.216084333333,26.427548666667,4,0,0,0,0,1
2024-09-10T23:47:00.000000,40.2145205,26.422928833333,4,0,0,0,0,1
2024-09-10T23:48:00.000000,40.212977666667,26.418317,4,0,0,0,0,1
2024-09-10T23:49:00.000000,40.211427166667,26.413725333333,4,0,0,0,0,1
2024-09-10T23:50:00.000000,40.209885833333,26.409137833333,4,0,0,0,0,1
2024-09-10T23:51:00.000000,40.208325666667,26.404554666667,4,0,0,0,0,1
2024-09-10T23:52:00.000000,40.206741333333,26.399978833333,4,0,0,0,0,1
2024-09-10T23:53:00.000000,40.2051735,26.3954135,4,0,0,0,0,1
2024-09-10T23:54:00.000000,40.203457333333,26.3910425,4,0,0,0,0,1
2024-09-10T23:55:00.000000,40.201294,26.387175166667,4,0,0,0,0,1
2024-09-10T23:56:00.000000,40.198806833333,26.383950333333,4,0,0,0,0,1
2024-09-10T23:57:00.000000,40.1959265,26.381853833333,4,0,0,0,0,1
2024-09-10T23:58:00.000000,40.192870333333,26.3807985,4,0,0,0,0,1
2024-09-10T23:59:00.000000,40.189746,26.380476333333,4,0,0,0,0,1
2024-09-11T00:00:00.000000,40.186564666667,26.380535666667,4,0,0,0,0,1
2024-09-11T00:01:00.000000,40.183307333333,26.380795333333,4,0,0,0,0,1
2024-09-11T00:02:00.000000,40.179973666667,26.381173,4,0,0,0,0,1
2024-09-11T00:03:00.000000,40.176592666667,26.381621333333,4,0,0,0,0,1
2024-09-11T00:04:00.000000,40.173170833333,26.382178,4,0,0,0,0,1
2024-09-11T00:05:00.000000,40.169732333333,26.382846166667,4,0,0,0,0,1
2024-09-11T00:06:00.000000,40.166280166667,26.383577833333,4,0,0,0,0,1
2024-09-11T00:07:00.000000,40.1628165,26.384301333333,4,0,0,0,0,1
2024-09-11T00:08:00.000000,40.15935,26.384996166667,4,0,0,0,0,1
2024-09-11T00:09:00.000000,40.155888833333,26.385667666667,4,0,0,0,0,1
2024-09-11T00:10:00.000000,40.152414666667,26.386343833333,4,0,0,0,0,1
2024-09-11T00:11:00.000000,40.148934666667,26.387023666667,4,0,0,0,0,1
2024-09-11T00:12:00.000000,40.145345333333,26.387342166667,4,0,0,0,0,1
2024-09-11T00:13:00.000000,40.1419025,26.386587333333,4,0,0,0,0,1
2024-09-11T00:14:00.000000,40.138629666667,26.384844166667,4,0,0,0,0,1
2024-09-11T00:15:00.000000,40.135530333333,26.382314666667,4,0,0,0,0,1
2024-09-11T00:16:00.000000,40.132515833333,26.379328166667,4,0,0,0,0,1
2024-09-11T00:17:00.000000,40.129539,26.376079333333,4,0,0,0,0,1
2024-09-11T00:18:00.000000,40.126559166667,26.372712166667,4,0,0,0,0,1
2024-09-11T00:19:00.000000,40.123600333333,26.369287333333,4,0,0,0,0,1
2024-09-11T00:20:00.000000,40.120710666667,26.3657995,4,0,0,0,0,1
2024-09-11T00:21:00.000000,40.118001166667,26.362128166667,4,0,0,0,0,1
2024-09-11T00:22:00.000000,40.115336333333,26.358422333333,4,0,0,0,0,1
2024-09-11T00:23:00.000000,40.112708666667,26.354712,4,0,0,0,0,1
2024-09-11T00:24:00.000000,40.110107833333,26.350994666667,4,0,0,0,0,1
2024-09-11T00:25:00.000000,40.107515333333,26.3472455,4,0,0,0,0,1
2024-09-11T00:26:00.000000,40.104905166667,26.343471333333,4,0,0,0,0,1
2024-09-11T00:27:00.000000,40.102260833333,26.339672166667,4,0,0,0,0,1
2024-09-11T00:28:00.000000,40.099588,26.335852333333,4,0,0,0,0,1
2024-09-11T00:29:00.000000,40.096883666667,26.332014833333,4,0,0,0,0,1
2024-09-11T00:30:00.000000,40.094161,26.328164666667,4,0,0,0,0,1
2024-09-11T00:31:00.000000,40.091428,26.324306333333,4,0,0,0,0,1
2024-09-11T00:32:00.000000,40.088669666667,26.320454,4,0,0,0,0,1
2024-09-11T00:33:00.000000,40.086073333333,26.316398,4,0,0,0,0,1
2024-09-11T00:34:00.000000,40.083540166667,26.312266666667,4,0,0,0,0,1
2024-09-11T00:35:00.000000,40.081022166667,26.308126333333,4,0,0,0,0,1
2024-09-11T00:36:00.000000,40.078512166667,26.303980166667,4,0,0,0,0,1
2024-09-11T00:37:00.000000,40.076063166667,26.299764833333,4,0,0,0,0,1
2024-09-11T00:38:00.000000,40.073802833333,26.295380166667,4,0,0,0,0,1
2024-09-11T00:39:00.000000,40.071584333333,26.290968,4,0,0,0,0,1
2024-09-11T00:40:00.000000,40.069381833333,26.286560833333,4,0,0,0,0,1
2024-09-11T00:41:00.000000,40.067185833333,26.282164,4,0,0,0,0,1
2024-09-11T00:42:00.000000,40.065002166667,26.2777795,4,0,0,0,0,1
2024-09-11T00:43:00.000000,40.062842,26.273392666667,4,0,0,0,0,1
2024-09-11T00:44:00.000000,40.060695,26.269019333333,4,0,0,0,0,1
2024-09-11T00:45:00.000000,40.058583333333,26.264681833333,4,0,0,0,0,1
2024-09-11T00:46:00.000000,40.056506333333,26.260478333333,4,0,0,0,0,1
2024-09-11T00:47:00.000000,40.0545785,26.256261,4,0,0,0,0,1
2024-09-11T00:48:00.000000,40.052837166667,26.251990833333,4,0,0,0,0,1
2024-09-11T00:49:00.000000,40.051119,26.2477755,4,0,0,0,0,1
2024-09-11T00:50:00.000000,40.049426666667,26.243584833333,4,0,0,0,0,1
2024-09-11T00:51:00.000000,40.047938833333,26.2392995,4,0,0,0,0,1
2024-09-11T00:52:00.000000,40.046483,26.2350275,4,0,0,0,0,1
2024-09-11T00:53:00.000000,40.0450685,26.230768333333,4,0,0,0,0,1
2024-09-11T00:54:00.000000,40.043777166667,26.226472833333,4,0,0,0,0,1
2024-09-11T00:55:00.000000,40.042500166667,26.222209833333,4,0,0,0,0,1
2024-09-11T00:56:00.000000,40.04124,26.2179575,4,0,0,0,0,1
2024-09-11T00:57:00.000000,40.040005666667,26.213723,4,0,0,0,0,1
2024-09-11T00:58:00.000000,40.038833666667,26.209721166667,4,0,0,0,0,1
2024-09-11T00:59:00.000000,40.037757333333,26.206015333333,4,0,0,0,0,1
2024-09-11T01:00:00.000000,40.036758166667,26.2025415,4,0,0,0,0,1
2024-09-11T01:01:00.000000,40.035781166667,26.1992645,4,0,0,0,0,1
2024-09-11T01:02:00.000000,40.034855833333,26.196098,4,0,0,0,0,1
2024-09-11T01:03:00.000000,40.0338935,26.192742833333,4,0,0,0,0,1
2024-09-11T01:04:00.000000,40.032859,26.1890635,4,0,0,0,0,1
2024-09-11T01:05:00.000000,40.031734833333,26.185168166667,4,0,0,0,0,1
2024-09-11T01:06:00.000000,40.030758833333,26.181030666667,4,0,0,0,0,1
2024-09-11T01:07:00.000000,40.029912666667,26.176626166667,4,0,0,0,0,1
2024-09-11T01:08:00.000000,40.029239,26.1719975,4,0,0,0,0,1
2024-09-11T01:09:00.000000,40.028757833333,26.167213166667,4,0,0,0,0,1
2024-09-11T01:10:00.000000,40.028330666667,26.162322666667,4,0,0,0,0,1
2024-09-11T01:11:00.000000,40.027929833333,26.157357333333,4,0,0,0,0,1
2024-09-11T01:12:00.000000,40.027534166667,26.1523395,4,0,0,0,0,1
2024-09-11T01:13:00.000000,40.027132666667,26.1472765,4,0,0,0,0,1
2024-09-11T01:14:00.000000,40.026717666667,26.142181166667,4,0,0,0,0,1
2024-09-11T01:15:00.000000,40.026312333333,26.137072166667,4,0,0,0,0,1
2024-09-11T01:16:00.000000,40.025919333333,26.131938666667,4,0,0,0,0,1
2024-09-11T01:17:00.000000,40.025514166667,26.126795166667,4,0,0,0,0,1
2024-09-11T01:18:00.000000,40.025120666667,26.121641333333,4,0,0,0,0,1
2024-09-11T01:19:00.000000,40.024723166667,26.116465,4,0,0,0,0,1
2024-09-11T01:20:00.000000,40.024266,26.111274833333,4,0,0,0,0,1
2024-09-11T01:21:00.000000,40.0238445,26.106069,4,0,0,0,0,1
2024-09-11T01:22:00.000000,40.023436833333,26.100830166667,4,0,0,0,0,1
2024-09-11T01:23:00.000000,40.023026333333,26.095557333333,4,0,0,0,0,1
2024-09-11T01:24:00.000000,40.022611166667,26.090248,4,0,0,0,0,1
2024-09-11T01:25:00.000000,40.022185666667,26.084901,4,0,0,0,0,1
2024-09-11T01:26:00.000000,40.021731166667,26.0795335,4,0,0,0,0,1
2024-09-11T01:27:00.000000,40.0212655,26.0741775,4,0,0,0,0,1
2024-09-11T01:28:00.000000,40.020825166667,26.0688295,4,0,0,0,0,1
2024-09-11T01:29:00.000000,40.020391666667,26.063480166667,4,0,0,0,0,1
2024-09-11T01:30:00.000000,40.019955166667,26.058124,4,0,0,0,0,1
2024-09-11T01:31:00.000000,40.019510833333,26.052762333333,4,0,0,0,0,1
2024-09-11T01:32:00.000000,40.01906,26.047389833333,4,0,0,0,0,1
2024-09-11T01:33:00.000000,40.018618666667,26.042000166667,4,0,0,0,0,1
2024-09-11T01:34:00.000000,40.0181975,26.036603666667,4,0,0,0,0,1
2024-09-11T01:35:00.000000,40.017769666667,26.0312025,4,0,0,0,0,1
2024-09-11T01:36:00.000000,40.017329166667,26.025793,4,0,0,0,0,1
2024-09-11T01:37:00.000000,40.016891333333,26.020368666667,4,0,0,0,0,1
2024-09-11T01:38:00.000000,40.016463,26.014931666667,4,0,0,0,0,1
2024-09-11T01:39:00.000000,40.016023666667,26.009484833333,4,0,0,0,0,1
2024-09-11T01:40:00.000000,40.015573833333,26.004027,4,0,0,0,0,1
2024-09-11T01:41:00.000000,40.015172833333,25.9985695,4,0,0,0,0,1
2024-09-11T01:42:00.000000,40.014377833333,25.993285,4,0,0,0,0,1
2024-09-11T01:43:00.000000,40.012938666667,25.988336833333,4,0,0,0,0,1
2024-09-11T01:44:00.000000,40.010815,25.983916,4,0,0,0,0,1
2024-09-11T01:45:00.000000,40.008402666667,25.979684666667,4,0,0,0,0,1
2024-09-11T01:46:00.000000,40.005908,25.975423166667,4,0,0,0,0,1
2024-09-11T01:47:00.000000,40.0033715,25.971182833333,4,0,0,0,0,1
2024-09-11T01:48:00.000000,40.000644,25.9671105,4,0,0,0,0,1
2024-09-11T01:49:00.000000,39.9978485,25.963069666667,4,0,0,0,0,1
2024-09-11T01:50:00.000000,39.995053666667,25.958999333333,4,0,0,0,0,1
2024-09-11T01:51:00.000000,39.992247166667,25.954922333333,4,0,0,0,0,1
2024-09-11T01:52:00.000000,39.989444333333,25.950833166667,4,0,0,0,0,1
2024-09-11T01:53:00.000000,39.986645,25.9467485,4,0,0,0,0,1
2024-09-11T01:54:00.000000,39.983652666667,25.9430065,4,0,0,0,0,1
2024-09-11T01:55:00.000000,39.980428833333,25.939690166667,4,0,0,0,0,1
2024-09-11T01:56:00.000000,39.977171,25.936375666667,4,0,0,0,0,1
2024-09-11T01:57:00.000000,39.973900833333,25.933041333333,4,0,0,0,0,1
2024-09-11T01:58:00.000000,39.970642833333,25.929672166667,4,0,0,0,0,1
2024-09-11T01:59:00.000000,39.967389,25.926297,4,0,0,0,0,1
2024-09-11T02:00:00.000000,39.964125,25.922945833333,4,0,0,0,0,1
2024-09-11T02:01:00.000000,39.960863666667,25.919593666667,4,0,0,0,0,1
2024-09-11T02:02:00.000000,39.9576075,25.916239,4,0,0,0,0,1
2024-09-11T02:03:00.000000,39.954345833333,25.912897,4,0,0,0,0,1
2024-09-11T02:04:00.000000,39.951084833333,25.909551333333,4,0,0,0,0,1
2024-09-11T02:05:00.000000,39.947826166667,25.906197166667,4,0,0,0,0,1
2024-09-11T02:06:00.000000,39.944620833333,25.902710666667,4,0,0,0,0,1
2024-09-11T02:07:00.000000,39.941445833333,25.899157,4,0,0,0,0,1
2024-09-11T02:08:00.000000,39.938280666667,25.895578333333,4,0,0,0,0,1
2024-09-11T02:09:00.000000,39.935119833333,25.891991666667,4,0,0,0,0,1
2024-09-11T02:10:00.000000,39.931964333333,25.8883765,4,0,0,0,0,1
2024-09-11T02:11:00.000000,39.928812166667,25.884743833333,4,0,0,0,0,1
2024-09-11T02:12:00.000000,39.925667333333,25.881088333333,4,0,0,0,0,1
2024-09-11T02:13:00.000000,39.922531333333,25.877386166667,4,0,0,0,0,1
2024-09-11T02:14:00.000000,39.919430666667,25.873615333333,4,0,0,0,0,1
2024-09-11T02:15:00.000000,39.916329,25.869855833333,4,0,0,0,0,1
2024-09-11T02:16:00.000000,39.913231833333,25.866092666667,4,0,0,0,0,1
2024-09-11T02:17:00.000000,39.910131,25.862339166667,4,0,0,0,0,1
2024-09-11T02:18:00.000000,39.9070315,25.858589166667,4,0,0,0,0,1
2024-09-11T02:19:00.000000,39.903938333333,25.854826833333,4,0,0,0,0,1
2024-09-11T02:20:00.000000,39.9008465,25.851062333333,4,0,0,0,0,1
2024-09-11T02:21:00.000000,39.897754666667,25.847305333333,4,0,0,0,0,1
2024-09-11T02:22:00.000000,39.894667666667,25.843545833333,4,0,0,0,0,1
2024-09-11T02:23:00.000000,39.891575666667,25.8398,4,0,0,0,0,1
2024-09-11T02:24:00.000000,39.8884895,25.836057,4,0,0,0,0,1
2024-09-11T02:25:00.000000,39.885403,25.832329,4,0,0,0,0,1
2024-09-11T02:26:00.000000,39.882324333333,25.828608166667,4,0,0,0,0,1
2024-09-11T02:27:00.000000,39.879280166667,25.824862,4,0,0,0,0,1
2024-09-11T02:28:00.000000,39.876092,25.821495166667,4,0,0,0,0,1
2024-09-11T02:29:00.000000,39.872695666667,25.818615,4,0,0,0,0,1
2024-09-11T02:30:00.000000,39.869247333333,25.815799166667,4,0,0,0,0,1
2024-09-11T02:31:00.000000,39.865778666667,25.812975166667,4,0,0,0,0,1
2024-09-11T02:32:00.000000,39.862312166667,25.81012,4,0,0,0,0,1
2024-09-11T02:33:00.000000,39.858873666667,25.807253333333,4,0,0,0,0,1
2024-09-11T02:34:00.000000,39.855303,25.804851833333,4,0,0,0,0,1
2024-09-11T02:35:00.000000,39.851679333333,25.8025705,4,0,0,0,0,1
2024-09-11T02:36:00.000000,39.848050666667,25.800261333333,4,0,0,0,0,1
2024-09-11T02:37:00.000000,39.844424666667,25.797939833333,4,0,0,0,0,1
2024-09-11T02:38:00.000000,39.840804833333,25.795614166667,4,0,0,0,0,1
2024-09-11T02:39:00.000000,39.837184333333,25.793286,4,0,0,0,0,1
2024-09-11T02:40:00.000000,39.833563666667,25.791010666667,4,0,0,0,0,1
2024-09-11T02:41:00.000000,39.829956166667,25.788733166667,4,0,0,0,0,1
2024-09-11T02:42:00.000000,39.826341166667,25.786470833333,4,0,0,0,0,1
2024-09-11T02:43:00.000000,39.82272,25.784251833333,4,0,0,0,0,1
2024-09-11T02:44:00.000000,39.819051166667,25.7822985,4,0,0,0,0,1
2024-09-11T02:45:00.000000,39.815390333333,25.780376333333,4,0,0,0,0,1
2024-09-11T02:46:00.000000,39.8117315,25.778478333333,4,0,0,0,0,1
2024-09-11T02:47:00.000000,39.808074166667,25.7765995,4,0,0,0,0,1
2024-09-11T02:48:00.000000,39.8044155,25.774725833333,4,0,0,0,0,1
2024-09-11T02:49:00.000000,39.800751666667,25.772868333333,4,0,0,0,0,1
2024-09-11T02:50:00.000000,39.797086333333,25.771008666667,4,0,0,0,0,1
2024-09-11T02:51:00.000000,39.793422166667,25.769150833333,4,0,0,0,0,1
2024-09-11T02:52:00.000000,39.7897565,25.767300833333,4,0,0,0,0,1
2024-09-11T02:53:00.000000,39.786089166667,25.765446333333,4,0,0,0,0,1
2024-09-11T02:54:00.000000,39.782408166667,25.763603,4,0,0,0,0,1
2024-09-11T02:55:00.000000,39.7787365,25.761749166667,4,0,0,0,0,1
2024-09-11T02:56:00.000000,39.775070333333,25.759898833333,4,0,0,0,0,1
2024-09-11T02:57:00.000000,39.7714075,25.758044666667,4,0,0,0,0,1
2024-09-11T02:58:00.000000,39.767733833333,25.756220666667,4,0,0,0,0,1
2024-09-11T02:59:00.000000,39.764135166667,25.7540935,4,0,0,0,0,1
2024-09-11T03:00:00.000000,39.7605685,25.751834833333,4,0,0,0,0,1
2024-09-11T03:01:00.000000,39.757012,25.749558,4,0,0,0,0,1
2024-09-11T03:02:00.000000,39.753395833333,25.7472485,4,0,0,0,0,1
2024-09-11T03:03:00.000000,39.749883666667,25.744864,4,0,0,0,0,1
2024-09-11T03:04:00.000000,39.746379833333,25.742450833333,4,0,0,0,0,1
2024-09-11T03:05:00.000000,39.7428765,25.7400335,4,0,0,0,0,1
2024-09-11T03:06:00.000000,39.739388,25.737598833333,4,0,0,0,0,1
2024-09-11T03:07:00.000000,39.735906666667,25.735155666667,4,0,0,0,0,1
2024-09-11T03:08:00.000000,39.7324275,25.732730833333,4,0,0,0,0,1
2024-09-11T03:09:00.000000,39.728969333333,25.73026,4,0,0,0,0,1
2024-09-11T03:10:00.000000,39.725538666667,25.7277035,4,0,0,0,0,1
2024-09-11T03:11:00.000000,39.722117,25.725133833333,4,0,0,0,0,1
2024-09-11T03:12:00.000000,39.718704666667,25.722564666667,4,0,0,0,0,1
2024-09-11T03:13:00.000000,39.715287333333,25.720008166667,4,0,0,0,0,1
2024-09-11T03:14:00.000000,39.7118525,25.717463666667,4,0,0,0,0,1
2024-09-11T03:15:00.000000,39.708429666667,25.714892666667,4,0,0,0,0,1
2024-09-11T03:16:00.000000,39.705005333333,25.712320833333,4,0,0,0,0,1
2024-09-11T03:17:00.000000,39.701587,25.709747166667,4,0,0,0,0,1
2024-09-11T03:18:00.000000,39.698171333333,25.707157166667,4,0,0,0,0,1
2024-09-11T03:19:00.000000,39.694756,25.704572833333,4,0,0,0,0,1
2024-09-11T03:20:00.000000,39.691347166667,25.7020045,4,0,0,0,0,1
2024-09-11T03:21:00.000000,39.687928666667,25.699427666667,4,0,0,0,0,1
2024-09-11T03:22:00.000000,39.684523166667,25.696831666667,4,0,0,0,0,1
2024-09-11T03:23:00.000000,39.681112166667,25.694242666667,4,0,0,0,0,1
2024-09-11T03:24:00.000000,39.677702,25.691652,4,0,0,0,0,1
2024-09-11T03:25:00.000000,39.6742895,25.689055666667,4,0,0,0,0,1
2024-09-11T03:26:00.000000,39.670866166667,25.686469333333,4,0,0,0,0,1
2024-09-11T03:27:00.000000,39.6674395,25.683871166667,4,0,0,0,0,1
2024-09-11T03:28:00.000000,39.664018666667,25.6812605,4,0,0,0,0,1
2024-09-11T03:29:00.000000,39.660585166667,25.678674,4,0,0,0,0,1
2024-09-11T03:30:00.000000,39.657139833333,25.6761155,4,0,0,0,0,1
2024-09-11T03:31:00.000000,39.653685166667,25.673565,4,0,0,0,0,1
2024-09-11T03:32:00.000000,39.650242333333,25.6710195,4,0,0,0,0,1
2024-09-11T03:33:00.000000,39.646770333333,25.668553833333,4,0,0,0,0,1
2024-09-11T03:34:00.000000,39.643272666667,25.666128166667,4,0,0,0,0,1
2024-09-11T03:35:00.000000,39.6397735,25.663691833333,4,0,0,0,0,1
2024-09-11T03:36:00.000000,39.636244166667,25.661307666667,4,0,0,0,0,1
2024-09-11T03:37:00.000000,39.632720666667,25.6589295,4,0,0,0,0,1
2024-09-11T03:38:00.000000,39.6291915,25.656550833333,4,0,0,0,0,1
2024-09-11T03:39:00.000000,39.625666166667,25.654169833333,4,0,0,0,0,1
2024-09-11T03:40:00.000000,39.622146666667,25.651789,4,0,0,0,0,1
2024-09-11T03:41:00.000000,39.618626666667,25.649424333333,4,0,0,0,0,1
2024-09-11T03:42:00.000000,39.6151,25.6470955,4,0,0,0,0,1
2024-09-11T03:43:00.000000,39.611564,25.6447975,4,0,0,0,0,1
2024-09-11T03:44:00.000000,39.608022666667,25.6425075,4,0,0,0,0,1
2024-09-11T03:45:00.000000,39.604471666667,25.640227333333,4,0,0,0,0,1
2024-09-11T03:46:00.000000,39.600912166667,25.637957666667,4,0,0,0,0,1
2024-09-11T03:47:00.000000,39.597345833333,25.6356985,4,0,0,0,0,1
2024-09-11T03:48:00.000000,39.593767666667,25.633456,4,0,0,0,0,1
2024-09-11T03:49:00.000000,39.5901865,25.6312135,4,0,0,0,0,1
2024-09-11T03:50:00.000000,39.586617,25.628965166667,4,0,0,0,0,1
2024-09-11T03:51:00.000000,39.583038166667,25.626741166667,4,0,0,0,0,1
2024-09-11T03:52:00.000000,39.5794545,25.624503166667,4,0,0,0,0,1
2024-09-11T03:53:00.000000,39.575864333333,25.622262166667,4,0,0,0,0,1
2024-09-11T03:54:00.000000,39.572262333333,25.620024166667,4,0,0,0,0,1
2024-09-11T03:55:00.000000,39.5686625,25.617771166667,4,0,0,0,0,1
2024-09-11T03:56:00.000000,39.5650575,25.6155105,4,0,0,0,0,1
2024-09-11T03:57:00.000000,39.561449,25.613263,4,0,0,0,0,1
2024-09-11T03:58:00.000000,39.557830333333,25.611015833333,4,0,0,0,0,1
2024-09-11T03:59:00.000000,39.554219,25.608730666667,4,0,0,0,0,1
2024-09-11T04:00:00.000000,39.550623833333,25.606438166667,4,0,0,0,0,1
2024-09-11T04:01:00.000000,39.547037,25.604124666667,4,0,0,0,0,1
2024-09-11T04:02:00.000000,39.543447333333,25.6018095,4,0,0,0,0,1
2024-09-11T04:03:00.000000,39.5398675,25.599474166667,4,0,0,0,0,1
2024-09-11T04:04:00.000000,39.536293166667,25.5971235,4,0,0,0,0,1
2024-09-11T04:05:00.000000,39.532728333333,25.594754833333,4,0,0,0,0,1
2024-09-11T04:06:00.000000,39.5291765,25.5923595,4,0,0,0,0,1
2024-09-11T04:07:00.000000,39.525630833333,25.589953833333,4,0,0,0,0,1
2024-09-11T04:08:00.000000,39.522097333333,25.587544,4,0,0,0,0,1
2024-09-11T04:09:00.000000,39.518580166667,25.585116333333,4,0,0,0,0,1
2024-09-11T04:10:00.000000,39.515065333333,25.582675833333,4,0,0,0,0,1
2024-09-11T04:11:00.000000,39.511562,25.580212166667,4,0,0,0,0,1
2024-09-11T04:12:00.000000,39.508061333333,25.5777445,4,0,0,0,0,1
2024-09-11T04:13:00.000000,39.5045665,25.575276,4,0,0,0,0,1
2024-09-11T04:14:00.000000,39.501083666667,25.5727885,4,0,0,0,0,1
2024-09-11T04:15:00.000000,39.497597666667,25.5702885,4,0,0,0,0,1
2024-09-11T04:16:00.000000,39.494113833333,25.5677915,4,0,0,0,0,1
2024-09-11T04:17:00.000000,39.490618,25.565307833333,4,0,0,0,0,1
2024-09-11T04:18:00.000000,39.487123833333,25.562807666667,4,0,0,0,0,1
2024-09-11T04:19:00.000000,39.483622333333,25.5603425,4,0,0,0,0,1
2024-09-11T04:20:00.000000,39.480099333333,25.5579005,4,0,0,0,0,1
2024-09-11T04:21:00.000000,39.476591833333,25.555442,4,0,0,0,0,1
2024-09-11T04:22:00.000000,39.4730925,25.5529695,4,0,0,0,0,1
2024-09-11T04:23:00.000000,39.4695895,25.550485333333,4,0,0,0,0,1
2024-09-11T04:24:00.000000,39.4660935,25.547984333333,4,0,0,0,0,1
2024-09-11T04:25:00.000000,39.462610666667,25.545477,4,0,0,0,0,1
2024-09-11T04:26:00.000000,39.459130333333,25.542959666667,4,0,0,0,0,1
2024-09-11T04:27:00.000000,39.455645666667,25.5404205,4,0,0,0,0,1
2024-09-11T04:28:00.000000,39.452168166667,25.5378725,4,0,0,0,0,1
2024-09-11T04:29:00.000000,39.448705166667,25.535322,4,0,0,0,0,1
2024-09-11T04:30:00.000000,39.445242,25.532781,4,0,0,0,0,1
2024-09-11T04:31:00.000000,39.441775,25.530201666667,4,0,0,0,0,1
2024-09-11T04:32:00.000000,39.438311166667,25.527638166667,4,0,0,0,0,1
2024-09-11T04:33:00.000000,39.434854666667,25.5250775,4,0,0,0,0,1
2024-09-11T04:34:00.000000,39.431401333333,25.522509166667,4,0,0,0,0,1
2024-09-11T04:35:00.000000,39.427942333333,25.519918666667,4,0,0,0,0,1
2024-09-11T04:36:00.000000,39.424497333333,25.517309166667,4,0,0,0,0,1
2024-09-11T04:37:00.000000,39.421061333333,25.514692666667,4,0,0,0,0,1
2024-09-11T04:38:00.000000,39.417632333333,25.5120735,4,0,0,0,0,1
2024-09-11T04:39:00.000000,39.414196666667,25.5094475,4,0,0,0,0,1
2024-09-11T04:40:00.000000,39.410770666667,25.5068235,4,0,0,0,0,1
2024-09-11T04:41:00.000000,39.407352166667,25.504199166667,4,0,0,0,0,1
2024-09-11T04:42:00.000000,39.403921666667,25.5015395,4,0,0,0,0,1
2024-09-11T04:43:00.000000,39.400492333333,25.498868166667,4,0,0,0,0,1
2024-09-11T04:44:00.000000,39.397079333333,25.496199833333,4,0,0,0,0,1
2024-09-11T04:45:00.000000,39.393663,25.493521666667,4,0,0,0,0,1
2024-09-11T04:46:00.000000,39.390257666667,25.490822,4,0,0,0,0,1
2024-09-11T04:47:00.000000,39.386820666667,25.488234666667,4,0,0,0,0,1
2024-09-11T04:48:00.000000,39.3833605,25.485688333333,4,0,0,0,0,1
2024-09-11T04:49:00.000000,39.3799095,25.483138333333,4,0,0,0,0,1
2024-09-11T04:50:00.000000,39.376461666667,25.480594666667,4,0,0,0,0,1
2024-09-11T04:51:00.000000,39.373016833333,25.478026166667,4,0,0,0,0,1
2024-09-11T04:52:00.000000,39.369577166667,25.475443833333,4,0,0,0,0,1
2024-09-11T04:53:00.000000,39.366134,25.472861,4,0,0,0,0,1
2024-09-11T04:54:00.000000,39.362691833333,25.470327833333,4,0,0,0,0,1
2024-09-11T04:55:00.000000,39.359175166667,25.467908833333,4,0,0,0,0,1
2024-09-11T04:56:00.000000,39.355666,25.465483833333,4,0,0,0,0,1
2024-09-11T04:57:00.000000,39.3521465,25.463034,4,0,0,0,0,1
2024-09-11T04:58:00.000000,39.348635666667,25.460579666667,4,0,0,0,0,1
2024-09-11T04:59:00.000000,39.345117333333,25.458161166667,4,0,0,0,0,1
2024-09-11T05:00:00.000000,39.341595,25.4557675,4,0,0,0,0,1
2024-09-11T05:01:00.000000,39.338070666667,25.4533775,4,0,0,0,0,1
2024-09-11T05:02:00.000000,39.3345465,25.450994,4,0,0,0,0,1
2024-09-11T05:03:00.000000,39.331006833333,25.448625,4,0,0,0,0,1
2024-09-11T05:04:00.000000,39.327465333333,25.446254666667,4,0,0,0,0,1
2024-09-11T05:05:00.000000,39.3238955,25.444026333333,4,0,0,0,0,1
2024-09-11T05:06:00.000000,39.320313333333,25.441859,4,0,0,0,0,1
2024-09-11T05:07:00.000000,39.3167275,25.439687,4,0,0,0,0,1
2024-09-11T05:08:00.000000,39.313121833333,25.4375075,4,0,0,0,0,1
2024-09-11T05:09:00.000000,39.309519833333,25.435323166667,4,0,0,0,0,1
2024-09-11T05:10:00.000000,39.305889333333,25.433169666667,4,0,0,0,0,1
2024-09-11T05:11:00.000000,39.302460833333,25.430438833333,4,0,0,0,0,1
2024-09-11T05:12:00.000000,39.299267166667,25.4272095,4,0,0,0,0,1
2024-09-11T05:13:00.000000,39.296155833333,25.4238305,4,0,0,0,0,1
2024-09-11T05:14:00.000000,39.293180833333,25.420236833333,4,0,0,0,0,1
2024-09-11T05:15:00.000000,39.290233333333,25.416621166667,4,0,0,0,0,1
2024-09-11T05:16:00.000000,39.287309166667,25.412999666667,4,0,0,0,0,1
2024-09-11T05:17:00.000000,39.284397,25.409379166667,4,0,0,0,0,1
2024-09-11T05:18:00.000000,39.281485333333,25.405760833333,4,0,0,0,0,1
2024-09-11T05:19:00.000000,39.278579833333,25.4021335,4,0,0,0,0,1
2024-09-11T05:20:00.000000,39.275667,25.3984965,4,0,0,0,0,1
2024-09-11T05:21:00.000000,39.272772,25.394836,4,0,0,0,0,1
2024-09-11T05:22:00.000000,39.269876333333,25.391162333333,4,0,0,0,0,1
2024-09-11T05:23:00.000000,39.2669905,25.387500666667,4,0,0,0,0,1
2024-09-11T05:24:00.000000,39.264107666667,25.383861166667,4,0,0,0,0,1
2024-09-11T05:25:00.000000,39.261171166667,25.380347833333,4,0,0,0,0,1
2024-09-11T05:26:00.000000,39.258177666667,25.376948166667,4,0,0,0,0,1
2024-09-11T05:27:00.000000,39.255145333333,25.373624666667,4,0,0,0,0,1
2024-09-11T05:28:00.000000,39.251976,25.370655166667,4,0,0,0,0,1
2024-09-11T05:29:00.000000,39.248650333333,25.368078833333,4,0,0,0,0,1
2024-09-11T05:30:00.000000,39.245215333333,25.365853666667,4,0,0,0,0,1
2024-09-11T05:31:00.000000,39.2416945,25.363809,4,0,0,0,0,1
2024-09-11T05:32:00.000000,39.238130666667,25.361772833333,4,0,0,0,0,1
2024-09-11T05:33:00.000000,39.234539166667,25.359712,4,0,0,0,0,1
2024-09-11T05:34:00.000000,39.230921666667,25.3576415,4,0,0,0,0,1
2024-09-11T05:35:00.000000,39.227306833333,25.355565666667,4,0,0,0,0,1
2024-09-11T05:36:00.000000,39.223678833333,25.353494666667,4,0,0,0,0,1
2024-09-11T05:37:00.000000,39.220056833333,25.351402166667,4,0,0,0,0,1
2024-09-11T05:38:00.000000,39.216413333333,25.349349666667,4,0,0,0,0,1
2024-09-11T05:39:00.000000,39.212789833333,25.3472955,4,0,0,0,0,1
2024-09-11T05:40:00.000000,39.209160166667,25.345264166667,4,0,0,0,0,1
2024-09-11T05:41:00.000000,39.205531166667,25.343213,4,0,0,0,0,1
2024-09-11T05:42:00.000000,39.201903166667,25.341174666667,4,0,0,0,0,1
2024-09-11T05:43:00.000000,39.1982745,25.339134333333,4,0,0,0,0,1
2024-09-11T05:44:00.000000,39.19464,25.337083333333,4,0,0,0,0,1
2024-09-11T05:45:00.000000,39.190997166667,25.335032666667,4,0,0,0,0,1
2024-09-11T05:46:00.000000,39.187343833333,25.332989333333,4,0,0,0,0,1
2024-09-11T05:47:00.000000,39.183679166667,25.330926833333,4,0,0,0,0,1
2024-09-11T05:48:00.000000,39.180011333333,25.328856333333,4,0,0,0,0,1
2024-09-11T05:49:00.000000,39.1763455,25.326768333333,4,0,0,0,0,1
2024-09-11T05:50:00.000000,39.172668333333,25.324796166667,4,0,0,0,0,1
2024-09-11T05:51:00.000000,39.168949166667,25.322976833333,4,0,0,0,0,1
2024-09-11T05:52:00.000000,39.165218,25.321153,4,0,0,0,0,1
2024-09-11T05:53:00.000000,39.161475166667,25.319319,4,0,0,0,0,1
2024-09-11T05:54:00.000000,39.157728166667,25.3175005,4,0,0,0,0,1
2024-09-11T05:55:00.000000,39.153991333333,25.315659166667,4,0,0,0,0,1
2024-09-11T05:56:00.000000,39.15026,25.313834166667,4,0,0,0,0,1
2024-09-11T05:57:00.000000,39.146528833333,25.312024,4,0,0,0,0,1
2024-09-11T05:58:00.000000,39.142783666667,25.310223166667,4,0,0,0,0,1
2024-09-11T05:59:00.000000,39.1390515,25.308417,4,0,0,0,0,1
2024-09-11T06:00:00.000000,39.135320333333,25.306633833333,4,0,0,0,0,1
2024-09-11T06:01:00.000000,39.131604833333,25.304880333333,4,0,0,0,0,1
2024-09-11T06:02:00.000000,39.127892166667,25.303117666667,4,0,0,0,0,1
2024-09-11T06:03:00.000000,39.124167,25.301347833333,4,0,0,0,0,1
2024-09-11T06:04:00.000000,39.120434833333,25.299572666667,4,0,0,0,0,1
2024-09-11T06:05:00.000000,39.116697,25.297812833333,4,0,0,0,0,1
2024-09-11T06:06:00.000000,39.112940833333,25.296058666667,4,0,0,0,0,1
2024-09-11T06:07:00.000000,39.109182,25.294282833333,4,0,0,0,0,1
2024-09-11T06:08:00.000000,39.105425666667,25.292503333333,4,0,0,0,0,1
2024-09-11T06:09:00.000000,39.101665333333,25.290735,4,0,0,0,0,1
2024-09-11T06:10:00.000000,39.0979075,25.288953,4,0,0,0,0,1
2024-09-11T06:11:00.000000,39.094140333333,25.287159166667,4,0,0,0,0,1
2024-09-11T06:12:00.000000,39.090355666667,25.285373333333,4,0,0,0,0,1
2024-09-11T06:13:00.000000,39.086572166667,25.283504166667,4,0,0,0,0,1
2024-09-11T06:14:00.000000,39.082819833333,25.281502333333,4,0,0,0,0,1
2024-09-11T06:15:00.000000,39.079081166667,25.279488833333,4,0,0,0,0,1
2024-09-11T06:16:00.000000,39.075345833333,25.277485666667,4,0,0,0,0,1
2024-09-11T06:17:00.000000,39.071609,25.275490166667,4,0,0,0,0,1
2024-09-11T06:18:00.000000,39.0678645,25.273493666667,4,0,0,0,0,1
2024-09-11T06:19:00.000000,39.064108333333,25.2715085,4,0,0,0,0,1
2024-09-11T06:20:00.000000,39.0603265,25.269554166667,4,0,0,0,0,1
2024-09-11T06:21:00.000000,39.056545166667,25.267599333333,4,0,0,0,0,1
2024-09-11T06:22:00.000000,39.0527585,25.265628,4,0,0,0,0,1
2024-09-11T06:23:00.000000,39.0489675,25.263660166667,4,0,0,0,0,1
2024-09-11T06:24:00.000000,39.045178666667,25.261694166667,4,0,0,0,0,1
2024-09-11T06:25:00.000000,39.041383166667,25.259738666667,4,0,0,0,0,1
2024-09-11T06:26:00.000000,39.037574333333,25.257790833333,4,0,0,0,0,1
2024-09-11T06:27:00.000000,39.033771833333,25.2558345,4,0,0,0,0,1
2024-09-11T06:28:00.000000,39.029967333333,25.2538685,4,0,0,0,0,1
2024-09-11T06:29:00.000000,39.026180166667,25.251835166667,4,0,0,0,0,1
2024-09-11T06:30:00.000000,39.0224555,25.249645833333,4,0,0,0,0,1
2024-09-11T06:31:00.000000,39.018734,25.247439666667,4,0,0,0,0,1
2024-09-11T06:32:00.000000,39.0150215,25.245227833333,4,0,0,0,0,1
2024-09-11T06:33:00.000000,39.011311666667,25.243010333333,4,0,0,0,0,1
2024-09-11T06:34:00.000000,39.007601333333,25.240776833333,4,0,0,0,0,1
2024-09-11T06:35:00.000000,39.003892666667,25.238546833333,4,0,0,0,0,1
2024-09-11T06:36:00.000000,39.00018,25.236303166667,4,0,0,0,0,1
2024-09-11T06:37:00.000000,38.996466333333,25.234048833333,4,0,0,0,0,1
2024-09-11T06:38:00.000000,38.992744,25.231793166667,4,0,0,0,0,1
2024-09-11T06:39:00.000000,38.989023166667,25.229527166667,4,0,0,0,0,1
2024-09-11T06:40:00.000000,38.985244,25.227214166667,4,0,0,0,0,1
2024-09-11T06:41:00.000000,38.981540333333,25.2249115,4,0,0,0,0,1
2024-09-11T06:42:00.000000,38.977838666667,25.2225995,4,0,0,0,0,1
2024-09-11T06:43:00.000000,38.974129833333,25.2202995,4,0,0,0,0,1
2024-09-11T06:44:00.000000,38.9704195,25.217993333333,4,0,0,0,0,1
2024-09-11T06:45:00.000000,38.966707333333,25.215691166667,4,0,0,0,0,1
2024-09-11T06:46:00.000000,38.963058833333,25.213427166667,4,0,0,0,0,1
2024-09-11T06:47:00.000000,38.959373166667,25.211095166667,4,0,0,0,0,1
2024-09-11T06:48:00.000000,38.955633833333,25.2087255,4,0,0,0,0,1
2024-09-11T06:49:00.000000,38.952007833333,25.206427833333,4,0,0,0,0,1
2024-09-11T06:50:00.000000,38.948258833333,25.204055166667,4,0,0,0,0,1
2024-09-11T06:51:00.000000,38.944643166667,25.201755333333,4,0,0,0,0,1
2024-09-11T06:52:00.000000,38.940973666667,25.199423833333,4,0,0,0,0,1
2024-09-11T06:53:00.000000,38.937246666667,25.197046166667,4,0,0,0,0,1
2024-09-11T06:54:00.000000,38.933579333333,25.194712833333,4,0,0,0,0,1
2024-09-11T06:55:00.000000,38.929906,25.192384166667,4,0,0,0,0,1
2024-09-11T06:56:00.000000,38.926225666667,25.190049,4,0,0,0,0,1
2024-09-11T06:57:00.000000,38.922558666667,25.187691833333,4,0,0,0,0,1
2024-09-11T06:58:00.000000,38.918897,25.185318833333,4,0,0,0,0,1
2024-09-11T06:59:00.000000,38.9152445,25.182935666667,4,0,0,0,0,1
2024-09-11T07:00:00.000000,38.911590666667,25.180546166667,4,0,0,0,0,1
2024-09-11T07:01:00.000000,38.9079355,25.17816,4,0,0,0,0,1
2024-09-11T07:02:00.000000,38.904294166667,25.1757465,4,0,0,0,0,1
2024-09-11T07:03:00.000000,38.900657833333,25.173344,4,0,0,0,0,1
2024-09-11T07:04:00.000000,38.897030833333,25.170948666667,4,0,0,0,0,1
2024-09-11T07:05:00.000000,38.8934095,25.168538833333,4,0,0,0,0,1
2024-09-11T07:06:00.000000,38.889760333333,25.1661775,4,0,0,0,0,1
2024-09-11T07:07:00.000000,38.8860965,25.163872166667,4,0,0,0,0,1
2024-09-11T07:08:00.000000,38.882453666667,25.161556,4,0,0,0,0,1
2024-09-11T07:09:00.000000,38.878806166667,25.1592395,4,0,0,0,0,1
2024-09-11T07:10:00.000000,38.875166333333,25.156908666667,4,0,0,0,0,1
2024-09-11T07:11:00.000000,38.871527166667,25.154573166667,4,0,0,0,0,1
2024-09-11T07:12:00.000000,38.867880666667,25.152213666667,4,0,0,0,0,1
2024-09-11T07:13:00.000000,38.8642305,25.149889,4,0,0,0,0,1
2024-09-11T07:14:00.000000,38.860577666667,25.147576833333,4,0,0,0,0,1
2024-09-11T07:15:00.000000,38.856919,25.145306666667,4,0,0,0,0,1
2024-09-11T07:16:00.000000,38.853279,25.143027666667,4,0,0,0,0,1
2024-09-11T07:17:00.000000,38.849648,25.1407785,4,0,0,0,0,1
2024-09-11T07:18:00.000000,38.846033,25.138551333333,4,0,0,0,0,1
2024-09-11T07:19:00.000000,38.842419666667,25.136354166667,4,0,0,0,0,1
2024-09-11T07:20:00.000000,38.838812166667,25.1341865,4,0,0,0,0,1
2024-09-11T07:21:00.000000,38.8352055,25.132039333333,4,0,0,0,0,1
2024-09-11T07:22:00.000000,38.831602,25.129894,4,0,0,0,0,1
2024-09-11T07:23:00.000000,38.828003,25.127729333333,4,0,0,0,0,1
2024-09-11T07:24:00.000000,38.824402333333,25.1255635,4,0,0,0,0,1
2024-09-11T07:25:00.000000,38.8207995,25.123406333333,4,0,0,0,0,1
2024-09-11T07:26:00.000000,38.817194,25.121266666667,4,0,0,0,0,1
2024-09-11T07:27:00.000000,38.813585166667,25.119130166667,4,0,0,0,0,1
2024-09-11T07:28:00.000000,38.809961,25.116992833333,4,0,0,0,0,1
2024-09-11T07:29:00.000000,38.8063425,25.114859166667,4,0,0,0,0,1
2024-09-11T07:30:00.000000,38.802726,25.112720333333,4,0,0,0,0,1
2024-09-11T07:31:00.000000,38.799104166667,25.1105945,4,0,0,0,0,1
2024-09-11T07:32:00.000000,38.795475666667,25.1084795,4,0,0,0,0,1
2024-09-11T07:33:00.000000,38.791838833333,25.106385333333,4,0,0,0,0,1
2024-09-11T07:34:00.000000,38.788204333333,25.104292,4,0,0,0,0,1
2024-09-11T07:35:00.000000,38.784567666667,25.1022025,4,0,0,0,0,1
2024-09-11T07:36:00.000000,38.780927833333,25.1001145,4,0,0,0,0,1
2024-09-11T07:37:00.000000,38.777289,25.098008,4,0,0,0,0,1
2024-09-11T07:38:00.000000,38.773651166667,25.095895333333,4,0,0,0,0,1
2024-09-11T07:39:00.000000,38.770021,25.093797166667,4,0,0,0,0,1
2024-09-11T07:40:00.000000,38.766399333333,25.091695,4,0,0,0,0,1
2024-09-11T07:41:00.000000,38.762766166667,25.089595666667,4,0,0,0,0,1
2024-09-11T07:42:00.000000,38.759137666667,25.0874995,4,0,0,0,0,1
2024-09-11T07:43:00.000000,38.7555115,25.0854095,4,0,0,0,0,1
2024-09-11T07:44:00.000000,38.751873833333,25.083317166667,4,0,0,0,0,1
2024-09-11T07:45:00.000000,38.7482415,25.081224833333,4,0,0,0,0,1
2024-09-11T07:46:00.000000,38.744621,25.079084,4,0,0,0,0,1
2024-09-11T07:47:00.000000,38.741013166667,25.076910666667,4,0,0,0,0,1
2024-09-11T07:48:00.000000,38.737410333333,25.074726333333,4,0,0,0,0,1
2024-09-11T07:49:00.000000,38.733807833333,25.072551833333,4,0,0,0,0,1
2024-09-11T07:50:00.000000,38.7302205,25.0703625,4,0,0,0,0,1
2024-09-11T07:51:00.000000,38.726633833333,25.068189833333,4,0,0,0,0,1
2024-09-11T07:52:00.000000,38.723052833333,25.066022166667,4,0,0,0,0,1
2024-09-11T07:53:00.000000,38.719501666667,25.063828833333,4,0,0,0,0,1
2024-09-11T07:54:00.000000,38.715948666667,25.061650333333,4,0,0,0,0,1
2024-09-11T07:55:00.000000,38.712382166667,25.059487833333,4,0,0,0,0,1
2024-09-11T07:56:00.000000,38.708828166667,25.057297833333,4,0,0,0,0,1
2024-09-11T07:57:00.000000,38.7053,25.055056666667,4,0,0,0,0,1
2024-09-11T07:58:00.000000,38.701778333333,25.052820833333,4,0,0,0,0,1
2024-09-11T07:59:00.000000,38.698244,25.050605,4,0,0,0,0,1
2024-09-11T08:00:00.000000,38.694718,25.048384666667,4,0,0,0,0,1
2024-09-11T08:01:00.000000,38.691195666667,25.046155,4,0,0,0,0,1
2024-09-11T08:02:00.000000,38.687667666667,25.043911666667,4,0,0,0,0,1
2024-09-11T08:03:00.000000,38.684129166667,25.041656166667,4,0,0,0,0,1
2024-09-11T08:04:00.000000,38.680590333333,25.039381333333,4,0,0,0,0,1
2024-09-11T08:05:00.000000,38.677059,25.037114,4,0,0,0,0,1
2024-09-11T08:06:00.000000,38.6735185,25.034923333333,4,0,0,0,0,1
2024-09-11T08:07:00.000000,38.669959333333,25.032773166667,4,0,0,0,0,1
2024-09-11T08:08:00.000000,38.666392833333,25.030613833333,4,0,0,0,0,1
2024-09-11T08:09:00.000000,38.6628265,25.028456,4,0,0,0,0,1
2024-09-11T08:10:00.000000,38.659258833333,25.026297833333,4,0,0,0,0,1
2024-09-11T08:11:00.000000,38.655700666667,25.024123333333,4,0,0,0,0,1
2024-09-11T08:12:00.000000,38.652128666667,25.021964166667,4,0,0,0,0,1
2024-09-11T08:13:00.000000,38.648546,25.019826333333,4,0,0,0,0,1
2024-09-11T08:14:00.000000,38.644953333333,25.01767,4,0,0,0,0,1
2024-09-11T08:15:00.000000,38.641351666667,25.015495166667,4,0,0,0,0,1
2024-09-11T08:16:00.000000,38.637741333333,25.013323333333,4,0,0,0,0,1
2024-09-11T08:17:00.000000,38.634134666667,25.011171333333,4,0,0,0,0,1
2024-09-11T08:18:00.000000,38.630503833333,25.009064,4,0,0,0,0,1
2024-09-11T08:19:00.000000,38.6268625,25.0069485,4,0,0,0,0,1
2024-09-11T08:20:00.000000,38.6232085,25.004883333333,4,0,0,0,0,1
2024-09-11T08:21:00.000000,38.619572333333,25.002773166667,4,0,0,0,0,1
2024-09-11T08:22:00.000000,38.615957666667,25.000627333333,4,0,0,0,0,1
2024-09-11T08:23:00.000000,38.612341666667,24.998480666667,4,0,0,0,0,1
2024-09-11T08:24:00.000000,38.608721666667,24.996348666667,4,0,0,0,0,1
2024-09-11T08:25:00.000000,38.605108833333,24.9941715,4,0,0,0,0,1
2024-09-11T08:26:00.000000,38.601532833333,24.9919375,4,0,0,0,0,1
2024-09-11T08:27:00.000000,38.597968833333,24.989711166667,4,0,0,0,0,1
2024-09-11T08:28:00.000000,38.594398666667,24.987508333333,4,0,0,0,0,1
2024-09-11T08:29:00.000000,38.590833333333,24.985298333333,4,0,0,0,0,1
2024-09-11T08:30:00.000000,38.587248166667,24.983107166667,4,0,0,0,0,1
2024-09-11T08:31:00.000000,38.583656166667,24.980900833333,4,0,0,0,0,1
2024-09-11T08:32:00.000000,38.580071333333,24.9786405,4,0,0,0,0,1
2024-09-11T08:33:00.000000,38.576489,24.976370666667,4,0,0,0,0,1
2024-09-11T08:34:00.000000,38.572905333333,24.974113166667,4,0,0,0,0,1
2024-09-11T08:35:00.000000,38.569327666667,24.971852666667,4,0,0,0,0,1
2024-09-11T08:36:00.000000,38.565746333333,24.9695835,4,0,0,0,0,1
2024-09-11T08:37:00.000000,38.562142666667,24.967356833333,4,0,0,0,0,1
2024-09-11T08:38:00.000000,38.558533333333,24.965145333333,4,0,0,0,0,1
2024-09-11T08:39:00.000000,38.554921333333,24.96294,4,0,0,0,0,1
2024-09-11T08:40:00.000000,38.551311333333,24.960746166667,4,0,0,0,0,1
2024-09-11T08:41:00.000000,38.547712166667,24.958551,4,0,0,0,0,1
2024-09-11T08:42:00.000000,38.544110666667,24.956348,4,0,0,0,0,1
2024-09-11T08:43:00.000000,38.540517666667,24.954153666667,4,0,0,0,0,1
2024-09-11T08:44:00.000000,38.536928666667,24.95196,4,0,0,0,0,1
2024-09-11T08:45:00.000000,38.5333435,24.949764,4,0,0,0,0,1
2024-09-11T08:46:00.000000,38.529759333333,24.947573833333,4,0,0,0,0,1
2024-09-11T08:47:00.000000,38.526156,24.945373666667,4,0,0,0,0,1
2024-09-11T08:48:00.000000,38.522497,24.943297666667,4,0,0,0,0,1
2024-09-11T08:49:00.000000,38.518797,24.941225666667,4,0,0,0,0,1
2024-09-11T08:50:00.000000,38.5150905,24.939082,4,0,0,0,0,1
2024-09-11T08:51:00.000000,38.5113775,24.936937,4,0,0,0,0,1
2024-09-11T08:52:00.000000,38.5076405,24.934817666667,4,0,0,0,0,1
2024-09-11T08:53:00.000000,38.5039015,24.932691833333,4,0,0,0,0,1
2024-09-11T08:54:00.000000,38.500166,24.930542333333,4,0,0,0,0,1
2024-09-11T08:55:00.000000,38.496462833333,24.928301666667,4,0,0,0,0,1
2024-09-11T08:56:00.000000,38.4927835,24.926045333333,4,0,0,0,0,1
2024-09-11T08:57:00.000000,38.489112333333,24.9238065,4,0,0,0,0,1
2024-09-11T08:58:00.000000,38.485445333333,24.9215525,4,0,0,0,0,1
2024-09-11T08:59:00.000000,38.4817695,24.919299833333,4,0,0,0,0,1
2024-09-11T09:00:00.000000,38.478091,24.917042833333,4,0,0,0,0,1
2024-09-11T09:01:00.000000,38.4744245,24.914709,4,0,0,0,0,1
2024-09-11T09:02:00.000000,38.470780833333,24.912313,4,0,0,0,0,1
2024-09-11T09:03:00.000000,38.46715,24.909894833333,4,0,0,0,0,1
2024-09-11T09:04:00.000000,38.4635235,24.907468833333,4,0,0,0,0,1
2024-09-11T09:05:00.000000,38.459894333333,24.905027,4,0,0,0,0,1
2024-09-11T09:06:00.000000,38.4562485,24.902583,4,0,0,0,0,1
2024-09-11T09:07:00.000000,38.452622666667,24.900134666667,4,0,0,0,0,1
2024-09-11T09:08:00.000000,38.449005,24.897677,4,0,0,0,0,1
2024-09-11T09:09:00.000000,38.4453905,24.895183333333,4,0,0,0,0,1
2024-09-11T09:10:00.000000,38.441766666667,24.892698833333,4,0,0,0,0,1
2024-09-11T09:11:00.000000,38.438149833333,24.890196333333,4,0,0,0,0,1
2024-09-11T09:12:00.000000,38.434522,24.8877125,4,0,0,0,0,1
2024-09-11T09:13:00.000000,38.430892666667,24.885209166667,4,0,0,0,0,1
2024-09-11T09:14:00.000000,38.427249166667,24.882759,4,0,0,0,0,1
2024-09-11T09:15:00.000000,38.423623166667,24.880291166667,4,0,0,0,0,1
2024-09-11T09:16:00.000000,38.420014833333,24.877798166667,4,0,0,0,0,1
2024-09-11T09:17:00.000000,38.416414333333,24.875307166667,4,0,0,0,0,1
2024-09-11T09:18:00.000000,38.4128175,24.872799666667,4,0,0,0,0,1
2024-09-11T09:19:00.000000,38.409212166667,24.870304333333,4,0,0,0,0,1
2024-09-11T09:20:00.000000,38.4056085,24.867802666667,4,0,0,0,0,1
2024-09-11T09:21:00.000000,38.401997666667,24.865291166667,4,0,0,0,0,1
2024-09-11T09:22:00.000000,38.3983775,24.862781666667,4,0,0,0,0,1
2024-09-11T09:23:00.000000,38.394759333333,24.860279666667,4,0,0,0,0,1
2024-09-11T09:24:00.000000,38.391142,24.857781,4,0,0,0,0,1
2024-09-11T09:25:00.000000,38.387522166667,24.855284,4,0,0,0,0,1
2024-09-11T09:26:00.000000,38.383900166667,24.852777833333,4,0,0,0,0,1
2024-09-11T09:27:00.000000,38.380268666667,24.8502585,4,0,0,0,0,1
2024-09-11T09:28:00.000000,38.376636,24.8477305,4,0,0,0,0,1
2024-09-11T09:29:00.000000,38.372999333333,24.845201,4,0,0,0,0,1
2024-09-11T09:30:00.000000,38.369363666667,24.842677666667,4,0,0,0,0,1
2024-09-11T09:31:00.000000,38.3657255,24.840160333333,4,0,0,0,0,1
2024-09-11T09:32:00.000000,38.362090166667,24.837626333333,4,0,0,0,0,1
2024-09-11T09:33:00.000000,38.358450833333,24.835092333333,4,0,0,0,0,1
2024-09-11T09:34:00.000000,38.3548125,24.832559833333,4,0,0,0,0,1
2024-09-11T09:35:00.000000,38.351187333333,24.830011833333,4,0,0,0,0,1
2024-09-11T09:36:00.000000,38.3475495,24.827468666667,4,0,0,0,0,1
2024-09-11T09:37:00.000000,38.3439035,24.824929,4,0,0,0,0,1
2024-09-11T09:38:00.000000,38.340256666667,24.822381,4,0,0,0,0,1
2024-09-11T09:39:00.000000,38.336610166667,24.819822666667,4,0,0,0,0,1
2024-09-11T09:40:00.000000,38.332959666667,24.817253666667,4,0,0,0,0,1
2024-09-11T09:41:00.000000,38.3293035,24.814683166667,4,0,0,0,0,1
2024-09-11T09:42:00.000000,38.325640333333,24.812112666667,4,0,0,0,0,1
2024-09-11T09:43:00.000000,38.321978333333,24.8095365,4,0,0,0,0,1
2024-09-11T09:44:00.000000,38.318307,24.806957333333,4,0,0,0,0,1
2024-09-11T09:45:00.000000,38.314627833333,24.804375,4,0,0,0,0,1
2024-09-11T09:46:00.000000,38.310939,24.801788333333,4,0,0,0,0,1
2024-09-11T09:47:00.000000,38.307247166667,24.799189833333,4,0,0,0,0,1
2024-09-11T09:48:00.000000,38.303550333333,24.796606166667,4,0,0,0,0,1
2024-09-11T09:49:00.000000,38.2998425,24.794002833333,4,0,0,0,0,1
2024-09-11T09:50:00.000000,38.296125333333,24.7913985,4,0,0,0,0,1
2024-09-11T09:51:00.000000,38.2923985,24.788793,4,0,0,0,0,1
2024-09-11T09:52:00.000000,38.288666166667,24.786189833333,4,0,0,0,0,1
2024-09-11T09:53:00.000000,38.284931833333,24.783588333333,4,0,0,0,0,1
2024-09-11T09:54:00.000000,38.281188,24.7809835,4,0,0,0,0,1
2024-09-11T09:55:00.000000,38.277445166667,24.778372666667,4,0,0,0,0,1
2024-09-11T09:56:00.000000,38.273708166667,24.775762666667,4,0,0,0,0,1
2024-09-11T09:57:00.000000,38.269971333333,24.773141333333,4,0,0,0,0,1
2024-09-11T09:58:00.000000,38.266228166667,24.7705115,4,0,0,0,0,1
2024-09-11T09:59:00.000000,38.262477166667,24.767876666667,4,0,0,0,0,1
2024-09-11T10:00:00.000000,38.258721333333,24.765213166667,4,0,0,0,0,1
2024-09-11T10:01:00.000000,38.2549645,24.762544,4,0,0,0,0,1
2024-09-11T10:02:00.000000,38.251157833333,24.759990833333,4,0,0,0,0,1
2024-09-11T10:03:00.000000,38.247329,24.757479333333,4,0,0,0,0,1
2024-09-11T10:04:00.000000,38.243446,24.7550775,4,0,0,0,0,1
2024-09-11T10:05:00.000000,38.239566,24.752678,4,0,0,0,0,1
2024-09-11T10:06:00.000000,38.23569,24.750269,4,0,0,0,0,1
2024-09-11T10:07:00.000000,38.231811833333,24.747846833333,4,0,0,0,0,1
2024-09-11T10:08:00.000000,38.227933666667,24.7454045,4,0,0,0,0,1
2024-09-11T10:09:00.000000,38.224052833333,24.742944166667,4,0,0,0,0,1
2024-09-11T10:10:00.000000,38.2201635,24.740474666667,4,0,0,0,0,1
2024-09-11T10:11:00.000000,38.216275166667,24.737997833333,4,0,0,0,0,1
2024-09-11T10:12:00.000000,38.212397833333,24.735513666667,4,0,0,0,0,1
2024-09-11T10:13:00.000000,38.208522166667,24.733036333333,4,0,0,0,0,1
2024-09-11T10:14:00.000000,38.204618,24.730606166667,4,0,0,0,0,1
2024-09-11T10:15:00.000000,38.2007015,24.728193,4,0,0,0,0,1
2024-09-11T10:16:00.000000,38.196789333333,24.725755833333,4,0,0,0,0,1
2024-09-11T10:17:00.000000,38.192870833333,24.723313666667,4,0,0,0,0,1
2024-09-11T10:18:00.000000,38.188954833333,24.720840333333,4,0,0,0,0,1
2024-09-11T10:19:00.000000,38.185005,24.7184795,4,0,0,0,0,1
2024-09-11T10:20:00.000000,38.181033333333,24.716200333333,4,0,0,0,0,1
2024-09-11T10:21:00.000000,38.177093666667,24.713880666667,4,0,0,0,0,1
2024-09-11T10:22:00.000000,38.173118166667,24.711632666667,4,0,0,0,0,1
2024-09-11T10:23:00.000000,38.1691375,24.709379166667,4,0,0,0,0,1
2024-09-11T10:24:00.000000,38.165137666667,24.707137333333,4,0,0,0,0,1
2024-09-11T10:25:00.000000,38.161153166667,24.7048555,4,0,0,0,0,1
2024-09-11T10:26:00.000000,38.157173,24.702577,4,0,0,0,0,1
2024-09-11T10:27:00.000000,38.1531985,24.700293833333,4,0,0,0,0,1
2024-09-11T10:28:00.000000,38.149187166667,24.697973333333,4,0,0,0,0,1
2024-09-11T10:29:00.000000,38.1452205,24.695768666667,4,0,0,0,0,1
2024-09-11T10:30:00.000000,38.141329,24.693614666667,4,0,0,0,0,1
2024-09-11T10:31:00.000000,38.137373166667,24.6914525,4,0,0,0,0,1
2024-09-11T10:32:00.000000,38.133427333333,24.6893025,4,0,0,0,0,1
2024-09-11T10:33:00.000000,38.1294325,24.687137833333,4,0,0,0,0,1
2024-09-11T10:34:00.000000,38.125500166667,24.685030333333,4,0,0,0,0,1
2024-09-11T10:35:00.000000,38.121554333333,24.682936166667,4,0,0,0,0,1
2024-09-11T10:36:00.000000,38.117616333333,24.680829833333,4,0,0,0,0,1
2024-09-11T10:37:00.000000,38.1136855,24.678713833333,4,0,0,0,0,1
2024-09-11T10:38:00.000000,38.1097565,24.676606,4,0,0,0,0,1
2024-09-11T10:39:00.000000,38.105833,24.674523666667,4,0,0,0,0,1
2024-09-11T10:40:00.000000,38.101904166667,24.672446333333,4,0,0,0,0,1
2024-09-11T10:41:00.000000,38.097991333333,24.6703805,4,0,0,0,0,1
2024-09-11T10:42:00.000000,38.094108833333,24.6683215,4,0,0,0,0,1
2024-09-11T10:43:00.000000,38.090226166667,24.666282833333,4,0,0,0,0,1
2024-09-11T10:44:00.000000,38.086369,24.664313,4,0,0,0,0,1
2024-09-11T10:45:00.000000,38.082536,24.662351166667,4,0,0,0,0,1
2024-09-11T10:46:00.000000,38.078726333333,24.6604135,4,0,0,0,0,1
2024-09-11T10:47:00.000000,38.074921833333,24.6585145,4,0,0,0,0,1
2024-09-11T10:48:00.000000,38.0711265,24.656619666667,4,0,0,0,0,1
2024-09-11T10:49:00.000000,38.067346833333,24.654757333333,4,0,0,0,0,1
2024-09-11T10:50:00.000000,38.0635145,24.653095333333,4,0,0,0,0,1
2024-09-11T10:51:00.000000,38.059649333333,24.651496333333,4,0,0,0,0,1
2024-09-11T10:52:00.000000,38.0557605,24.649898,4,0,0,0,0,1
2024-09-11T10:53:00.000000,38.051854,24.648288666667,4,0,0,0,0,1
2024-09-11T10:54:00.000000,38.047938333333,24.646691833333,4,0,0,0,0,1
2024-09-11T10:55:00.000000,38.0440135,24.6451175,4,0,0,0,0,1
2024-09-11T10:56:00.000000,38.040087166667,24.643525833333,4,0,0,0,0,1
2024-09-11T10:57:00.000000,38.036134,24.641970166667,4,0,0,0,0,1
2024-09-11T10:58:00.000000,38.032175666667,24.640407,4,0,0,0,0,1
2024-09-11T10:59:00.000000,38.0282075,24.638821833333,4,0,0,0,0,1
2024-09-11T11:00:00.000000,38.024224833333,24.637240833333,4,0,0,0,0,1
2024-09-11T11:01:00.000000,38.020227666667,24.635650666667,4,0,0,0,0,1
2024-09-11T11:02:00.000000,38.016225166667,24.6340555,4,0,0,0,0,1
2024-09-11T11:03:00.000000,38.012216166667,24.632458166667,4,0,0,0,0,1
2024-09-11T11:04:00.000000,38.008200666667,24.630851166667,4,0,0,0,0,1
2024-09-11T11:05:00.000000,38.0041855,24.629226666667,4,0,0,0,0,1
2024-09-11T11:06:00.000000,38.000156833333,24.627594833333,4,0,0,0,0,1
2024-09-11T11:07:00.000000,37.996123333333,24.625906333333,4,0,0,0,0,1
2024-09-11T11:08:00.000000,37.992159333333,24.623971333333,4,0,0,0,0,1
2024-09-11T11:09:00.000000,37.988188333333,24.6220295,4,0,0,0,0,1
2024-09-11T11:10:00.000000,37.984260666667,24.619987333333,4,0,0,0,0,1
2024-09-11T11:11:00.000000,37.980366166667,24.617878833333,4,0,0,0,0,1
2024-09-11T11:12:00.000000,37.976498666667,24.615760666667,4,0,0,0,0,1
2024-09-11T11:13:00.000000,37.972640666667,24.613639,4,0,0,0,0,1
2024-09-11T11:14:00.000000,37.968844333333,24.611372666667,4,0,0,0,0,1
2024-09-11T11:15:00.000000,37.965152,24.608881333333,4,0,0,0,0,1
2024-09-11T11:16:00.000000,37.961489,24.606355833333,4,0,0,0,0,1
2024-09-11T11:17:00.000000,37.957841333333,24.603816,4,0,0,0,0,1
2024-09-11T11:18:00.000000,37.954202666667,24.601296,4,0,0,0,0,1
2024-09-11T11:19:00.000000,37.950564166667,24.598805333333,4,0,0,0,0,1
2024-09-11T11:20:00.000000,37.946941333333,24.596296833333,4,0,0,0,0,1
2024-09-11T11:21:00.000000,37.943308833333,24.593799833333,4,0,0,0,0,1
2024-09-11T11:22:00.000000,37.939732166667,24.591165,4,0,0,0,0,1
2024-09-11T11:23:00.000000,37.936368,24.588127,4,0,0,0,0,1
2024-09-11T11:24:00.000000,37.9333325,24.584612833333,4,0,0,0,0,1
2024-09-11T11:25:00.000000,37.930495,24.580876833333,4,0,0,0,0,1
2024-09-11T11:26:00.000000,37.927698,24.577100833333,4,0,0,0,0,1
2024-09-11T11:27:00.000000,37.9249095,24.5733185,4,0,0,0,0,1
2024-09-11T11:28:00.000000,37.922122166667,24.569554166667,4,0,0,0,0,1
2024-09-11T11:29:00.000000,37.9194005,24.5657155,4,0,0,0,0,1
2024-09-11T11:30:00.000000,37.916829166667,24.561731,4,0,0,0,0,1
2024-09-11T11:31:00.000000,37.914351666667,24.5576495,4,0,0,0,0,1
2024-09-11T11:32:00.000000,37.911912333333,24.553529166667,4,0,0,0,0,1
2024-09-11T11:33:00.000000,37.909495833333,24.549405,4,0,0,0,0,1
2024-09-11T11:34:00.000000,37.907126833333,24.545221,4,0,0,0,0,1
2024-09-11T11:35:00.000000,37.904782166667,24.541012666667,4,0,0,0,0,1
2024-09-11T11:36:00.000000,37.902446666667,24.536805666667,4,0,0,0,0,1
2024-09-11T11:37:00.000000,37.900107666667,24.532608,4,0,0,0,0,1
2024-09-11T11:38:00.000000,37.897772166667,24.528412166667,4,0,0,0,0,1
2024-09-11T11:39:00.000000,37.895447333333,24.524212833333,4,0,0,0,0,1
2024-09-11T11:40:00.000000,37.893125,24.520007666667,4,0,0,0,0,1
2024-09-11T11:41:00.000000,37.890811333333,24.5158085,4,0,0,0,0,1
2024-09-11T11:42:00.000000,37.8885135,24.511609166667,4,0,0,0,0,1
2024-09-11T11:43:00.000000,37.886199166667,24.507420166667,4,0,0,0,0,1
2024-09-11T11:44:00.000000,37.883882166667,24.5032635,4,0,0,0,0,1
2024-09-11T11:45:00.000000,37.881553166667,24.499149333333,4,0,0,0,0,1
2024-09-11T11:46:00.000000,37.879224,24.495057333333,4,0,0,0,0,1
2024-09-11T11:47:00.000000,37.876914833333,24.490999166667,4,0,0,0,0,1
2024-09-11T11:48:00.000000,37.874631833333,24.486954833333,4,0,0,0,0,1
2024-09-11T11:49:00.000000,37.872362166667,24.482922666667,4,0,0,0,0,1
2024-09-11T11:50:00.000000,37.870094666667,24.478894,4,0,0,0,0,1
2024-09-11T11:51:00.000000,37.867837833333,24.4748635,4,0,0,0,0,1
2024-09-11T11:52:00.000000,37.865579666667,24.470825166667,4,0,0,0,0,1
2024-09-11T11:53:00.000000,37.863316833333,24.466783666667,4,0,0,0,0,1
2024-09-11T11:54:00.000000,37.861063,24.462741,4,0,0,0,0,1
2024-09-11T11:55:00.000000,37.8588155,24.458703666667,4,0,0,0,0,1
2024-09-11T11:56:00.000000,37.856570333333,24.454666833333,4,0,0,0,0,1
2024-09-11T11:57:00.000000,37.8543235,24.4506335,4,0,0,0,0,1
2024-09-11T11:58:00.000000,37.852088833333,24.4466155,4,0,0,0,0,1
2024-09-11T11:59:00.000000,37.8497765,24.442696666667,4,0,0,0,0,1
2024-09-11T12:00:00.000000,37.847427833333,24.438836333333,4,0,0,0,0,1
2024-09-11T12:01:00.000000,37.845067666667,24.434998666667,4,0,0,0,0,1
2024-09-11T12:02:00.000000,37.842734833333,24.431165666667,4,0,0,0,0,1
2024-09-11T12:03:00.000000,37.840413,24.427343166667,4,0,0,0,0,1
2024-09-11T12:04:00.000000,37.838097166667,24.423543333333,4,0,0,0,0,1
2024-09-11T12:05:00.000000,37.8357785,24.419750333333,4,0,0,0,0,1
2024-09-11T12:06:00.000000,37.833471,24.4159475,4,0,0,0,0,1
2024-09-11T12:07:00.000000,37.831160333333,24.412151166667,4,0,0,0,0,1
2024-09-11T12:08:00.000000,37.8288615,24.408358,4,0,0,0,0,1
2024-09-11T12:09:00.000000,37.826571833333,24.404567666667,4,0,0,0,0,1
2024-09-11T12:10:00.000000,37.824303833333,24.4007665,4,0,0,0,0,1
2024-09-11T12:11:00.000000,37.8220485,24.396968166667,4,0,0,0,0,1
2024-09-11T12:12:00.000000,37.8197855,24.393181833333,4,0,0,0,0,1
2024-09-11T12:13:00.000000,37.817520666667,24.389418,4,0,0,0,0,1
2024-09-11T12:14:00.000000,37.8152595,24.3856635,4,0,0,0,0,1
2024-09-11T12:15:00.000000,37.812996,24.381902333333,4,0,0,0,0,1
2024-09-11T12:16:00.000000,37.8107265,24.378118166667,4,0,0,0,0,1
2024-09-11T12:17:00.000000,37.808442666667,24.374306333333,4,0,0,0,0,1
2024-09-11T12:18:00.000000,37.806123666667,24.370475,4,0,0,0,0,1
2024-09-11T12:19:00.000000,37.803765833333,24.366635,4,0,0,0,0,1
2024-09-11T12:20:00.000000,37.801387666667,24.362771666667,4,0,0,0,0,1
2024-09-11T12:21:00.000000,37.798995666667,24.358896666667,4,0,0,0,0,1
2024-09-11T12:22:00.000000,37.796555666667,24.355047333333,4,0,0,0,0,1
2024-09-11T12:23:00.000000,37.794118333333,24.351192666667,4,0,0,0,0,1
2024-09-11T12:24:00.000000,37.791682166667,24.347332166667,4,0,0,0,0,1
2024-09-11T12:25:00.000000,37.789238333333,24.343468666667,4,0,0,0,0,1
2024-09-11T12:26:00.000000,37.786774,24.339617,4,0,0,0,0,1
2024-09-11T12:27:00.000000,37.784312833333,24.3357625,4,0,0,0,0,1
2024-09-11T12:28:00.000000,37.781854,24.3319035,4,0,0,0,0,1
2024-09-11T12:29:00.000000,37.779398833333,24.328030666667,4,0,0,0,0,1
2024-09-11T12:30:00.000000,37.776929166667,24.3241615,4,0,0,0,0,1
2024-09-11T12:31:00.000000,37.774449,24.320290166667,4,0,0,0,0,1
2024-09-11T12:32:00.000000,37.7719825,24.316399333333,4,0,0,0,0,1
2024-09-11T12:33:00.000000,37.769506666667,24.312509333333,4,0,0,0,0,1
2024-09-11T12:34:00.000000,37.767020333333,24.308620666667,4,0,0,0,0,1
2024-09-11T12:35:00.000000,37.764543833333,24.304708,4,0,0,0,0,1
2024-09-11T12:36:00.000000,37.762055666667,24.3008075,4,0,0,0,0,1
2024-09-11T12:37:00.000000,37.759555166667,24.296918333333,4,0,0,0,0,1
2024-09-11T12:38:00.000000,37.757050333333,24.293039833333,4,0,0,0,0,1
2024-09-11T12:39:00.000000,37.754540166667,24.28917,4,0,0,0,0,1
2024-09-11T12:40:00.000000,37.752016666667,24.285309333333,4,0,0,0,0,1
2024-09-11T12:41:00.000000,37.7494905,24.2814545,4,0,0,0,0,1
2024-09-11T12:42:00.000000,37.746961166667,24.2776255,4,0,0,0,0,1
2024-09-11T12:43:00.000000,37.74445,24.2737835,4,0,0,0,0,1
2024-09-11T12:44:00.000000,37.741942,24.269936666667,4,0,0,0,0,1
2024-09-11T12:45:00.000000,37.7394265,24.266093333333,4,0,0,0,0,1
2024-09-11T12:46:00.000000,37.736911,24.262237833333,4,0,0,0,0,1
2024-09-11T12:47:00.000000,37.734402833333,24.258377,4,0,0,0,0,1
2024-09-11T12:48:00.000000,37.7318915,24.2545145,4,0,0,0,0,1
2024-09-11T12:49:00.000000,37.729379166667,24.250654666667,4,0,0,0,0,1
2024-09-11T12:50:00.000000,37.7268845,24.246788,4,0,0,0,0,1
2024-09-11T12:51:00.000000,37.724366166667,24.242949333333,4,0,0,0,0,1
2024-09-11T12:52:00.000000,37.721840833333,24.2391145,4,0,0,0,0,1
2024-09-11T12:53:00.000000,37.719329833333,24.235272,4,0,0,0,0,1
2024-09-11T12:54:00.000000,37.716738166667,24.231532666667,4,0,0,0,0,1
2024-09-11T12:55:00.000000,37.714090833333,24.227845666667,4,0,0,0,0,1
2024-09-11T12:56:00.000000,37.7114385,24.224150333333,4,0,0,0,0,1
2024-09-11T12:57:00.000000,37.708762333333,24.220501833333,4,0,0,0,0,1
2024-09-11T12:58:00.000000,37.705837166667,24.217250166667,4,0,0,0,0,1
2024-09-11T12:59:00.000000,37.702595666667,24.214503166667,4,0,0,0,0,1
2024-09-11T13:00:00.000000,37.6992685,24.2118255,4,0,0,0,0,1
2024-09-11T13:01:00.000000,37.695928333333,24.20912,4,0,0,0,0,1
2024-09-11T13:02:00.000000,37.692584166667,24.2063635,4,0,0,0,0,1
2024-09-11T13:03:00.000000,37.689235833333,24.2035705,4,0,0,0,0,1
2024-09-11T13:04:00.000000,37.685894666667,24.200720666667,4,0,0,0,0,1
2024-09-11T13:05:00.000000,37.6825525,24.197839833333,4,0,0,0,0,1
2024-09-11T13:06:00.000000,37.6792085,24.194948166667,4,0,0,0,0,1
2024-09-11T13:07:00.000000,37.6758615,24.192058166667,4,0,0,0,0,1
2024-09-11T13:08:00.000000,37.672514,24.189134833333,4,0,0,0,0,1
2024-09-11T13:09:00.000000,37.669168333333,24.186199833333,4,0,0,0,0,1
2024-09-11T13:10:00.000000,37.6658035,24.183279,4,0,0,0,0,1
2024-09-11T13:11:00.000000,37.6624805,24.1802595,4,0,0,0,0,1
2024-09-11T13:12:00.000000,37.659174833333,24.177191833333,4,0,0,0,0,1
2024-09-11T13:13:00.000000,37.655850666667,24.174133,4,0,0,0,0,1
2024-09-11T13:14:00.000000,37.652507166667,24.171078166667,4,0,0,0,0,1
2024-09-11T13:15:00.000000,37.649134166667,24.1680395,4,0,0,0,0,1
2024-09-11T13:16:00.000000,37.645747833333,24.165023333333,4,0,0,0,0,1
2024-09-11T13:17:00.000000,37.642348166667,24.162034,4,0,0,0,0,1
2024-09-11T13:18:00.000000,37.638940666667,24.1590605,4,0,0,0,0,1
2024-09-11T13:19:00.000000,37.6355375,24.156101166667,4,0,0,0,0,1
2024-09-11T13:20:00.000000,37.632142,24.1531495,4,0,0,0,0,1
2024-09-11T13:21:00.000000,37.6287415,24.1502445,4,0,0,0,0,1
2024-09-11T13:22:00.000000,37.625352333333,24.147338666667,4,0,0,0,0,1
2024-09-11T13:23:00.000000,37.621979166667,24.144411833333,4,0,0,0,0,1
2024-09-11T13:24:00.000000,37.618603833333,24.141482333333,4,0,0,0,0,1
2024-09-11T13:25:00.000000,37.615242833333,24.138563666667,4,0,0,0,0,1
2024-09-11T13:26:00.000000,37.611888166667,24.1356755,4,0,0,0,0,1
2024-09-11T13:27:00.000000,37.608637166667,24.132610166667,4,0,0,0,0,1
2024-09-11T13:28:00.000000,37.605405,24.129523833333,4,0,0,0,0,1
2024-09-11T13:29:00.000000,37.602179,24.126435833333,4,0,0,0,0,1
2024-09-11T13:30:00.000000,37.598978833333,24.123336,4,0,0,0,0,1
2024-09-11T13:31:00.000000,37.5956575,24.120470333333,4,0,0,0,0,1
2024-09-11T13:32:00.000000,37.592303666667,24.117645,4,0,0,0,0,1
2024-09-11T13:33:00.000000,37.5889615,24.114800833333,4,0,0,0,0,1
2024-09-11T13:34:00.000000,37.585573166667,24.111898166667,4,0,0,0,0,1
2024-09-11T13:35:00.000000,37.5822415,24.109042333333,4,0,0,0,0,1
2024-09-11T13:36:00.000000,37.578918833333,24.106182333333,4,0,0,0,0,1
2024-09-11T13:37:00.000000,37.575594833333,24.103308833333,4,0,0,0,0,1
2024-09-11T13:38:00.000000,37.572272333333,24.1004075,4,0,0,0,0,1
2024-09-11T13:39:00.000000,37.568949833333,24.0975265,4,0,0,0,0,1
2024-09-11T13:40:00.000000,37.5656365,24.094647666667,4,0,0,0,0,1
2024-09-11T13:41:00.000000,37.5623375,24.091744833333,4,0,0,0,0,1
2024-09-11T13:42:00.000000,37.559045833333,24.088827833333,4,0,0,0,0,1
2024-09-11T13:43:00.000000,37.555753666667,24.0859075,4,0,0,0,0,1
2024-09-11T13:44:00.000000,37.552463833333,24.082973,4,0,0,0,0,1
2024-09-11T13:45:00.000000,37.5491735,24.0800395,4,0,0,0,0,1
2024-09-11T13:46:00.000000,37.545877666667,24.077115333333,4,0,0,0,0,1
2024-09-11T13:47:00.000000,37.542576166667,24.074196166667,4,0,0,0,0,1
2024-09-11T13:48:00.000000,37.539258,24.071278833333,4,0,0,0,0,1
2024-09-11T13:49:00.000000,37.535925833333,24.0683535,4,0,0,0,0,1
2024-09-11T13:50:00.000000,37.532591,24.065444666667,4,0,0,0,0,1
2024-09-11T13:51:00.000000,37.529253833333,24.062547333333,4,0,0,0,0,1
2024-09-11T13:52:00.000000,37.5259255,24.059678666667,4,0,0,0,0,1
2024-09-11T13:53:00.000000,37.522623833333,24.056807666667,4,0,0,0,0,1
2024-09-11T13:54:00.000000,37.5193205,24.053957,4,0,0,0,0,1
2024-09-11T13:55:00.000000,37.516038333333,24.051086166667,4,0,0,0,0,1
2024-09-11T13:56:00.000000,37.512714666667,24.0483105,4,0,0,0,0,1
2024-09-11T13:57:00.000000,37.509360833333,24.0455685,4,0,0,0,0,1
2024-09-11T13:58:00.000000,37.506006666667,24.0428285,4,0,0,0,0,1
2024-09-11T13:59:00.000000,37.5026575,24.040070333333,4,0,0,0,0,1
2024-09-11T14:00:00.000000,37.499316166667,24.037285,4,0,0,0,0,1
2024-09-11T14:01:00.000000,37.4964275,24.033796166667,4,0,0,0,0,1
2024-09-11T14:02:00.000000,37.494013333333,24.029780166667,4,0,0,0,0,1
2024-09-11T14:03:00.000000,37.491796166667,24.0255565,4,0,0,0,0,1
2024-09-11T14:04:00.000000,37.489591666667,24.021372,4,0,0,0,0,1
2024-09-11T14:05:00.000000,37.487015,24.017646166667,4,0,0,0,0,1
2024-09-11T14:06:00.000000,37.484035166667,24.014574666667,4,0,0,0,0,1
2024-09-11T14:07:00.000000,37.480792166667,24.011927833333,4,0,0,0,0,1
2024-09-11T14:08:00.000000,37.477495333333,24.009292166667,4,0,0,0,0,1
2024-09-11T14:09:00.000000,37.474190833333,24.006611166667,4,0,0,0,0,1
2024-09-11T14:10:00.000000,37.4708315,24.004078166667,4,0,0,0,0,1
2024-09-11T14:11:00.000000,37.467366333333,24.0017635,4,0,0,0,0,1
2024-09-11T14:12:00.000000,37.463868166667,23.999478333333,4,0,0,0,0,1
2024-09-11T14:13:00.000000,37.460358666667,23.9971825,4,0,0,0,0,1
2024-09-11T14:14:00.000000,37.456846666667,23.994948,4,0,0,0,0,1
2024-09-11T14:15:00.000000,37.453242166667,23.993028166667,4,0,0,0,0,1
2024-09-11T14:16:00.000000,37.449612166667,23.991158333333,4,0,0,0,0,1
2024-09-11T14:17:00.000000,37.445977,23.989291833333,4,0,0,0,0,1
2024-09-11T14:18:00.000000,37.442335,23.987444166667,4,0,0,0,0,1
2024-09-11T14:19:00.000000,37.4386885,23.985585833333,4,0,0,0,0,1
2024-09-11T14:20:00.000000,37.435042833333,23.983745166667,4,0,0,0,0,1
2024-09-11T14:21:00.000000,37.4313955,23.981923333333,4,0,0,0,0,1
2024-09-11T14:22:00.000000,37.427738833333,23.9801235,4,0,0,0,0,1
2024-09-11T14:23:00.000000,37.424076,23.978332,4,0,0,0,0,1
2024-09-11T14:24:00.000000,37.420398833333,23.976542666667,4,0,0,0,0,1
2024-09-11T14:25:00.000000,37.416743666667,23.9746445,4,0,0,0,0,1
2024-09-11T14:26:00.000000,37.413182333333,23.972487666667,4,0,0,0,0,1
2024-09-11T14:27:00.000000,37.409642333333,23.9703475,4,0,0,0,0,1
2024-09-11T14:28:00.000000,37.406095666667,23.968219333333,4,0,0,0,0,1
2024-09-11T14:29:00.000000,37.402551833333,23.966088333333,4,0,0,0,0,1
2024-09-11T14:30:00.000000,37.398960166667,23.964099333333,4,0,0,0,0,1
2024-09-11T14:31:00.000000,37.395356333333,23.962139666667,4,0,0,0,0,1
2024-09-11T14:32:00.000000,37.3917475,23.960175666667,4,0,0,0,0,1
2024-09-11T14:33:00.000000,37.388130333333,23.9582005,4,0,0,0,0,1
2024-09-11T14:34:00.000000,37.384513666667,23.956232,4,0,0,0,0,1
2024-09-11T14:35:00.000000,37.380905166667,23.954259666667,4,0,0,0,0,1
2024-09-11T14:36:00.000000,37.377302,23.952289666667,4,0,0,0,0,1
2024-09-11T14:37:00.000000,37.373686333333,23.9502985,4,0,0,0,0,1
2024-09-11T14:38:00.000000,37.370070666667,23.948294666667,4,0,0,0,0,1
2024-09-11T14:39:00.000000,37.366457666667,23.9463175,4,0,0,0,0,1
2024-09-11T14:40:00.000000,37.362839666667,23.9443075,4,0,0,0,0,1
2024-09-11T14:41:00.000000,37.35921,23.942286333333,4,0,0,0,0,1
2024-09-11T14:42:00.000000,37.355583333333,23.940259833333,4,0,0,0,0,1
2024-09-11T14:43:00.000000,37.351960166667,23.938269833333,4,0,0,0,0,1
2024-09-11T14:44:00.000000,37.348329,23.9362875,4,0,0,0,0,1
2024-09-11T14:45:00.000000,37.344696333333,23.934301,4,0,0,0,0,1
2024-09-11T14:46:00.000000,37.341070333333,23.93229,4,0,0,0,0,1
2024-09-11T14:47:00.000000,37.337440833333,23.930274666667,4,0,0,0,0,1
2024-09-11T14:48:00.000000,37.333810333333,23.9282385,4,0,0,0,0,1
2024-09-11T14:49:00.000000,37.330165666667,23.926196833333,4,0,0,0,0,1
2024-09-11T14:50:00.000000,37.326531333333,23.924119333333,4,0,0,0,0,1
2024-09-11T14:51:00.000000,37.322929,23.921898666667,4,0,0,0,0,1
2024-09-11T14:52:00.000000,37.3193355,23.919640333333,4,0,0,0,0,1
2024-09-11T14:53:00.000000,37.315743,23.917375,4,0,0,0,0,1
2024-09-11T14:54:00.000000,37.312138166667,23.915107666667,4,0,0,0,0,1
2024-09-11T14:55:00.000000,37.308528333333,23.912862333333,4,0,0,0,0,1
2024-09-11T14:56:00.000000,37.3049145,23.9106215,4,0,0,0,0,1
2024-09-11T14:57:00.000000,37.301286833333,23.908384166667,4,0,0,0,0,1
2024-09-11T14:58:00.000000,37.297653833333,23.9061425,4,0,0,0,0,1
2024-09-11T14:59:00.000000,37.293994333333,23.9039915,4,0,0,0,0,1
2024-09-11T15:00:00.000000,37.29034,23.901830166667,4,0,0,0,0,1
2024-09-11T15:01:00.000000,37.286706,23.899643166667,4,0,0,0,0,1
2024-09-11T15:02:00.000000,37.2830765,23.8974525,4,0,0,0,0,1
2024-09-11T15:03:00.000000,37.279439833333,23.895256166667,4,0,0,0,0,1
2024-09-11T15:04:00.000000,37.275802166667,23.893065833333,4,0,0,0,0,1
2024-09-11T15:05:00.000000,37.272214666667,23.890740166667,4,0,0,0,0,1
2024-09-11T15:06:00.000000,37.2686395,23.888371833333,4,0,0,0,0,1
2024-09-11T15:07:00.000000,37.265078333333,23.886005666667,4,0,0,0,0,1
2024-09-11T15:08:00.000000,37.261514,23.883645833333,4,0,0,0,0,1
2024-09-11T15:09:00.000000,37.257947,23.881283166667,4,0,0,0,0,1
2024-09-11T15:10:00.000000,37.2543625,23.878944,4,0,0,0,0,1
2024-09-11T15:11:00.000000,37.250782666667,23.876618333333,4,0,0,0,0,1
2024-09-11T15:12:00.000000,37.247208166667,23.874293666667,4,0,0,0,0,1
2024-09-11T15:13:00.000000,37.243622333333,23.871977333333,4,0,0,0,0,1
2024-09-11T15:14:00.000000,37.240033666667,23.869651833333,4,0,0,0,0,1
2024-09-11T15:15:00.000000,37.236443166667,23.867321833333,4,0,0,0,0,1
2024-09-11T15:16:00.000000,37.232859166667,23.864998833333,4,0,0,0,0,1
2024-09-11T15:17:00.000000,37.229276,23.862679,4,0,0,0,0,1
2024-09-11T15:18:00.000000,37.225680166667,23.860345666667,4,0,0,0,0,1
2024-09-11T15:19:00.000000,37.222087,23.857991166667,4,0,0,0,0,1
2024-09-11T15:20:00.000000,37.218491,23.8556395,4,0,0,0,0,1
2024-09-11T15:21:00.000000,37.215484333333,23.8536905,4,0,0,0,0,1
2024-09-11T15:22:00.000000,37.211868,23.8513335,4,0,0,0,0,1
2024-09-11T15:23:00.000000,37.208271333333,23.84895,4,0,0,0,0,1
2024-09-11T15:24:00.000000,37.204681333333,23.846576666667,4,0,0,0,0,1
2024-09-11T15:25:00.000000,37.200482666667,23.843803833333,4,0,0,0,0,1
2024-09-11T15:26:00.000000,37.196884,23.841433666667,4,0,0,0,0,1
2024-09-11T15:27:00.000000,37.1932785,23.839056166667,4,0,0,0,0,1
2024-09-11T15:28:00.000000,37.189673666667,23.8366685,4,0,0,0,0,1
2024-09-11T15:29:00.000000,37.1860645,23.8342725,4,0,0,0,0,1
2024-09-11T15:30:00.000000,37.182450666667,23.831888166667,4,0,0,0,0,1
2024-09-11T15:31:00.000000,37.179475166667,23.829807,4,0,0,0,0,1
2024-09-11T15:32:00.000000,37.175934333333,23.827280166667,4,0,0,0,0,1
2024-09-11T15:33:00.000000,37.171819,23.824325666667,4,0,0,0,0,1
2024-09-11T15:34:00.000000,37.168294666667,23.821807333333,4,0,0,0,0,1
2024-09-11T15:35:00.000000,37.164770166667,23.819284833333,4,0,0,0,0,1
2024-09-11T15:36:00.000000,37.161234166667,23.816746166667,4,0,0,0,0,1
2024-09-11T15:37:00.000000,37.157706333333,23.8142085,4,0,0,0,0,1
2024-09-11T15:38:00.000000,37.154166833333,23.811668333333,4,0,0,0,0,1
2024-09-11T15:39:00.000000,37.1506175,23.809129666667,4,0,0,0,0,1
2024-09-11T15:40:00.000000,37.1470695,23.8065975,4,0,0,0,0,1
2024-09-11T15:41:00.000000,37.1435245,23.8040485,4,0,0,0,0,1
2024-09-11T15:42:00.000000,37.139981833333,23.801499333333,4,0,0,0,0,1
2024-09-11T15:43:00.000000,37.136440166667,23.798965,4,0,0,0,0,1
2024-09-11T15:44:00.000000,37.1328905,23.79643,4,0,0,0,0,1
2024-09-11T15:45:00.000000,37.129352666667,23.793888666667,4,0,0,0,0,1
2024-09-11T15:46:00.000000,37.125808666667,23.791356,4,0,0,0,0,1
2024-09-11T15:47:00.000000,37.122261,23.788861666667,4,0,0,0,0,1
2024-09-11T15:48:00.000000,37.1188275,23.786122166667,4,0,0,0,0,1
2024-09-11T15:49:00.000000,37.115465666667,23.783248333333,4,0,0,0,0,1
2024-09-11T15:50:00.000000,37.11211,23.7803645,4,0,0,0,0,1
2024-09-11T15:51:00.000000,37.108752666667,23.777474333333,4,0,0,0,0,1
2024-09-11T15:52:00.000000,37.105398833333,23.774594833333,4,0,0,0,0,1
2024-09-11T15:53:00.000000,37.102011333333,23.771768333333,4,0,0,0,0,1
2024-09-11T15:54:00.000000,37.098619833333,23.768936166667,4,0,0,0,0,1
2024-09-11T15:55:00.000000,37.095247166667,23.766081,4,0,0,0,0,1
2024-09-11T15:56:00.000000,37.091865,23.763222166667,4,0,0,0,0,1
2024-09-11T15:57:00.000000,37.088483666667,23.760368333333,4,0,0,0,0,1
2024-09-11T15:58:00.000000,37.0851195,23.757518,4,0,0,0,0,1
2024-09-11T15:59:00.000000,37.081772333333,23.7546585,4,0,0,0,0,1
2024-09-11T16:00:00.000000,37.0784295,23.751791666667,4,0,0,0,0,1
2024-09-11T16:01:00.000000,37.075089833333,23.748942833333,4,0,0,0,0,1
2024-09-11T16:02:00.000000,37.071759666667,23.746091666667,4,0,0,0,0,1
2024-09-11T16:03:00.000000,37.068428833333,23.743246833333,4,0,0,0,0,1
2024-09-11T16:04:00.000000,37.065111166667,23.740397,4,0,0,0,0,1
2024-09-11T16:05:00.000000,37.061813333333,23.737551333333,4,0,0,0,0,1
2024-09-11T16:06:00.000000,37.058510833333,23.734682166667,4,0,0,0,0,1
2024-09-11T16:07:00.000000,37.055214333333,23.731824833333,4,0,0,0,0,1
2024-09-11T16:08:00.000000,37.051933833333,23.728954,4,0,0,0,0,1
2024-09-11T16:09:00.000000,37.048656833333,23.726079666667,4,0,0,0,0,1
2024-09-11T16:10:00.000000,37.045377,23.723196666667,4,0,0,0,0,1
2024-09-11T16:11:00.000000,37.042109,23.720307833333,4,0,0,0,0,1
2024-09-11T16:12:00.000000,37.038836833333,23.7174215,4,0,0,0,0,1
2024-09-11T16:13:00.000000,37.035565166667,23.714512166667,4,0,0,0,0,1
2024-09-11T16:14:00.000000,37.032264333333,23.711701,4,0,0,0,0,1
2024-09-11T16:15:00.000000,37.028924166667,23.708995,4,0,0,0,0,1
2024-09-11T16:16:00.000000,37.025497666667,23.7064635,4,0,0,0,0,1
2024-09-11T16:17:00.000000,37.022072333333,23.703951,4,0,0,0,0,1
2024-09-11T16:18:00.000000,37.018661166667,23.701431166667,4,0,0,0,0,1
2024-09-11T16:19:00.000000,37.0152405,23.698896666667,4,0,0,0,0,1
2024-09-11T16:20:00.000000,37.011802,23.696348333333,4,0,0,0,0,1
2024-09-11T16:21:00.000000,37.008355833333,23.693786833333,4,0,0,0,0,1
2024-09-11T16:22:00.000000,37.0049045,23.691251833333,4,0,0,0,0,1
2024-09-11T16:23:00.000000,37.001456,23.688719833333,4,0,0,0,0,1
2024-09-11T16:24:00.000000,36.998032,23.6861555,4,0,0,0,0,1
2024-09-11T16:25:00.000000,36.994552833333,23.683732666667,4,0,0,0,0,1
2024-09-11T16:26:00.000000,36.991056333333,23.681311166667,4,0,0,0,0,1
2024-09-11T16:27:00.000000,36.987571,23.6788905,4,0,0,0,0,1
2024-09-11T16:28:00.000000,36.9840895,23.676473333333,4,0,0,0,0,1
2024-09-11T16:29:00.000000,36.980597333333,23.674042166667,4,0,0,0,0,1
2024-09-11T16:30:00.000000,36.9770905,23.6716405,4,0,0,0,0,1
2024-09-11T16:31:00.000000,36.973596666667,23.669239,4,0,0,0,0,1
2024-09-11T16:32:00.000000,36.9700975,23.666819333333,4,0,0,0,0,1
2024-09-11T16:33:00.000000,36.966599333333,23.664390333333,4,0,0,0,0,1
2024-09-11T16:34:00.000000,36.963110666667,23.661969166667,4,0,0,0,0,1
2024-09-11T16:35:00.000000,36.959634333333,23.6595415,4,0,0,0,0,1
2024-09-11T16:36:00.000000,36.956167833333,23.657103166667,4,0,0,0,0,1
2024-09-11T16:37:00.000000,36.952692166667,23.654669166667,4,0,0,0,0,1
2024-09-11T16:38:00.000000,36.94921,23.6522475,4,0,0,0,0,1
2024-09-11T16:39:00.000000,36.945721,23.649827333333,4,0,0,0,0,1
2024-09-11T16:40:00.000000,36.942220333333,23.647385666667,4,0,0,0,0,1
2024-09-11T16:41:00.000000,36.938724666667,23.644939333333,4,0,0,0,0,1
2024-09-11T16:42:00.000000,36.935240833333,23.642474166667,4,0,0,0,0,1
2024-09-11T16:43:00.000000,36.9317555,23.640012,4,0,0,0,0,1
2024-09-11T16:44:00.000000,36.928262833333,23.637547,4,0,0,0,0,1
2024-09-11T16:45:00.000000,36.924768166667,23.635083666667,4,0,0,0,0,1
2024-09-11T16:46:00.000000,36.921288,23.632607166667,4,0,0,0,0,1
2024-09-11T16:47:00.000000,36.917807666667,23.630123166667,4,0,0,0,0,1
2024-09-11T16:48:00.000000,36.914331166667,23.627645166667,4,0,0,0,0,1
2024-09-11T16:49:00.000000,36.910855333333,23.625168666667,4,0,0,0,0,1
2024-09-11T16:50:00.000000,36.907391,23.622692,4,0,0,0,0,1
2024-09-11T16:51:00.000000,36.903932333333,23.620219333333,4,0,0,0,0,1
2024-09-11T16:52:00.000000,36.900466833333,23.6177255,4,0,0,0,0,1
2024-09-11T16:53:00.000000,36.896983666667,23.615222166667,4,0,0,0,0,1
2024-09-11T16:54:00.000000,36.893495,23.612725,4,0,0,0,0,1
2024-09-11T16:55:00.000000,36.890014,23.610220166667,4,0,0,0,0,1
2024-09-11T16:56:00.000000,36.8865255,23.607717833333,4,0,0,0,0,1
2024-09-11T16:57:00.000000,36.883030833333,23.605193833333,4,0,0,0,0,1
2024-09-11T16:58:00.000000,36.879539666667,23.602685333333,4,0,0,0,0,1
2024-09-11T16:59:00.000000,36.876056166667,23.600153,4,0,0,0,0,1
2024-09-11T17:00:00.000000,36.872572166667,23.597632833333,4,0,0,0,0,1
2024-09-11T17:01:00.000000,36.8691075,23.5951025,4,0,0,0,0,1
2024-09-11T17:02:00.000000,36.865646,23.592574,4,0,0,0,0,1
2024-09-11T17:03:00.000000,36.8621755,23.590042333333,4,0,0,0,0,1
2024-09-11T17:04:00.000000,36.8586995,23.587508666667,4,0,0,0,0,1
2024-09-11T17:05:00.000000,36.855219833333,23.584958,4,0,0,0,0,1
2024-09-11T17:06:00.000000,36.851744833333,23.582399666667,4,0,0,0,0,1
2024-09-11T17:07:00.000000,36.848270666667,23.579844666667,4,0,0,0,0,1
2024-09-11T17:08:00.000000,36.844802166667,23.577294333333,4,0,0,0,0,1
2024-09-11T17:09:00.000000,36.841333666667,23.574739666667,4,0,0,0,0,1
2024-09-11T17:10:00.000000,36.837864666667,23.5721765,4,0,0,0,0,1
2024-09-11T17:11:00.000000,36.8343955,23.569588,4,0,0,0,0,1
2024-09-11T17:12:00.000000,36.830931333333,23.566998,4,0,0,0,0,1
2024-09-11T17:13:00.000000,36.827476666667,23.564407166667,4,0,0,0,0,1
2024-09-11T17:14:00.000000,36.824021166667,23.561819166667,4,0,0,0,0,1
2024-09-11T17:15:00.000000,36.8205775,23.559217666667,4,0,0,0,0,1
2024-09-11T17:16:00.000000,36.817134666667,23.556608333333,4,0,0,0,0,1
2024-09-11T17:17:00.000000,36.813695666667,23.554002,4,0,0,0,0,1
2024-09-11T17:18:00.000000,36.810284,23.551411666667,4,0,0,0,0,1
2024-09-11T17:19:00.000000,36.8069045,23.548833166667,4,0,0,0,0,1
2024-09-11T17:20:00.000000,36.803564666667,23.5462845,4,0,0,0,0,1
2024-09-11T17:21:00.000000,36.800260666667,23.543745333333,4,0,0,0,0,1
2024-09-11T17:22:00.000000,36.7970055,23.541227666667,4,0,0,0,0,1
2024-09-11T17:23:00.000000,36.7938015,23.538723666667,4,0,0,0,0,1
2024-09-11T17:24:00.000000,36.790631166667,23.536242333333,4,0,0,0,0,1
2024-09-11T17:25:00.000000,36.7875025,23.533815,4,0,0,0,0,1
2024-09-11T17:26:00.000000,36.7843155,23.531497333333,4,0,0,0,0,1
2024-09-11T17:27:00.000000,36.7812085,23.529232,4,0,0,0,0,1
2024-09-11T17:28:00.000000,36.778129833333,23.526959,4,0,0,0,0,1
2024-09-11T17:29:00.000000,36.775074,23.524701166667,4,0,0,0,0,1
2024-09-11T17:30:00.000000,36.771984833333,23.5225545,4,0,0,0,0,1
2024-09-11T17:31:00.000000,36.768881833333,23.520425,4,0,0,0,0,1
2024-09-11T17:32:00.000000,36.765784833333,23.518275166667,4,0,0,0,0,1
2024-09-11T17:33:00.000000,36.762692833333,23.516137833333,4,0,0,0,0,1
2024-09-11T17:34:00.000000,36.7596,23.5140015,4,0,0,0,0,1
2024-09-11T17:35:00.000000,36.756500166667,23.511867833333,4,0,0,0,0,1
2024-09-11T17:36:00.000000,36.753393,23.509718833333,4,0,0,0,0,1
2024-09-11T17:37:00.000000,36.750259833333,23.507570833333,4,0,0,0,0,1
2024-09-11T17:38:00.000000,36.747114666667,23.505407666667,4,0,0,0,0,1
2024-09-11T17:39:00.000000,36.743957333333,23.503226666667,4,0,0,0,0,1
2024-09-11T17:40:00.000000,36.740778833333,23.501024166667,4,0,0,0,0,1
2024-09-11T17:41:00.000000,36.737578166667,23.498822166667,4,0,0,0,0,1
2024-09-11T17:42:00.000000,36.734354166667,23.496605333333,4,0,0,0,0,1
2024-09-11T17:43:00.000000,36.731107,23.494388833333,4,0,0,0,0,1
2024-09-11T17:44:00.000000,36.727885666667,23.49214,4,0,0,0,0,1
2024-09-11T17:45:00.000000,36.724617166667,23.489892833333,4,0,0,0,0,1
2024-09-11T17:46:00.000000,36.7213195,23.487648833333,4,0,0,0,0,1
2024-09-11T17:47:00.000000,36.7180155,23.485398166667,4,0,0,0,0,1
2024-09-11T17:48:00.000000,36.714705,23.483138666667,4,0,0,0,0,1
2024-09-11T17:49:00.000000,36.711370166667,23.480875333333,4,0,0,0,0,1
2024-09-11T17:50:00.000000,36.7080245,23.478594166667,4,0,0,0,0,1
2024-09-11T17:51:00.000000,36.7046705,23.476306333333,4,0,0,0,0,1
2024-09-11T17:52:00.000000,36.701302666667,23.474001666667,4,0,0,0,0,1
2024-09-11T17:53:00.000000,36.697916,23.471700666667,4,0,0,0,0,1
2024-09-11T17:54:00.000000,36.6945245,23.469385666667,4,0,0,0,0,1
2024-09-11T17:55:00.000000,36.691111833333,23.467075166667,4,0,0,0,0,1
2024-09-11T17:56:00.000000,36.687698,23.464767,4,0,0,0,0,1
2024-09-11T17:57:00.000000,36.684268166667,23.462485,4,0,0,0,0,1
2024-09-11T17:58:00.000000,36.680826,23.460213833333,4,0,0,0,0,1
2024-09-11T17:59:00.000000,36.6773725,23.4579235,4,0,0,0,0,1
2024-09-11T18:00:00.000000,36.673914,23.455634333333,4,0,0,0,0,1
2024-09-11T18:01:00.000000,36.6704525,23.453344333333,4,0,0,0,0,1
2024-09-11T18:02:00.000000,36.666950833333,23.451070666667,4,0,0,0,0,1
2024-09-11T18:03:00.000000,36.663473166667,23.448768166667,4,0,0,0,0,1
2024-09-11T18:04:00.000000,36.6599725,23.4464615,4,0,0,0,0,1
2024-09-11T18:05:00.000000,36.656505166667,23.444076666667,4,0,0,0,0,1
2024-09-11T18:06:00.000000,36.6530285,23.441666333333,4,0,0,0,0,1
2024-09-11T18:07:00.000000,36.649530833333,23.439261666667,4,0,0,0,0,1
2024-09-11T18:08:00.000000,36.646013666667,23.4369525,4,0,0,0,0,1
2024-09-11T18:09:00.000000,36.642433,23.4346825,4,0,0,0,0,1
2024-09-11T18:10:00.000000,36.638847333333,23.432369,4,0,0,0,0,1
2024-09-11T18:11:00.000000,36.635275166667,23.430031833333,4,0,0,0,0,1
2024-09-11T18:12:00.000000,36.631734,23.427688333333,4,0,0,0,0,1
2024-09-11T18:13:00.000000,36.628228833333,23.4253375,4,0,0,0,0,1
2024-09-11T18:14:00.000000,36.624691333333,23.4230185,4,0,0,0,0,1
2024-09-11T18:15:00.000000,36.621166,23.420676,4,0,0,0,0,1
2024-09-11T18:16:00.000000,36.617633666667,23.418340166667,4,0,0,0,0,1
2024-09-11T18:17:00.000000,36.614108166667,23.415989833333,4,0,0,0,0,1
2024-09-11T18:18:00.000000,36.610583666667,23.413632666667,4,0,0,0,0,1
2024-09-11T18:19:00.000000,36.607059166667,23.411267166667,4,0,0,0,0,1
2024-09-11T18:20:00.000000,36.603493666667,23.409031666667,4,0,0,0,0,1
2024-09-11T18:21:00.000000,36.599890166667,23.406867,4,0,0,0,0,1
2024-09-11T18:22:00.000000,36.596293166667,23.404651833333,4,0,0,0,0,1
2024-09-11T18:23:00.000000,36.5927135,23.4024275,4,0,0,0,0,1
2024-09-11T18:24:00.000000,36.589128333333,23.400213666667,4,0,0,0,0,1
2024-09-11T18:25:00.000000,36.585544666667,23.398026166667,4,0,0,0,0,1
2024-09-11T18:26:00.000000,36.581973,23.395852,4,0,0,0,0,1
2024-09-11T18:27:00.000000,36.578404666667,23.393678166667,4,0,0,0,0,1
2024-09-11T18:28:00.000000,36.574846666667,23.391499,4,0,0,0,0,1
2024-09-11T18:29:00.000000,36.571305,23.389328,4,0,0,0,0,1
2024-09-11T18:30:00.000000,36.567749666667,23.387166666667,4,0,0,0,0,1
2024-09-11T18:31:00.000000,36.564186,23.385001833333,4,0,0,0,0,1
2024-09-11T18:32:00.000000,36.560616333333,23.382846333333,4,0,0,0,0,1
2024-09-11T18:33:00.000000,36.5570385,23.3806945,4,0,0,0,0,1
2024-09-11T18:34:00.000000,36.553459666667,23.378542166667,4,0,0,0,0,1
2024-09-11T18:35:00.000000,36.549871,23.376389166667,4,0,0,0,0,1
2024-09-11T18:36:00.000000,36.5462805,23.374215166667,4,0,0,0,0,1
2024-09-11T18:37:00.000000,36.542697166667,23.372037833333,4,0,0,0,0,1
2024-09-11T18:38:00.000000,36.539111333333,23.369872,4,0,0,0,0,1
2024-09-11T18:39:00.000000,36.535567833333,23.3675995,4,0,0,0,0,1
2024-09-11T18:40:00.000000,36.532054333333,23.3652885,4,0,0,0,0,1
2024-09-11T18:41:00.000000,36.528566333333,23.362987,4,0,0,0,0,1
2024-09-11T18:42:00.000000,36.5251045,23.360636666667,4,0,0,0,0,1
2024-09-11T18:43:00.000000,36.521660333333,23.358248166667,4,0,0,0,0,1
2024-09-11T18:44:00.000000,36.518227,23.355867166667,4,0,0,0,0,1
2024-09-11T18:45:00.000000,36.514796666667,23.3534835,4,0,0,0,0,1
2024-09-11T18:46:00.000000,36.511362166667,23.351107333333,4,0,0,0,0,1
2024-09-11T18:47:00.000000,36.5079315,23.348739333333,4,0,0,0,0,1
2024-09-11T18:48:00.000000,36.504506166667,23.346383833333,4,0,0,0,0,1
2024-09-11T18:49:00.000000,36.501082666667,23.344042333333,4,0,0,0,0,1
2024-09-11T18:50:00.000000,36.4976655,23.341721833333,4,0,0,0,0,1
2024-09-11T18:51:00.000000,36.4942415,23.339416833333,4,0,0,0,0,1
2024-09-11T18:52:00.000000,36.490800166667,23.337140166667,4,0,0,0,0,1
2024-09-11T18:53:00.000000,36.487417666667,23.3347755,4,0,0,0,0,1
2024-09-11T18:54:00.000000,36.484071166667,23.332333666667,4,0,0,0,0,1
2024-09-11T18:55:00.000000,36.480735833333,23.329920166667,4,0,0,0,0,1
2024-09-11T18:56:00.000000,36.4774,23.327500166667,4,0,0,0,0,1
2024-09-11T18:57:00.000000,36.474048166667,23.325079666667,4,0,0,0,0,1
2024-09-11T18:58:00.000000,36.470682,23.322630166667,4,0,0,0,0,1
2024-09-11T18:59:00.000000,36.467299,23.3201815,4,0,0,0,0,1
2024-09-11T19:00:00.000000,36.463909166667,23.317718666667,4,0,0,0,0,1
2024-09-11T19:01:00.000000,36.460514833333,23.315235833333,4,0,0,0,0,1
2024-09-11T19:02:00.000000,36.457110833333,23.312748166667,4,0,0,0,0,1
2024-09-11T19:03:00.000000,36.453691833333,23.310254166667,4,0,0,0,0,1
2024-09-11T19:04:00.000000,36.450270666667,23.3077565,4,0,0,0,0,1
2024-09-11T19:05:00.000000,36.446844166667,23.30525,4,0,0,0,0,1
2024-09-11T19:06:00.000000,36.4434245,23.302710666667,4,0,0,0,0,1
2024-09-11T19:07:00.000000,36.440053833333,23.300021833333,4,0,0,0,0,1
2024-09-11T19:08:00.000000,36.4367915,23.297098166667,4,0,0,0,0,1
2024-09-11T19:09:00.000000,36.433621833333,23.294012166667,4,0,0,0,0,1
2024-09-11T19:10:00.000000,36.430555833333,23.29076,4,0,0,0,0,1
2024-09-11T19:11:00.000000,36.427694833333,23.287265166667,4,0,0,0,0,1
2024-09-11T19:12:00.000000,36.425136666667,23.2834805,4,0,0,0,0,1
2024-09-11T19:13:00.000000,36.422974166667,23.279368,4,0,0,0,0,1
2024-09-11T19:14:00.000000,36.421195833333,23.275002,4,0,0,0,0,1
2024-09-11T19:15:00.000000,36.4198705,23.270404,4,0,0,0,0,1
2024-09-11T19:16:00.000000,36.4188865,23.265684166667,4,0,0,0,0,1
2024-09-11T19:17:00.000000,36.417968833333,23.260953333333,4,0,0,0,0,1
2024-09-11T19:18:00.000000,36.417052666667,23.256228166667,4,0,0,0,0,1
2024-09-11T19:19:00.000000,36.4162325,23.251460333333,4,0,0,0,0,1
2024-09-11T19:20:00.000000,36.415441166667,23.246670166667,4,0,0,0,0,1
2024-09-11T19:21:00.000000,36.414659166667,23.241880333333,4,0,0,0,0,1
2024-09-11T19:22:00.000000,36.413882666667,23.237085166667,4,0,0,0,0,1
2024-09-11T19:23:00.000000,36.413114,23.232298,4,0,0,0,0,1
2024-09-11T19:24:00.000000,36.412342833333,23.227507,4,0,0,0,0,1
2024-09-11T19:25:00.000000,36.411539166667,23.222702333333,4,0,0,0,0,1
2024-09-11T19:26:00.000000,36.410693666667,23.2178795,4,0,0,0,0,1
2024-09-11T19:27:00.000000,36.409847166667,23.2130395,4,0,0,0,0,1
2024-09-11T19:28:00.000000,36.4088905,23.208224666667,4,0,0,0,0,1
2024-09-11T19:29:00.000000,36.4078775,23.203406333333,4,0,0,0,0,1
2024-09-11T19:30:00.000000,36.406876,23.198567666667,4,0,0,0,0,1
2024-09-11T19:31:00.000000,36.405875,23.1937235,4,0,0,0,0,1
2024-09-11T19:32:00.000000,36.404884166667,23.1888865,4,0,0,0,0,1
2024-09-11T19:33:00.000000,36.403898833333,23.184056,4,0,0,0,0,1
2024-09-11T19:34:00.000000,36.402925833333,23.179229166667,4,0,0,0,0,1
2024-09-11T19:35:00.000000,36.401974666667,23.1743995,4,0,0,0,0,1
2024-09-11T19:36:00.000000,36.401152166667,23.169539166667,4,0,0,0,0,1
2024-09-11T19:37:00.000000,36.400497166667,23.164643166667,4,0,0,0,0,1
2024-09-11T19:38:00.000000,36.399842,23.159748,4,0,0,0,0,1
2024-09-11T19:39:00.000000,36.399426166667,23.154805833333,4,0,0,0,0,1
2024-09-11T19:40:00.000000,36.3991685,23.1498385,4,0,0,0,0,1
2024-09-11T19:41:00.000000,36.399175833333,23.144853166667,4,0,0,0,0,1
2024-09-11T19:42:00.000000,36.3992095,23.139876333333,4,0,0,0,0,1
2024-09-11T19:43:00.000000,36.399324666667,23.134905666667,4,0,0,0,0,1
2024-09-11T19:44:00.000000,36.3996995,23.129954666667,4,0,0,0,0,1
2024-09-11T19:45:00.000000,36.400433,23.125063333333,4,0,0,0,0,1
2024-09-11T19:46:00.000000,36.401480166667,23.120271166667,4,0,0,0,0,1
2024-09-11T19:47:00.000000,36.402561666667,23.115500666667,4,0,0,0,0,1
2024-09-11T19:48:00.000000,36.403659833333,23.110746833333,4,0,0,0,0,1
2024-09-11T19:49:00.000000,36.404751166667,23.106001833333,4,0,0,0,0,1
2024-09-11T19:50:00.000000,36.4058375,23.101256166667,4,0,0,0,0,1
2024-09-11T19:51:00.000000,36.406919666667,23.096508666667,4,0,0,0,0,1
2024-09-11T19:52:00.000000,36.408010833333,23.091750166667,4,0,0,0,0,1
2024-09-11T19:53:00.000000,36.409112666667,23.086982666667,4,0,0,0,0,1
2024-09-11T19:54:00.000000,36.410218833333,23.082214333333,4,0,0,0,0,1
2024-09-11T19:55:00.000000,36.411313,23.077436833333,4,0,0,0,0,1
2024-09-11T19:56:00.000000,36.4124075,23.072653166667,4,0,0,0,0,1
2024-09-11T19:57:00.000000,36.413485666667,23.067858166667,4,0,0,0,0,1
2024-09-11T19:58:00.000000,36.414572833333,23.063072,4,0,0,0,0,1
2024-09-11T19:59:00.000000,36.415411,23.0590815,4,0,0,0,0,1
2024-09-11T20:00:00.000000,36.416433166667,23.053424,4,0,0,0,0,1
2024-09-11T20:01:00.000000,36.417112333333,23.049355666667,4,0,0,0,0,1
2024-09-11T20:02:00.000000,36.417931833333,23.044452333333,4,0,0,0,0,1
2024-09-11T20:03:00.000000,36.418770833333,23.039446833333,4,0,0,0,0,1
2024-09-11T20:04:00.000000,36.419604666667,23.034501,4,0,0,0,0,1
2024-09-11T20:05:00.000000,36.420437166667,23.029617666667,4,0,0,0,0,1
2024-09-11T20:06:00.000000,36.4212765,23.024558833333,4,0,0,0,0,1
2024-09-11T20:07:00.000000,36.422045333333,23.019562166667,4,0,0,0,0,1
2024-09-11T20:08:00.000000,36.422762,23.014539166667,4,0,0,0,0,1
2024-09-11T20:09:00.000000,36.423462166667,23.009589666667,4,0,0,0,0,1
2024-09-11T20:10:00.000000,36.424201666667,23.004455666667,4,0,0,0,0,1
2024-09-11T20:11:00.000000,36.42494,22.999391166667,4,0,0,0,0,1
2024-09-11T20:12:00.000000,36.425685833333,22.9943145,4,0,0,0,0,1
2024-09-11T20:13:00.000000,36.426421333333,22.9893205,4,0,0,0,0,1
2024-09-11T20:14:00.000000,36.427184,22.984153,4,0,0,0,0,1
2024-09-11T20:15:00.000000,36.427922166667,22.979144,4,0,0,0,0,1
2024-09-11T20:16:00.000000,36.428631833333,22.974036166667,4,0,0,0,0,1
2024-09-11T20:17:00.000000,36.429411,22.9680655,4,0,0,0,0,1
2024-09-11T20:18:00.000000,36.430034833333,22.962929833333,4,0,0,0,0,1
2024-09-11T20:19:00.000000,36.430525833333,22.957804833333,4,0,0,0,0,1
2024-09-11T20:20:00.000000,36.430642,22.952673666667,4,0,0,0,0,1
2024-09-11T20:21:00.000000,36.430570666667,22.947447666667,4,0,0,0,0,1
2024-09-11T20:22:00.000000,36.4304015,22.9422945,4,0,0,0,0,1
2024-09-11T20:23:00.000000,36.430248333333,22.938073166667,4,0,0,0,0,1
2024-09-11T20:24:00.000000,36.430062666667,22.932799166667,4,0,0,0,0,1
2024-09-11T20:25:00.000000,36.4298665,22.9276135,4,0,0,0,0,1
2024-09-11T20:26:00.000000,36.429540833333,22.9224435,4,0,0,0,0,1
2024-09-11T20:27:00.000000,36.429173333333,22.917275666667,4,0,0,0,0,1
2024-09-11T20:28:00.000000,36.428691833333,22.912128333333,4,0,0,0,0,1
2024-09-11T20:29:00.000000,36.428175833333,22.906975333333,4,0,0,0,0,1
2024-09-11T20:30:00.000000,36.427562,22.900962833333,4,0,0,0,0,1
2024-09-11T20:31:00.000000,36.4271145,22.896669166667,4,0,0,0,0,1
2024-09-11T20:32:00.000000,36.426403833333,22.890708166667,4,0,0,0,0,1
2024-09-11T20:33:00.000000,36.425457,22.885708666667,4,0,0,0,0,1
2024-09-11T20:34:00.000000,36.424429333333,22.8807315,4,0,0,0,0,1
2024-09-11T20:35:00.000000,36.423537666667,22.876591666667,4,0,0,0,0,1
2024-09-11T20:36:00.000000,36.422463666667,22.8716265,4,0,0,0,0,1
2024-09-11T20:37:00.000000,36.421389666667,22.866665166667,4,0,0,0,0,1
2024-09-11T20:38:00.000000,36.420318833333,22.861704666667,4,0,0,0,0,1
2024-09-11T20:39:00.000000,36.419251333333,22.85675,4,0,0,0,0,1
2024-09-11T20:40:00.000000,36.4181985,22.851780166667,4,0,0,0,0,1
2024-09-11T20:41:00.000000,36.4171345,22.846810333333,4,0,0,0,0,1
2024-09-11T20:42:00.000000,36.416052833333,22.8418405,4,0,0,0,0,1
2024-09-11T20:43:00.000000,36.4149565,22.836874166667,4,0,0,0,0,1
2024-09-11T20:44:00.000000,36.413871833333,22.831904166667,4,0,0,0,0,1
2024-09-11T20:45:00.000000,36.412779666667,22.826946666667,4,0,0,0,0,1
2024-09-11T20:46:00.000000,36.4117015,22.821995666667,4,0,0,0,0,1
2024-09-11T20:47:00.000000,36.410628166667,22.817045833333,4,0,0,0,0,1
2024-09-11T20:48:00.000000,36.409566333333,22.8120905,4,0,0,0,0,1
2024-09-11T20:49:00.000000,36.408502333333,22.807137666667,4,0,0,0,0,1
2024-09-11T20:50:00.000000,36.407445,22.802183,4,0,0,0,0,1
2024-09-11T20:51:00.000000,36.406409833333,22.797228833333,4,0,0,0,0,1
2024-09-11T20:52:00.000000,36.4053915,22.792301166667,4,0,0,0,0,1
2024-09-11T20:53:00.000000,36.4043635,22.787400166667,4,0,0,0,0,1
2024-09-11T20:54:00.000000,36.403354666667,22.782500833333,4,0,0,0,0,1
2024-09-11T20:55:00.000000,36.402343333333,22.777602166667,4,0,0,0,0,1
2024-09-11T20:56:00.000000,36.401347166667,22.772698333333,4,0,0,0,0,1
2024-09-11T20:57:00.000000,36.400359166667,22.767790666667,4,0,0,0,0,1
2024-09-11T20:58:00.000000,36.399376833333,22.762873666667,4,0,0,0,0,1
2024-09-11T20:59:00.000000,36.398397,22.757947,4,0,0,0,0,1
2024-09-11T21:00:00.000000,36.3974235,22.753003666667,4,0,0,0,0,1
2024-09-11T21:01:00.000000,36.396454,22.748048666667,4,0,0,0,0,1
2024-09-11T21:02:00.000000,36.3954935,22.743080833333,4,0,0,0,0,1
2024-09-11T21:03:00.000000,36.394536833333,22.738088333333,4,0,0,0,0,1
2024-09-11T21:04:00.000000,36.3935845,22.733080833333,4,0,0,0,0,1
2024-09-11T21:05:00.000000,36.392647,22.728066833333,4,0,0,0,0,1
2024-09-11T21:06:00.000000,36.391718166667,22.723049666667,4,0,0,0,0,1
2024-09-11T21:07:00.000000,36.390780666667,22.718033833333,4,0,0,0,0,1
2024-09-11T21:08:00.000000,36.389844,22.713019,4,0,0,0,0,1
2024-09-11T21:09:00.000000,36.388904666667,22.708005833333,4,0,0,0,0,1
2024-09-11T21:10:00.000000,36.387933333333,22.703015,4,0,0,0,0,1
2024-09-11T21:11:00.000000,36.386959,22.698037333333,4,0,0,0,0,1
2024-09-11T21:12:00.000000,36.3859765,22.6930625,4,0,0,0,0,1
2024-09-11T21:13:00.000000,36.385004666667,22.688083666667,4,0,0,0,0,1
2024-09-11T21:14:00.000000,36.384031333333,22.6830985,4,0,0,0,0,1
2024-09-11T21:15:00.000000,36.383056333333,22.6781045,4,0,0,0,0,1
2024-09-11T21:16:00.000000,36.382074666667,22.673117666667,4,0,0,0,0,1
2024-09-11T21:17:00.000000,36.38108,22.668141166667,4,0,0,0,0,1
2024-09-11T21:18:00.000000,36.380082166667,22.663166166667,4,0,0,0,0,1
2024-09-11T21:19:00.000000,36.379089666667,22.658177333333,4,0,0,0,0,1
2024-09-11T21:20:00.000000,36.378101,22.6531955,4,0,0,0,0,1
2024-09-11T21:21:00.000000,36.377108833333,22.648223,4,0,0,0,0,1
2024-09-11T21:22:00.000000,36.376103833333,22.643260166667,4,0,0,0,0,1
2024-09-11T21:23:00.000000,36.3750935,22.638303,4,0,0,0,0,1
2024-09-11T21:24:00.000000,36.374074833333,22.633355666667,4,0,0,0,0,1
2024-09-11T21:25:00.000000,36.373055666667,22.628413833333,4,0,0,0,0,1
2024-09-11T21:26:00.000000,36.372033666667,22.623474333333,4,0,0,0,0,1
2024-09-11T21:27:00.000000,36.371009166667,22.618542333333,4,0,0,0,0,1
2024-09-11T21:28:00.000000,36.370024,22.613598166667,4,0,0,0,0,1
2024-09-11T21:29:00.000000,36.369125833333,22.608627833333,4,0,0,0,0,1
2024-09-11T21:30:00.000000,36.3682475,22.603649333333,4,0,0,0,0,1
2024-09-11T21:31:00.000000,36.367369333333,22.598672166667,4,0,0,0,0,1
2024-09-11T21:32:00.000000,36.366493333333,22.593687333333,4,0,0,0,0,1
2024-09-11T21:33:00.000000,36.365597666667,22.588707166667,4,0,0,0,0,1
2024-09-11T21:34:00.000000,36.364687333333,22.583734666667,4,0,0,0,0,1
2024-09-11T21:35:00.000000,36.363772666667,22.578767833333,4,0,0,0,0,1
2024-09-11T21:36:00.000000,36.362852666667,22.573811333333,4,0,0,0,0,1
2024-09-11T21:37:00.000000,36.362088,22.568800333333,4,0,0,0,0,1
2024-09-11T21:38:00.000000,36.361327833333,22.563789166667,4,0,0,0,0,1
2024-09-11T21:39:00.000000,36.360498,22.558818166667,4,0,0,0,0,1
2024-09-11T21:40:00.000000,36.359659166667,22.553877833333,4,0,0,0,0,1
2024-09-11T21:41:00.000000,36.358823666667,22.548944833333,4,0,0,0,0,1
2024-09-11T21:42:00.000000,36.3579805,22.54402,4,0,0,0,0,1
2024-09-11T21:43:00.000000,36.357137666667,22.539099,4,0,0,0,0,1
2024-09-11T21:44:00.000000,36.356305166667,22.5341755,4,0,0,0,0,1
2024-09-11T21:45:00.000000,36.355456166667,22.529288166667,4,0,0,0,0,1
2024-09-11T21:46:00.000000,36.3545945,22.524415166667,4,0,0,0,0,1
2024-09-11T21:47:00.000000,36.353852666667,22.519509833333,4,0,0,0,0,1
2024-09-11T21:48:00.000000,36.353142333333,22.514579,4,0,0,0,0,1
2024-09-11T21:49:00.000000,36.3524475,22.509626333333,4,0,0,0,0,1
2024-09-11T21:50:00.000000,36.351888166667,22.504656,4,0,0,0,0,1
2024-09-11T21:51:00.000000,36.3513555,22.4997015,4,0,0,0,0,1
2024-09-11T21:52:00.000000,36.350806166667,22.494771666667,4,0,0,0,0,1
2024-09-11T21:53:00.000000,36.350301,22.489846666667,4,0,0,0,0,1
2024-09-11T21:54:00.000000,36.350029333333,22.484901,4,0,0,0,0,1
2024-09-11T21:55:00.000000,36.350013166667,22.479957666667,4,0,0,0,0,1
2024-09-11T21:56:00.000000,36.3500445,22.475024166667,4,0,0,0,0,1
2024-09-11T21:57:00.000000,36.3500825,22.470093166667,4,0,0,0,0,1
2024-09-11T21:58:00.000000,36.350090333333,22.465175,4,0,0,0,0,1
2024-09-11T21:59:00.000000,36.3500155,22.460274166667,4,0,0,0,0,1
2024-09-11T22:00:00.000000,36.349937833333,22.455366833333,4,0,0,0,0,1
2024-09-11T22:01:00.000000,36.3498585,22.450445,4,0,0,0,0,1
2024-09-11T22:02:00.000000,36.349797333333,22.445528333333,4,0,0,0,0,1
2024-09-11T22:03:00.000000,36.349748833333,22.440620333333,4,0,0,0,0,1
2024-09-11T22:04:00.000000,36.349698,22.435702166667,4,0,0,0,0,1
2024-09-11T22:05:00.000000,36.349651166667,22.4307775,4,0,0,0,0,1
2024-09-11T22:06:00.000000,36.349596166667,22.425842666667,4,0,0,0,0,1
2024-09-11T22:07:00.000000,36.349562,22.420887833333,4,0,0,0,0,1
2024-09-11T22:08:00.000000,36.349542,22.415929333333,4,0,0,0,0,1
2024-09-11T22:09:00.000000,36.3495305,22.410980666667,4,0,0,0,0,1
2024-09-11T22:10:00.000000,36.3495255,22.406032166667,4,0,0,0,0,1
2024-09-11T22:11:00.000000,36.349527833333,22.4011005,4,0,0,0,0,1
2024-09-11T22:12:00.000000,36.349531333333,22.396174333333,4,0,0,0,0,1
2024-09-11T22:13:00.000000,36.349523833333,22.3912665,4,0,0,0,0,1
2024-09-11T22:14:00.000000,36.349474,22.3863505,4,0,0,0,0,1
2024-09-11T22:15:00.000000,36.3494195,22.3814425,4,0,0,0,0,1
2024-09-11T22:16:00.000000,36.349383,22.376535833333,4,0,0,0,0,1
2024-09-11T22:17:00.000000,36.349341333333,22.371630666667,4,0,0,0,0,1
2024-09-11T22:18:00.000000,36.349301166667,22.366732833333,4,0,0,0,0,1
2024-09-11T22:19:00.000000,36.349263666667,22.3618355,4,0,0,0,0,1
2024-09-11T22:20:00.000000,36.349220666667,22.3569335,4,0,0,0,0,1
2024-09-11T22:21:00.000000,36.349176,22.352031833333,4,0,0,0,0,1
2024-09-11T22:22:00.000000,36.349133,22.347123833333,4,0,0,0,0,1
2024-09-11T22:23:00.000000,36.349082166667,22.342215166667,4,0,0,0,0,1
2024-09-11T22:24:00.000000,36.349035333333,22.337315333333,4,0,0,0,0,1
2024-09-11T22:25:00.000000,36.348987833333,22.332408666667,4,0,0,0,0,1
2024-09-11T22:26:00.000000,36.348944166667,22.327486666667,4,0,0,0,0,1
2024-09-11T22:27:00.000000,36.348877,22.322564666667,4,0,0,0,0,1
2024-09-11T22:28:00.000000,36.348807166667,22.317643333333,4,0,0,0,0,1
2024-09-11T22:29:00.000000,36.348737166667,22.312695166667,4,0,0,0,0,1
2024-09-11T22:30:00.000000,36.348685,22.307753,4,0,0,0,0,1
2024-09-11T22:31:00.000000,36.348623,22.302811166667,4,0,0,0,0,1
2024-09-11T22:32:00.000000,36.348558666667,22.297866666667,4,0,0,0,0,1
2024-09-11T22:33:00.000000,36.348506166667,22.292905,4,0,0,0,0,1
2024-09-11T22:34:00.000000,36.348460833333,22.287926,4,0,0,0,0,1
2024-09-11T22:35:00.000000,36.348423166667,22.282958166667,4,0,0,0,0,1
2024-09-11T22:36:00.000000,36.3483585,22.278015666667,4,0,0,0,0,1
2024-09-11T22:37:00.000000,36.348261166667,22.273086833333,4,0,0,0,0,1
2024-09-11T22:38:00.000000,36.348136166667,22.268153,4,0,0,0,0,1
2024-09-11T22:39:00.000000,36.3480155,22.263233,4,0,0,0,0,1
2024-09-11T22:40:00.000000,36.347921,22.258304333333,4,0,0,0,0,1
2024-09-11T22:41:00.000000,36.3478185,22.253388666667,4,0,0,0,0,1
2024-09-11T22:42:00.000000,36.347714666667,22.248481333333,4,0,0,0,0,1
2024-09-11T22:43:00.000000,36.347599,22.2435615,4,0,0,0,0,1
2024-09-11T22:44:00.000000,36.347491666667,22.238618166667,4,0,0,0,0,1
2024-09-11T22:45:00.000000,36.347426666667,22.233671833333,4,0,0,0,0,1
2024-09-11T22:46:00.000000,36.347339166667,22.22872,4,0,0,0,0,1
2024-09-11T22:47:00.000000,36.347242666667,22.223770833333,4,0,0,0,0,1
2024-09-11T22:48:00.000000,36.347147666667,22.218836833333,4,0,0,0,0,1
2024-09-11T22:49:00.000000,36.3470555,22.21389,4,0,0,0,0,1
2024-09-11T22:50:00.000000,36.346972666667,22.208958833333,4,0,0,0,0,1
2024-09-11T22:51:00.000000,36.346892,22.204034333333,4,0,0,0,0,1
2024-09-11T22:52:00.000000,36.3468,22.199113333333,4,0,0,0,0,1
2024-09-11T22:53:00.000000,36.346712833333,22.194184,4,0,0,0,0,1
2024-09-11T22:54:00.000000,36.346634333333,22.189266833333,4,0,0,0,0,1
2024-09-11T22:55:00.000000,36.346561,22.184323333333,4,0,0,0,0,1
2024-09-11T22:56:00.000000,36.346477166667,22.179383833333,4,0,0,0,0,1
2024-09-11T22:57:00.000000,36.346404166667,22.174450833333,4,0,0,0,0,1
2024-09-11T22:58:00.000000,36.346338833333,22.169513333333,4,0,0,0,0,1
2024-09-11T22:59:00.000000,36.346284,22.164564166667,4,0,0,0,0,1
2024-09-11T23:00:00.000000,36.346226666667,22.159627833333,4,0,0,0,0,1
2024-09-11T23:01:00.000000,36.346170833333,22.154703166667,4,0,0,0,0,1
2024-09-11T23:02:00.000000,36.346124166667,22.149697666667,4,0,0,0,0,1
2024-09-11T23:03:00.000000,36.3460875,22.144862833333,4,0,0,0,0,1
2024-09-11T23:04:00.000000,36.346041666667,22.139867,4,0,0,0,0,1
2024-09-11T23:05:00.000000,36.345978833333,22.134942666667,4,0,0,0,0,1
2024-09-11T23:06:00.000000,36.346017333333,22.130023,4,0,0,0,0,1
2024-09-11T23:07:00.000000,36.346090333333,22.1250905,4,0,0,0,0,1
2024-09-11T23:08:00.000000,36.346179,22.120158833333,4,0,0,0,0,1
2024-09-11T23:09:00.000000,36.346272333333,22.1152425,4,0,0,0,0,1
2024-09-11T23:10:00.000000,36.346341666667,22.110338166667,4,0,0,0,0,1
2024-09-11T23:11:00.000000,36.346435333333,22.1054305,4,0,0,0,0,1
2024-09-11T23:12:00.000000,36.346517,22.100497666667,4,0,0,0,0,1
2024-09-11T23:13:00.000000,36.346592333333,22.095553333333,4,0,0,0,0,1
2024-09-11T23:14:00.000000,36.346689166667,22.090609166667,4,0,0,0,0,1
2024-09-11T23:15:00.000000,36.346777666667,22.085672166667,4,0,0,0,0,1
2024-09-11T23:16:00.000000,36.3468625,22.080715666667,4,0,0,0,0,1
2024-09-11T23:17:00.000000,36.346957,22.0757635,4,0,0,0,0,1
2024-09-11T23:18:00.000000,36.347053,22.070831833333,4,0,0,0,0,1
2024-09-11T23:19:00.000000,36.347131,22.065903333333,4,0,0,0,0,1
2024-09-11T23:20:00.000000,36.3472185,22.0609745,4,0,0,0,0,1
2024-09-11T23:21:00.000000,36.347314166667,22.056047166667,4,0,0,0,0,1
2024-09-11T23:22:00.000000,36.347401333333,22.051120833333,4,0,0,0,0,1
2024-09-11T23:23:00.000000,36.3475025,22.0462035,4,0,0,0,0,1
2024-09-11T23:24:00.000000,36.347601,22.041288666667,4,0,0,0,0,1
2024-09-11T23:25:00.000000,36.347705833333,22.036385,4,0,0,0,0,1
2024-09-11T23:26:00.000000,36.347810833333,22.031469666667,4,0,0,0,0,1
2024-09-11T23:27:00.000000,36.347920833333,22.026537833333,4,0,0,0,0,1
2024-09-11T23:28:00.000000,36.348032,22.021596,4,0,0,0,0,1
2024-09-11T23:29:00.000000,36.348124666667,22.016661166667,4,0,0,0,0,1
2024-09-11T23:30:00.000000,36.348209833333,22.011706333333,4,0,0,0,0,1
2024-09-11T23:31:00.000000,36.348304833333,22.0067385,4,0,0,0,0,1
2024-09-11T23:32:00.000000,36.348387666667,22.001782666667,4,0,0,0,0,1
2024-09-11T23:33:00.000000,36.348472166667,21.9968395,4,0,0,0,0,1
2024-09-11T23:34:00.000000,36.348528333333,21.991890666667,4,0,0,0,0,1
2024-09-11T23:35:00.000000,36.348556333333,21.986930666667,4,0,0,0,0,1
2024-09-11T23:36:00.000000,36.348597666667,21.981976,4,0,0,0,0,1
2024-09-11T23:37:00.000000,36.3486525,21.977031166667,4,0,0,0,0,1
2024-09-11T23:38:00.000000,36.348691666667,21.9720935,4,0,0,0,0,1
2024-09-11T23:39:00.000000,36.348741,21.967168666667,4,0,0,0,0,1
2024-09-11T23:40:00.000000,36.348785333333,21.962249666667,4,0,0,0,0,1
2024-09-11T23:41:00.000000,36.3488455,21.957340333333,4,0,0,0,0,1
2024-09-11T23:42:00.000000,36.348893,21.952424166667,4,0,0,0,0,1
2024-09-11T23:43:00.000000,36.348952833333,21.947506166667,4,0,0,0,0,1
2024-09-11T23:44:00.000000,36.349006833333,21.942592833333,4,0,0,0,0,1
2024-09-11T23:45:00.000000,36.349080333333,21.9376785,4,0,0,0,0,1
2024-09-11T23:46:00.000000,36.349165833333,21.932755,4,0,0,0,0,1
2024-09-11T23:47:00.000000,36.349252833333,21.927855,4,0,0,0,0,1
2024-09-11T23:48:00.000000,36.349331,21.9229735,4,0,0,0,0,1
2024-09-11T23:49:00.000000,36.349416333333,21.9181105,4,0,0,0,0,1
2024-09-11T23:50:00.000000,36.3495165,21.913228,4,0,0,0,0,1
2024-09-11T23:51:00.000000,36.349612833333,21.9083365,4,0,0,0,0,1
2024-09-11T23:52:00.000000,36.349711166667,21.903464,4,0,0,0,0,1
2024-09-11T23:53:00.000000,36.349807333333,21.898610333333,4,0,0,0,0,1
2024-09-11T23:54:00.000000,36.349900333333,21.893757333333,4,0,0,0,0,1
2024-09-11T23:55:00.000000,36.349993833333,21.888898333333,4,0,0,0,0,1
2024-09-11T23:56:00.000000,36.350098666667,21.884025833333,4,0,0,0,0,1
2024-09-11T23:57:00.000000,36.350207333333,21.879151666667,4,0,0,0,0,1
2024-09-11T23:58:00.000000,36.350305,21.874298833333,4,0,0,0,0,1
2024-09-11T23:59:00.000000,36.350438333333,21.869428166667,4,0,0,0,0,1
2024-09-12T00:00:00.000000,36.3505655,21.8645485,4,0,0,0,0,1
2024-09-12T00:01:00.000000,36.350696666667,21.859663666667,4,0,0,0,0,1
2024-09-12T00:02:00.000000,36.350826833333,21.8547715,4,0,0,0,0,1
2024-09-12T00:03:00.000000,36.350955666667,21.849872833333,4,0,0,0,0,1
2024-09-12T00:04:00.000000,36.3510945,21.844968833333,4,0,0,0,0,1
2024-09-12T00:05:00.000000,36.351223,21.840076166667,4,0,0,0,0,1
2024-09-12T00:06:00.000000,36.351350333333,21.835179833333,4,0,0,0,0,1
2024-09-12T00:07:00.000000,36.351467333333,21.830280166667,4,0,0,0,0,1
2024-09-12T00:08:00.000000,36.351601833333,21.8253785,4,0,0,0,0,1
2024-09-12T00:09:00.000000,36.351737666667,21.820472333333,4,0,0,0,0,1
2024-09-12T00:10:00.000000,36.351883333333,21.815565666667,4,0,0,0,0,1
2024-09-12T00:11:00.000000,36.352022333333,21.810652333333,4,0,0,0,0,1
2024-09-12T00:12:00.000000,36.352201166667,21.8057155,4,0,0,0,0,1
2024-09-12T00:13:00.000000,36.352326666667,21.8007945,4,0,0,0,0,1
2024-09-12T00:14:00.000000,36.352414,21.795869,4,0,0,0,0,1
2024-09-12T00:15:00.000000,36.35248,21.790942833333,4,0,0,0,0,1
2024-09-12T00:16:00.000000,36.352554166667,21.786013833333,4,0,0,0,0,1
2024-09-12T00:17:00.000000,36.352627,21.781078333333,4,0,0,0,0,1
2024-09-12T00:18:00.000000,36.352665166667,21.776127166667,4,0,0,0,0,1
2024-09-12T00:19:00.000000,36.352696666667,21.771195833333,4,0,0,0,0,1
2024-09-12T00:20:00.000000,36.352732666667,21.766268333333,4,0,0,0,0,1
2024-09-12T00:21:00.000000,36.352766833333,21.761335,4,0,0,0,0,1
2024-09-12T00:22:00.000000,36.352797833333,21.756398166667,4,0,0,0,0,1
2024-09-12T00:23:00.000000,36.352833166667,21.751474166667,4,0,0,0,0,1
2024-09-12T00:24:00.000000,36.352867333333,21.746567833333,4,0,0,0,0,1
2024-09-12T00:25:00.000000,36.352887333333,21.741685166667,4,0,0,0,0,1
2024-09-12T00:26:00.000000,36.3529095,21.7368135,4,0,0,0,0,1
2024-09-12T00:27:00.000000,36.352945,21.7319375,4,0,0,0,0,1
2024-09-12T00:28:00.000000,36.352979166667,21.7270655,4,0,0,0,0,1
2024-09-12T00:29:00.000000,36.353014166667,21.722184666667,4,0,0,0,0,1
2024-09-12T00:30:00.000000,36.353058,21.717305333333,4,0,0,0,0,1
2024-09-12T00:31:00.000000,36.353121,21.712436166667,4,0,0,0,0,1
2024-09-12T00:32:00.000000,36.3531815,21.70757,4,0,0,0,0,1
2024-09-12T00:33:00.000000,36.3532445,21.702710833333,4,0,0,0,0,1
2024-09-12T00:34:00.000000,36.3533175,21.697834,4,0,0,0,0,1
2024-09-12T00:35:00.000000,36.3534005,21.692955833333,4,0,0,0,0,1
2024-09-12T00:36:00.000000,36.353456833333,21.688083166667,4,0,0,0,0,1
2024-09-12T00:37:00.000000,36.353511166667,21.683197833333,4,0,0,0,0,1
2024-09-12T00:38:00.000000,36.353555333333,21.678314166667,4,0,0,0,0,1
2024-09-12T00:39:00.000000,36.353611833333,21.673411333333,4,0,0,0,0,1
2024-09-12T00:40:00.000000,36.3536575,21.668528166667,4,0,0,0,0,1
2024-09-12T00:41:00.000000,36.353678166667,21.663650666667,4,0,0,0,0,1
2024-09-12T00:42:00.000000,36.353695166667,21.658769833333,4,0,0,0,0,1
2024-09-12T00:43:00.000000,36.353719666667,21.653875,4,0,0,0,0,1
2024-09-12T00:44:00.000000,36.353738,21.648991,4,0,0,0,0,1
2024-09-12T00:45:00.000000,36.35381,21.644108833333,4,0,0,0,0,1
2024-09-12T00:46:00.000000,36.353868166667,21.639245833333,4,0,0,0,0,1
2024-09-12T00:47:00.000000,36.353918666667,21.634393166667,4,0,0,0,0,1
2024-09-12T00:48:00.000000,36.353940333333,21.629525666667,4,0,0,0,0,1
2024-09-12T00:49:00.000000,36.353955833333,21.6246525,4,0,0,0,0,1
2024-09-12T00:50:00.000000,36.353974833333,21.619765,4,0,0,0,0,1
2024-09-12T00:51:00.000000,36.354012333333,21.6148755,4,0,0,0,0,1
2024-09-12T00:52:00.000000,36.354037666667,21.610003333333,4,0,0,0,0,1
2024-09-12T00:53:00.000000,36.354064666667,21.605152,4,0,0,0,0,1
2024-09-12T00:54:00.000000,36.354069166667,21.600305166667,4,0,0,0,0,1
2024-09-12T00:55:00.000000,36.354086333333,21.595449666667,4,0,0,0,0,1
2024-09-12T00:56:00.000000,36.354092166667,21.5906085,4,0,0,0,0,1
2024-09-12T00:57:00.000000,36.353988666667,21.585778333333,4,0,0,0,0,1
2024-09-12T00:58:00.000000,36.353863666667,21.5809535,4,0,0,0,0,1
2024-09-12T00:59:00.000000,36.353712833333,21.576150833333,4,0,0,0,0,1
2024-09-12T01:00:00.000000,36.353565333333,21.571344833333,4,0,0,0,0,1
2024-09-12T01:01:00.000000,36.353419166667,21.566527166667,4,0,0,0,0,1
2024-09-12T01:02:00.000000,36.353268666667,21.561693166667,4,0,0,0,0,1
2024-09-12T01:03:00.000000,36.353112833333,21.556835666667,4,0,0,0,0,1
2024-09-12T01:04:00.000000,36.352974,21.551987,4,0,0,0,0,1
2024-09-12T01:05:00.000000,36.352822166667,21.547147333333,4,0,0,0,0,1
2024-09-12T01:06:00.000000,36.352660666667,21.5423205,4,0,0,0,0,1
2024-09-12T01:07:00.000000,36.352504833333,21.537494833333,4,0,0,0,0,1
2024-09-12T01:08:00.000000,36.3523555,21.532666,4,0,0,0,0,1
2024-09-12T01:09:00.000000,36.352198666667,21.527831833333,4,0,0,0,0,1
2024-09-12T01:10:00.000000,36.352045833333,21.522994333333,4,0,0,0,0,1
2024-09-12T01:11:00.000000,36.351890166667,21.518166666667,4,0,0,0,0,1
2024-09-12T01:12:00.000000,36.3517545,21.5133535,4,0,0,0,0,1
2024-09-12T01:13:00.000000,36.351604,21.508559333333,4,0,0,0,0,1
2024-09-12T01:14:00.000000,36.351469666667,21.5037715,4,0,0,0,0,1
2024-09-12T01:15:00.000000,36.351351666667,21.4989905,4,0,0,0,0,1
2024-09-12T01:16:00.000000,36.351283833333,21.494202166667,4,0,0,0,0,1
2024-09-12T01:17:00.000000,36.351213666667,21.489417833333,4,0,0,0,0,1
2024-09-12T01:18:00.000000,36.351143333333,21.484652333333,4,0,0,0,0,1
2024-09-12T01:19:00.000000,36.351060833333,21.479889,4,0,0,0,0,1
2024-09-12T01:20:00.000000,36.350984166667,21.475114166667,4,0,0,0,0,1
2024-09-12T01:21:00.000000,36.350903833333,21.470333166667,4,0,0,0,0,1
2024-09-12T01:22:00.000000,36.350833333333,21.465558,4,0,0,0,0,1
2024-09-12T01:23:00.000000,36.350760166667,21.460793833333,4,0,0,0,0,1
2024-09-12T01:24:00.000000,36.3507065,21.456035166667,4,0,0,0,0,1
2024-09-12T01:25:00.000000,36.350673333333,21.4512985,4,0,0,0,0,1
2024-09-12T01:26:00.000000,36.350641833333,21.446566,4,0,0,0,0,1
2024-09-12T01:27:00.000000,36.3506165,21.441844666667,4,0,0,0,0,1
2024-09-12T01:28:00.000000,36.350581166667,21.437105,4,0,0,0,0,1
2024-09-12T01:29:00.000000,36.3505495,21.432346333333,4,0,0,0,0,1
2024-09-12T01:30:00.000000,36.350523333333,21.427588333333,4,0,0,0,0,1
2024-09-12T01:31:00.000000,36.350520333333,21.422844,4,0,0,0,0,1
2024-09-12T01:32:00.000000,36.350512333333,21.418103833333,4,0,0,0,0,1
2024-09-12T01:33:00.000000,36.350522,21.413371,4,0,0,0,0,1
2024-09-12T01:34:00.000000,36.350516666667,21.408621833333,4,0,0,0,0,1
2024-09-12T01:35:00.000000,36.350529166667,21.403869333333,4,0,0,0,0,1
2024-09-12T01:36:00.000000,36.350558166667,21.399133666667,4,0,0,0,0,1
2024-09-12T01:37:00.000000,36.350564833333,21.394396333333,4,0,0,0,0,1
2024-09-12T01:38:00.000000,36.350576166667,21.3896615,4,0,0,0,0,1
2024-09-12T01:39:00.000000,36.350583,21.3849455,4,0,0,0,0,1
2024-09-12T01:40:00.000000,36.350610833333,21.380232166667,4,0,0,0,0,1
2024-09-12T01:41:00.000000,36.3506475,21.375527833333,4,0,0,0,0,1
2024-09-12T01:42:00.000000,36.350655333333,21.370829333333,4,0,0,0,0,1
2024-09-12T01:43:00.000000,36.350645,21.3661215,4,0,0,0,0,1
2024-09-12T01:44:00.000000,36.350604166667,21.361406833333,4,0,0,0,0,1
2024-09-12T01:45:00.000000,36.350540166667,21.356661833333,4,0,0,0,0,1
2024-09-12T01:46:00.000000,36.350471666667,21.3519005,4,0,0,0,0,1
2024-09-12T01:47:00.000000,36.350390166667,21.347149833333,4,0,0,0,0,1
2024-09-12T01:48:00.000000,36.3503155,21.342411166667,4,0,0,0,0,1
2024-09-12T01:49:00.000000,36.350235666667,21.3376725,4,0,0,0,0,1
2024-09-12T01:50:00.000000,36.350171666667,21.332938833333,4,0,0,0,0,1
2024-09-12T01:51:00.000000,36.350107833333,21.32821,4,0,0,0,0,1
2024-09-12T01:52:00.000000,36.350023333333,21.323492333333,4,0,0,0,0,1
2024-09-12T01:53:00.000000,36.349948166667,21.318802833333,4,0,0,0,0,1
2024-09-12T01:54:00.000000,36.349887166667,21.314129666667,4,0,0,0,0,1
2024-09-12T01:55:00.000000,36.3498155,21.309473,4,0,0,0,0,1
2024-09-12T01:56:00.000000,36.349735333333,21.304810666667,4,0,0,0,0,1
2024-09-12T01:57:00.000000,36.349667666667,21.300137666667,4,0,0,0,0,1
2024-09-12T01:58:00.000000,36.349587333333,21.295458333333,4,0,0,0,0,1
2024-09-12T01:59:00.000000,36.3494995,21.290777,4,0,0,0,0,1
2024-09-12T02:00:00.000000,36.3494105,21.286098166667,4,0,0,0,0,1
2024-09-12T02:01:00.000000,36.349340333333,21.281405666667,4,0,0,0,0,1
2024-09-12T02:02:00.000000,36.349268,21.276726666667,4,0,0,0,0,1
2024-09-12T02:03:00.000000,36.349183,21.2720425,4,0,0,0,0,1
2024-09-12T02:04:00.000000,36.3491365,21.267368833333,4,0,0,0,0,1
2024-09-12T02:05:00.000000,36.349101666667,21.262688666667,4,0,0,0,0,1
2024-09-12T02:06:00.000000,36.349057166667,21.257995833333,4,0,0,0,0,1
2024-09-12T02:07:00.000000,36.3490055,21.253292666667,4,0,0,0,0,1
2024-09-12T02:08:00.000000,36.3489815,21.248577166667,4,0,0,0,0,1
2024-09-12T02:09:00.000000,36.348947833333,21.243864,4,0,0,0,0,1
2024-09-12T02:10:00.000000,36.348912833333,21.239151833333,4,0,0,0,0,1
2024-09-12T02:11:00.000000,36.348913333333,21.23442,4,0,0,0,0,1
2024-09-12T02:12:00.000000,36.348870333333,21.229684833333,4,0,0,0,0,1
2024-09-12T02:13:00.000000,36.3488485,21.224945666667,4,0,0,0,0,1
2024-09-12T02:14:00.000000,36.348838333333,21.220199166667,4,0,0,0,0,1
2024-09-12T02:15:00.000000,36.348805333333,21.215443666667,4,0,0,0,0,1
2024-09-12T02:16:00.000000,36.348780833333,21.210686666667,4,0,0,0,0,1
2024-09-12T02:17:00.000000,36.3487485,21.205949666667,4,0,0,0,0,1
2024-09-12T02:18:00.000000,36.348735333333,21.201241833333,4,0,0,0,0,1
2024-09-12T02:19:00.000000,36.3486925,21.196528,4,0,0,0,0,1
2024-09-12T02:20:00.000000,36.348652666667,21.191805833333,4,0,0,0,0,1
2024-09-12T02:21:00.000000,36.348648166667,21.187078,4,0,0,0,0,1
2024-09-12T02:22:00.000000,36.348631166667,21.182365333333,4,0,0,0,0,1
2024-09-12T02:23:00.000000,36.348602166667,21.1776475,4,0,0,0,0,1
2024-09-12T02:24:00.000000,36.348570166667,21.172908666667,4,0,0,0,0,1
2024-09-12T02:25:00.000000,36.348544166667,21.168164833333,4,0,0,0,0,1
2024-09-12T02:26:00.000000,36.34855,21.163418833333,4,0,0,0,0,1
2024-09-12T02:27:00.000000,36.348529666667,21.1586755,4,0,0,0,0,1
2024-09-12T02:28:00.000000,36.348541666667,21.153859833333,4,0,0,0,0,1
2024-09-12T02:29:00.000000,36.348572833333,21.149129833333,4,0,0,0,0,1
2024-09-12T02:30:00.000000,36.348577833333,21.1444125,4,0,0,0,0,1
2024-09-12T02:31:00.000000,36.348601,21.1396835,4,0,0,0,0,1
2024-09-12T02:32:00.000000,36.3486205,21.1349385,4,0,0,0,0,1
2024-09-12T02:33:00.000000,36.348639166667,21.130189333333,4,0,0,0,0,1
2024-09-12T02:34:00.000000,36.348652833333,21.125445,4,0,0,0,0,1
2024-09-12T02:35:00.000000,36.348679166667,21.120695,4,0,0,0,0,1
2024-09-12T02:36:00.000000,36.348692,21.115939833333,4,0,0,0,0,1
2024-09-12T02:37:00.000000,36.348713333333,21.111167166667,4,0,0,0,0,1
2024-09-12T02:38:00.000000,36.348746,21.106394166667,4,0,0,0,0,1
2024-09-12T02:39:00.000000,36.3488005,21.101609166667,4,0,0,0,0,1
2024-09-12T02:40:00.000000,36.348820666667,21.096816333333,4,0,0,0,0,1
2024-09-12T02:41:00.000000,36.348854166667,21.092005833333,4,0,0,0,0,1
2024-09-12T02:42:00.000000,36.3488805,21.087210833333,4,0,0,0,0,1
2024-09-12T02:43:00.000000,36.348904833333,21.082423,4,0,0,0,0,1
2024-09-12T02:44:00.000000,36.348948333333,21.077644333333,4,0,0,0,0,1
2024-09-12T02:45:00.000000,36.348987666667,21.07287,4,0,0,0,0,1
2024-09-12T02:46:00.000000,36.348986333333,21.0680995,4,0,0,0,0,1
2024-09-12T02:47:00.000000,36.348997333333,21.063343166667,4,0,0,0,0,1
2024-09-12T02:48:00.000000,36.349024833333,21.05859,4,0,0,0,0,1
2024-09-12T02:49:00.000000,36.3490195,21.053838666667,4,0,0,0,0,1
2024-09-12T02:50:00.000000,36.3490155,21.049120666667,4,0,0,0,0,1
2024-09-12T02:51:00.000000,36.349039,21.044405666667,4,0,0,0,0,1
2024-09-12T02:52:00.000000,36.349061833333,21.039694166667,4,0,0,0,0,1
2024-09-12T02:53:00.000000,36.349067666667,21.034994833333,4,0,0,0,0,1
2024-09-12T02:54:00.000000,36.3490605,21.030276666667,4,0,0,0,0,1
2024-09-12T02:55:00.000000,36.349044,21.025575666667,4,0,0,0,0,1
2024-09-12T02:56:00.000000,36.349004166667,21.020876833333,4,0,0,0,0,1
2024-09-12T02:57:00.000000,36.348993,21.016171166667,4,0,0,0,0,1
2024-09-12T02:58:00.000000,36.348971666667,21.011479333333,4,0,0,0,0,1
2024-09-12T02:59:00.000000,36.348955333333,21.006786833333,4,0,0,0,0,1
2024-09-12T03:00:00.000000,36.348926666667,21.002118833333,4,0,0,0,0,1
2024-09-12T03:01:00.000000,36.348882,20.997461833333,4,0,0,0,0,1
2024-09-12T03:02:00.000000,36.348851166667,20.992808833333,4,0,0,0,0,1
2024-09-12T03:03:00.000000,36.348824666667,20.9881465,4,0,0,0,0,1
2024-09-12T03:04:00.000000,36.348804666667,20.983487333333,4,0,0,0,0,1
2024-09-12T03:05:00.000000,36.348785833333,20.978845,4,0,0,0,0,1
2024-09-12T03:06:00.000000,36.3487655,20.974197666667,4,0,0,0,0,1
2024-09-12T03:07:00.000000,36.348735,20.969545333333,4,0,0,0,0,1
2024-09-12T03:08:00.000000,36.348702666667,20.964907833333,4,0,0,0,0,1
2024-09-12T03:09:00.000000,36.348715666667,20.960261833333,4,0,0,0,0,1
2024-09-12T03:10:00.000000,36.348737166667,20.9556175,4,0,0,0,0,1
2024-09-12T03:11:00.000000,36.348712333333,20.950970166667,4,0,0,0,0,1
2024-09-12T03:12:00.000000,36.348709333333,20.946320333333,4,0,0,0,0,1
2024-09-12T03:13:00.000000,36.348716166667,20.941675166667,4,0,0,0,0,1
2024-09-12T03:14:00.000000,36.348719333333,20.937033333333,4,0,0,0,0,1
2024-09-12T03:15:00.000000,36.3487555,20.932393166667,4,0,0,0,0,1
2024-09-12T03:16:00.000000,36.348758166667,20.927786,4,0,0,0,0,1
2024-09-12T03:17:00.000000,36.348780166667,20.923197,4,0,0,0,0,1
2024-09-12T03:18:00.000000,36.348808666667,20.9186005,4,0,0,0,0,1
2024-09-12T03:19:00.000000,36.348835166667,20.913986333333,4,0,0,0,0,1
2024-09-12T03:20:00.000000,36.348844833333,20.909376,4,0,0,0,0,1
2024-09-12T03:21:00.000000,36.348835166667,20.904767666667,4,0,0,0,0,1
2024-09-12T03:22:00.000000,36.348771833333,20.900153,4,0,0,0,0,1
2024-09-12T03:23:00.000000,36.348702833333,20.895527333333,4,0,0,0,0,1
2024-09-12T03:24:00.000000,36.348621333333,20.890912,4,0,0,0,0,1
2024-09-12T03:25:00.000000,36.348577166667,20.886299666667,4,0,0,0,0,1
2024-09-12T03:26:00.000000,36.348500666667,20.881691666667,4,0,0,0,0,1
2024-09-12T03:27:00.000000,36.3484085,20.877073166667,4,0,0,0,0,1
2024-09-12T03:28:00.000000,36.3483715,20.8724385,4,0,0,0,0,1
2024-09-12T03:29:00.000000,36.348310666667,20.867798166667,4,0,0,0,0,1
2024-09-12T03:30:00.000000,36.3482425,20.8631435,4,0,0,0,0,1
2024-09-12T03:31:00.000000,36.348209666667,20.858491333333,4,0,0,0,0,1
2024-09-12T03:32:00.000000,36.3482065,20.853864666667,4,0,0,0,0,1
2024-09-12T03:33:00.000000,36.348153333333,20.849215833333,4,0,0,0,0,1
2024-09-12T03:34:00.000000,36.348098333333,20.844557833333,4,0,0,0,0,1
2024-09-12T03:35:00.000000,36.348074666667,20.839905833333,4,0,0,0,0,1
2024-09-12T03:36:00.000000,36.348037,20.835253166667,4,0,0,0,0,1
2024-09-12T03:37:00.000000,36.34799,20.830589833333,4,0,0,0,0,1
2024-09-12T03:38:00.000000,36.3479375,20.825934666667,4,0,0,0,0,1
2024-09-12T03:39:00.000000,36.347879,20.821276666667,4,0,0,0,0,1
2024-09-12T03:40:00.000000,36.347836166667,20.816617166667,4,0,0,0,0,1
2024-09-12T03:41:00.000000,36.347789833333,20.811933166667,4,0,0,0,0,1
2024-09-12T03:42:00.000000,36.347756,20.807248,4,0,0,0,0,1
2024-09-12T03:43:00.000000,36.347707,20.8025635,4,0,0,0,0,1
2024-09-12T03:44:00.000000,36.347633,20.797867833333,4,0,0,0,0,1
2024-09-12T03:45:00.000000,36.347579166667,20.793166333333,4,0,0,0,0,1
2024-09-12T03:46:00.000000,36.347529666667,20.788459833333,4,0,0,0,0,1
2024-09-12T03:47:00.000000,36.347482166667,20.7837535,4,0,0,0,0,1
2024-09-12T03:48:00.000000,36.347423666667,20.7790485,4,0,0,0,0,1
2024-09-12T03:49:00.000000,36.3473765,20.774327333333,4,0,0,0,0,1
2024-09-12T03:50:00.000000,36.3473355,20.769599833333,4,0,0,0,0,1
2024-09-12T03:51:00.000000,36.347315833333,20.764869333333,4,0,0,0,0,1
2024-09-12T03:52:00.000000,36.347254666667,20.760140166667,4,0,0,0,0,1
2024-09-12T03:53:00.000000,36.347195166667,20.755425833333,4,0,0,0,0,1
2024-09-12T03:54:00.000000,36.3471585,20.750705,4,0,0,0,0,1
2024-09-12T03:55:00.000000,36.347114333333,20.745991166667,4,0,0,0,0,1
2024-09-12T03:56:00.000000,36.347062833333,20.741279,4,0,0,0,0,1
2024-09-12T03:57:00.000000,36.347015166667,20.736576333333,4,0,0,0,0,1
2024-09-12T03:58:00.000000,36.346987166667,20.731879833333,4,0,0,0,0,1
2024-09-12T03:59:00.000000,36.346921166667,20.727195833333,4,0,0,0,0,1
2024-09-12T04:00:00.000000,36.346879333333,20.722503,4,0,0,0,0,1
2024-09-12T04:01:00.000000,36.346834,20.717815333333,4,0,0,0,0,1
2024-09-12T04:02:00.000000,36.3467905,20.713131,4,0,0,0,0,1
2024-09-12T04:03:00.000000,36.3467385,20.708455333333,4,0,0,0,0,1
2024-09-12T04:04:00.000000,36.346681333333,20.7037785,4,0,0,0,0,1
2024-09-12T04:05:00.000000,36.346624,20.6990845,4,0,0,0,0,1
2024-09-12T04:06:00.000000,36.3465605,20.6943945,4,0,0,0,0,1
2024-09-12T04:07:00.000000,36.346475666667,20.689709333333,4,0,0,0,0,1
2024-09-12T04:08:00.000000,36.346405833333,20.685031166667,4,0,0,0,0,1
2024-09-12T04:09:00.000000,36.3463125,20.680361333333,4,0,0,0,0,1
2024-09-12T04:10:00.000000,36.3462105,20.6757045,4,0,0,0,0,1
2024-09-12T04:11:00.000000,36.346128833333,20.671041833333,4,0,0,0,0,1
2024-09-12T04:12:00.000000,36.346069666667,20.666359666667,4,0,0,0,0,1
2024-09-12T04:13:00.000000,36.345975833333,20.661675666667,4,0,0,0,0,1
2024-09-12T04:14:00.000000,36.3458845,20.656972666667,4,0,0,0,0,1
2024-09-12T04:15:00.000000,36.345824,20.652265,4,0,0,0,0,1
2024-09-12T04:16:00.000000,36.3458045,20.647568333333,4,0,0,0,0,1
2024-09-12T04:17:00.000000,36.345778,20.642885333333,4,0,0,0,0,1
2024-09-12T04:18:00.000000,36.3457225,20.638224833333,4,0,0,0,0,1
2024-09-12T04:19:00.000000,36.345664833333,20.633575833333,4,0,0,0,0,1
2024-09-12T04:20:00.000000,36.345635333333,20.6289505,4,0,0,0,0,1
2024-09-12T04:21:00.000000,36.345583166667,20.624320833333,4,0,0,0,0,1
2024-09-12T04:22:00.000000,36.345546833333,20.619681,4,0,0,0,0,1
2024-09-12T04:23:00.000000,36.345504666667,20.615037666667,4,0,0,0,0,1
2024-09-12T04:24:00.000000,36.345485833333,20.610403166667,4,0,0,0,0,1
2024-09-12T04:25:00.000000,36.345484166667,20.605769166667,4,0,0,0,0,1
2024-09-12T04:26:00.000000,36.3455005,20.6011405,4,0,0,0,0,1
2024-09-12T04:27:00.000000,36.345523666667,20.596511833333,4,0,0,0,0,1
2024-09-12T04:28:00.000000,36.345555833333,20.5918935,4,0,0,0,0,1
2024-09-12T04:29:00.000000,36.345589333333,20.5872855,4,0,0,0,0,1
2024-09-12T04:30:00.000000,36.345596666667,20.5826825,4,0,0,0,0,1
2024-09-12T04:31:00.000000,36.345617,20.578080166667,4,0,0,0,0,1
2024-09-12T04:32:00.000000,36.3456395,20.57347,4,0,0,0,0,1
2024-09-12T04:33:00.000000,36.3456725,20.568842833333,4,0,0,0,0,1
2024-09-12T04:34:00.000000,36.345733166667,20.564205,4,0,0,0,0,1
2024-09-12T04:35:00.000000,36.3458185,20.559573666667,4,0,0,0,0,1
2024-09-12T04:36:00.000000,36.345874166667,20.554951166667,4,0,0,0,0,1
2024-09-12T04:37:00.000000,36.345920833333,20.550333,4,0,0,0,0,1
2024-09-12T04:38:00.000000,36.345992166667,20.5457095,4,0,0,0,0,1
2024-09-12T04:39:00.000000,36.3460665,20.541071333333,4,0,0,0,0,1
2024-09-12T04:40:00.000000,36.346125166667,20.536416833333,4,0,0,0,0,1
2024-09-12T04:41:00.000000,36.3461885,20.5317715,4,0,0,0,0,1
2024-09-12T04:42:00.000000,36.346265666667,20.527106833333,4,0,0,0,0,1
2024-09-12T04:43:00.000000,36.3463495,20.5224275,4,0,0,0,0,1
2024-09-12T04:44:00.000000,36.346428333333,20.517744666667,4,0,0,0,0,1
2024-09-12T04:45:00.000000,36.346497333333,20.513065333333,4,0,0,0,0,1
2024-09-12T04:46:00.000000,36.346580666667,20.508397833333,4,0,0,0,0,1
2024-09-12T04:47:00.000000,36.346678,20.5037355,4,0,0,0,0,1
2024-09-12T04:48:00.000000,36.346768166667,20.499071833333,4,0,0,0,0,1
2024-09-12T04:49:00.000000,36.346843,20.494408,4,0,0,0,0,1
2024-09-12T04:50:00.000000,36.346942833333,20.4897425,4,0,0,0,0,1
2024-09-12T04:51:00.000000,36.347059,20.485081166667,4,0,0,0,0,1
2024-09-12T04:52:00.000000,36.34717,20.480427666667,4,0,0,0,0,1
2024-09-12T04:53:00.000000,36.347259,20.475766,4,0,0,0,0,1
2024-09-12T04:54:00.000000,36.347397666667,20.471095666667,4,0,0,0,0,1
2024-09-12T04:55:00.000000,36.347524833333,20.466416166667,4,0,0,0,0,1
2024-09-12T04:56:00.000000,36.3476415,20.461762333333,4,0,0,0,0,1
2024-09-12T04:57:00.000000,36.347769166667,20.457101333333,4,0,0,0,0,1
2024-09-12T04:58:00.000000,36.347895,20.4524265,4,0,0,0,0,1
2024-09-12T04:59:00.000000,36.348022166667,20.4477535,4,0,0,0,0,1
2024-09-12T05:00:00.000000,36.348124833333,20.443083833333,4,0,0,0,0,1
2024-09-12T05:01:00.000000,36.3482485,20.438404333333,4,0,0,0,0,1
2024-09-12T05:02:00.000000,36.348363833333,20.433727833333,4,0,0,0,0,1
2024-09-12T05:03:00.000000,36.3484685,20.4290525,4,0,0,0,0,1
2024-09-12T05:04:00.000000,36.348559166667,20.424373333333,4,0,0,0,0,1
2024-09-12T05:05:00.000000,36.348669666667,20.4196805,4,0,0,0,0,1
2024-09-12T05:06:00.000000,36.348787333333,20.415000833333,4,0,0,0,0,1
2024-09-12T05:07:00.000000,36.348894666667,20.410322666667,4,0,0,0,0,1
2024-09-12T05:08:00.000000,36.348997166667,20.405643333333,4,0,0,0,0,1
2024-09-12T05:09:00.000000,36.349110166667,20.400967666667,4,0,0,0,0,1
2024-09-12T05:10:00.000000,36.3492295,20.396302833333,4,0,0,0,0,1
2024-09-12T05:11:00.000000,36.349333166667,20.391626166667,4,0,0,0,0,1
2024-09-12T05:12:00.000000,36.349473833333,20.386962,4,0,0,0,0,1
2024-09-12T05:13:00.000000,36.349585666667,20.382293333333,4,0,0,0,0,1
2024-09-12T05:14:00.000000,36.349692,20.377611166667,4,0,0,0,0,1
2024-09-12T05:15:00.000000,36.349815666667,20.372929666667,4,0,0,0,0,1
2024-09-12T05:16:00.000000,36.349944333333,20.368253166667,4,0,0,0,0,1
2024-09-12T05:17:00.000000,36.350082166667,20.363570166667,4,0,0,0,0,1
2024-09-12T05:18:00.000000,36.350205166667,20.3588625,4,0,0,0,0,1
2024-09-12T05:19:00.000000,36.350353333333,20.35416,4,0,0,0,0,1
2024-09-12T05:20:00.000000,36.350499833333,20.349472166667,4,0,0,0,0,1
2024-09-12T05:21:00.000000,36.3506285,20.344776,4,0,0,0,0,1
2024-09-12T05:22:00.000000,36.3507815,20.340077,4,0,0,0,0,1
2024-09-12T05:23:00.000000,36.350944666667,20.3353825,4,0,0,0,0,1
2024-09-12T05:24:00.000000,36.351064333333,20.330681666667,4,0,0,0,0,1
2024-09-12T05:25:00.000000,36.3512305,20.325991333333,4,0,0,0,0,1
2024-09-12T05:26:00.000000,36.351401666667,20.321319333333,4,0,0,0,0,1
2024-09-12T05:27:00.000000,36.351498166667,20.316676333333,4,0,0,0,0,1
2024-09-12T05:28:00.000000,36.351535666667,20.311952666667,4,0,0,0,0,1
2024-09-12T05:29:00.000000,36.351582166667,20.307299166667,4,0,0,0,0,1
2024-09-12T05:30:00.000000,36.351635166667,20.30264,4,0,0,0,0,1
2024-09-12T05:31:00.000000,36.351684333333,20.297967666667,4,0,0,0,0,1
2024-09-12T05:32:00.000000,36.3517395,20.293294833333,4,0,0,0,0,1
2024-09-12T05:33:00.000000,36.3518245,20.288616666667,4,0,0,0,0,1
2024-09-12T05:34:00.000000,36.351921666667,20.283938833333,4,0,0,0,0,1
2024-09-12T05:35:00.000000,36.351990166667,20.279259333333,4,0,0,0,0,1
2024-09-12T05:36:00.000000,36.352094666667,20.2745815,4,0,0,0,0,1
2024-09-12T05:37:00.000000,36.3521875,20.2699035,4,0,0,0,0,1
2024-09-12T05:38:00.000000,36.3522625,20.265233333333,4,0,0,0,0,1
2024-09-12T05:39:00.000000,36.352346833333,20.260557,4,0,0,0,0,1
2024-09-12T05:40:00.000000,36.3524235,20.255887333333,4,0,0,0,0,1
2024-09-12T05:41:00.000000,36.352451833333,20.25122,4,0,0,0,0,1
2024-09-12T05:42:00.000000,36.352478166667,20.246541166667,4,0,0,0,0,1
2024-09-12T05:43:00.000000,36.3525035,20.2418615,4,0,0,0,0,1
2024-09-12T05:44:00.000000,36.3525245,20.237158333333,4,0,0,0,0,1
2024-09-12T05:45:00.000000,36.352565166667,20.2324695,4,0,0,0,0,1
2024-09-12T05:46:00.000000,36.352608333333,20.227789666667,4,0,0,0,0,1
2024-09-12T05:47:00.000000,36.3526635,20.223102,4,0,0,0,0,1
2024-09-12T05:48:00.000000,36.352747,20.218416833333,4,0,0,0,0,1
2024-09-12T05:49:00.000000,36.3528065,20.213749333333,4,0,0,0,0,1
2024-09-12T05:50:00.000000,36.352899166667,20.209081833333,4,0,0,0,0,1
2024-09-12T05:51:00.000000,36.352979833333,20.204406333333,4,0,0,0,0,1
2024-09-12T05:52:00.000000,36.353083166667,20.199737833333,4,0,0,0,0,1
2024-09-12T05:53:00.000000,36.353186166667,20.195065666667,4,0,0,0,0,1
2024-09-12T05:54:00.000000,36.353299333333,20.190397666667,4,0,0,0,0,1
2024-09-12T05:55:00.000000,36.353421833333,20.185709666667,4,0,0,0,0,1
2024-09-12T05:56:00.000000,36.3535275,20.181023833333,4,0,0,0,0,1
2024-09-12T05:57:00.000000,36.353602,20.176339666667,4,0,0,0,0,1
2024-09-12T05:58:00.000000,36.353676,20.171653,4,0,0,0,0,1
2024-09-12T05:59:00.000000,36.353750333333,20.166961,4,0,0,0,0,1
2024-09-12T06:00:00.000000,36.353798166667,20.162264833333,4,0,0,0,0,1
2024-09-12T06:01:00.000000,36.353868666667,20.157576166667,4,0,0,0,0,1
2024-09-12T06:02:00.000000,36.353958333333,20.152893833333,4,0,0,0,0,1
2024-09-12T06:03:00.000000,36.35395,20.148237333333,4,0,0,0,0,1
2024-09-12T06:04:00.000000,36.353857166667,20.143582,4,0,0,0,0,1
2024-09-12T06:05:00.000000,36.353755666667,20.138902166667,4,0,0,0,0,1
2024-09-12T06:06:00.000000,36.353646666667,20.1342,4,0,0,0,0,1
2024-09-12T06:07:00.000000,36.353561333333,20.129469333333,4,0,0,0,0,1
2024-09-12T06:08:00.000000,36.3534675,20.1247345,4,0,0,0,0,1
2024-09-12T06:09:00.000000,36.353373333333,20.119995666667,4,0,0,0,0,1
2024-09-12T06:10:00.000000,36.353272666667,20.115263333333,4,0,0,0,0,1
2024-09-12T06:11:00.000000,36.353141333333,20.11053,4,0,0,0,0,1
2024-09-12T06:12:00.000000,36.353038833333,20.105767166667,4,0,0,0,0,1
2024-09-12T06:13:00.000000,36.3529665,20.100988,4,0,0,0,0,1
2024-09-12T06:14:00.000000,36.3528475,20.096220833333,4,0,0,0,0,1
2024-09-12T06:15:00.000000,36.352763,20.091454833333,4,0,0,0,0,1
2024-09-12T06:16:00.000000,36.352655166667,20.086698666667,4,0,0,0,0,1
2024-09-12T06:17:00.000000,36.352533333333,20.081932666667,4,0,0,0,0,1
2024-09-12T06:18:00.000000,36.352450333333,20.077162333333,4,0,0,0,0,1
2024-09-12T06:19:00.000000,36.352302666667,20.072399,4,0,0,0,0,1
2024-09-12T06:20:00.000000,36.352163166667,20.067637,4,0,0,0,0,1
2024-09-12T06:21:00.000000,36.352007833333,20.062857833333,4,0,0,0,0,1
2024-09-12T06:22:00.000000,36.351863833333,20.058063666667,4,0,0,0,0,1
2024-09-12T06:23:00.000000,36.351752166667,20.0532755,4,0,0,0,0,1
2024-09-12T06:24:00.000000,36.351640333333,20.048489,4,0,0,0,0,1
2024-09-12T06:25:00.000000,36.351515,20.043711,4,0,0,0,0,1
2024-09-12T06:26:00.000000,36.3513995,20.038925,4,0,0,0,0,1
2024-09-12T06:27:00.000000,36.351261833333,20.034153666667,4,0,0,0,0,1
2024-09-12T06:28:00.000000,36.351113,20.0293805,4,0,0,0,0,1
2024-09-12T06:29:00.000000,36.3509955,20.024606,4,0,0,0,0,1
2024-09-12T06:30:00.000000,36.350875833333,20.019834666667,4,0,0,0,0,1
2024-09-12T06:31:00.000000,36.350724333333,20.015079833333,4,0,0,0,0,1
2024-09-12T06:32:00.000000,36.350567666667,20.010314833333,4,0,0,0,0,1
2024-09-12T06:33:00.000000,36.350430166667,20.005550166667,4,0,0,0,0,1
2024-09-12T06:34:00.000000,36.350287166667,20.000778166667,4,0,0,0,0,1
2024-09-12T06:35:00.000000,36.350148333333,19.996004333333,4,0,0,0,0,1
2024-09-12T06:36:00.000000,36.349994666667,19.9912465,4,0,0,0,0,1
2024-09-12T06:37:00.000000,36.349838333333,19.9864845,4,0,0,0,0,1
2024-09-12T06:38:00.000000,36.349689333333,19.981711666667,4,0,0,0,0,1
2024-09-12T06:39:00.000000,36.349536833333,19.976934333333,4,0,0,0,0,1
2024-09-12T06:40:00.000000,36.349354666667,19.9721335,4,0,0,0,0,1
2024-09-12T06:41:00.000000,36.349182,19.967344166667,4,0,0,0,0,1
2024-09-12T06:42:00.000000,36.349042666667,19.962569833333,4,0,0,0,0,1
2024-09-12T06:43:00.000000,36.348876833333,19.957817333333,4,0,0,0,0,1
2024-09-12T06:44:00.000000,36.348701166667,19.953073166667,4,0,0,0,0,1
2024-09-12T06:45:00.000000,36.348533333333,19.9483035,4,0,0,0,0,1
2024-09-12T06:46:00.000000,36.3483535,19.943517333333,4,0,0,0,0,1
2024-09-12T06:47:00.000000,36.348171833333,19.9387295,4,0,0,0,0,1
2024-09-12T06:48:00.000000,36.3479725,19.9339215,4,0,0,0,0,1
2024-09-12T06:49:00.000000,36.3478165,19.929095166667,4,0,0,0,0,1
2024-09-12T06:50:00.000000,36.3476515,19.9242885,4,0,0,0,0,1
2024-09-12T06:51:00.000000,36.347463833333,19.919502833333,4,0,0,0,0,1
2024-09-12T06:52:00.000000,36.347294666667,19.914712333333,4,0,0,0,0,1
2024-09-12T06:53:00.000000,36.347139833333,19.9099235,4,0,0,0,0,1
2024-09-12T06:54:00.000000,36.3470075,19.90512,4,0,0,0,0,1
2024-09-12T06:55:00.000000,36.3469325,19.900286166667,4,0,0,0,0,1
2024-09-12T06:56:00.000000,36.346893166667,19.895444333333,4,0,0,0,0,1
2024-09-12T06:57:00.000000,36.346875666667,19.890611666667,4,0,0,0,0,1
2024-09-12T06:58:00.000000,36.346855333333,19.885780833333,4,0,0,0,0,1
2024-09-12T06:59:00.000000,36.346803833333,19.880955,4,0,0,0,0,1
2024-09-12T07:00:00.000000,36.3467525,19.876110333333,4,0,0,0,0,1
2024-09-12T07:01:00.000000,36.346737333333,19.871269333333,4,0,0,0,0,1
2024-09-12T07:02:00.000000,36.346702166667,19.866434333333,4,0,0,0,0,1
2024-09-12T07:03:00.000000,36.346639833333,19.861604,4,0,0,0,0,1
2024-09-12T07:04:00.000000,36.3466215,19.856774333333,4,0,0,0,0,1
2024-09-12T07:05:00.000000,36.346599166667,19.85195,4,0,0,0,0,1
2024-09-12T07:06:00.000000,36.346576666667,19.847139666667,4,0,0,0,0,1
2024-09-12T07:07:00.000000,36.346546666667,19.8423375,4,0,0,0,0,1
2024-09-12T07:08:00.000000,36.3465135,19.837518166667,4,0,0,0,0,1
2024-09-12T07:09:00.000000,36.346472166667,19.832695833333,4,0,0,0,0,1
2024-09-12T07:10:00.000000,36.346409833333,19.8278645,4,0,0,0,0,1
2024-09-12T07:11:00.000000,36.346367166667,19.823038833333,4,0,0,0,0,1
2024-09-12T07:12:00.000000,36.346285666667,19.8182235,4,0,0,0,0,1
2024-09-12T07:13:00.000000,36.346229166667,19.813397666667,4,0,0,0,0,1
2024-09-12T07:14:00.000000,36.346187166667,19.808574166667,4,0,0,0,0,1
2024-09-12T07:15:00.000000,36.346148333333,19.803769166667,4,0,0,0,0,1
2024-09-12T07:16:00.000000,36.346084333333,19.798945833333,4,0,0,0,0,1
2024-09-12T07:17:00.000000,36.346045166667,19.794103166667,4,0,0,0,0,1
2024-09-12T07:18:00.000000,36.346005166667,19.789258666667,4,0,0,0,0,1
2024-09-12T07:19:00.000000,36.3459445,19.784422333333,4,0,0,0,0,1
2024-09-12T07:20:00.000000,36.345899833333,19.779582,4,0,0,0,0,1
2024-09-12T07:21:00.000000,36.345839166667,19.774748166667,4,0,0,0,0,1
2024-09-12T07:22:00.000000,36.345791666667,19.769948166667,4,0,0,0,0,1
2024-09-12T07:23:00.000000,36.3457425,19.7651705,4,0,0,0,0,1
2024-09-12T07:24:00.000000,36.345666166667,19.760407333333,4,0,0,0,0,1
2024-09-12T07:25:00.000000,36.345614666667,19.7556225,4,0,0,0,0,1
2024-09-12T07:26:00.000000,36.345539333333,19.750811666667,4,0,0,0,0,1
2024-09-12T07:27:00.000000,36.345498833333,19.746002166667,4,0,0,0,0,1
2024-09-12T07:28:00.000000,36.345446166667,19.741212833333,4,0,0,0,0,1
2024-09-12T07:29:00.000000,36.345365333333,19.7364285,4,0,0,0,0,1
2024-09-12T07:30:00.000000,36.345290833333,19.731616666667,4,0,0,0,0,1
2024-09-12T07:31:00.000000,36.3452465,19.726797666667,4,0,0,0,0,1
2024-09-12T07:32:00.000000,36.345173166667,19.721987333333,4,0,0,0,0,1
2024-09-12T07:33:00.000000,36.345082166667,19.717184,4,0,0,0,0,1
2024-09-12T07:34:00.000000,36.345045,19.712359333333,4,0,0,0,0,1
2024-09-12T07:35:00.000000,36.345004166667,19.707564833333,4,0,0,0,0,1
2024-09-12T07:36:00.000000,36.344934833333,19.702801666667,4,0,0,0,0,1
2024-09-12T07:37:00.000000,36.344867666667,19.698021833333,4,0,0,0,0,1
2024-09-12T07:38:00.000000,36.344756666667,19.693224666667,4,0,0,0,0,1
2024-09-12T07:39:00.000000,36.344707166667,19.688413833333,4,0,0,0,0,1
2024-09-12T07:40:00.000000,36.344647,19.6836135,4,0,0,0,0,1
2024-09-12T07:41:00.000000,36.344627333333,19.678816666667,4,0,0,0,0,1
2024-09-12T07:42:00.000000,36.344570666667,19.6740295,4,0,0,0,0,1
2024-09-12T07:43:00.000000,36.344539666667,19.669253833333,4,0,0,0,0,1
2024-09-12T07:44:00.000000,36.344461333333,19.66446,4,0,0,0,0,1
2024-09-12T07:45:00.000000,36.344358833333,19.659668,4,0,0,0,0,1
2024-09-12T07:46:00.000000,36.344245333333,19.654866333333,4,0,0,0,0,1
2024-09-12T07:47:00.000000,36.344169166667,19.650074833333,4,0,0,0,0,1
2024-09-12T07:48:00.000000,36.344108833333,19.645292,4,0,0,0,0,1
2024-09-12T07:49:00.000000,36.344004333333,19.640521166667,4,0,0,0,0,1
2024-09-12T07:50:00.000000,36.3439075,19.635757333333,4,0,0,0,0,1
2024-09-12T07:51:00.000000,36.343775166667,19.630994333333,4,0,0,0,0,1
2024-09-12T07:52:00.000000,36.343706666667,19.626218,4,0,0,0,0,1
2024-09-12T07:53:00.000000,36.3436495,19.621453833333,4,0,0,0,0,1
2024-09-12T07:54:00.000000,36.343557,19.616684166667,4,0,0,0,0,1
2024-09-12T07:55:00.000000,36.343472666667,19.611885833333,4,0,0,0,0,1
2024-09-12T07:56:00.000000,36.3433605,19.607078666667,4,0,0,0,0,1
2024-09-12T07:57:00.000000,36.343264166667,19.6022595,4,0,0,0,0,1
2024-09-12T07:58:00.000000,36.343184,19.597455166667,4,0,0,0,0,1
2024-09-12T07:59:00.000000,36.343090666667,19.5926495,4,0,0,0,0,1
2024-09-12T08:00:00.000000,36.3429565,19.587875,4,0,0,0,0,1
2024-09-12T08:01:00.000000,36.342839833333,19.5831065,4,0,0,0,0,1
2024-09-12T08:02:00.000000,36.342737833333,19.5783285,4,0,0,0,0,1
2024-09-12T08:03:00.000000,36.342627166667,19.573548166667,4,0,0,0,0,1
2024-09-12T08:04:00.000000,36.342514,19.5687575,4,0,0,0,0,1
2024-09-12T08:05:00.000000,36.342378833333,19.563963666667,4,0,0,0,0,1
2024-09-12T08:06:00.000000,36.342286,19.5591655,4,0,0,0,0,1
2024-09-12T08:07:00.000000,36.342187666667,19.5543985,4,0,0,0,0,1
2024-09-12T08:08:00.000000,36.342106833333,19.549641666667,4,0,0,0,0,1
2024-09-12T08:09:00.000000,36.342010666667,19.544880833333,4,0,0,0,0,1
2024-09-12T08:10:00.000000,36.3418955,19.540115333333,4,0,0,0,0,1
2024-09-12T08:11:00.000000,36.341758666667,19.535343833333,4,0,0,0,0,1
2024-09-12T08:12:00.000000,36.341671333333,19.5305875,4,0,0,0,0,1
2024-09-12T08:13:00.000000,36.341585333333,19.525831,4,0,0,0,0,1
2024-09-12T08:14:00.000000,36.3414895,19.521072333333,4,0,0,0,0,1
2024-09-12T08:15:00.000000,36.341373,19.516297833333,4,0,0,0,0,1
2024-09-12T08:16:00.000000,36.3412495,19.511504833333,4,0,0,0,0,1
2024-09-12T08:17:00.000000,36.341158,19.506706,4,0,0,0,0,1
2024-09-12T08:18:00.000000,36.341041333333,19.501905333333,4,0,0,0,0,1
2024-09-12T08:19:00.000000,36.3409245,19.497107166667,4,0,0,0,0,1
2024-09-12T08:20:00.000000,36.340772166667,19.492316833333,4,0,0,0,0,1
2024-09-12T08:21:00.000000,36.340700166667,19.487566833333,4,0,0,0,0,1
2024-09-12T08:22:00.000000,36.340571166667,19.482819166667,4,0,0,0,0,1
2024-09-12T08:23:00.000000,36.340433666667,19.478045,4,0,0,0,0,1
2024-09-12T08:24:00.000000,36.340303166667,19.4732705,4,0,0,0,0,1
2024-09-12T08:25:00.000000,36.340147833333,19.4684755,4,0,0,0,0,1
2024-09-12T08:26:00.000000,36.340052166667,19.463659333333,4,0,0,0,0,1
2024-09-12T08:27:00.000000,36.340047333333,19.458844333333,4,0,0,0,0,1
2024-09-12T08:28:00.000000,36.340048,19.4540255,4,0,0,0,0,1
2024-09-12T08:29:00.000000,36.340046833333,19.449204333333,4,0,0,0,0,1
2024-09-12T08:30:00.000000,36.340095666667,19.4444385,4,0,0,0,0,1
2024-09-12T08:31:00.000000,36.340055833333,19.439662,4,0,0,0,0,1
2024-09-12T08:32:00.000000,36.3400025,19.434891666667,4,0,0,0,0,1
2024-09-12T08:33:00.000000,36.339964166667,19.430128833333,4,0,0,0,0,1
2024-09-12T08:34:00.000000,36.3399205,19.425343833333,4,0,0,0,0,1
2024-09-12T08:35:00.000000,36.3398525,19.420572333333,4,0,0,0,0,1
2024-09-12T08:36:00.000000,36.339749666667,19.415803333333,4,0,0,0,0,1
2024-09-12T08:37:00.000000,36.3396935,19.411042833333,4,0,0,0,0,1
2024-09-12T08:38:00.000000,36.339648333333,19.406297166667,4,0,0,0,0,1
2024-09-12T08:39:00.000000,36.3395285,19.401558,4,0,0,0,0,1
2024-09-12T08:40:00.000000,36.339458333333,19.396784166667,4,0,0,0,0,1
2024-09-12T08:41:00.000000,36.339438333333,19.392000333333,4,0,0,0,0,1
2024-09-12T08:42:00.000000,36.339404666667,19.3872255,4,0,0,0,0,1
2024-09-12T08:43:00.000000,36.339335,19.382458666667,4,0,0,0,0,1
2024-09-12T08:44:00.000000,36.3392465,19.377681666667,4,0,0,0,0,1
2024-09-12T08:45:00.000000,36.339176333333,19.372891,4,0,0,0,0,1
2024-09-12T08:46:00.000000,36.339168333333,19.368111666667,4,0,0,0,0,1
2024-09-12T08:47:00.000000,36.339084666667,19.363316,4,0,0,0,0,1
2024-09-12T08:48:00.000000,36.339015833333,19.358496,4,0,0,0,0,1
2024-09-12T08:49:00.000000,36.338946666667,19.353683333333,4,0,0,0,0,1
2024-09-12T08:50:00.000000,36.338904833333,19.348872833333,4,0,0,0,0,1
2024-09-12T08:51:00.000000,36.338826333333,19.344082666667,4,0,0,0,0,1
2024-09-12T08:52:00.000000,36.338800833333,19.3393175,4,0,0,0,0,1
2024-09-12T08:53:00.000000,36.3387035,19.334573333333,4,0,0,0,0,1
2024-09-12T08:54:00.000000,36.338698333333,19.329797166667,4,0,0,0,0,1
2024-09-12T08:55:00.000000,36.338683333333,19.325016666667,4,0,0,0,0,1
2024-09-12T08:56:00.000000,36.338702166667,19.320237833333,4,0,0,0,0,1
2024-09-12T08:57:00.000000,36.338712333333,19.315457666667,4,0,0,0,0,1
2024-09-12T08:58:00.000000,36.338704166667,19.310651333333,4,0,0,0,0,1
2024-09-12T08:59:00.000000,36.338760833333,19.305848333333,4,0,0,0,0,1
2024-09-12T09:00:00.000000,36.338828833333,19.301056166667,4,0,0,0,0,1
2024-09-12T09:01:00.000000,36.3388255,19.2962765,4,0,0,0,0,1
2024-09-12T09:02:00.000000,36.338866166667,19.291425,4,0,0,0,0,1
2024-09-12T09:03:00.000000,36.338965666667,19.286715,4,0,0,0,0,1
2024-09-12T09:04:00.000000,36.3390545,19.2820715,4,0,0,0,0,1
2024-09-12T09:05:00.000000,36.339114,19.277516,4,0,0,0,0,1
2024-09-12T09:06:00.000000,36.339146,19.272870666667,4,0,0,0,0,1
2024-09-12T09:07:00.000000,36.339166166667,19.268181333333,4,0,0,0,0,1
2024-09-12T09:08:00.000000,36.339156833333,19.2633845,4,0,0,0,0,1
2024-09-12T09:09:00.000000,36.339146166667,19.258652666667,4,0,0,0,0,1
2024-09-12T09:10:00.000000,36.339129833333,19.253888333333,4,0,0,0,0,1
2024-09-12T09:11:00.000000,36.339217833333,19.249140833333,4,0,0,0,0,1
2024-09-12T09:12:00.000000,36.3392485,19.244425166667,4,0,0,0,0,1
2024-09-12T09:13:00.000000,36.339261166667,19.239761833333,4,0,0,0,0,1
2024-09-12T09:14:00.000000,36.3393065,19.235093166667,4,0,0,0,0,1
2024-09-12T09:15:00.000000,36.339354833333,19.230425666667,4,0,0,0,0,1
2024-09-12T09:16:00.000000,36.339382166667,19.225748666667,4,0,0,0,0,1
2024-09-12T09:17:00.000000,36.3394365,19.221081833333,4,0,0,0,0,1
2024-09-12T09:18:00.000000,36.339478333333,19.216401,4,0,0,0,0,1
2024-09-12T09:19:00.000000,36.3394855,19.211730333333,4,0,0,0,0,1
2024-09-12T09:20:00.000000,36.339492,19.207052666667,4,0,0,0,0,1
2024-09-12T09:21:00.000000,36.339531,19.202372166667,4,0,0,0,0,1
2024-09-12T09:22:00.000000,36.339526,19.197701166667,4,0,0,0,0,1
2024-09-12T09:23:00.000000,36.339520833333,19.19302,4,0,0,0,0,1
2024-09-12T09:24:00.000000,36.3396075,19.188341,4,0,0,0,0,1
2024-09-12T09:25:00.000000,36.339602833333,19.183659,4,0,0,0,0,1
2024-09-12T09:26:00.000000,36.339562333333,19.178958666667,4,0,0,0,0,1
2024-09-12T09:27:00.000000,36.339588666667,19.174287,4,0,0,0,0,1
2024-09-12T09:28:00.000000,36.339601166667,19.169626166667,4,0,0,0,0,1
2024-09-12T09:29:00.000000,36.3395725,19.164961333333,4,0,0,0,0,1
2024-09-12T09:30:00.000000,36.339573,19.160266833333,4,0,0,0,0,1
2024-09-12T09:31:00.000000,36.339555,19.1555595,4,0,0,0,0,1
2024-09-12T09:32:00.000000,36.3395645,19.150846666667,4,0,0,0,0,1
2024-09-12T09:33:00.000000,36.3396055,19.146123333333,4,0,0,0,0,1
2024-09-12T09:34:00.000000,36.339600833333,19.141411,4,0,0,0,0,1
2024-09-12T09:35:00.000000,36.339632666667,19.136748833333,4,0,0,0,0,1
2024-09-12T09:36:00.000000,36.3396685,19.132088166667,4,0,0,0,0,1
2024-09-12T09:37:00.000000,36.339684,19.127435166667,4,0,0,0,0,1
2024-09-12T09:38:00.000000,36.339663,19.122752,4,0,0,0,0,1
2024-09-12T09:39:00.000000,36.3397325,19.1180625,4,0,0,0,0,1
2024-09-12T09:40:00.000000,36.339734833333,19.1133525,4,0,0,0,0,1
2024-09-12T09:41:00.000000,36.3397595,19.1086225,4,0,0,0,0,1
2024-09-12T09:42:00.000000,36.339800666667,19.103883333333,4,0,0,0,0,1
2024-09-12T09:43:00.000000,36.339845333333,19.099176666667,4,0,0,0,0,1
2024-09-12T09:44:00.000000,36.339876666667,19.0944775,4,0,0,0,0,1
2024-09-12T09:45:00.000000,36.339870333333,19.089749666667,4,0,0,0,0,1
2024-09-12T09:46:00.000000,36.3398605,19.0850135,4,0,0,0,0,1
2024-09-12T09:47:00.000000,36.339873,19.080271666667,4,0,0,0,0,1
2024-09-12T09:48:00.000000,36.339885833333,19.075523,4,0,0,0,0,1
2024-09-12T09:49:00.000000,36.339926,19.070788166667,4,0,0,0,0,1
2024-09-12T09:50:00.000000,36.340002166667,19.066094,4,0,0,0,0,1
2024-09-12T09:51:00.000000,36.340047666667,19.0614315,4,0,0,0,0,1
2024-09-12T09:52:00.000000,36.340119833333,19.056805,4,0,0,0,0,1
2024-09-12T09:53:00.000000,36.3401515,19.052143,4,0,0,0,0,1
2024-09-12T09:54:00.000000,36.340186333333,19.047457666667,4,0,0,0,0,1
2024-09-12T09:55:00.000000,36.340184166667,19.04278,4,0,0,0,0,1
2024-09-12T09:56:00.000000,36.340231833333,19.0381305,4,0,0,0,0,1
2024-09-12T09:57:00.000000,36.3402045,19.0334285,4,0,0,0,0,1
2024-09-12T09:58:00.000000,36.340254833333,19.028754666667,4,0,0,0,0,1
2024-09-12T09:59:00.000000,36.340301833333,19.024082833333,4,0,0,0,0,1
2024-09-12T10:00:00.000000,36.3403135,19.019414833333,4,0,0,0,0,1
2024-09-12T10:01:00.000000,36.340398,19.014775666667,4,0,0,0,0,1
2024-09-12T10:02:00.000000,36.340438666667,19.0101095,4,0,0,0,0,1
2024-09-12T10:03:00.000000,36.340445833333,19.005430833333,4,0,0,0,0,1
2024-09-12T10:04:00.000000,36.340545333333,19.000753666667,4,0,0,0,0,1
2024-09-12T10:05:00.000000,36.340592666667,18.996091166667,4,0,0,0,0,1
2024-09-12T10:06:00.000000,36.3406505,18.991424666667,4,0,0,0,0,1
2024-09-12T10:07:00.000000,36.340676833333,18.986724666667,4,0,0,0,0,1
2024-09-12T10:08:00.000000,36.340779,18.9820725,4,0,0,0,0,1
2024-09-12T10:09:00.000000,36.340830166667,18.977415166667,4,0,0,0,0,1
2024-09-12T10:10:00.000000,36.340857666667,18.972757166667,4,0,0,0,0,1
2024-09-12T10:11:00.000000,36.340890333333,18.968104333333,4,0,0,0,0,1
2024-09-12T10:12:00.000000,36.340936333333,18.963446166667,4,0,0,0,0,1
2024-09-12T10:13:00.000000,36.340997666667,18.958786,4,0,0,0,0,1
2024-09-12T10:14:00.000000,36.341018666667,18.954120666667,4,0,0,0,0,1
2024-09-12T10:15:00.000000,36.341030166667,18.949443,4,0,0,0,0,1
2024-09-12T10:16:00.000000,36.341082333333,18.944755166667,4,0,0,0,0,1
2024-09-12T10:17:00.000000,36.3411045,18.940064333333,4,0,0,0,0,1
2024-09-12T10:18:00.000000,36.3410895,18.935358166667,4,0,0,0,0,1
2024-09-12T10:19:00.000000,36.341092,18.930644666667,4,0,0,0,0,1
2024-09-12T10:20:00.000000,36.341093166667,18.9259495,4,0,0,0,0,1
2024-09-12T10:21:00.000000,36.341101666667,18.921267166667,4,0,0,0,0,1
2024-09-12T10:22:00.000000,36.3411405,18.916613333333,4,0,0,0,0,1
2024-09-12T10:23:00.000000,36.341132166667,18.911938166667,4,0,0,0,0,1
2024-09-12T10:24:00.000000,36.341150666667,18.907254666667,4,0,0,0,0,1
2024-09-12T10:25:00.000000,36.341154,18.902551666667,4,0,0,0,0,1
2024-09-12T10:26:00.000000,36.341142,18.897841833333,4,0,0,0,0,1
2024-09-12T10:27:00.000000,36.341193333333,18.893172,4,0,0,0,0,1
2024-09-12T10:28:00.000000,36.341202833333,18.888501,4,0,0,0,0,1
2024-09-12T10:29:00.000000,36.341213666667,18.883814833333,4,0,0,0,0,1
2024-09-12T10:30:00.000000,36.341246333333,18.879149,4,0,0,0,0,1
2024-09-12T10:31:00.000000,36.3412755,18.8744685,4,0,0,0,0,1
2024-09-12T10:32:00.000000,36.341370333333,18.869829166667,4,0,0,0,0,1
2024-09-12T10:33:00.000000,36.341428,18.865200166667,4,0,0,0,0,1
2024-09-12T10:34:00.000000,36.341498833333,18.8605845,4,0,0,0,0,1
2024-09-12T10:35:00.000000,36.341539,18.8559525,4,0,0,0,0,1
2024-09-12T10:36:00.000000,36.341601666667,18.851316833333,4,0,0,0,0,1
2024-09-12T10:37:00.000000,36.341680333333,18.846689833333,4,0,0,0,0,1
2024-09-12T10:38:00.000000,36.341737,18.842062833333,4,0,0,0,0,1
2024-09-12T10:39:00.000000,36.3417795,18.8374245,4,0,0,0,0,1
2024-09-12T10:40:00.000000,36.341835,18.832789,4,0,0,0,0,1
2024-09-12T10:41:00.000000,36.3418975,18.828127166667,4,0,0,0,0,1
2024-09-12T10:42:00.000000,36.342032666667,18.823484,4,0,0,0,0,1
2024-09-12T10:43:00.000000,36.3421055,18.818869666667,4,0,0,0,0,1
2024-09-12T10:44:00.000000,36.342224333333,18.814289,4,0,0,0,0,1
2024-09-12T10:45:00.000000,36.3423625,18.809708333333,4,0,0,0,0,1
2024-09-12T10:46:00.000000,36.3424285,18.805076833333,4,0,0,0,0,1
2024-09-12T10:47:00.000000,36.3425205,18.8004155,4,0,0,0,0,1
2024-09-12T10:48:00.000000,36.342618166667,18.795751666667,4,0,0,0,0,1
2024-09-12T10:49:00.000000,36.342733833333,18.791096333333,4,0,0,0,0,1
2024-09-12T10:50:00.000000,36.342871166667,18.786497333333,4,0,0,0,0,1
2024-09-12T10:51:00.000000,36.342951833333,18.7818785,4,0,0,0,0,1
2024-09-12T10:52:00.000000,36.343048666667,18.777229166667,4,0,0,0,0,1
2024-09-12T10:53:00.000000,36.343175166667,18.772585,4,0,0,0,0,1
2024-09-12T10:54:00.000000,36.343293166667,18.767946166667,4,0,0,0,0,1
2024-09-12T10:55:00.000000,36.3434065,18.763307,4,0,0,0,0,1
2024-09-12T10:56:00.000000,36.343528333333,18.758671,4,0,0,0,0,1
2024-09-12T10:57:00.000000,36.343660833333,18.754028333333,4,0,0,0,0,1
2024-09-12T10:58:00.000000,36.343892666667,18.749459,4,0,0,0,0,1
2024-09-12T10:59:00.000000,36.344027333333,18.744863666667,4,0,0,0,0,1
2024-09-12T11:00:00.000000,36.344184833333,18.740299333333,4,0,0,0,0,1
2024-09-12T11:01:00.000000,36.3443,18.7356955,4,0,0,0,0,1
2024-09-12T11:02:00.000000,36.344407833333,18.731124166667,4,0,0,0,0,1
2024-09-12T11:03:00.000000,36.344470833333,18.7265355,4,0,0,0,0,1
2024-09-12T11:04:00.000000,36.344507166667,18.721945666667,4,0,0,0,0,1
2024-09-12T11:05:00.000000,36.3445245,18.717366833333,4,0,0,0,0,1
2024-09-12T11:06:00.000000,36.344563833333,18.712796,4,0,0,0,0,1
2024-09-12T11:07:00.000000,36.344566333333,18.708195166667,4,0,0,0,0,1
2024-09-12T11:08:00.000000,36.344592166667,18.703544166667,4,0,0,0,0,1
2024-09-12T11:09:00.000000,36.344625,18.698877833333,4,0,0,0,0,1
2024-09-12T11:10:00.000000,36.344663333333,18.694223833333,4,0,0,0,0,1
2024-09-12T11:11:00.000000,36.344654833333,18.6895615,4,0,0,0,0,1
2024-09-12T11:12:00.000000,36.344695833333,18.6849035,4,0,0,0,0,1
2024-09-12T11:13:00.000000,36.344736833333,18.680256666667,4,0,0,0,0,1
2024-09-12T11:14:00.000000,36.344722,18.675576333333,4,0,0,0,0,1
2024-09-12T11:15:00.000000,36.344749833333,18.670875333333,4,0,0,0,0,1
2024-09-12T11:16:00.000000,36.344792333333,18.666192833333,4,0,0,0,0,1
2024-09-12T11:17:00.000000,36.3447955,18.6615165,4,0,0,0,0,1
2024-09-12T11:18:00.000000,36.344773333333,18.6568315,4,0,0,0,0,1
2024-09-12T11:19:00.000000,36.344740166667,18.652119166667,4,0,0,0,0,1
2024-09-12T11:20:00.000000,36.344738666667,18.647383333333,4,0,0,0,0,1
2024-09-12T11:21:00.000000,36.3447405,18.642637833333,4,0,0,0,0,1
2024-09-12T11:22:00.000000,36.344797666667,18.637923666667,4,0,0,0,0,1
2024-09-12T11:23:00.000000,36.344819666667,18.6332305,4,0,0,0,0,1
2024-09-12T11:24:00.000000,36.344797333333,18.628535,4,0,0,0,0,1
2024-09-12T11:25:00.000000,36.344805333333,18.6238085,4,0,0,0,0,1
2024-09-12T11:26:00.000000,36.344873166667,18.619125166667,4,0,0,0,0,1
2024-09-12T11:27:00.000000,36.344876,18.614471666667,4,0,0,0,0,1
2024-09-12T11:28:00.000000,36.344888166667,18.609795833333,4,0,0,0,0,1
2024-09-12T11:29:00.000000,36.344910833333,18.605106166667,4,0,0,0,0,1
2024-09-12T11:30:00.000000,36.344984333333,18.600424166667,4,0,0,0,0,1
2024-09-12T11:31:00.000000,36.344999166667,18.595723,4,0,0,0,0,1
2024-09-12T11:32:00.000000,36.345067166667,18.591033166667,4,0,0,0,0,1
2024-09-12T11:33:00.000000,36.345108666667,18.586364,4,0,0,0,0,1
2024-09-12T11:34:00.000000,36.345137833333,18.581674166667,4,0,0,0,0,1
2024-09-12T11:35:00.000000,36.3452465,18.5770175,4,0,0,0,0,1
2024-09-12T11:36:00.000000,36.3453255,18.572385166667,4,0,0,0,0,1
2024-09-12T11:37:00.000000,36.345399333333,18.567764666667,4,0,0,0,0,1
2024-09-12T11:38:00.000000,36.345500166667,18.563087666667,4,0,0,0,0,1
2024-09-12T11:39:00.000000,36.345914,18.558333333333,4,0,0,0,0,1
2024-09-12T11:40:00.000000,36.346518666667,18.553559333333,4,0,0,0,0,1
2024-09-12T11:41:00.000000,36.3471315,18.5487835,4,0,0,0,0,1
2024-09-12T11:42:00.000000,36.347728166667,18.543983666667,4,0,0,0,0,1
2024-09-12T11:43:00.000000,36.348389833333,18.5391975,4,0,0,0,0,1
2024-09-12T11:44:00.000000,36.348930666667,18.534411166667,4,0,0,0,0,1
2024-09-12T11:45:00.000000,36.349471666667,18.529617833333,4,0,0,0,0,1
2024-09-12T11:46:00.000000,36.349988333333,18.524801666667,4,0,0,0,0,1
2024-09-12T11:47:00.000000,36.350494333333,18.519971166667,4,0,0,0,0,1
2024-09-12T11:48:00.000000,36.351030833333,18.5151295,4,0,0,0,0,1
2024-09-12T11:49:00.000000,36.351554833333,18.510284,4,0,0,0,0,1
2024-09-12T11:50:00.000000,36.352131,18.505494666667,4,0,0,0,0,1
2024-09-12T11:51:00.000000,36.352654666667,18.500739166667,4,0,0,0,0,1
2024-09-12T11:52:00.000000,36.352949333333,18.495996666667,4,0,0,0,0,1
2024-09-12T11:53:00.000000,36.352952833333,18.491278166667,4,0,0,0,0,1
2024-09-12T11:54:00.000000,36.352762333333,18.486581,4,0,0,0,0,1
2024-09-12T11:55:00.000000,36.352503166667,18.4818875,4,0,0,0,0,1
2024-09-12T11:56:00.000000,36.352234,18.4771945,4,0,0,0,0,1
2024-09-12T11:57:00.000000,36.351920833333,18.472489166667,4,0,0,0,0,1
2024-09-12T11:58:00.000000,36.351617666667,18.467791166667,4,0,0,0,0,1
2024-09-12T11:59:00.000000,36.351315666667,18.46307,4,0,0,0,0,1
2024-09-12T12:00:00.000000,36.351034166667,18.458344333333,4,0,0,0,0,1
2024-09-12T12:01:00.000000,36.350747666667,18.4536285,4,0,0,0,0,1
2024-09-12T12:02:00.000000,36.350453333333,18.448916833333,4,0,0,0,0,1
2024-09-12T12:03:00.000000,36.350120166667,18.444197666667,4,0,0,0,0,1
2024-09-12T12:04:00.000000,36.349842833333,18.439493666667,4,0,0,0,0,1
2024-09-12T12:05:00.000000,36.349566833333,18.4348245,4,0,0,0,0,1
2024-09-12T12:06:00.000000,36.349258833333,18.430172,4,0,0,0,0,1
2024-09-12T12:07:00.000000,36.348912833333,18.425512666667,4,0,0,0,0,1
2024-09-12T12:08:00.000000,36.348602833333,18.420863,4,0,0,0,0,1
2024-09-12T12:09:00.000000,36.348193166667,18.416259833333,4,0,0,0,0,1
2024-09-12T12:10:00.000000,36.3479495,18.411647166667,4,0,0,0,0,1
2024-09-12T12:11:00.000000,36.3479485,18.407016,4,0,0,0,0,1
2024-09-12T12:12:00.000000,36.34791,18.402403833333,4,0,0,0,0,1
2024-09-12T12:13:00.000000,36.3478345,18.397767,4,0,0,0,0,1
2024-09-12T12:14:00.000000,36.347897666667,18.3931205,4,0,0,0,0,1
2024-09-12T12:15:00.000000,36.347951833333,18.388482333333,4,0,0,0,0,1
2024-09-12T12:16:00.000000,36.347892833333,18.383840833333,4,0,0,0,0,1
2024-09-12T12:17:00.000000,36.347919333333,18.379177833333,4,0,0,0,0,1
2024-09-12T12:18:00.000000,36.347906833333,18.374526666667,4,0,0,0,0,1
2024-09-12T12:19:00.000000,36.347895666667,18.36987,4,0,0,0,0,1
2024-09-12T12:20:00.000000,36.347868166667,18.365199666667,4,0,0,0,0,1
2024-09-12T12:21:00.000000,36.347898666667,18.360534666667,4,0,0,0,0,1
2024-09-12T12:22:00.000000,36.347927666667,18.355905666667,4,0,0,0,0,1
2024-09-12T12:23:00.000000,36.3479515,18.351302,4,0,0,0,0,1
2024-09-12T12:24:00.000000,36.347969166667,18.346690666667,4,0,0,0,0,1
2024-09-12T12:25:00.000000,36.348015666667,18.342072333333,4,0,0,0,0,1
2024-09-12T12:26:00.000000,36.348070166667,18.3374835,4,0,0,0,0,1
2024-09-12T12:27:00.000000,36.348055,18.332817833333,4,0,0,0,0,1
2024-09-12T12:28:00.000000,36.3480975,18.328225333333,4,0,0,0,0,1
2024-09-12T12:29:00.000000,36.348099166667,18.323623833333,4,0,0,0,0,1
2024-09-12T12:30:00.000000,36.348149666667,18.319008666667,4,0,0,0,0,1
2024-09-12T12:31:00.000000,36.348205333333,18.314418833333,4,0,0,0,0,1
2024-09-12T12:32:00.000000,36.3482085,18.309828666667,4,0,0,0,0,1
2024-09-12T12:33:00.000000,36.348236333333,18.305221,4,0,0,0,0,1
2024-09-12T12:34:00.000000,36.348275666667,18.300600833333,4,0,0,0,0,1
2024-09-12T12:35:00.000000,36.348296833333,18.295976,4,0,0,0,0,1
2024-09-12T12:36:00.000000,36.348313,18.291346833333,4,0,0,0,0,1
2024-09-12T12:37:00.000000,36.348331333333,18.286720333333,4,0,0,0,0,1
2024-09-12T12:38:00.000000,36.348400333333,18.28213,4,0,0,0,0,1
2024-09-12T12:39:00.000000,36.348434166667,18.2775475,4,0,0,0,0,1
2024-09-12T12:40:00.000000,36.348465333333,18.2729715,4,0,0,0,0,1
2024-09-12T12:41:00.000000,36.348506833333,18.268390333333,4,0,0,0,0,1
2024-09-12T12:42:00.000000,36.348544166667,18.263809833333,4,0,0,0,0,1
2024-09-12T12:43:00.000000,36.348571333333,18.259252833333,4,0,0,0,0,1
2024-09-12T12:44:00.000000,36.348638166667,18.2547035,4,0,0,0,0,1
2024-09-12T12:45:00.000000,36.348690166667,18.2501685,4,0,0,0,0,1
2024-09-12T12:46:00.000000,36.348683833333,18.245620666667,4,0,0,0,0,1
2024-09-12T12:47:00.000000,36.348670666667,18.2410505,4,0,0,0,0,1
2024-09-12T12:48:00.000000,36.3487075,18.2364945,4,0,0,0,0,1
2024-09-12T12:49:00.000000,36.348699666667,18.231965833333,4,0,0,0,0,1
2024-09-12T12:50:00.000000,36.348689333333,18.227425666667,4,0,0,0,0,1
2024-09-12T12:51:00.000000,36.348744666667,18.222864666667,4,0,0,0,0,1
2024-09-12T12:52:00.000000,36.348724333333,18.218313833333,4,0,0,0,0,1
2024-09-12T12:53:00.000000,36.3487585,18.213776,4,0,0,0,0,1
2024-09-12T12:54:00.000000,36.348765166667,18.209242833333,4,0,0,0,0,1
2024-09-12T12:55:00.000000,36.348758666667,18.204708,4,0,0,0,0,1
2024-09-12T12:56:00.000000,36.348770666667,18.2001545,4,0,0,0,0,1
2024-09-12T12:57:00.000000,36.348797333333,18.195617666667,4,0,0,0,0,1
2024-09-12T12:58:00.000000,36.348835166667,18.191106,4,0,0,0,0,1
2024-09-12T12:59:00.000000,36.348854,18.186618,4,0,0,0,0,1
2024-09-12T13:00:00.000000,36.348825333333,18.182126333333,4,0,0,0,0,1
2024-09-12T13:01:00.000000,36.348800166667,18.177616333333,4,0,0,0,0,1
2024-09-12T13:02:00.000000,36.3488125,18.173088,4,0,0,0,0,1
2024-09-12T13:03:00.000000,36.348822333333,18.168565166667,4,0,0,0,0,1
2024-09-12T13:04:00.000000,36.3488195,18.164034166667,4,0,0,0,0,1
2024-09-12T13:05:00.000000,36.348826833333,18.159493833333,4,0,0,0,0,1
2024-09-12T13:06:00.000000,36.3488605,18.155000166667,4,0,0,0,0,1
2024-09-12T13:07:00.000000,36.348877166667,18.150529333333,4,0,0,0,0,1
2024-09-12T13:08:00.000000,36.348886833333,18.146063,4,0,0,0,0,1
2024-09-12T13:09:00.000000,36.348915,18.141586,4,0,0,0,0,1
2024-09-12T13:10:00.000000,36.348952666667,18.137125833333,4,0,0,0,0,1
2024-09-12T13:11:00.000000,36.348980166667,18.1326565,4,0,0,0,0,1
2024-09-12T13:12:00.000000,36.349024,18.128191833333,4,0,0,0,0,1
2024-09-12T13:13:00.000000,36.349081833333,18.123746166667,4,0,0,0,0,1
2024-09-12T13:14:00.000000,36.349081166667,18.119309333333,4,0,0,0,0,1
2024-09-12T13:15:00.000000,36.349108333333,18.114855166667,4,0,0,0,0,1
2024-09-12T13:16:00.000000,36.349141166667,18.1103815,4,0,0,0,0,1
2024-09-12T13:17:00.000000,36.349177,18.105900166667,4,0,0,0,0,1
2024-09-12T13:18:00.000000,36.349201333333,18.101390833333,4,0,0,0,0,1
2024-09-12T13:19:00.000000,36.349192166667,18.096860833333,4,0,0,0,0,1
2024-09-12T13:20:00.000000,36.349197166667,18.092315333333,4,0,0,0,0,1
2024-09-12T13:21:00.000000,36.3492085,18.087776,4,0,0,0,0,1
2024-09-12T13:22:00.000000,36.349226333333,18.0832415,4,0,0,0,0,1
2024-09-12T13:23:00.000000,36.349258833333,18.078733333333,4,0,0,0,0,1
2024-09-12T13:24:00.000000,36.3492665,18.074234833333,4,0,0,0,0,1
2024-09-12T13:25:00.000000,36.349295333333,18.069730833333,4,0,0,0,0,1
2024-09-12T13:26:00.000000,36.349319333333,18.065272,4,0,0,0,0,1
2024-09-12T13:27:00.000000,36.349352666667,18.060851333333,4,0,0,0,0,1
2024-09-12T13:28:00.000000,36.3493735,18.056449,4,0,0,0,0,1
2024-09-12T13:29:00.000000,36.349431,18.052035,4,0,0,0,0,1
2024-09-12T13:30:00.000000,36.349474166667,18.047635666667,4,0,0,0,0,1
2024-09-12T13:31:00.000000,36.34952,18.043232,4,0,0,0,0,1
2024-09-12T13:32:00.000000,36.349601333333,18.038854833333,4,0,0,0,0,1
2024-09-12T13:33:00.000000,36.349631166667,18.034468333333,4,0,0,0,0,1
2024-09-12T13:34:00.000000,36.349642833333,18.0300585,4,0,0,0,0,1
2024-09-12T13:35:00.000000,36.349679833333,18.0256225,4,0,0,0,0,1
2024-09-12T13:36:00.000000,36.349703666667,18.021190166667,4,0,0,0,0,1
2024-09-12T13:37:00.000000,36.349736833333,18.016777166667,4,0,0,0,0,1
2024-09-12T13:38:00.000000,36.349751,18.012361666667,4,0,0,0,0,1
2024-09-12T13:39:00.000000,36.349748833333,18.007947833333,4,0,0,0,0,1
2024-09-12T13:40:00.000000,36.349748833333,18.003534666667,4,0,0,0,0,1
2024-09-12T13:41:00.000000,36.349744166667,17.999119,4,0,0,0,0,1
2024-09-12T13:42:00.000000,36.349775,17.994712333333,4,0,0,0,0,1
2024-09-12T13:43:00.000000,36.349758666667,17.99032,4,0,0,0,0,1
2024-09-12T13:44:00.000000,36.349724833333,17.985909166667,4,0,0,0,0,1
2024-09-12T13:45:00.000000,36.3496915,17.981469333333,4,0,0,0,0,1
2024-09-12T13:46:00.000000,36.349671333333,17.977028166667,4,0,0,0,0,1
2024-09-12T13:47:00.000000,36.349633833333,17.972561,4,0,0,0,0,1
2024-09-12T13:48:00.000000,36.349602833333,17.968074666667,4,0,0,0,0,1
2024-09-12T13:49:00.000000,36.349569666667,17.9635905,4,0,0,0,0,1
2024-09-12T13:50:00.000000,36.349536333333,17.959102833333,4,0,0,0,0,1
2024-09-12T13:51:00.000000,36.349476333333,17.954608833333,4,0,0,0,0,1
2024-09-12T13:52:00.000000,36.3494195,17.950100666667,4,0,0,0,0,1
2024-09-12T13:53:00.000000,36.3494025,17.9455955,4,0,0,0,0,1
2024-09-12T13:54:00.000000,36.349368666667,17.9410725,4,0,0,0,0,1
2024-09-12T13:55:00.000000,36.349363666667,17.936556666667,4,0,0,0,0,1
2024-09-12T13:56:00.000000,36.349336833333,17.932036333333,4,0,0,0,0,1
2024-09-12T13:57:00.000000,36.3492775,17.9275075,4,0,0,0,0,1
2024-09-12T13:58:00.000000,36.349227666667,17.9229625,4,0,0,0,0,1
2024-09-12T13:59:00.000000,36.3492065,17.918420666667,4,0,0,0,0,1
2024-09-12T14:00:00.000000,36.349158666667,17.913885166667,4,0,0,0,0,1
2024-09-12T14:01:00.000000,36.349110666667,17.9093405,4,0,0,0,0,1
2024-09-12T14:02:00.000000,36.349099833333,17.904807833333,4,0,0,0,0,1
2024-09-12T14:03:00.000000,36.3491,17.900287333333,4,0,0,0,0,1
2024-09-12T14:04:00.000000,36.349080333333,17.895769166667,4,0,0,0,0,1
2024-09-12T14:05:00.000000,36.349075666667,17.891257666667,4,0,0,0,0,1
2024-09-12T14:06:00.000000,36.349072333333,17.886760833333,4,0,0,0,0,1
2024-09-12T14:07:00.000000,36.349063,17.882263833333,4,0,0,0,0,1
2024-09-12T14:08:00.000000,36.3490505,17.877760833333,4,0,0,0,0,1
2024-09-12T14:09:00.000000,36.349078333333,17.873274833333,4,0,0,0,0,1
2024-09-12T14:10:00.000000,36.3490575,17.868803166667,4,0,0,0,0,1
2024-09-12T14:11:00.000000,36.349051,17.864322,4,0,0,0,0,1
2024-09-12T14:12:00.000000,36.349018333333,17.859832833333,4,0,0,0,0,1
2024-09-12T14:13:00.000000,36.348965666667,17.8553405,4,0,0,0,0,1
2024-09-12T14:14:00.000000,36.348907666667,17.8508505,4,0,0,0,0,1
2024-09-12T14:15:00.000000,36.348878,17.846379666667,4,0,0,0,0,1
2024-09-12T14:16:00.000000,36.348812,17.841923,4,0,0,0,0,1
2024-09-12T14:17:00.000000,36.3487875,17.837467166667,4,0,0,0,0,1
2024-09-12T14:18:00.000000,36.348760666667,17.8330355,4,0,0,0,0,1
2024-09-12T14:19:00.000000,36.348751,17.828615666667,4,0,0,0,0,1
2024-09-12T14:20:00.000000,36.348720333333,17.824193166667,4,0,0,0,0,1
2024-09-12T14:21:00.000000,36.348682833333,17.819755833333,4,0,0,0,0,1
2024-09-12T14:22:00.000000,36.348628833333,17.815304666667,4,0,0,0,0,1
2024-09-12T14:23:00.000000,36.3486015,17.8108485,4,0,0,0,0,1
2024-09-12T14:24:00.000000,36.348528833333,17.806396666667,4,0,0,0,0,1
2024-09-12T14:25:00.000000,36.348483333333,17.801955833333,4,0,0,0,0,1
2024-09-12T14:26:00.000000,36.348428333333,17.797545666667,4,0,0,0,0,1
2024-09-12T14:27:00.000000,36.348365333333,17.793138833333,4,0,0,0,0,1
2024-09-12T14:28:00.000000,36.348279166667,17.788745333333,4,0,0,0,0,1
2024-09-12T14:29:00.000000,36.34822,17.784355166667,4,0,0,0,0,1
2024-09-12T14:30:00.000000,36.34816,17.779966833333,4,0,0,0,0,1
2024-09-12T14:31:00.000000,36.348098,17.775583,4,0,0,0,0,1
2024-09-12T14:32:00.000000,36.3480065,17.771208666667,4,0,0,0,0,1
2024-09-12T14:33:00.000000,36.347955,17.766851333333,4,0,0,0,0,1
2024-09-12T14:34:00.000000,36.347877,17.762484,4,0,0,0,0,1
2024-09-12T14:35:00.000000,36.347795333333,17.758116833333,4,0,0,0,0,1
2024-09-12T14:36:00.000000,36.347704833333,17.7537385,4,0,0,0,0,1
2024-09-12T14:37:00.000000,36.347612333333,17.749338666667,4,0,0,0,0,1
2024-09-12T14:38:00.000000,36.347530166667,17.744934166667,4,0,0,0,0,1
2024-09-12T14:39:00.000000,36.347446833333,17.740512,4,0,0,0,0,1
2024-09-12T14:40:00.000000,36.347363333333,17.736063333333,4,0,0,0,0,1
2024-09-12T14:41:00.000000,36.347265333333,17.731599,4,0,0,0,0,1
2024-09-12T14:42:00.000000,36.347182,17.727134166667,4,0,0,0,0,1
2024-09-12T14:43:00.000000,36.347133333333,17.722681666667,4,0,0,0,0,1
2024-09-12T14:44:00.000000,36.347058333333,17.718228666667,4,0,0,0,0,1
2024-09-12T14:45:00.000000,36.346978166667,17.713791666667,4,0,0,0,0,1
2024-09-12T14:46:00.000000,36.3469045,17.7093805,4,0,0,0,0,1
2024-09-12T14:47:00.000000,36.346824333333,17.704968333333,4,0,0,0,0,1
2024-09-12T14:48:00.000000,36.346751166667,17.700572666667,4,0,0,0,0,1
2024-09-12T14:49:00.000000,36.346694833333,17.696182333333,4,0,0,0,0,1
2024-09-12T14:50:00.000000,36.346588666667,17.691792833333,4,0,0,0,0,1
2024-09-12T14:51:00.000000,36.346507833333,17.687403333333,4,0,0,0,0,1
2024-09-12T14:52:00.000000,36.346424333333,17.683041333333,4,0,0,0,0,1
2024-09-12T14:53:00.000000,36.346333666667,17.678692333333,4,0,0,0,0,1
2024-09-12T14:54:00.000000,36.346253666667,17.674331166667,4,0,0,0,0,1
2024-09-12T14:55:00.000000,36.346203,17.669968166667,4,0,0,0,0,1
2024-09-12T14:56:00.000000,36.346149,17.665615,4,0,0,0,0,1
2024-09-12T14:57:00.000000,36.346089666667,17.661256333333,4,0,0,0,0,1
2024-09-12T14:58:00.000000,36.3460245,17.6569075,4,0,0,0,0,1
2024-09-12T14:59:00.000000,36.3459185,17.652531833333,4,0,0,0,0,1
2024-09-12T15:00:00.000000,36.345798333333,17.648138833333,4,0,0,0,0,1
2024-09-12T15:01:00.000000,36.345730666667,17.643741,4,0,0,0,0,1
2024-09-12T15:02:00.000000,36.3456535,17.639335666667,4,0,0,0,0,1
2024-09-12T15:03:00.000000,36.345777666667,17.634907,4,0,0,0,0,1
2024-09-12T15:04:00.000000,36.345958666667,17.630472666667,4,0,0,0,0,1
2024-09-12T15:05:00.000000,36.3461665,17.626045833333,4,0,0,0,0,1
2024-09-12T15:06:00.000000,36.346369,17.621618666667,4,0,0,0,0,1
2024-09-12T15:07:00.000000,36.346549833333,17.6172085,4,0,0,0,0,1
2024-09-12T15:08:00.000000,36.346735166667,17.612807833333,4,0,0,0,0,1
2024-09-12T15:09:00.000000,36.3469325,17.608415,4,0,0,0,0,1
2024-09-12T15:10:00.000000,36.347098166667,17.6040215,4,0,0,0,0,1
2024-09-12T15:11:00.000000,36.347286,17.5996295,4,0,0,0,0,1
2024-09-12T15:12:00.000000,36.347472333333,17.5952555,4,0,0,0,0,1
2024-09-12T15:13:00.000000,36.347678833333,17.590878666667,4,0,0,0,0,1
2024-09-12T15:14:00.000000,36.3478685,17.586506833333,4,0,0,0,0,1
2024-09-12T15:15:00.000000,36.34805,17.582131166667,4,0,0,0,0,1
2024-09-12T15:16:00.000000,36.348250666667,17.577753833333,4,0,0,0,0,1
2024-09-12T15:17:00.000000,36.348470666667,17.573376333333,4,0,0,0,0,1
2024-09-12T15:18:00.000000,36.348669333333,17.569013333333,4,0,0,0,0,1
2024-09-12T15:19:00.000000,36.348864166667,17.564632666667,4,0,0,0,0,1
2024-09-12T15:20:00.000000,36.349089833333,17.560242666667,4,0,0,0,0,1
2024-09-12T15:21:00.000000,36.3493175,17.555837166667,4,0,0,0,0,1
2024-09-12T15:22:00.000000,36.3495505,17.5514175,4,0,0,0,0,1
2024-09-12T15:23:00.000000,36.349779833333,17.546982666667,4,0,0,0,0,1
2024-09-12T15:24:00.000000,36.349999,17.542549833333,4,0,0,0,0,1
2024-09-12T15:25:00.000000,36.350213833333,17.538133166667,4,0,0,0,0,1
2024-09-12T15:26:00.000000,36.350420666667,17.5337195,4,0,0,0,0,1
2024-09-12T15:27:00.000000,36.350573833333,17.529294,4,0,0,0,0,1
2024-09-12T15:28:00.000000,36.350743166667,17.524847833333,4,0,0,0,0,1
2024-09-12T15:29:00.000000,36.350923166667,17.520411166667,4,0,0,0,0,1
2024-09-12T15:30:00.000000,36.351099166667,17.515991,4,0,0,0,0,1
2024-09-12T15:31:00.000000,36.351257,17.511568666667,4,0,0,0,0,1
2024-09-12T15:32:00.000000,36.351449833333,17.507151333333,4,0,0,0,0,1
2024-09-12T15:33:00.000000,36.351635333333,17.5027385,4,0,0,0,0,1
2024-09-12T15:34:00.000000,36.3518305,17.498330833333,4,0,0,0,0,1
2024-09-12T15:35:00.000000,36.35191,17.493941333333,4,0,0,0,0,1
2024-09-12T15:36:00.000000,36.351923166667,17.489573833333,4,0,0,0,0,1
2024-09-12T15:37:00.000000,36.351859,17.485196666667,4,0,0,0,0,1
2024-09-12T15:38:00.000000,36.351816666667,17.480803,4,0,0,0,0,1
2024-09-12T15:39:00.000000,36.351793666667,17.476404833333,4,0,0,0,0,1
2024-09-12T15:40:00.000000,36.351771666667,17.472005,4,0,0,0,0,1
2024-09-12T15:41:00.000000,36.351736666667,17.467607333333,4,0,0,0,0,1
2024-09-12T15:42:00.000000,36.351705666667,17.463205333333,4,0,0,0,0,1
2024-09-12T15:43:00.000000,36.351682,17.458815333333,4,0,0,0,0,1
2024-09-12T15:44:00.000000,36.351631333333,17.454432,4,0,0,0,0,1
2024-09-12T15:45:00.000000,36.351607166667,17.450044833333,4,0,0,0,0,1
2024-09-12T15:46:00.000000,36.351586333333,17.4456595,4,0,0,0,0,1
2024-09-12T15:47:00.000000,36.351580833333,17.441278666667,4,0,0,0,0,1
2024-09-12T15:48:00.000000,36.351560833333,17.436905,4,0,0,0,0,1
2024-09-12T15:49:00.000000,36.3515705,17.432522333333,4,0,0,0,0,1
2024-09-12T15:50:00.000000,36.351560333333,17.428129,4,0,0,0,0,1
2024-09-12T15:51:00.000000,36.351527,17.423731833333,4,0,0,0,0,1
2024-09-12T15:52:00.000000,36.351519666667,17.419323333333,4,0,0,0,0,1
2024-09-12T15:53:00.000000,36.351518833333,17.414909,4,0,0,0,0,1
2024-09-12T15:54:00.000000,36.351515666667,17.410491666667,4,0,0,0,0,1
2024-09-12T15:55:00.000000,36.351521166667,17.406067166667,4,0,0,0,0,1
2024-09-12T15:56:00.000000,36.351510833333,17.4016535,4,0,0,0,0,1
2024-09-12T15:57:00.000000,36.351515333333,17.39723,4,0,0,0,0,1
2024-09-12T15:58:00.000000,36.351516,17.392809,4,0,0,0,0,1
2024-09-12T15:59:00.000000,36.351531833333,17.388412833333,4,0,0,0,0,1
2024-09-12T16:00:00.000000,36.351531333333,17.3840115,4,0,0,0,0,1
2024-09-12T16:01:00.000000,36.351534166667,17.379602333333,4,0,0,0,0,1
2024-09-12T16:02:00.000000,36.351515166667,17.375192333333,4,0,0,0,0,1
2024-09-12T16:03:00.000000,36.351459,17.370784833333,4,0,0,0,0,1
2024-09-12T16:04:00.000000,36.351377333333,17.3663785,4,0,0,0,0,1
2024-09-12T16:05:00.000000,36.351310166667,17.361976333333,4,0,0,0,0,1
2024-09-12T16:06:00.000000,36.351263,17.357584833333,4,0,0,0,0,1
2024-09-12T16:07:00.000000,36.351227833333,17.3532015,4,0,0,0,0,1
2024-09-12T16:08:00.000000,36.351182666667,17.348821333333,4,0,0,0,0,1
2024-09-12T16:09:00.000000,36.3511345,17.344436833333,4,0,0,0,0,1
2024-09-12T16:10:00.000000,36.351077333333,17.340045333333,4,0,0,0,0,1
2024-09-12T16:11:00.000000,36.3510155,17.335645333333,4,0,0,0,0,1
2024-09-12T16:12:00.000000,36.350923,17.3312505,4,0,0,0,0,1
2024-09-12T16:13:00.000000,36.350846333333,17.326858166667,4,0,0,0,0,1
2024-09-12T16:14:00.000000,36.350772,17.322466,4,0,0,0,0,1
2024-09-12T16:15:00.000000,36.350681666667,17.3181025,4,0,0,0,0,1
2024-09-12T16:16:00.000000,36.350596,17.313736666667,4,0,0,0,0,1
2024-09-12T16:17:00.000000,36.350532166667,17.309372833333,4,0,0,0,0,1
2024-09-12T16:18:00.000000,36.350449,17.305025,4,0,0,0,0,1
2024-09-12T16:19:00.000000,36.350376,17.300677166667,4,0,0,0,0,1
2024-09-12T16:20:00.000000,36.350315333333,17.296328333333,4,0,0,0,0,1
2024-09-12T16:21:00.000000,36.3502455,17.2919765,4,0,0,0,0,1
2024-09-12T16:22:00.000000,36.3501695,17.287621666667,4,0,0,0,0,1
2024-09-12T16:23:00.000000,36.350104333333,17.283247333333,4,0,0,0,0,1
2024-09-12T16:24:00.000000,36.350047,17.278848666667,4,0,0,0,0,1
2024-09-12T16:25:00.000000,36.349985333333,17.2743765,4,0,0,0,0,1
2024-09-12T16:26:00.000000,36.349929166667,17.269986,4,0,0,0,0,1
2024-09-12T16:27:00.000000,36.349830333333,17.2656005,4,0,0,0,0,1
2024-09-12T16:28:00.000000,36.349758,17.261210833333,4,0,0,0,0,1
2024-09-12T16:29:00.000000,36.349703166667,17.256829833333,4,0,0,0,0,1
2024-09-12T16:30:00.000000,36.349643666667,17.252463666667,4,0,0,0,0,1
2024-09-12T16:31:00.000000,36.349567833333,17.248076833333,4,0,0,0,0,1
2024-09-12T16:32:00.000000,36.349495666667,17.243690833333,4,0,0,0,0,1
2024-09-12T16:33:00.000000,36.349406833333,17.239296333333,4,0,0,0,0,1
2024-09-12T16:34:00.000000,36.349306333333,17.234888833333,4,0,0,0,0,1
2024-09-12T16:35:00.000000,36.349208333333,17.2304615,4,0,0,0,0,1
2024-09-12T16:36:00.000000,36.349094333333,17.226034666667,4,0,0,0,0,1
2024-09-12T16:37:00.000000,36.348969833333,17.22161,4,0,0,0,0,1
2024-09-12T16:38:00.000000,36.348851833333,17.217187166667,4,0,0,0,0,1
2024-09-12T16:39:00.000000,36.348759,17.212767,4,0,0,0,0,1
2024-09-12T16:40:00.000000,36.348663,17.208339,4,0,0,0,0,1
2024-09-12T16:41:00.000000,36.3485485,17.203904666667,4,0,0,0,0,1
2024-09-12T16:42:00.000000,36.3484425,17.1994725,4,0,0,0,0,1
2024-09-12T16:43:00.000000,36.348341833333,17.195052333333,4,0,0,0,0,1
2024-09-12T16:44:00.000000,36.348265833333,17.1906245,4,0,0,0,0,1
2024-09-12T16:45:00.000000,36.348174833333,17.186198,4,0,0,0,0,1
2024-09-12T16:46:00.000000,36.348093666667,17.181774,4,0,0,0,0,1
2024-09-12T16:47:00.000000,36.348019666667,17.1773525,4,0,0,0,0,1
2024-09-12T16:48:00.000000,36.347928833333,17.172911333333,4,0,0,0,0,1
2024-09-12T16:49:00.000000,36.347858833333,17.168447166667,4,0,0,0,0,1
2024-09-12T16:50:00.000000,36.3477575,17.163990333333,4,0,0,0,0,1
2024-09-12T16:51:00.000000,36.347634333333,17.159551833333,4,0,0,0,0,1
2024-09-12T16:52:00.000000,36.3474925,17.155123333333,4,0,0,0,0,1
2024-09-12T16:53:00.000000,36.347332666667,17.1507015,4,0,0,0,0,1
2024-09-12T16:54:00.000000,36.3471405,17.1462915,4,0,0,0,0,1
2024-09-12T16:55:00.000000,36.346962166667,17.141886833333,4,0,0,0,0,1
2024-09-12T16:56:00.000000,36.346792666667,17.137482666667,4,0,0,0,0,1
2024-09-12T16:57:00.000000,36.346631,17.133081,4,0,0,0,0,1
2024-09-12T16:58:00.000000,36.3464585,17.1286695,4,0,0,0,0,1
2024-09-12T16:59:00.000000,36.346288,17.124254666667,4,0,0,0,0,1
2024-09-12T17:00:00.000000,36.346111333333,17.119866666667,4,0,0,0,0,1
2024-09-12T17:01:00.000000,36.345934,17.115495,4,0,0,0,0,1
2024-09-12T17:02:00.000000,36.345764166667,17.111143333333,4,0,0,0,0,1
2024-09-12T17:03:00.000000,36.345603666667,17.106798166667,4,0,0,0,0,1
2024-09-12T17:04:00.000000,36.345444833333,17.1024395,4,0,0,0,0,1
2024-09-12T17:05:00.000000,36.345271333333,17.098066666667,4,0,0,0,0,1
2024-09-12T17:06:00.000000,36.3451005,17.0936945,4,0,0,0,0,1
2024-09-12T17:07:00.000000,36.344928666667,17.089305333333,4,0,0,0,0,1
2024-09-12T17:08:00.000000,36.344761333333,17.084897833333,4,0,0,0,0,1
2024-09-12T17:09:00.000000,36.344598333333,17.080508,4,0,0,0,0,1
2024-09-12T17:10:00.000000,36.344432666667,17.076130666667,4,0,0,0,0,1
2024-09-12T17:11:00.000000,36.3442835,17.071766833333,4,0,0,0,0,1
2024-09-12T17:12:00.000000,36.344121333333,17.067393166667,4,0,0,0,0,1
2024-09-12T17:13:00.000000,36.343975833333,17.063023833333,4,0,0,0,0,1
2024-09-12T17:14:00.000000,36.343827833333,17.058653333333,4,0,0,0,0,1
2024-09-12T17:15:00.000000,36.343667,17.054275166667,4,0,0,0,0,1
2024-09-12T17:16:00.000000,36.343512833333,17.049904166667,4,0,0,0,0,1
2024-09-12T17:17:00.000000,36.343352666667,17.045541166667,4,0,0,0,0,1
2024-09-12T17:18:00.000000,36.343213833333,17.041188333333,4,0,0,0,0,1
2024-09-12T17:19:00.000000,36.343057833333,17.0368355,4,0,0,0,0,1
2024-09-12T17:20:00.000000,36.342915666667,17.03248,4,0,0,0,0,1
2024-09-12T17:21:00.000000,36.342763,17.028117,4,0,0,0,0,1
2024-09-12T17:22:00.000000,36.342619166667,17.0237285,4,0,0,0,0,1
2024-09-12T17:23:00.000000,36.342467166667,17.019331333333,4,0,0,0,0,1
2024-09-12T17:24:00.000000,36.342307,17.014919833333,4,0,0,0,0,1
2024-09-12T17:25:00.000000,36.3421505,17.010470833333,4,0,0,0,0,1
2024-09-12T17:26:00.000000,36.342006,17.006007166667,4,0,0,0,0,1
2024-09-12T17:27:00.000000,36.341858,17.001544333333,4,0,0,0,0,1
2024-09-12T17:28:00.000000,36.341699,16.997056833333,4,0,0,0,0,1
2024-09-12T17:29:00.000000,36.341529333333,16.992571833333,4,0,0,0,0,1
2024-09-12T17:30:00.000000,36.341343,16.988092666667,4,0,0,0,0,1
2024-09-12T17:31:00.000000,36.341103166667,16.983641333333,4,0,0,0,0,1
2024-09-12T17:32:00.000000,36.340856666667,16.979205,4,0,0,0,0,1
2024-09-12T17:33:00.000000,36.3406475,16.974773166667,4,0,0,0,0,1
2024-09-12T17:34:00.000000,36.340411666667,16.970365333333,4,0,0,0,0,1
2024-09-12T17:35:00.000000,36.340294666667,16.965951833333,4,0,0,0,0,1
2024-09-12T17:36:00.000000,36.340188833333,16.961545833333,4,0,0,0,0,1
2024-09-12T17:37:00.000000,36.340077666667,16.957161833333,4,0,0,0,0,1
2024-09-12T17:38:00.000000,36.33999,16.952788166667,4,0,0,0,0,1
2024-09-12T17:39:00.000000,36.339909,16.94842,4,0,0,0,0,1
2024-09-12T17:40:00.000000,36.3398305,16.944060666667,4,0,0,0,0,1
2024-09-12T17:41:00.000000,36.33977,16.939685333333,4,0,0,0,0,1
2024-09-12T17:42:00.000000,36.339752166667,16.935302166667,4,0,0,0,0,1
2024-09-12T17:43:00.000000,36.339710833333,16.930917166667,4,0,0,0,0,1
2024-09-12T17:44:00.000000,36.339653833333,16.926522166667,4,0,0,0,0,1
2024-09-12T17:45:00.000000,36.3396065,16.922111,4,0,0,0,0,1
2024-09-12T17:46:00.000000,36.339630166667,16.917703,4,0,0,0,0,1
2024-09-12T17:47:00.000000,36.339645833333,16.9132995,4,0,0,0,0,1
2024-09-12T17:48:00.000000,36.339669166667,16.908868833333,4,0,0,0,0,1
2024-09-12T17:49:00.000000,36.33968,16.904451,4,0,0,0,0,1
2024-09-12T17:50:00.000000,36.339705833333,16.900028833333,4,0,0,0,0,1
2024-09-12T17:51:00.000000,36.339715666667,16.8955975,4,0,0,0,0,1
2024-09-12T17:52:00.000000,36.339706166667,16.891151833333,4,0,0,0,0,1
2024-09-12T17:53:00.000000,36.339662833333,16.886677166667,4,0,0,0,0,1
2024-09-12T17:54:00.000000,36.339582666667,16.8822025,4,0,0,0,0,1
2024-09-12T17:55:00.000000,36.339486333333,16.8777365,4,0,0,0,0,1
2024-09-12T17:56:00.000000,36.339366,16.8732635,4,0,0,0,0,1
2024-09-12T17:57:00.000000,36.339242666667,16.8687925,4,0,0,0,0,1
2024-09-12T17:58:00.000000,36.339122833333,16.864326666667,4,0,0,0,0,1
2024-09-12T17:59:00.000000,36.3389745,16.859895666667,4,0,0,0,0,1
2024-09-12T18:00:00.000000,36.338832333333,16.855473833333,4,0,0,0,0,1
2024-09-12T18:01:00.000000,36.338701333333,16.851045666667,4,0,0,0,0,1
2024-09-12T18:02:00.000000,36.338572166667,16.846604,4,0,0,0,0,1
2024-09-12T18:03:00.000000,36.338434666667,16.842165166667,4,0,0,0,0,1
2024-09-12T18:04:00.000000,36.338308166667,16.837724833333,4,0,0,0,0,1
2024-09-12T18:05:00.000000,36.3381675,16.833296333333,4,0,0,0,0,1
2024-09-12T18:06:00.000000,36.338031833333,16.828873666667,4,0,0,0,0,1
2024-09-12T18:07:00.000000,36.337896333333,16.824472833333,4,0,0,0,0,1
2024-09-12T18:08:00.000000,36.337764,16.820110333333,4,0,0,0,0,1
2024-09-12T18:09:00.000000,36.337630166667,16.815757,4,0,0,0,0,1
2024-09-12T18:10:00.000000,36.3375095,16.811394166667,4,0,0,0,0,1
2024-09-12T18:11:00.000000,36.337399166667,16.807042,4,0,0,0,0,1
2024-09-12T18:12:00.000000,36.337291833333,16.8026865,4,0,0,0,0,1
2024-09-12T18:13:00.000000,36.337175333333,16.798337166667,4,0,0,0,0,1
2024-09-12T18:14:00.000000,36.337066666667,16.793975,4,0,0,0,0,1
2024-09-12T18:15:00.000000,36.336958666667,16.7896045,4,0,0,0,0,1
2024-09-12T18:16:00.000000,36.3368505,16.785221666667,4,0,0,0,0,1
2024-09-12T18:17:00.000000,36.3367595,16.780838833333,4,0,0,0,0,1
2024-09-12T18:18:00.000000,36.336681,16.776474333333,4,0,0,0,0,1
2024-09-12T18:19:00.000000,36.336577833333,16.772134333333,4,0,0,0,0,1
2024-09-12T18:20:00.000000,36.336509,16.7678015,4,0,0,0,0,1
2024-09-12T18:21:00.000000,36.336450666667,16.7634755,4,0,0,0,0,1
2024-09-12T18:22:00.000000,36.336367333333,16.759147166667,4,0,0,0,0,1
2024-09-12T18:23:00.000000,36.336332333333,16.754807666667,4,0,0,0,0,1
2024-09-12T18:24:00.000000,36.336333666667,16.750475833333,4,0,0,0,0,1
2024-09-12T18:25:00.000000,36.3363115,16.74614,4,0,0,0,0,1
2024-09-12T18:26:00.000000,36.336293,16.741811,4,0,0,0,0,1
2024-09-12T18:27:00.000000,36.336249333333,16.737510666667,4,0,0,0,0,1
2024-09-12T18:28:00.000000,36.3362225,16.733242333333,4,0,0,0,0,1
2024-09-12T18:29:00.000000,36.336175333333,16.728966,4,0,0,0,0,1
2024-09-12T18:30:00.000000,36.336120666667,16.724684333333,4,0,0,0,0,1
2024-09-12T18:31:00.000000,36.336087333333,16.720409166667,4,0,0,0,0,1
2024-09-12T18:32:00.000000,36.3360355,16.716136,4,0,0,0,0,1
2024-09-12T18:33:00.000000,36.3359875,16.711859833333,4,0,0,0,0,1
2024-09-12T18:34:00.000000,36.3359415,16.707580666667,4,0,0,0,0,1
2024-09-12T18:35:00.000000,36.3358795,16.703217166667,4,0,0,0,0,1
2024-09-12T18:36:00.000000,36.335832166667,16.698905,4,0,0,0,0,1
2024-09-12T18:37:00.000000,36.335778333333,16.694572666667,4,0,0,0,0,1
2024-09-12T18:38:00.000000,36.335750666667,16.690243,4,0,0,0,0,1
2024-09-12T18:39:00.000000,36.335721166667,16.685976166667,4,0,0,0,0,1
2024-09-12T18:40:00.000000,36.335708166667,16.681632833333,4,0,0,0,0,1
2024-09-12T18:41:00.000000,36.335707166667,16.677238166667,4,0,0,0,0,1
2024-09-12T18:42:00.000000,36.3357025,16.672926666667,4,0,0,0,0,1
2024-09-12T18:43:00.000000,36.335678333333,16.668620333333,4,0,0,0,0,1
2024-09-12T18:44:00.000000,36.335641833333,16.664323333333,4,0,0,0,0,1
2024-09-12T18:45:00.000000,36.335617333333,16.660022166667,4,0,0,0,0,1
2024-09-12T18:46:00.000000,36.335593,16.655732,4,0,0,0,0,1
2024-09-12T18:47:00.000000,36.335559166667,16.651434166667,4,0,0,0,0,1
2024-09-12T18:48:00.000000,36.335521333333,16.6471265,4,0,0,0,0,1
2024-09-12T18:49:00.000000,36.335507666667,16.642811166667,4,0,0,0,0,1
2024-09-12T18:50:00.000000,36.335496666667,16.6385055,4,0,0,0,0,1
2024-09-12T18:51:00.000000,36.3354985,16.6342195,4,0,0,0,0,1
2024-09-12T18:52:00.000000,36.335516666667,16.629942,4,0,0,0,0,1
2024-09-12T18:53:00.000000,36.335546333333,16.625674833333,4,0,0,0,0,1
2024-09-12T18:54:00.000000,36.335569666667,16.6214045,4,0,0,0,0,1
2024-09-12T18:55:00.000000,36.335645833333,16.6171125,4,0,0,0,0,1
2024-09-12T18:56:00.000000,36.335752166667,16.612821,4,0,0,0,0,1
2024-09-12T18:57:00.000000,36.335826166667,16.608532666667,4,0,0,0,0,1
2024-09-12T18:58:00.000000,36.335901166667,16.604235833333,4,0,0,0,0,1
2024-09-12T18:59:00.000000,36.33598,16.5999375,4,0,0,0,0,1
2024-09-12T19:00:00.000000,36.336053166667,16.595653833333,4,0,0,0,0,1
2024-09-12T19:01:00.000000,36.336129666667,16.591381166667,4,0,0,0,0,1
2024-09-12T19:02:00.000000,36.3361875,16.587093,4,0,0,0,0,1
2024-09-12T19:03:00.000000,36.336265166667,16.582781,4,0,0,0,0,1
2024-09-12T19:04:00.000000,36.336322,16.578455166667,4,0,0,0,0,1
2024-09-12T19:05:00.000000,36.336385333333,16.574112833333,4,0,0,0,0,1
2024-09-12T19:06:00.000000,36.336441333333,16.569797833333,4,0,0,0,0,1
2024-09-12T19:07:00.000000,36.336490166667,16.565510166667,4,0,0,0,0,1
2024-09-12T19:08:00.000000,36.336539333333,16.561237333333,4,0,0,0,0,1
2024-09-12T19:09:00.000000,36.336579333333,16.556968333333,4,0,0,0,0,1
2024-09-12T19:10:00.000000,36.336591833333,16.552708833333,4,0,0,0,0,1
2024-09-12T19:11:00.000000,36.336593333333,16.548445666667,4,0,0,0,0,1
2024-09-12T19:12:00.000000,36.3365835,16.544176,4,0,0,0,0,1
2024-09-12T19:13:00.000000,36.336591666667,16.5399345,4,0,0,0,0,1
2024-09-12T19:14:00.000000,36.336603166667,16.535704833333,4,0,0,0,0,1
2024-09-12T19:15:00.000000,36.336613333333,16.531487333333,4,0,0,0,0,1
2024-09-12T19:16:00.000000,36.336636,16.527278,4,0,0,0,0,1
2024-09-12T19:17:00.000000,36.336657666667,16.523069166667,4,0,0,0,0,1
2024-09-12T19:18:00.000000,36.336687833333,16.518858833333,4,0,0,0,0,1
2024-09-12T19:19:00.000000,36.336721,16.514638833333,4,0,0,0,0,1
2024-09-12T19:20:00.000000,36.336765666667,16.510414666667,4,0,0,0,0,1
2024-09-12T19:21:00.000000,36.336814666667,16.5061775,4,0,0,0,0,1
2024-09-12T19:22:00.000000,36.336849666667,16.501943166667,4,0,0,0,0,1
2024-09-12T19:23:00.000000,36.336906166667,16.497704,4,0,0,0,0,1
2024-09-12T19:24:00.000000,36.336947333333,16.493438,4,0,0,0,0,1
2024-09-12T19:25:00.000000,36.3369875,16.489165333333,4,0,0,0,0,1
2024-09-12T19:26:00.000000,36.3370095,16.484896333333,4,0,0,0,0,1
2024-09-12T19:27:00.000000,36.337053166667,16.480639666667,4,0,0,0,0,1
2024-09-12T19:28:00.000000,36.337099333333,16.4763865,4,0,0,0,0,1
2024-09-12T19:29:00.000000,36.3371445,16.4721415,4,0,0,0,0,1
2024-09-12T19:30:00.000000,36.337163333333,16.467906666667,4,0,0,0,0,1
2024-09-12T19:31:00.000000,36.337201833333,16.463657833333,4,0,0,0,0,1
2024-09-12T19:32:00.000000,36.337270666667,16.4594195,4,0,0,0,0,1
2024-09-12T19:33:00.000000,36.337307666667,16.455191333333,4,0,0,0,0,1
2024-09-12T19:34:00.000000,36.337352166667,16.450949666667,4,0,0,0,0,1
2024-09-12T19:35:00.000000,36.337407833333,16.44671,4,0,0,0,0,1
2024-09-12T19:36:00.000000,36.3374695,16.442455333333,4,0,0,0,0,1
2024-09-12T19:37:00.000000,36.337513166667,16.438185166667,4,0,0,0,0,1
2024-09-12T19:38:00.000000,36.337561833333,16.433898833333,4,0,0,0,0,1
2024-09-12T19:39:00.000000,36.337625,16.429599833333,4,0,0,0,0,1
2024-09-12T19:40:00.000000,36.337666166667,16.425311833333,4,0,0,0,0,1
2024-09-12T19:41:00.000000,36.3377365,16.421037833333,4,0,0,0,0,1
2024-09-12T19:42:00.000000,36.337796333333,16.416785,4,0,0,0,0,1
2024-09-12T19:43:00.000000,36.3378605,16.412532833333,4,0,0,0,0,1
2024-09-12T19:44:00.000000,36.337926,16.408291,4,0,0,0,0,1
2024-09-12T19:45:00.000000,36.337984166667,16.404053333333,4,0,0,0,0,1
2024-09-12T19:46:00.000000,36.338055166667,16.3998145,4,0,0,0,0,1
2024-09-12T19:47:00.000000,36.338107333333,16.395576833333,4,0,0,0,0,1
2024-09-12T19:48:00.000000,36.338161166667,16.391333833333,4,0,0,0,0,1
2024-09-12T19:49:00.000000,36.338244333333,16.3870935,4,0,0,0,0,1
2024-09-12T19:50:00.000000,36.338345666667,16.382871333333,4,0,0,0,0,1
2024-09-12T19:51:00.000000,36.338431333333,16.378674,4,0,0,0,0,1
2024-09-12T19:52:00.000000,36.338512166667,16.374464666667,4,0,0,0,0,1
2024-09-12T19:53:00.000000,36.338605166667,16.3702405,4,0,0,0,0,1
2024-09-12T19:54:00.000000,36.338653666667,16.366002833333,4,0,0,0,0,1
2024-09-12T19:55:00.000000,36.338686166667,16.3617585,4,0,0,0,0,1
2024-09-12T19:56:00.000000,36.338732,16.3575075,4,0,0,0,0,1
2024-09-12T19:57:00.000000,36.3387705,16.353255166667,4,0,0,0,0,1
2024-09-12T19:58:00.000000,36.338890666667,16.349006166667,4,0,0,0,0,1
2024-09-12T19:59:00.000000,36.339044333333,16.344762833333,4,0,0,0,0,1
2024-09-12T20:00:00.000000,36.3391805,16.340529833333,4,0,0,0,0,1
2024-09-12T20:01:00.000000,36.339303833333,16.336288333333,4,0,0,0,0,1
2024-09-12T20:02:00.000000,36.339419,16.332032666667,4,0,0,0,0,1
2024-09-12T20:03:00.000000,36.3395415,16.327779,4,0,0,0,0,1
2024-09-12T20:04:00.000000,36.339656166667,16.323532333333,4,0,0,0,0,1
2024-09-12T20:05:00.000000,36.339761333333,16.319289166667,4,0,0,0,0,1
2024-09-12T20:06:00.000000,36.339858333333,16.315048333333,4,0,0,0,0,1
2024-09-12T20:07:00.000000,36.339932333333,16.3108185,4,0,0,0,0,1
2024-09-12T20:08:00.000000,36.340015333333,16.306592333333,4,0,0,0,0,1
2024-09-12T20:09:00.000000,36.3401075,16.302355666667,4,0,0,0,0,1
2024-09-12T20:10:00.000000,36.3401805,16.298116,4,0,0,0,0,1
2024-09-12T20:11:00.000000,36.340256833333,16.293847333333,4,0,0,0,0,1
2024-09-12T20:12:00.000000,36.340357666667,16.289565666667,4,0,0,0,0,1
2024-09-12T20:13:00.000000,36.3404605,16.285280333333,4,0,0,0,0,1
2024-09-12T20:14:00.000000,36.3405705,16.280973333333,4,0,0,0,0,1
2024-09-12T20:15:00.000000,36.340691833333,16.276656333333,4,0,0,0,0,1
2024-09-12T20:16:00.000000,36.3408155,16.272330833333,4,0,0,0,0,1
2024-09-12T20:17:00.000000,36.340945166667,16.268010166667,4,0,0,0,0,1
2024-09-12T20:18:00.000000,36.341096833333,16.263682333333,4,0,0,0,0,1
2024-09-12T20:19:00.000000,36.341335666667,16.259341,4,0,0,0,0,1
2024-09-12T20:20:00.000000,36.341625166667,16.2550065,4,0,0,0,0,1
2024-09-12T20:21:00.000000,36.341924333333,16.2506755,4,0,0,0,0,1
2024-09-12T20:22:00.000000,36.342233,16.246350666667,4,0,0,0,0,1
2024-09-12T20:23:00.000000,36.342536833333,16.242018833333,4,0,0,0,0,1
2024-09-12T20:24:00.000000,36.342826833333,16.2376885,4,0,0,0,0,1
2024-09-12T20:25:00.000000,36.343122166667,16.2333655,4,0,0,0,0,1
2024-09-12T20:26:00.000000,36.3434185,16.2290415,4,0,0,0,0,1
2024-09-12T20:27:00.000000,36.343718333333,16.224719,4,0,0,0,0,1
2024-09-12T20:28:00.000000,36.344003666667,16.220380666667,4,0,0,0,0,1
2024-09-12T20:29:00.000000,36.344283833333,16.216043333333,4,0,0,0,0,1
2024-09-12T20:30:00.000000,36.3445665,16.211717666667,4,0,0,0,0,1
2024-09-12T20:31:00.000000,36.344853833333,16.207396666667,4,0,0,0,0,1
2024-09-12T20:32:00.000000,36.345148833333,16.2030865,4,0,0,0,0,1
2024-09-12T20:33:00.000000,36.345443833333,16.198778,4,0,0,0,0,1
2024-09-12T20:34:00.000000,36.345737833333,16.194476666667,4,0,0,0,0,1
2024-09-12T20:35:00.000000,36.3460255,16.190177166667,4,0,0,0,0,1
2024-09-12T20:36:00.000000,36.346326166667,16.185867166667,4,0,0,0,0,1
2024-09-12T20:37:00.000000,36.346643166667,16.181558666667,4,0,0,0,0,1
2024-09-12T20:38:00.000000,36.3469415,16.177258166667,4,0,0,0,0,1
2024-09-12T20:39:00.000000,36.347135666667,16.172949666667,4,0,0,0,0,1
2024-09-12T20:40:00.000000,36.347299833333,16.168638,4,0,0,0,0,1
2024-09-12T20:41:00.000000,36.3474865,16.164324,4,0,0,0,0,1
2024-09-12T20:42:00.000000,36.347685333333,16.159985,4,0,0,0,0,1
2024-09-12T20:43:00.000000,36.347905666667,16.155646666667,4,0,0,0,0,1
2024-09-12T20:44:00.000000,36.348118,16.151312833333,4,0,0,0,0,1
2024-09-12T20:45:00.000000,36.348319833333,16.146991833333,4,0,0,0,0,1
2024-09-12T20:46:00.000000,36.3484865,16.1426605,4,0,0,0,0,1
2024-09-12T20:47:00.000000,36.3486715,16.138342333333,4,0,0,0,0,1
2024-09-12T20:48:00.000000,36.348878,16.134018833333,4,0,0,0,0,1
2024-09-12T20:49:00.000000,36.349088,16.129694833333,4,0,0,0,0,1
2024-09-12T20:50:00.000000,36.349199666667,16.125409166667,4,0,0,0,0,1
2024-09-12T20:51:00.000000,36.349146,16.1211135,4,0,0,0,0,1
2024-09-12T20:52:00.000000,36.349070833333,16.116798833333,4,0,0,0,0,1
2024-09-12T20:53:00.000000,36.349000166667,16.112469,4,0,0,0,0,1
2024-09-12T20:54:00.000000,36.348934333333,16.108141,4,0,0,0,0,1
2024-09-12T20:55:00.000000,36.348852666667,16.103809,4,0,0,0,0,1
2024-09-12T20:56:00.000000,36.348772166667,16.099462,4,0,0,0,0,1
2024-09-12T20:57:00.000000,36.348695333333,16.095113666667,4,0,0,0,0,1
2024-09-12T20:58:00.000000,36.348608,16.090768833333,4,0,0,0,0,1
2024-09-12T20:59:00.000000,36.348530666667,16.086440833333,4,0,0,0,0,1
2024-09-12T21:00:00.000000,36.348440166667,16.082123833333,4,0,0,0,0,1
2024-09-12T21:01:00.000000,36.348351666667,16.077802833333,4,0,0,0,0,1
2024-09-12T21:02:00.000000,36.3482695,16.073487833333,4,0,0,0,0,1
2024-09-12T21:03:00.000000,36.348194666667,16.069190833333,4,0,0,0,0,1
2024-09-12T21:04:00.000000,36.348113,16.064889333333,4,0,0,0,0,1
2024-09-12T21:05:00.000000,36.348042833333,16.06057,4,0,0,0,0,1
2024-09-12T21:06:00.000000,36.3479685,16.05626,4,0,0,0,0,1
2024-09-12T21:07:00.000000,36.347895833333,16.051940666667,4,0,0,0,0,1
2024-09-12T21:08:00.000000,36.347810833333,16.0476225,4,0,0,0,0,1
2024-09-12T21:09:00.000000,36.347738333333,16.0433075,4,0,0,0,0,1
2024-09-12T21:10:00.000000,36.3476485,16.039018833333,4,0,0,0,0,1
2024-09-12T21:11:00.000000,36.347555833333,16.034728166667,4,0,0,0,0,1
2024-09-12T21:12:00.000000,36.347477166667,16.030432833333,4,0,0,0,0,1
2024-09-12T21:13:00.000000,36.3474045,16.026151333333,4,0,0,0,0,1
2024-09-12T21:14:00.000000,36.347314333333,16.021871166667,4,0,0,0,0,1
2024-09-12T21:15:00.000000,36.347224833333,16.017584666667,4,0,0,0,0,1
2024-09-12T21:16:00.000000,36.3471335,16.013281833333,4,0,0,0,0,1
2024-09-12T21:17:00.000000,36.347049833333,16.008965,4,0,0,0,0,1
2024-09-12T21:18:00.000000,36.3469665,16.0046305,4,0,0,0,0,1
2024-09-12T21:19:00.000000,36.346880666667,16.000292833333,4,0,0,0,0,1
2024-09-12T21:20:00.000000,36.3467995,15.9959745,4,0,0,0,0,1
2024-09-12T21:21:00.000000,36.346722166667,15.9916605,4,0,0,0,0,1
2024-09-12T21:22:00.000000,36.3466475,15.9873215,4,0,0,0,0,1
2024-09-12T21:23:00.000000,36.346561166667,15.982973833333,4,0,0,0,0,1
2024-09-12T21:24:00.000000,36.346491666667,15.978627833333,4,0,0,0,0,1
2024-09-12T21:25:00.000000,36.3464185,15.974304833333,4,0,0,0,0,1
2024-09-12T21:26:00.000000,36.346358333333,15.969989666667,4,0,0,0,0,1
2024-09-12T21:27:00.000000,36.346287333333,15.965683166667,4,0,0,0,0,1
2024-09-12T21:28:00.000000,36.346225833333,15.961348166667,4,0,0,0,0,1
2024-09-12T21:29:00.000000,36.346224333333,15.956998,4,0,0,0,0,1
2024-09-12T21:30:00.000000,36.346244833333,15.952638833333,4,0,0,0,0,1
2024-09-12T21:31:00.000000,36.346264666667,15.948274,4,0,0,0,0,1
2024-09-12T21:32:00.000000,36.346269333333,15.943907166667,4,0,0,0,0,1
2024-09-12T21:33:00.000000,36.346284833333,15.939527,4,0,0,0,0,1
2024-09-12T21:34:00.000000,36.346303833333,15.935144333333,4,0,0,0,0,1
2024-09-12T21:35:00.000000,36.346322,15.930755333333,4,0,0,0,0,1
2024-09-12T21:36:00.000000,36.346334333333,15.926392166667,4,0,0,0,0,1
2024-09-12T21:37:00.000000,36.346358833333,15.922068333333,4,0,0,0,0,1
2024-09-12T21:38:00.000000,36.3461555,15.9177905,4,0,0,0,0,1
2024-09-12T21:39:00.000000,36.345862,15.913564333333,4,0,0,0,0,1
2024-09-12T21:40:00.000000,36.345353166667,15.909424666667,4,0,0,0,0,1
2024-09-12T21:41:00.000000,36.344599166667,15.905375333333,4,0,0,0,0,1
2024-09-12T21:42:00.000000,36.343755166667,15.9013645,4,0,0,0,0,1
2024-09-12T21:43:00.000000,36.342702166667,15.897445166667,4,0,0,0,0,1
2024-09-12T21:44:00.000000,36.341577833333,15.893569833333,4,0,0,0,0,1
2024-09-12T21:45:00.000000,36.3404355,15.889692,4,0,0,0,0,1
2024-09-12T21:46:00.000000,36.339293666667,15.885830833333,4,0,0,0,0,1
2024-09-12T21:47:00.000000,36.33819,15.881978333333,4,0,0,0,0,1
2024-09-12T21:48:00.000000,36.336999666667,15.878194166667,4,0,0,0,0,1
2024-09-12T21:49:00.000000,36.335768833333,15.874471333333,4,0,0,0,0,1
2024-09-12T21:50:00.000000,36.334529833333,15.870782833333,4,0,0,0,0,1
2024-09-12T21:51:00.000000,36.333307666667,15.867121666667,4,0,0,0,0,1
2024-09-12T21:52:00.000000,36.332086,15.863470166667,4,0,0,0,0,1
2024-09-12T21:53:00.000000,36.3308615,15.859860666667,4,0,0,0,0,1
2024-09-12T21:54:00.000000,36.329677,15.856251166667,4,0,0,0,0,1
2024-09-12T21:55:00.000000,36.328572166667,15.852639166667,4,0,0,0,0,1
2024-09-12T21:56:00.000000,36.327508666667,15.849018666667,4,0,0,0,0,1
2024-09-12T21:57:00.000000,36.326447333333,15.845406333333,4,0,0,0,0,1
2024-09-12T21:58:00.000000,36.325345833333,15.841817166667,4,0,0,0,0,1
2024-09-12T21:59:00.000000,36.324234166667,15.838260333333,4,0,0,0,0,1
2024-09-12T22:00:00.000000,36.323119166667,15.8347475,4,0,0,0,0,1
2024-09-12T22:01:00.000000,36.322012,15.8312685,4,0,0,0,0,1
2024-09-12T22:02:00.000000,36.320919333333,15.827779833333,4,0,0,0,0,1
2024-09-12T22:03:00.000000,36.31986,15.824277,4,0,0,0,0,1
2024-09-12T22:04:00.000000,36.318779666667,15.820784833333,4,0,0,0,0,1
2024-09-12T22:05:00.000000,36.3177005,15.817298833333,4,0,0,0,0,1
2024-09-12T22:06:00.000000,36.316586,15.813828,4,0,0,0,0,1
2024-09-12T22:07:00.000000,36.315485,15.810344166667,4,0,0,0,0,1
2024-09-12T22:08:00.000000,36.314363,15.8068865,4,0,0,0,0,1
2024-09-12T22:09:00.000000,36.31324,15.803436833333,4,0,0,0,0,1
2024-09-12T22:10:00.000000,36.312115166667,15.799981166667,4,0,0,0,0,1
2024-09-12T22:11:00.000000,36.310967833333,15.7965225,4,0,0,0,0,1
2024-09-12T22:12:00.000000,36.309831166667,15.793036833333,4,0,0,0,0,1
2024-09-12T22:13:00.000000,36.308690333333,15.789543166667,4,0,0,0,0,1
2024-09-12T22:14:00.000000,36.3075315,15.786004666667,4,0,0,0,0,1
2024-09-12T22:15:00.000000,36.3063965,15.782521833333,4,0,0,0,0,1
2024-09-12T22:16:00.000000,36.305273,15.779114666667,4,0,0,0,0,1
2024-09-12T22:17:00.000000,36.304110833333,15.775574666667,4,0,0,0,0,1
2024-09-12T22:18:00.000000,36.303014666667,15.772123166667,4,0,0,0,0,1
2024-09-12T22:19:00.000000,36.301879333333,15.768534666667,4,0,0,0,0,1
2024-09-12T22:20:00.000000,36.3007755,15.764996166667,4,0,0,0,0,1
2024-09-12T22:21:00.000000,36.2996815,15.761471,4,0,0,0,0,1
2024-09-12T22:22:00.000000,36.298590666667,15.757960333333,4,0,0,0,0,1
2024-09-12T22:23:00.000000,36.2974945,15.7544405,4,0,0,0,0,1
2024-09-12T22:24:00.000000,36.296406833333,15.7509235,4,0,0,0,0,1
2024-09-12T22:25:00.000000,36.295322666667,15.747385833333,4,0,0,0,0,1
2024-09-12T22:26:00.000000,36.294216666667,15.743845333333,4,0,0,0,0,1
2024-09-12T22:27:00.000000,36.293107166667,15.740297,4,0,0,0,0,1
2024-09-12T22:28:00.000000,36.291983,15.736763166667,4,0,0,0,0,1
2024-09-12T22:29:00.000000,36.2908755,15.733226666667,4,0,0,0,0,1
2024-09-12T22:30:00.000000,36.2897535,15.729711333333,4,0,0,0,0,1
2024-09-12T22:31:00.000000,36.2886255,15.726225833333,4,0,0,0,0,1
2024-09-12T22:32:00.000000,36.287486333333,15.722736666667,4,0,0,0,0,1
2024-09-12T22:33:00.000000,36.286351666667,15.7192275,4,0,0,0,0,1
2024-09-12T22:34:00.000000,36.285237166667,15.715692666667,4,0,0,0,0,1
2024-09-12T22:35:00.000000,36.2840945,15.712170666667,4,0,0,0,0,1
2024-09-12T22:36:00.000000,36.282958166667,15.708663833333,4,0,0,0,0,1
2024-09-12T22:37:00.000000,36.281791666667,15.705199166667,4,0,0,0,0,1
2024-09-12T22:38:00.000000,36.280656666667,15.701701,4,0,0,0,0,1
2024-09-12T22:39:00.000000,36.279532,15.698175333333,4,0,0,0,0,1
2024-09-12T22:40:00.000000,36.2783965,15.694641666667,4,0,0,0,0,1
2024-09-12T22:41:00.000000,36.2772175,15.6911575,4,0,0,0,0,1
2024-09-12T22:42:00.000000,36.276087333333,15.687659666667,4,0,0,0,0,1
2024-09-12T22:43:00.000000,36.274972,15.684150666667,4,0,0,0,0,1
2024-09-12T22:44:00.000000,36.273864333333,15.6806225,4,0,0,0,0,1
2024-09-12T22:45:00.000000,36.272738833333,15.6770985,4,0,0,0,0,1
2024-09-12T22:46:00.000000,36.271646833333,15.67357,4,0,0,0,0,1
2024-09-12T22:47:00.000000,36.270562333333,15.670038666667,4,0,0,0,0,1
2024-09-12T22:48:00.000000,36.269457166667,15.666518,4,0,0,0,0,1
2024-09-12T22:49:00.000000,36.268351666667,15.662985166667,4,0,0,0,0,1
2024-09-12T22:50:00.000000,36.2672695,15.659435166667,4,0,0,0,0,1
2024-09-12T22:51:00.000000,36.266177833333,15.655901,4,0,0,0,0,1
2024-09-12T22:52:00.000000,36.2650875,15.652378,4,0,0,0,0,1
2024-09-12T22:53:00.000000,36.263986333333,15.648857333333,4,0,0,0,0,1
2024-09-12T22:54:00.000000,36.262896,15.645306666667,4,0,0,0,0,1
2024-09-12T22:55:00.000000,36.261802166667,15.6417535,4,0,0,0,0,1
2024-09-12T22:56:00.000000,36.2607445,15.638184166667,4,0,0,0,0,1
2024-09-12T22:57:00.000000,36.259674166667,15.634642666667,4,0,0,0,0,1
2024-09-12T22:58:00.000000,36.258600166667,15.631090833333,4,0,0,0,0,1
2024-09-12T22:59:00.000000,36.257510666667,15.627526333333,4,0,0,0,0,1
2024-09-12T23:00:00.000000,36.256456,15.623944666667,4,0,0,0,0,1
2024-09-12T23:01:00.000000,36.255426166667,15.620339333333,4,0,0,0,0,1
2024-09-12T23:02:00.000000,36.254357833333,15.616761166667,4,0,0,0,0,1
2024-09-12T23:03:00.000000,36.253323666667,15.613161666667,4,0,0,0,0,1
2024-09-12T23:04:00.000000,36.252291333333,15.609539333333,4,0,0,0,0,1
2024-09-12T23:05:00.000000,36.251223166667,15.6059445,4,0,0,0,0,1
2024-09-12T23:06:00.000000,36.250166166667,15.602344333333,4,0,0,0,0,1
2024-09-12T23:07:00.000000,36.249112333333,15.598743833333,4,0,0,0,0,1
2024-09-12T23:08:00.000000,36.248052,15.595127,4,0,0,0,0,1
2024-09-12T23:09:00.000000,36.246966833333,15.59153,4,0,0,0,0,1
2024-09-12T23:10:00.000000,36.2458795,15.587941833333,4,0,0,0,0,1
2024-09-12T23:11:00.000000,36.244803166667,15.584351166667,4,0,0,0,0,1
2024-09-12T23:12:00.000000,36.243724333333,15.580767,4,0,0,0,0,1
2024-09-12T23:13:00.000000,36.2426325,15.577184166667,4,0,0,0,0,1
2024-09-12T23:14:00.000000,36.241541,15.573604333333,4,0,0,0,0,1
2024-09-12T23:15:00.000000,36.2404355,15.570034833333,4,0,0,0,0,1
2024-09-12T23:16:00.000000,36.239325333333,15.566469,4,0,0,0,0,1
2024-09-12T23:17:00.000000,36.238218166667,15.562909333333,4,0,0,0,0,1
2024-09-12T23:18:00.000000,36.237098333333,15.559366833333,4,0,0,0,0,1
2024-09-12T23:19:00.000000,36.235960166667,15.555820166667,4,0,0,0,0,1
2024-09-12T23:20:00.000000,36.234820833333,15.552251166667,4,0,0,0,0,1
2024-09-12T23:21:00.000000,36.233661,15.548693333333,4,0,0,0,0,1
2024-09-12T23:22:00.000000,36.232523166667,15.545108166667,4,0,0,0,0,1
2024-09-12T23:23:00.000000,36.231367166667,15.541520166667,4,0,0,0,0,1
2024-09-12T23:24:00.000000,36.230211166667,15.537959833333,4,0,0,0,0,1
2024-09-12T23:25:00.000000,36.229040833333,15.534424833333,4,0,0,0,0,1
2024-09-12T23:26:00.000000,36.227883333333,15.530890833333,4,0,0,0,0,1
2024-09-12T23:27:00.000000,36.226712,15.527358166667,4,0,0,0,0,1
2024-09-12T23:28:00.000000,36.225530833333,15.523818,4,0,0,0,0,1
2024-09-12T23:29:00.000000,36.224391833333,15.520231,4,0,0,0,0,1
2024-09-12T23:30:00.000000,36.223236833333,15.516641166667,4,0,0,0,0,1
2024-09-12T23:31:00.000000,36.22206,15.5130615,4,0,0,0,0,1
2024-09-12T23:32:00.000000,36.220893666667,15.509495666667,4,0,0,0,0,1
2024-09-12T23:33:00.000000,36.219713,15.505952666667,4,0,0,0,0,1
2024-09-12T23:34:00.000000,36.218538333333,15.502399166667,4,0,0,0,0,1
2024-09-12T23:35:00.000000,36.2173505,15.498833,4,0,0,0,0,1
2024-09-12T23:36:00.000000,36.216169,15.495265,4,0,0,0,0,1
2024-09-12T23:37:00.000000,36.214995833333,15.491694166667,4,0,0,0,0,1
2024-09-12T23:38:00.000000,36.2138205,15.488115833333,4,0,0,0,0,1
2024-09-12T23:39:00.000000,36.212629666667,15.484545166667,4,0,0,0,0,1
2024-09-12T23:40:00.000000,36.211436333333,15.480973333333,4,0,0,0,0,1
2024-09-12T23:41:00.000000,36.210245666667,15.477403,4,0,0,0,0,1
2024-09-12T23:42:00.000000,36.209059166667,15.4738315,4,0,0,0,0,1
2024-09-12T23:43:00.000000,36.207870833333,15.470259,4,0,0,0,0,1
2024-09-12T23:44:00.000000,36.206685333333,15.466689333333,4,0,0,0,0,1
2024-09-12T23:45:00.000000,36.205495166667,15.463131166667,4,0,0,0,0,1
2024-09-12T23:46:00.000000,36.204291666667,15.459595166667,4,0,0,0,0,1
2024-09-12T23:47:00.000000,36.203113666667,15.456040333333,4,0,0,0,0,1
2024-09-12T23:48:00.000000,36.201921166667,15.452490833333,4,0,0,0,0,1
2024-09-12T23:49:00.000000,36.200704833333,15.448941666667,4,0,0,0,0,1
2024-09-12T23:50:00.000000,36.199536333333,15.445373666667,4,0,0,0,0,1
2024-09-12T23:51:00.000000,36.198374333333,15.441799,4,0,0,0,0,1
2024-09-12T23:52:00.000000,36.197227,15.4382035,4,0,0,0,0,1
2024-09-12T23:53:00.000000,36.196074666667,15.434597166667,4,0,0,0,0,1
2024-09-12T23:54:00.000000,36.1949315,15.4309805,4,0,0,0,0,1
2024-09-12T23:55:00.000000,36.193764166667,15.427367333333,4,0,0,0,0,1
2024-09-12T23:56:00.000000,36.192583666667,15.423754666667,4,0,0,0,0,1
2024-09-12T23:57:00.000000,36.191391,15.420146833333,4,0,0,0,0,1
2024-09-12T23:58:00.000000,36.190181,15.41656,4,0,0,0,0,1
2024-09-12T23:59:00.000000,36.1889885,15.4129835,4,0,0,0,0,1
2024-09-13T00:00:00.000000,36.187810333333,15.409388833333,4,0,0,0,0,1
2024-09-13T00:01:00.000000,36.186603333333,15.405821333333,4,0,0,0,0,1
2024-09-13T00:02:00.000000,36.185430166667,15.402264833333,4,0,0,0,0,1
2024-09-13T00:03:00.000000,36.184269166667,15.398693833333,4,0,0,0,0,1
2024-09-13T00:04:00.000000,36.183110166667,15.395104,4,0,0,0,0,1
2024-09-13T00:05:00.000000,36.181970833333,15.391465833333,4,0,0,0,0,1
2024-09-13T00:06:00.000000,36.180832833333,15.387816666667,4,0,0,0,0,1
2024-09-13T00:07:00.000000,36.1796865,15.384172833333,4,0,0,0,0,1
2024-09-13T00:08:00.000000,36.178538,15.380535333333,4,0,0,0,0,1
2024-09-13T00:09:00.000000,36.177398166667,15.376888166667,4,0,0,0,0,1
2024-09-13T00:10:00.000000,36.176241833333,15.3732365,4,0,0,0,0,1
2024-09-13T00:11:00.000000,36.175071333333,15.3695725,4,0,0,0,0,1
2024-09-13T00:12:00.000000,36.173879333333,15.365919,4,0,0,0,0,1
2024-09-13T00:13:00.000000,36.172728833333,15.362248166667,4,0,0,0,0,1
2024-09-13T00:14:00.000000,36.171573333333,15.358578,4,0,0,0,0,1
2024-09-13T00:15:00.000000,36.170411166667,15.3549145,4,0,0,0,0,1
2024-09-13T00:16:00.000000,36.169252166667,15.351256,4,0,0,0,0,1
2024-09-13T00:17:00.000000,36.168088333333,15.3476025,4,0,0,0,0,1
2024-09-13T00:18:00.000000,36.166916,15.343945666667,4,0,0,0,0,1
2024-09-13T00:19:00.000000,36.165765833333,15.340289666667,4,0,0,0,0,1
2024-09-13T00:20:00.000000,36.164612333333,15.336637666667,4,0,0,0,0,1
2024-09-13T00:21:00.000000,36.163485333333,15.332977666667,4,0,0,0,0,1
2024-09-13T00:22:00.000000,36.1623545,15.329308666667,4,0,0,0,0,1
2024-09-13T00:23:00.000000,36.161228,15.325631166667,4,0,0,0,0,1
2024-09-13T00:24:00.000000,36.160091666667,15.3219695,4,0,0,0,0,1
2024-09-13T00:25:00.000000,36.158971166667,15.318307333333,4,0,0,0,0,1
2024-09-13T00:26:00.000000,36.157867833333,15.3146355,4,0,0,0,0,1
2024-09-13T00:27:00.000000,36.1567615,15.310974,4,0,0,0,0,1
2024-09-13T00:28:00.000000,36.155648666667,15.307348,4,0,0,0,0,1
2024-09-13T00:29:00.000000,36.154554333333,15.303717666667,4,0,0,0,0,1
2024-09-13T00:30:00.000000,36.153468166667,15.300081666667,4,0,0,0,0,1
2024-09-13T00:31:00.000000,36.152361666667,15.296455833333,4,0,0,0,0,1
2024-09-13T00:32:00.000000,36.151236166667,15.292842166667,4,0,0,0,0,1
2024-09-13T00:33:00.000000,36.150098833333,15.289238666667,4,0,0,0,0,1
2024-09-13T00:34:00.000000,36.148939833333,15.28564,4,0,0,0,0,1
2024-09-13T00:35:00.000000,36.147767166667,15.282054833333,4,0,0,0,0,1
2024-09-13T00:36:00.000000,36.146591166667,15.278476,4,0,0,0,0,1
2024-09-13T00:37:00.000000,36.145394166667,15.274911666667,4,0,0,0,0,1
2024-09-13T00:38:00.000000,36.144200166667,15.271346833333,4,0,0,0,0,1
2024-09-13T00:39:00.000000,36.142991166667,15.267796166667,4,0,0,0,0,1
2024-09-13T00:40:00.000000,36.1417875,15.264254333333,4,0,0,0,0,1
2024-09-13T00:41:00.000000,36.14059,15.260709333333,4,0,0,0,0,1
2024-09-13T00:42:00.000000,36.139362,15.257173166667,4,0,0,0,0,1
2024-09-13T00:43:00.000000,36.138132166667,15.253628666667,4,0,0,0,0,1
2024-09-13T00:44:00.000000,36.136883166667,15.2501,4,0,0,0,0,1
2024-09-13T00:45:00.000000,36.1356455,15.246562666667,4,0,0,0,0,1
2024-09-13T00:46:00.000000,36.134433833333,15.243020833333,4,0,0,0,0,1
2024-09-13T00:47:00.000000,36.1331635,15.23949,4,0,0,0,0,1
2024-09-13T00:48:00.000000,36.131888166667,15.2359675,4,0,0,0,0,1
2024-09-13T00:49:00.000000,36.130629166667,15.232451666667,4,0,0,0,0,1
2024-09-13T00:50:00.000000,36.1293985,15.228936333333,4,0,0,0,0,1
2024-09-13T00:51:00.000000,36.128182166667,15.2254135,4,0,0,0,0,1
2024-09-13T00:52:00.000000,36.126951833333,15.221907833333,4,0,0,0,0,1
2024-09-13T00:53:00.000000,36.125729833333,15.218400333333,4,0,0,0,0,1
2024-09-13T00:54:00.000000,36.124502,15.2148975,4,0,0,0,0,1
2024-09-13T00:55:00.000000,36.123277666667,15.211389666667,4,0,0,0,0,1
2024-09-13T00:56:00.000000,36.122192333333,15.207825,4,0,0,0,0,1
2024-09-13T00:57:00.000000,36.121194,15.204226666667,4,0,0,0,0,1
2024-09-13T00:58:00.000000,36.120175833333,15.200633166667,4,0,0,0,0,1
2024-09-13T00:59:00.000000,36.119154833333,15.197023833333,4,0,0,0,0,1
2024-09-13T01:00:00.000000,36.118127833333,15.1934165,4,0,0,0,0,1
2024-09-13T01:01:00.000000,36.1171475,15.189771333333,4,0,0,0,0,1
2024-09-13T01:02:00.000000,36.116149166667,15.186117166667,4,0,0,0,0,1
2024-09-13T01:03:00.000000,36.115102,15.182460666667,4,0,0,0,0,1
2024-09-13T01:04:00.000000,36.114026,15.178815333333,4,0,0,0,0,1
2024-09-13T01:05:00.000000,36.1129495,15.175185333333,4,0,0,0,0,1
2024-09-13T01:06:00.000000,36.111884833333,15.171556833333,4,0,0,0,0,1
2024-09-13T01:07:00.000000,36.110822333333,15.167909,4,0,0,0,0,1
2024-09-13T01:08:00.000000,36.1097225,15.164289333333,4,0,0,0,0,1
2024-09-13T01:09:00.000000,36.108641166667,15.160679,4,0,0,0,0,1
2024-09-13T01:10:00.000000,36.107562333333,15.157068666667,4,0,0,0,0,1
2024-09-13T01:11:00.000000,36.106471333333,15.153459166667,4,0,0,0,0,1
2024-09-13T01:12:00.000000,36.1054125,15.149824333333,4,0,0,0,0,1
2024-09-13T01:13:00.000000,36.104325833333,15.146206,4,0,0,0,0,1
2024-09-13T01:14:00.000000,36.103260166667,15.142570166667,4,0,0,0,0,1
2024-09-13T01:15:00.000000,36.102181,15.138925666667,4,0,0,0,0,1
2024-09-13T01:16:00.000000,36.1010805,15.135283666667,4,0,0,0,0,1
2024-09-13T01:17:00.000000,36.099999833333,15.131622833333,4,0,0,0,0,1
2024-09-13T01:18:00.000000,36.0989205,15.127967666667,4,0,0,0,0,1
2024-09-13T01:19:00.000000,36.097806666667,15.124336666667,4,0,0,0,0,1
2024-09-13T01:20:00.000000,36.096723833333,15.120691333333,4,0,0,0,0,1
2024-09-13T01:21:00.000000,36.0956625,15.117034666667,4,0,0,0,0,1
2024-09-13T01:22:00.000000,36.0946,15.113398166667,4,0,0,0,0,1
2024-09-13T01:23:00.000000,36.093514,15.109783,4,0,0,0,0,1
2024-09-13T01:24:00.000000,36.092459833333,15.106143333333,4,0,0,0,0,1
2024-09-13T01:25:00.000000,36.091409166667,15.1024945,4,0,0,0,0,1
2024-09-13T01:26:00.000000,36.0903475,15.098841,4,0,0,0,0,1
2024-09-13T01:27:00.000000,36.089288833333,15.095177166667,4,0,0,0,0,1
2024-09-13T01:28:00.000000,36.088189,15.091533333333,4,0,0,0,0,1
2024-09-13T01:29:00.000000,36.0871085,15.087892333333,4,0,0,0,0,1
2024-09-13T01:30:00.000000,36.086049666667,15.0842335,4,0,0,0,0,1
2024-09-13T01:31:00.000000,36.0849905,15.080571833333,4,0,0,0,0,1
2024-09-13T01:32:00.000000,36.083906,15.076924833333,4,0,0,0,0,1
2024-09-13T01:33:00.000000,36.0828275,15.073274166667,4,0,0,0,0,1
2024-09-13T01:34:00.000000,36.081727333333,15.06955,4,0,0,0,0,1
2024-09-13T01:35:00.000000,36.0806585,15.065962333333,4,0,0,0,0,1
2024-09-13T01:36:00.000000,36.079605333333,15.062315666667,4,0,0,0,0,1
2024-09-13T01:37:00.000000,36.078556666667,15.058598833333,4,0,0,0,0,1
2024-09-13T01:38:00.000000,36.077530333333,15.054932666667,4,0,0,0,0,1
2024-09-13T01:39:00.000000,36.076502166667,15.051275166667,4,0,0,0,0,1
2024-09-13T01:40:00.000000,36.075457666667,15.047625833333,4,0,0,0,0,1
2024-09-13T01:41:00.000000,36.074409833333,15.043978833333,4,0,0,0,0,1
2024-09-13T01:42:00.000000,36.073369,15.0403315,4,0,0,0,0,1
2024-09-13T01:43:00.000000,36.072316,15.036696,4,0,0,0,0,1
2024-09-13T01:44:00.000000,36.071279833333,15.0330405,4,0,0,0,0,1
2024-09-13T01:45:00.000000,36.070221166667,15.029387333333,4,0,0,0,0,1
2024-09-13T01:46:00.000000,36.069174833333,15.025716333333,4,0,0,0,0,1
2024-09-13T01:47:00.000000,36.068120333333,15.022029333333,4,0,0,0,0,1
2024-09-13T01:48:00.000000,36.067067666667,15.018327,4,0,0,0,0,1
2024-09-13T01:49:00.000000,36.065987666667,15.014646333333,4,0,0,0,0,1
2024-09-13T01:50:00.000000,36.0649345,15.0109605,4,0,0,0,0,1
2024-09-13T01:51:00.000000,36.063898333333,15.0072665,4,0,0,0,0,1
2024-09-13T01:52:00.000000,36.062869166667,15.003574333333,4,0,0,0,0,1
2024-09-13T01:53:00.000000,36.0618315,14.999891333333,4,0,0,0,0,1
2024-09-13T01:54:00.000000,36.060792333333,14.996208166667,4,0,0,0,0,1
2024-09-13T01:55:00.000000,36.059773666667,14.9925065,4,0,0,0,0,1
2024-09-13T01:56:00.000000,36.058731,14.988823333333,4,0,0,0,0,1
2024-09-13T01:57:00.000000,36.057654333333,14.9851705,4,0,0,0,0,1
2024-09-13T01:58:00.000000,36.056592833333,14.9815095,4,0,0,0,0,1
2024-09-13T01:59:00.000000,36.055545666667,14.977835666667,4,0,0,0,0,1
2024-09-13T02:00:00.000000,36.054489,14.974158666667,4,0,0,0,0,1
2024-09-13T02:01:00.000000,36.053397333333,14.970502666667,4,0,0,0,0,1
2024-09-13T02:02:00.000000,36.052309666667,14.966846333333,4,0,0,0,0,1
2024-09-13T02:03:00.000000,36.051234333333,14.9631825,4,0,0,0,0,1
2024-09-13T02:04:00.000000,36.050186,14.9595075,4,0,0,0,0,1
2024-09-13T02:05:00.000000,36.0492035,14.955805666667,4,0,0,0,0,1
2024-09-13T02:06:00.000000,36.048231666667,14.952097333333,4,0,0,0,0,1
2024-09-13T02:07:00.000000,36.047314166667,14.948365,4,0,0,0,0,1
2024-09-13T02:08:00.000000,36.046733833333,14.944588166667,4,0,0,0,0,1
2024-09-13T02:09:00.000000,36.0465165,14.940808333333,4,0,0,0,0,1
2024-09-13T02:10:00.000000,36.046726166667,14.937101333333,4,0,0,0,0,1
2024-09-13T02:11:00.000000,36.047398166667,14.933557,4,0,0,0,0,1
2024-09-13T02:12:00.000000,36.048461166667,14.930243,4,0,0,0,0,1
2024-09-13T02:13:00.000000,36.049912666667,14.927329333333,4,0,0,0,0,1
2024-09-13T02:14:00.000000,36.051675,14.924860666667,4,0,0,0,0,1
2024-09-13T02:15:00.000000,36.053667833333,14.922811833333,4,0,0,0,0,1
2024-09-13T02:16:00.000000,36.055307,14.921319166667,4,0,0,0,0,1
2024-09-13T02:17:00.000000,36.057509666667,14.919625666667,4,0,0,0,0,1
2024-09-13T02:18:00.000000,36.059370666667,14.918572166667,4,0,0,0,0,1
2024-09-13T02:19:00.000000,36.061206833333,14.917804166667,4,0,0,0,0,1
2024-09-13T02:20:00.000000,36.063020833333,14.917315666667,4,0,0,0,0,1
2024-09-13T02:21:00.000000,36.064782833333,14.916953333333,4,0,0,0,0,1
2024-09-13T02:22:00.000000,36.066536,14.9167865,4,0,0,0,0,1
2024-09-13T02:23:00.000000,36.068278333333,14.916848833333,4,0,0,0,0,1
2024-09-13T02:24:00.000000,36.069992833333,14.917146333333,4,0,0,0,0,1
2024-09-13T02:25:00.000000,36.071673,14.9176065,4,0,0,0,0,1
2024-09-13T02:26:00.000000,36.073323833333,14.918097833333,4,0,0,0,0,1
2024-09-13T02:27:00.000000,36.074964,14.918715333333,4,0,0,0,0,1
2024-09-13T02:28:00.000000,36.076586166667,14.919543333333,4,0,0,0,0,1
2024-09-13T02:29:00.000000,36.0781765,14.920475833333,4,0,0,0,0,1
2024-09-13T02:30:00.000000,36.079723333333,14.921522333333,4,0,0,0,0,1
2024-09-13T02:31:00.000000,36.081209166667,14.9226745,4,0,0,0,0,1
2024-09-13T02:32:00.000000,36.082688166667,14.9238025,4,0,0,0,0,1
2024-09-13T02:33:00.000000,36.084155666667,14.924938166667,4,0,0,0,0,1
2024-09-13T02:34:00.000000,36.0856235,14.926059,4,0,0,0,0,1
2024-09-13T02:35:00.000000,36.087085,14.9272045,4,0,0,0,0,1
2024-09-13T02:36:00.000000,36.088512333333,14.928401333333,4,0,0,0,0,1
2024-09-13T02:37:00.000000,36.089938333333,14.929547666667,4,0,0,0,0,1
2024-09-13T02:38:00.000000,36.0913325,14.930754833333,4,0,0,0,0,1
2024-09-13T02:39:00.000000,36.092729,14.931898166667,4,0,0,0,0,1
2024-09-13T02:40:00.000000,36.094136833333,14.933010333333,4,0,0,0,0,1
2024-09-13T02:41:00.000000,36.095566833333,14.934132666667,4,0,0,0,0,1
2024-09-13T02:42:00.000000,36.097006833333,14.935249333333,4,0,0,0,0,1
2024-09-13T02:43:00.000000,36.098390833333,14.9363245,4,0,0,0,0,1
2024-09-13T02:44:00.000000,36.09967,14.937405333333,4,0,0,0,0,1
2024-09-13T02:45:00.000000,36.100828166667,14.938390333333,4,0,0,0,0,1
2024-09-13T02:46:00.000000,36.101882666667,14.939310333333,4,0,0,0,0,1
2024-09-13T02:47:00.000000,36.102807,14.940227666667,4,0,0,0,0,1
2024-09-13T02:48:00.000000,36.103596666667,14.941020333333,4,0,0,0,0,1
2024-09-13T02:49:00.000000,36.104255333333,14.941804166667,4,0,0,0,0,1
2024-09-13T02:50:00.000000,36.104813,14.942513666667,4,0,0,0,0,1
2024-09-13T02:51:00.000000,36.105286833333,14.943128666667,4,0,0,0,0,1
2024-09-13T02:52:00.000000,36.105690333333,14.943706833333,4,0,0,0,0,1
2024-09-13T02:53:00.000000,36.106021833333,14.944251166667,4,0,0,0,0,1
2024-09-13T02:54:00.000000,36.106292166667,14.944808833333,4,0,0,0,0,1
2024-09-13T02:55:00.000000,36.106513166667,14.945354166667,4,0,0,0,0,1
2024-09-13T02:56:00.000000,36.106703833333,14.945926333333,4,0,0,0,0,1
2024-09-13T02:57:00.000000,36.1068625,14.946495,4,0,0,0,0,1
2024-09-13T02:58:00.000000,36.106995333333,14.947060333333,3,0,0,0,1,0
2024-09-13T02:59:00.000000,36.107080833333,14.947644166667,3,0,0,0,1,0
2024-09-13T03:00:00.000000,36.107139666667,14.948218333333,3,0,0,0,1,0
2024-09-13T03:01:00.000000,36.1071665,14.948822333333,3,0,0,0,1,0
2024-09-13T03:02:00.000000,36.107168833333,14.9494235,3,0,0,0,1,0
2024-09-13T03:03:00.000000,36.107146333333,14.950018833333,3,0,0,0,1,0
2024-09-13T03:04:00.000000,36.107106833333,14.950624333333,3,0,0,0,1,0
2024-09-13T03:05:00.000000,36.107052166667,14.951237,3,0,0,0,1,0
2024-09-13T03:06:00.000000,36.1069795,14.951851833333,3,0,0,0,1,0
2024-09-13T03:07:00.000000,36.106899333333,14.952439166667,3,0,0,0,1,0
2024-09-13T03:08:00.000000,36.106788333333,14.953052,3,0,0,0,1,0
2024-09-13T03:09:00.000000,36.106662333333,14.953652666667,3,0,0,0,1,0
2024-09-13T03:10:00.000000,36.106527,14.954268333333,3,0,0,0,1,0
2024-09-13T03:11:00.000000,36.106362666667,14.954891333333,3,0,0,0,1,0
2024-09-13T03:12:00.000000,36.106189666667,14.955462666667,3,0,0,0,1,0
2024-09-13T03:13:00.000000,36.1060285,14.956028333333,3,0,0,0,1,0
2024-09-13T03:14:00.000000,36.105859333333,14.956618,3,0,0,0,1,0
2024-09-13T03:15:00.000000,36.105693833333,14.9572335,3,0,0,0,1,0
2024-09-13T03:16:00.000000,36.105512833333,14.957867333333,3,0,0,0,1,0
2024-09-13T03:17:00.000000,36.105316166667,14.958532333333,3,0,0,0,1,0
2024-09-13T03:18:00.000000,36.105157166667,14.959193166667,3,0,0,0,1,0
2024-09-13T03:19:00.000000,36.104988,14.959866833333,3,0,0,0,1,0
2024-09-13T03:20:00.000000,36.104833166667,14.960502666667,3,0,0,0,1,0
2024-09-13T03:21:00.000000,36.104681833333,14.9610935,3,0,0,0,1,0
2024-09-13T03:22:00.000000,36.104506833333,14.961739666667,3,0,0,0,1,0
2024-09-13T03:23:00.000000,36.104321166667,14.962380666667,3,0,0,0,1,0
2024-09-13T03:24:00.000000,36.104130666667,14.963025833333,3,0,0,0,1,0
2024-09-13T03:25:00.000000,36.1039465,14.963635,3,0,0,0,1,0
2024-09-13T03:26:00.000000,36.1037545,14.964248833333,3,0,0,0,1,0
2024-09-13T03:27:00.000000,36.1035625,14.964877,3,0,0,0,1,0
2024-09-13T03:28:00.000000,36.103379833333,14.965492166667,3,0,0,0,1,0
2024-09-13T03:29:00.000000,36.103208666667,14.966106833333,3,0,0,0,1,0
2024-09-13T03:30:00.000000,36.103029166667,14.966730166667,3,0,0,0,1,0
2024-09-13T03:31:00.000000,36.102827666667,14.967363833333,3,0,0,0,1,0
2024-09-13T03:32:00.000000,36.102618666667,14.967989,3,0,0,0,1,0
2024-09-13T03:33:00.000000,36.102416666667,14.968627333333,3,0,0,0,1,0
2024-09-13T03:34:00.000000,36.102211166667,14.969249,3,0,0,0,1,0
2024-09-13T03:35:00.000000,36.101989166667,14.9698895,3,0,0,0,1,0
2024-09-13T03:36:00.000000,36.10178,14.97051,3,0,0,0,1,0
2024-09-13T03:37:00.000000,36.1015745,14.971135,3,0,0,0,1,0
2024-09-13T03:38:00.000000,36.101389666667,14.971758166667,3,0,0,0,1,0
2024-09-13T03:39:00.000000,36.101213166667,14.972348833333,3,0,0,0,1,0
2024-09-13T03:40:00.000000,36.101042,14.972942,3,0,0,0,1,0
2024-09-13T03:41:00.000000,36.100858,14.973557,3,0,0,0,1,0
2024-09-13T03:42:00.000000,36.100651,14.974196,3,0,0,0,1,0
2024-09-13T03:43:00.000000,36.100429833333,14.9748225,3,0,0,0,1,0
2024-09-13T03:44:00.000000,36.100213666667,14.975413166667,3,0,0,0,1,0
2024-09-13T03:45:00.000000,36.100011666667,14.975947333333,3,0,0,0,1,0
2024-09-13T03:46:00.000000,36.0997935,14.976508333333,3,0,0,0,1,0
2024-09-13T03:47:00.000000,36.0995705,14.977085166667,3,0,0,0,1,0
2024-09-13T03:48:00.000000,36.099352,14.977647666667,3,0,0,0,1,0
2024-09-13T03:49:00.000000,36.099135833333,14.97823,3,0,0,0,1,0
2024-09-13T03:50:00.000000,36.098929333333,14.9787935,3,0,0,0,1,0
2024-09-13T03:51:00.000000,36.098700833333,14.9793575,3,0,0,0,1,0
2024-09-13T03:52:00.000000,36.098461,14.979919666667,3,0,0,0,1,0
2024-09-13T03:53:00.000000,36.0982175,14.980504833333,3,0,0,0,1,0
2024-09-13T03:54:00.000000,36.097950666667,14.9810965,3,0,0,0,1,0
2024-09-13T03:55:00.000000,36.097680833333,14.981671333333,3,0,0,0,1,0
2024-09-13T03:56:00.000000,36.097427166667,14.982229,3,0,0,0,1,0
2024-09-13T03:57:00.000000,36.097183666667,14.9827825,3,0,0,0,1,0
2024-09-13T03:58:00.000000,36.096913333333,14.983378666667,3,0,0,0,1,0
2024-09-13T03:59:00.000000,36.096666833333,14.9839465,3,0,0,0,1,0
2024-09-13T04:00:00.000000,36.096415,14.9845195,3,0,0,0,1,0
2024-09-13T04:01:00.000000,36.096150833333,14.985105333333,3,0,0,0,1,0
2024-09-13T04:02:00.000000,36.095895833333,14.985664166667,3,0,0,0,1,0
2024-09-13T04:03:00.000000,36.095644166667,14.986237333333,3,0,0,0,1,0
2024-09-13T04:04:00.000000,36.0954735,14.986850333333,3,0,0,0,1,0
2024-09-13T04:05:00.000000,36.095381833333,14.987507333333,3,0,0,0,1,0
2024-09-13T04:06:00.000000,36.095356166667,14.988172333333,3,0,0,0,1,0
2024-09-13T04:07:00.000000,36.095382333333,14.988838,3,0,0,0,1,0
2024-09-13T04:08:00.000000,36.095458166667,14.989501166667,3,0,0,0,1,0
2024-09-13T04:09:00.000000,36.0955725,14.990192333333,3,0,0,0,1,0
2024-09-13T04:10:00.000000,36.095710333333,14.990907666667,3,0,0,0,1,0
2024-09-13T04:11:00.000000,36.095875166667,14.991614666667,3,0,0,0,1,0
2024-09-13T04:12:00.000000,36.096066,14.9923095,3,0,0,0,1,0
2024-09-13T04:13:00.000000,36.096287666667,14.992926666667,3,0,0,0,1,0
2024-09-13T04:14:00.000000,36.096523166667,14.993518666667,3,0,0,0,1,0
2024-09-13T04:15:00.000000,36.096779833333,14.994050166667,3,0,0,0,1,0
2024-09-13T04:16:00.000000,36.097064166667,14.9945715,3,0,0,0,1,0
2024-09-13T04:17:00.000000,36.097358666667,14.995079,3,0,0,0,1,0
2024-09-13T04:18:00.000000,36.097668,14.995555666667,3,0,0,0,1,0
2024-09-13T04:19:00.000000,36.097974666667,14.995969333333,3,0,0,0,1,0
2024-09-13T04:20:00.000000,36.098279333333,14.996298666667,3,0,0,0,1,0
2024-09-13T04:21:00.000000,36.098594,14.996575333333,3,0,0,0,1,0
2024-09-13T04:22:00.000000,36.098921333333,14.996791666667,3,0,0,0,1,0
2024-09-13T04:23:00.000000,36.099229,14.996925833333,3,0,0,0,1,0
2024-09-13T04:24:00.000000,36.099539666667,14.997047333333,3,0,0,0,1,0
2024-09-13T04:25:00.000000,36.099876,14.997184166667,3,0,0,0,1,0
2024-09-13T04:26:00.000000,36.100217666667,14.997307,3,0,0,0,1,0
2024-09-13T04:27:00.000000,36.1005795,14.997434166667,3,0,0,0,1,0
2024-09-13T04:28:00.000000,36.100955666667,14.997569666667,3,0,0,0,1,0
2024-09-13T04:29:00.000000,36.101344333333,14.997715,3,0,0,0,1,0
2024-09-13T04:30:00.000000,36.101752666667,14.997879333333,3,0,0,0,1,0
2024-09-13T04:31:00.000000,36.102171333333,14.998053166667,3,0,0,0,1,0
2024-09-13T04:32:00.000000,36.102594833333,14.9982215,3,0,0,0,1,0
2024-09-13T04:33:00.000000,36.103009333333,14.998376666667,3,0,0,0,1,0
2024-09-13T04:34:00.000000,36.103424833333,14.998531,3,0,0,0,1,0
2024-09-13T04:35:00.000000,36.103824666667,14.998648166667,3,0,0,0,1,0
2024-09-13T04:36:00.000000,36.104213833333,14.998727333333,3,0,0,0,1,0
2024-09-13T04:37:00.000000,36.104616166667,14.998806666667,3,0,0,0,1,0
2024-09-13T04:38:00.000000,36.105020166667,14.998896,3,0,0,0,1,0
2024-09-13T04:39:00.000000,36.105409666667,14.998935666667,3,0,0,0,1,0
2024-09-13T04:40:00.000000,36.1057685,14.998915333333,3,0,0,0,1,0
2024-09-13T04:41:00.000000,36.106108166667,14.998843666667,3,0,0,0,1,0
2024-09-13T04:42:00.000000,36.106394333333,14.998704166667,3,0,0,0,1,0
2024-09-13T04:43:00.000000,36.106583,14.998495333333,3,0,0,0,1,0
2024-09-13T04:44:00.000000,36.1066985,14.998213833333,3,0,0,0,1,0
2024-09-13T04:45:00.000000,36.106734333333,14.997869,3,0,0,0,1,0
2024-09-13T04:46:00.000000,36.106697333333,14.9974705,3,0,0,0,1,0
2024-09-13T04:47:00.000000,36.106575,14.997026166667,3,0,0,0,1,0
2024-09-13T04:48:00.000000,36.1063495,14.996544666667,3,0,0,0,1,0
2024-09-13T04:49:00.000000,36.106014,14.996042,3,0,0,0,1,0
2024-09-13T04:50:00.000000,36.105604333333,14.995527666667,3,0,0,0,1,0
2024-09-13T04:51:00.000000,36.105186833333,14.994998,3,0,0,0,1,0
2024-09-13T04:52:00.000000,36.104842833333,14.994455,3,0,0,0,1,0
2024-09-13T04:53:00.000000,36.104593666667,14.993898666667,3,0,0,0,1,0
2024-09-13T04:54:00.000000,36.104429333333,14.993347166667,3,0,0,0,1,0
2024-09-13T04:55:00.000000,36.104326833333,14.992815333333,3,0,0,0,1,0
2024-09-13T04:56:00.000000,36.104318333333,14.992321333333,3,0,0,0,1,0
2024-09-13T04:57:00.000000,36.104344666667,14.991830166667,3,0,0,0,1,0
2024-09-13T04:58:00.000000,36.104393,14.991338333333,3,0,0,0,1,0
2024-09-13T04:59:00.000000,36.1044655,14.990862,3,0,0,0,1,0
2024-09-13T05:00:00.000000,36.104550333333,14.990390166667,3,0,0,0,1,0
2024-09-13T05:01:00.000000,36.1046295,14.989955,3,0,0,0,1,0
2024-09-13T05:02:00.000000,36.104668833333,14.989605333333,3,0,0,0,1,0
2024-09-13T05:03:00.000000,36.104679333333,14.989346,3,0,0,0,1,0
2024-09-13T05:04:00.000000,36.104657833333,14.9891645,3,0,0,0,1,0
2024-09-13T05:05:00.000000,36.104593166667,14.989061666667,3,0,0,0,1,0
2024-09-13T05:06:00.000000,36.104501,14.989032166667,3,0,0,0,1,0
2024-09-13T05:07:00.000000,36.104396666667,14.989070333333,3,0,0,0,1,0
2024-09-13T05:08:00.000000,36.1042625,14.989172833333,3,0,0,0,1,0
2024-09-13T05:09:00.000000,36.104103,14.989339833333,3,0,0,0,1,0
2024-09-13T05:10:00.000000,36.103934333333,14.989560333333,3,0,0,0,1,0
2024-09-13T05:11:00.000000,36.103751166667,14.9898205,3,0,0,0,1,0
2024-09-13T05:12:00.000000,36.103551666667,14.990123166667,3,0,0,0,1,0
2024-09-13T05:13:00.000000,36.1033505,14.990438333333,3,0,0,0,1,0
2024-09-13T05:14:00.000000,36.103147166667,14.990801666667,3,0,0,0,1,0
2024-09-13T05:15:00.000000,36.1029555,14.9911665,3,0,0,0,1,0
2024-09-13T05:16:00.000000,36.102769666667,14.991580833333,3,0,0,0,1,0
2024-09-13T05:17:00.000000,36.102581166667,14.9920255,3,0,0,0,1,0
2024-09-13T05:18:00.000000,36.102398833333,14.992483666667,3,0,0,0,1,0
2024-09-13T05:19:00.000000,36.1021905,14.992990333333,3,0,0,0,1,0
2024-09-13T05:20:00.000000,36.1019645,14.993515166667,3,0,0,0,1,0
2024-09-13T05:21:00.000000,36.101727833333,14.994044,3,0,0,0,1,0
2024-09-13T05:22:00.000000,36.101460666667,14.994605833333,3,0,0,0,1,0
2024-09-13T05:23:00.000000,36.101214666667,14.995122833333,3,0,0,0,1,0
2024-09-13T05:24:00.000000,36.100948833333,14.995673666667,3,0,0,0,1,0
2024-09-13T05:25:00.000000,36.100674,14.996217166667,3,0,0,0,1,0
2024-09-13T05:26:00.000000,36.1003985,14.9967295,3,0,0,0,1,0
2024-09-13T05:27:00.000000,36.100098666667,14.997243333333,3,0,0,0,1,0
2024-09-13T05:28:00.000000,36.099796333333,14.997746333333,3,0,0,0,1,0
2024-09-13T05:29:00.000000,36.099506833333,14.998233333333,3,0,0,0,1,0
2024-09-13T05:30:00.000000,36.099242333333,14.998702666667,3,0,0,0,1,0
2024-09-13T05:31:00.000000,36.098949833333,14.999259833333,3,0,0,0,1,0
2024-09-13T05:32:00.000000,36.0986845,14.999786,3,0,0,0,1,0
2024-09-13T05:33:00.000000,36.098446,15.000282166667,3,0,0,0,1,0
2024-09-13T05:34:00.000000,36.0981825,15.000808,3,0,0,0,1,0
2024-09-13T05:35:00.000000,36.097941666667,15.001304,3,0,0,0,1,0
2024-09-13T05:36:00.000000,36.097696666667,15.001817166667,3,0,0,0,1,0
2024-09-13T05:37:00.000000,36.097442333333,15.002338333333,3,0,0,0,1,0
2024-09-13T05:38:00.000000,36.097177666667,15.0028545,3,0,0,0,1,0
2024-09-13T05:39:00.000000,36.0969115,15.0033665,3,0,0,0,1,0
2024-09-13T05:40:00.000000,36.0966455,15.0038795,3,0,0,0,1,0
2024-09-13T05:41:00.000000,36.096376833333,15.004408666667,3,0,0,0,1,0
2024-09-13T05:42:00.000000,36.096114,15.0049135,3,0,0,0,1,0
2024-09-13T05:43:00.000000,36.095874,15.005396833333,3,0,0,0,1,0
2024-09-13T05:44:00.000000,36.0956365,15.005890666667,3,0,0,0,1,0
2024-09-13T05:45:00.000000,36.095402,15.006373666667,3,0,0,0,1,0
2024-09-13T05:46:00.000000,36.095151833333,15.006881833333,3,0,0,0,1,0
2024-09-13T05:47:00.000000,36.094920666667,15.007365,3,0,0,0,1,0
2024-09-13T05:48:00.000000,36.0946675,15.007861333333,3,0,0,0,1,0
2024-09-13T05:49:00.000000,36.094433333333,15.008325666667,3,0,0,0,1,0
2024-09-13T05:50:00.000000,36.094190833333,15.008802166667,3,0,0,0,1,0
2024-09-13T05:51:00.000000,36.093934833333,15.009286166667,3,0,0,0,1,0
2024-09-13T05:52:00.000000,36.093683,15.009754666667,3,0,0,0,1,0
2024-09-13T05:53:00.000000,36.093431,15.0102375,3,0,0,0,1,0
2024-09-13T05:54:00.000000,36.093157333333,15.010747166667,3,0,0,0,1,0
2024-09-13T05:55:00.000000,36.092864,15.011241666667,3,0,0,0,1,0
2024-09-13T05:56:00.000000,36.092592666667,15.01168,3,0,0,0,1,0
2024-09-13T05:57:00.000000,36.092313333333,15.012094166667,3,0,0,0,1,0
2024-09-13T05:58:00.000000,36.0920405,15.012482333333,3,0,0,0,1,0
2024-09-13T05:59:00.000000,36.09177,15.012864666667,3,0,0,0,1,0
2024-09-13T06:00:00.000000,36.091463666667,15.013265166667,3,0,0,0,1,0
2024-09-13T06:01:00.000000,36.091165333333,15.013624833333,3,0,0,0,1,0
2024-09-13T06:02:00.000000,36.0908735,15.013995166667,3,0,0,0,1,0
2024-09-13T06:03:00.000000,36.090597833333,15.014407333333,3,0,0,0,1,0
2024-09-13T06:04:00.000000,36.090321,15.014818666667,3,0,0,0,1,0
2024-09-13T06:05:00.000000,36.090033666667,15.015249,3,0,0,0,1,0
2024-09-13T06:06:00.000000,36.089750833333,15.0156395,3,0,0,0,1,0
2024-09-13T06:07:00.000000,36.089459833333,15.0160235,3,0,0,0,1,0
2024-09-13T06:08:00.000000,36.089142333333,15.016432,3,0,0,0,1,0
2024-09-13T06:09:00.000000,36.088811166667,15.016841,3,0,0,0,1,0
2024-09-13T06:10:00.000000,36.088493333333,15.017233166667,3,0,0,0,1,0
2024-09-13T06:11:00.000000,36.088166666667,15.017607166667,3,0,0,0,1,0
2024-09-13T06:12:00.000000,36.087852833333,15.017944333333,3,0,0,0,1,0
2024-09-13T06:13:00.000000,36.0875305,15.018250833333,3,0,0,0,1,0
2024-09-13T06:14:00.000000,36.087212166667,15.018563166667,3,0,0,0,1,0
2024-09-13T06:15:00.000000,36.086893333333,15.018869333333,3,0,0,0,1,0
2024-09-13T06:16:00.000000,36.0865795,15.019159666667,3,0,0,0,1,0
2024-09-13T06:17:00.000000,36.086259,15.019450666667,3,0,0,0,1,0
2024-09-13T06:18:00.000000,36.085908,15.019734333333,3,0,0,0,1,0
2024-09-13T06:19:00.000000,36.085537833333,15.020003666667,3,0,0,0,1,0
2024-09-13T06:20:00.000000,36.0851235,15.020322166667,3,0,0,0,1,0
2024-09-13T06:21:00.000000,36.0847315,15.020611333333,3,0,0,0,1,0
2024-09-13T06:22:00.000000,36.084373333333,15.020858833333,3,0,0,0,1,0
2024-09-13T06:23:00.000000,36.084013166667,15.021104333333,3,0,0,0,1,0
2024-09-13T06:24:00.000000,36.083665666667,15.021330333333,3,0,0,0,1,0
2024-09-13T06:25:00.000000,36.083317666667,15.021561333333,3,0,0,0,1,0
2024-09-13T06:26:00.000000,36.082945166667,15.0218095,3,0,0,0,1,0
2024-09-13T06:27:00.000000,36.082571,15.022038333333,3,0,0,0,1,0
2024-09-13T06:28:00.000000,36.082200333333,15.022264333333,3,0,0,0,1,0
2024-09-13T06:29:00.000000,36.081789833333,15.022545,3,0,0,0,1,0
2024-09-13T06:30:00.000000,36.081413333333,15.022807333333,3,0,0,0,1,0
2024-09-13T06:31:00.000000,36.0810445,15.023058666667,3,0,0,0,1,0
2024-09-13T06:32:00.000000,36.080710166667,15.023277333333,3,0,0,0,1,0
2024-09-13T06:33:00.000000,36.080350833333,15.023507666667,3,0,0,0,1,0
2024-09-13T06:34:00.000000,36.079963,15.023765166667,3,0,0,0,1,0
2024-09-13T06:35:00.000000,36.079563833333,15.024031333333,3,0,0,0,1,0
2024-09-13T06:36:00.000000,36.079182833333,15.024281833333,3,0,0,0,1,0
2024-09-13T06:37:00.000000,36.0788005,15.024534833333,3,0,0,0,1,0
2024-09-13T06:38:00.000000,36.078422333333,15.024777166667,3,0,0,0,1,0
2024-09-13T06:39:00.000000,36.0780415,15.025029833333,3,0,0,0,1,0
2024-09-13T06:40:00.000000,36.0777275,15.025327666667,3,0,0,0,1,0
2024-09-13T06:41:00.000000,36.0774265,15.025765166667,3,0,0,0,1,0
2024-09-13T06:42:00.000000,36.0771875,15.026252666667,3,0,0,0,1,0
2024-09-13T06:43:00.000000,36.076980166667,15.026782333333,3,0,0,0,1,0
2024-09-13T06:44:00.000000,36.076847833333,15.027341166667,3,0,0,0,1,0
2024-09-13T06:45:00.000000,36.076776833333,15.0279175,3,0,0,0,1,0
2024-09-13T06:46:00.000000,36.076765166667,15.028488,3,0,0,0,1,0
2024-09-13T06:47:00.000000,36.076776666667,15.029035333333,3,0,0,0,1,0
2024-09-13T06:48:00.000000,36.076833833333,15.029554166667,3,0,0,0,1,0
2024-09-13T06:49:00.000000,36.076946,15.029982666667,3,0,0,0,1,0
2024-09-13T06:50:00.000000,36.077114833333,15.030352333333,3,0,0,0,1,0
2024-09-13T06:51:00.000000,36.0773085,15.030689666667,3,0,0,0,1,0
2024-09-13T06:52:00.000000,36.0775205,15.031042,3,0,0,0,1,0
2024-09-13T06:53:00.000000,36.077769666667,15.031378166667,3,0,0,0,1,0
2024-09-13T06:54:00.000000,36.078028333333,15.031596666667,3,0,0,0,1,0
2024-09-13T06:55:00.000000,36.078301833333,15.0317185,3,0,0,0,1,0
2024-09-13T06:56:00.000000,36.078553333333,15.0316935,3,0,0,0,1,0
2024-09-13T06:57:00.000000,36.0787435,15.031483,3,0,0,0,1,0
2024-09-13T06:58:00.000000,36.078885,15.0311195,3,0,0,0,1,0
2024-09-13T06:59:00.000000,36.079007666667,15.030650666667,3,0,0,0,1,0
2024-09-13T07:00:00.000000,36.079121833333,15.030067666667,3,0,0,0,1,0
2024-09-13T07:01:00.000000,36.079255,15.029323,3,0,0,0,1,0
2024-09-13T07:02:00.000000,36.079406833333,15.028402333333,3,0,0,0,1,0
2024-09-13T07:03:00.000000,36.079626,15.027365,3,0,0,0,1,0
2024-09-13T07:04:00.000000,36.0799475,15.026267666667,3,0,0,0,1,0
2024-09-13T07:05:00.000000,36.080399666667,15.025175166667,3,0,0,0,1,0
2024-09-13T07:06:00.000000,36.080965166667,15.024090166667,3,0,0,0,1,0
2024-09-13T07:07:00.000000,36.081537666667,15.022935166667,3,0,0,0,1,0
2024-09-13T07:08:00.000000,36.082112166667,15.021727166667,3,0,0,0,1,0
2024-09-13T07:09:00.000000,36.082744833333,15.020522833333,3,0,0,0,1,0
2024-09-13T07:10:00.000000,36.083429333333,15.019316833333,3,0,0,0,1,0
2024-09-13T07:11:00.000000,36.084105666667,15.018072,3,0,0,0,1,0
2024-09-13T07:12:00.000000,36.084805333333,15.016822333333,3,0,0,0,1,0
2024-09-13T07:13:00.000000,36.085529833333,15.015563666667,3,0,0,0,1,0
2024-09-13T07:14:00.000000,36.086230166667,15.014251333333,3,0,0,0,1,0
2024-09-13T07:15:00.000000,36.086908166667,15.012895333333,3,0,0,0,1,0
2024-09-13T07:16:00.000000,36.087582,15.0115175,3,0,0,0,1,0
2024-09-13T07:17:00.000000,36.088294666667,15.010175333333,3,0,0,0,1,0
2024-09-13T07:18:00.000000,36.0889765,15.008807,3,0,0,0,1,0
2024-09-13T07:19:00.000000,36.089674166667,15.007432333333,3,0,0,0,1,0
2024-09-13T07:20:00.000000,36.0904095,15.006083166667,3,0,0,0,1,0
2024-09-13T07:21:00.000000,36.091131,15.004717333333,3,0,0,0,1,0
2024-09-13T07:22:00.000000,36.091828333333,15.003306,3,0,0,0,1,0
2024-09-13T07:23:00.000000,36.092515833333,15.001864333333,3,0,0,0,1,0
2024-09-13T07:24:00.000000,36.0932365,15.000449,3,0,0,0,1,0
2024-09-13T07:25:00.000000,36.093997666667,14.999077833333,3,0,0,0,1,0
2024-09-13T07:26:00.000000,36.094696166667,14.997696166667,3,0,0,0,1,0
2024-09-13T07:27:00.000000,36.095306666667,14.99642,3,0,0,0,1,0
2024-09-13T07:28:00.000000,36.095843833333,14.9952375,3,0,0,0,1,0
2024-09-13T07:29:00.000000,36.096348,14.9941875,3,0,0,0,1,0
2024-09-13T07:30:00.000000,36.096847666667,14.993287,3,0,0,0,1,0
2024-09-13T07:31:00.000000,36.097346666667,14.992527,3,0,0,0,1,0
2024-09-13T07:32:00.000000,36.097819166667,14.991879666667,3,0,0,0,1,0
2024-09-13T07:33:00.000000,36.098200833333,14.991423166667,3,0,0,0,1,0
2024-09-13T07:34:00.000000,36.098632166667,14.9909695,3,0,0,0,1,0
2024-09-13T07:35:00.000000,36.099034833333,14.990624333333,3,0,0,0,1,0
2024-09-13T07:36:00.000000,36.099408166667,14.990360666667,3,0,0,0,1,0
2024-09-13T07:37:00.000000,36.099751333333,14.990158333333,3,0,0,0,1,0
2024-09-13T07:38:00.000000,36.1000585,14.990032833333,3,0,0,0,1,0
2024-09-13T07:39:00.000000,36.100323833333,14.989971166667,3,0,0,0,1,0
2024-09-13T07:40:00.000000,36.100544833333,14.9899705,3,0,0,0,1,0
2024-09-13T07:41:00.000000,36.100721,14.9900455,3,0,0,0,1,0
2024-09-13T07:42:00.000000,36.100855333333,14.990165666667,3,0,0,0,1,0
2024-09-13T07:43:00.000000,36.100935833333,14.9903365,3,0,0,0,1,0
2024-09-13T07:44:00.000000,36.100973,14.990540333333,3,0,0,0,1,0
2024-09-13T07:45:00.000000,36.100970166667,14.990741,3,0,0,0,1,0
2024-09-13T07:46:00.000000,36.1009325,14.990915333333,3,0,0,0,1,0
2024-09-13T07:47:00.000000,36.100868166667,14.9910555,3,0,0,0,1,0
2024-09-13T07:48:00.000000,36.1007645,14.991183166667,3,0,0,0,1,0
2024-09-13T07:49:00.000000,36.100625333333,14.9913285,3,0,0,0,1,0
2024-09-13T07:50:00.000000,36.100449833333,14.991476666667,3,0,0,0,1,0
2024-09-13T07:51:00.000000,36.1002605,14.991624833333,3,0,0,0,1,0
2024-09-13T07:52:00.000000,36.1000575,14.991762,3,0,0,0,1,0
2024-09-13T07:53:00.000000,36.099847333333,14.991876166667,3,0,0,0,1,0
2024-09-13T07:54:00.000000,36.099636333333,14.991957833333,3,0,0,0,1,0
2024-09-13T07:55:00.000000,36.0993925,14.992038333333,3,0,0,0,1,0
2024-09-13T07:56:00.000000,36.0991205,14.992094333333,3,0,0,0,1,0
2024-09-13T07:57:00.000000,36.098809166667,14.992113333333,3,0,0,0,1,0
2024-09-13T07:58:00.000000,36.098482333333,14.992090666667,3,0,0,0,1,0
2024-09-13T07:59:00.000000,36.098151,14.9920315,3,0,0,0,1,0
2024-09-13T08:00:00.000000,36.097817833333,14.991934333333,3,0,0,0,1,0
2024-09-13T08:01:00.000000,36.097452333333,14.991831333333,3,0,0,0,1,0
2024-09-13T08:02:00.000000,36.097076333333,14.991709166667,3,0,0,0,1,0
2024-09-13T08:03:00.000000,36.096726,14.9915395,3,0,0,0,1,0
2024-09-13T08:04:00.000000,36.096390666667,14.991348,3,0,0,0,1,0
2024-09-13T08:05:00.000000,36.096068,14.991135833333,3,0,0,0,1,0
2024-09-13T08:06:00.000000,36.095766166667,14.99091,3,0,0,0,1,0
2024-09-13T08:07:00.000000,36.0954885,14.9906685,3,0,0,0,1,0
2024-09-13T08:08:00.000000,36.095254666667,14.990420666667,3,0,0,0,1,0
2024-09-13T08:09:00.000000,36.095050333333,14.990180666667,3,0,0,0,1,0
2024-09-13T08:10:00.000000,36.094867833333,14.9899605,3,0,0,0,1,0
2024-09-13T08:11:00.000000,36.094688666667,14.989759166667,3,0,0,0,1,0
2024-09-13T08:12:00.000000,36.0945,14.989572333333,3,0,0,0,1,0
2024-09-13T08:13:00.000000,36.0942975,14.989401333333,3,0,0,0,1,0
2024-09-13T08:14:00.000000,36.094076833333,14.989234166667,3,0,0,0,1,0
2024-09-13T08:15:00.000000,36.09385,14.989075166667,3,0,0,0,1,0
2024-09-13T08:16:00.000000,36.093617,14.988913166667,3,0,0,0,1,0
2024-09-13T08:17:00.000000,36.093375833333,14.988755333333,3,0,0,0,1,0
2024-09-13T08:18:00.000000,36.093130166667,14.988600333333,3,0,0,0,1,0
2024-09-13T08:19:00.000000,36.092883666667,14.988457166667,3,0,0,0,1,0
2024-09-13T08:20:00.000000,36.092637,14.988337333333,3,0,0,0,1,0
2024-09-13T08:21:00.000000,36.0923825,14.988212166667,3,0,0,0,1,0
2024-09-13T08:22:00.000000,36.0921375,14.9881065,3,0,0,0,1,0
2024-09-13T08:23:00.000000,36.091894833333,14.9880235,3,0,0,0,1,0
2024-09-13T08:24:00.000000,36.091638833333,14.987922666667,3,0,0,0,1,0
2024-09-13T08:25:00.000000,36.091375,14.9878045,3,0,0,0,1,0
2024-09-13T08:26:00.000000,36.091116,14.987696,3,0,0,0,1,0
2024-09-13T08:27:00.000000,36.090863666667,14.987597166667,3,0,0,0,1,0
2024-09-13T08:28:00.000000,36.090619333333,14.987511333333,3,0,0,0,1,0
2024-09-13T08:29:00.000000,36.0903855,14.987439833333,3,0,0,0,1,0
2024-09-13T08:30:00.000000,36.090158666667,14.987382166667,3,0,0,0,1,0
2024-09-13T08:31:00.000000,36.0899315,14.987326666667,3,0,0,0,1,0
2024-09-13T08:32:00.000000,36.089698333333,14.987255833333,3,0,0,0,1,0
2024-09-13T08:33:00.000000,36.0894795,14.987210333333,3,0,0,0,1,0
2024-09-13T08:34:00.000000,36.089266,14.987165166667,3,0,0,0,1,0
2024-09-13T08:35:00.000000,36.089050666667,14.987117166667,3,0,0,0,1,0
2024-09-13T08:36:00.000000,36.088837166667,14.987086666667,3,0,0,0,1,0
2024-09-13T08:37:00.000000,36.088617333333,14.987067333333,3,0,0,0,1,0
2024-09-13T08:38:00.000000,36.088388666667,14.987033333333,3,0,0,0,1,0
2024-09-13T08:39:00.000000,36.0881535,14.986987833333,3,0,0,0,1,0
2024-09-13T08:40:00.000000,36.087930666667,14.986991,3,0,0,0,1,0
2024-09-13T08:41:00.000000,36.087705666667,14.987024333333,3,0,0,0,1,0
2024-09-13T08:42:00.000000,36.087496333333,14.987061333333,3,0,0,0,1,0
2024-09-13T08:43:00.000000,36.0872695,14.987078,3,0,0,0,1,0
2024-09-13T08:44:00.000000,36.0870325,14.987060833333,3,0,0,0,1,0
2024-09-13T08:45:00.000000,36.086797666667,14.987066666667,3,0,0,0,1,0
2024-09-13T08:46:00.000000,36.086561166667,14.9870585,3,0,0,0,1,0
2024-09-13T08:47:00.000000,36.086318,14.987018666667,3,0,0,0,1,0
2024-09-13T08:48:00.000000,36.086071333333,14.986982333333,3,0,0,0,1,0
2024-09-13T08:49:00.000000,36.085822166667,14.9869575,3,0,0,0,1,0
2024-09-13T08:50:00.000000,36.08557,14.986948333333,3,0,0,0,1,0
2024-09-13T08:51:00.000000,36.085316833333,14.986941333333,3,0,0,0,1,0
2024-09-13T08:52:00.000000,36.0850645,14.986899,3,0,0,0,1,0
2024-09-13T08:53:00.000000,36.084814833333,14.9869005,3,0,0,0,1,0
2024-09-13T08:54:00.000000,36.084567666667,14.986898166667,3,0,0,0,1,0
2024-09-13T08:55:00.000000,36.084325166667,14.9869,3,0,0,0,1,0
2024-09-13T08:56:00.000000,36.0840855,14.986888833333,3,0,0,0,1,0
2024-09-13T08:57:00.000000,36.0838465,14.986875,3,0,0,0,1,0
2024-09-13T08:58:00.000000,36.083609166667,14.9868375,3,0,0,0,1,0
2024-09-13T08:59:00.000000,36.083375,14.986825166667,3,0,0,0,1,0
2024-09-13T09:00:00.000000,36.083143,14.986838166667,3,0,0,0,1,0
2024-09-13T09:01:00.000000,36.082908666667,14.986846833333,3,0,0,0,1,0
2024-09-13T09:02:00.000000,36.082673166667,14.986827666667,3,0,0,0,1,0
2024-09-13T09:03:00.000000,36.0824285,14.986772833333,3,0,0,0,1,0
2024-09-13T09:04:00.000000,36.082185,14.986688,3,0,0,0,1,0
2024-09-13T09:05:00.000000,36.081944833333,14.986569166667,3,0,0,0,1,0
2024-09-13T09:06:00.000000,36.081709333333,14.986464833333,3,0,0,0,1,0
2024-09-13T09:07:00.000000,36.081480166667,14.98641,3,0,0,0,1,0
2024-09-13T09:08:00.000000,36.081249833333,14.986373333333,3,0,0,0,1,0
2024-09-13T09:09:00.000000,36.081017333333,14.986323,3,0,0,0,1,0
2024-09-13T09:10:00.000000,36.080798166667,14.986205666667,3,0,0,0,1,0
2024-09-13T09:11:00.000000,36.080573333333,14.986083333333,3,0,0,0,1,0
2024-09-13T09:12:00.000000,36.080360666667,14.986003,3,0,0,0,1,0
2024-09-13T09:13:00.000000,36.080162,14.9859235,3,0,0,0,1,0
2024-09-13T09:14:00.000000,36.079966833333,14.98586,3,0,0,0,1,0
2024-09-13T09:15:00.000000,36.079781333333,14.985846833333,3,0,0,0,1,0
2024-09-13T09:16:00.000000,36.079607666667,14.9858415,3,0,0,0,1,0
2024-09-13T09:17:00.000000,36.0794285,14.9858055,3,0,0,0,1,0
2024-09-13T09:18:00.000000,36.079250666667,14.985767666667,3,0,0,0,1,0
2024-09-13T09:19:00.000000,36.079066166667,14.985713833333,3,0,0,0,1,0
2024-09-13T09:20:00.000000,36.078876,14.985682666667,3,0,0,0,1,0
2024-09-13T09:21:00.000000,36.078682166667,14.985634166667,3,0,0,0,1,0
2024-09-13T09:22:00.000000,36.078482333333,14.985576666667,3,0,0,0,1,0
2024-09-13T09:23:00.000000,36.0782845,14.985511166667,3,0,0,0,1,0
2024-09-13T09:24:00.000000,36.078082333333,14.985477166667,3,0,0,0,1,0
2024-09-13T09:25:00.000000,36.077878333333,14.985445833333,3,0,0,0,1,0
2024-09-13T09:26:00.000000,36.077670333333,14.985430333333,3,0,0,0,1,0
2024-09-13T09:27:00.000000,36.077463333333,14.985389166667,3,0,0,0,1,0
2024-09-13T09:28:00.000000,36.077262166667,14.9852915,3,0,0,0,1,0
2024-09-13T09:29:00.000000,36.077062333333,14.985200333333,3,0,0,0,1,0
2024-09-13T09:30:00.000000,36.076854,14.985131,3,0,0,0,1,0
2024-09-13T09:31:00.000000,36.076632166667,14.985062333333,3,0,0,0,1,0
2024-09-13T09:32:00.000000,36.076412,14.9849855,3,0,0,0,1,0
2024-09-13T09:33:00.000000,36.076198333333,14.984865333333,3,0,0,0,1,0
2024-09-13T09:34:00.000000,36.075970166667,14.984781166667,3,0,0,0,1,0
2024-09-13T09:35:00.000000,36.075744166667,14.984678333333,3,0,0,0,1,0
2024-09-13T09:36:00.000000,36.075514,14.984565833333,3,0,0,0,1,0
2024-09-13T09:37:00.000000,36.075283666667,14.984435333333,3,0,0,0,1,0
2024-09-13T09:38:00.000000,36.075041333333,14.9843245,3,0,0,0,1,0
2024-09-13T09:39:00.000000,36.074787333333,14.9842345,3,0,0,0,1,0
2024-09-13T09:40:00.000000,36.074534666667,14.98414,3,0,0,0,1,0
2024-09-13T09:41:00.000000,36.0742845,14.984112333333,3,0,0,0,1,0
2024-09-13T09:42:00.000000,36.074025166667,14.984104666667,3,0,0,0,1,0
2024-09-13T09:43:00.000000,36.073787333333,14.984082333333,3,0,0,0,1,0
2024-09-13T09:44:00.000000,36.073543166667,14.984028,3,0,0,0,1,0
2024-09-13T09:45:00.000000,36.0732955,14.984020833333,3,0,0,0,1,0
2024-09-13T09:46:00.000000,36.073055,14.984016666667,3,0,0,0,1,0
2024-09-13T09:47:00.000000,36.072813166667,14.984023666667,3,0,0,0,1,0
2024-09-13T09:48:00.000000,36.0725705,14.984006166667,3,0,0,0,1,0
2024-09-13T09:49:00.000000,36.072331,14.983998166667,3,0,0,0,1,0
2024-09-13T09:50:00.000000,36.0721015,14.984008,3,0,0,0,1,0
2024-09-13T09:51:00.000000,36.071876666667,14.983991666667,3,0,0,0,1,0
2024-09-13T09:52:00.000000,36.071651833333,14.984006,3,0,0,0,1,0
2024-09-13T09:53:00.000000,36.071429166667,14.984018333333,3,0,0,0,1,0
2024-09-13T09:54:00.000000,36.071218333333,14.984041666667,3,0,0,0,1,0
2024-09-13T09:55:00.000000,36.071009666667,14.984033333333,3,0,0,0,1,0
2024-09-13T09:56:00.000000,36.070808833333,14.984038,3,0,0,0,1,0
2024-09-13T09:57:00.000000,36.0706095,14.984039666667,3,0,0,0,1,0
2024-09-13T09:58:00.000000,36.070424166667,14.984034666667,3,0,0,0,1,0
2024-09-13T09:59:00.000000,36.070241,14.984034666667,3,0,0,0,1,0
2024-09-13T10:00:00.000000,36.070067666667,14.984047666667,3,0,0,0,1,0
2024-09-13T10:01:00.000000,36.069891166667,14.9840515,3,0,0,0,1,0
2024-09-13T10:02:00.000000,36.069710833333,14.984071333333,3,0,0,0,1,0
2024-09-13T10:03:00.000000,36.069526666667,14.984087333333,3,0,0,0,1,0
2024-09-13T10:04:00.000000,36.069347166667,14.984113666667,3,0,0,0,1,0
2024-09-13T10:05:00.000000,36.069162166667,14.984136333333,3,0,0,0,1,0
2024-09-13T10:06:00.000000,36.0689745,14.9841305,3,0,0,0,1,0
2024-09-13T10:07:00.000000,36.068786833333,14.984101333333,3,0,0,0,1,0
2024-09-13T10:08:00.000000,36.068600833333,14.984096333333,3,0,0,0,1,0
2024-09-13T10:09:00.000000,36.068408666667,14.9840865,3,0,0,0,1,0
2024-09-13T10:10:00.000000,36.0682245,14.9840745,3,0,0,0,1,0
2024-09-13T10:11:00.000000,36.068040666667,14.984077,3,0,0,0,1,0
2024-09-13T10:12:00.000000,36.067861166667,14.984086166667,3,0,0,0,1,0
2024-09-13T10:13:00.000000,36.067680833333,14.9840785,3,0,0,0,1,0
2024-09-13T10:14:00.000000,36.067506333333,14.984098666667,3,0,0,0,1,0
2024-09-13T10:15:00.000000,36.067333166667,14.9841045,3,0,0,0,1,0
2024-09-13T10:16:00.000000,36.067159166667,14.984093166667,3,0,0,0,1,0
2024-09-13T10:17:00.000000,36.066982,14.984064833333,3,0,0,0,1,0
2024-09-13T10:18:00.000000,36.066803,14.984030833333,3,0,0,0,1,0
2024-09-13T10:19:00.000000,36.066626333333,14.9840215,3,0,0,0,1,0
2024-09-13T10:20:00.000000,36.066451,14.9840145,3,0,0,0,1,0
2024-09-13T10:21:00.000000,36.066286333333,14.984031333333,3,0,0,0,1,0
2024-09-13T10:22:00.000000,36.066120333333,14.984083166667,3,0,0,0,1,0
2024-09-13T10:23:00.000000,36.065958166667,14.984137333333,3,0,0,0,1,0
2024-09-13T10:24:00.000000,36.065796666667,14.984178833333,3,0,0,0,1,0
2024-09-13T10:25:00.000000,36.065624666667,14.984245166667,3,0,0,0,1,0
2024-09-13T10:26:00.000000,36.0654475,14.984319,3,0,0,0,1,0
2024-09-13T10:27:00.000000,36.0652665,14.984411,3,0,0,0,1,0
2024-09-13T10:28:00.000000,36.065077833333,14.984506333333,3,0,0,0,1,0
2024-09-13T10:29:00.000000,36.0648895,14.984547833333,3,0,0,0,1,0
2024-09-13T10:30:00.000000,36.064693,14.984589333333,3,0,0,0,1,0
2024-09-13T10:31:00.000000,36.0644955,14.984608333333,3,0,0,0,1,0
2024-09-13T10:32:00.000000,36.064305666667,14.984599833333,3,0,0,0,1,0
2024-09-13T10:33:00.000000,36.064107,14.984604333333,3,0,0,0,1,0
2024-09-13T10:34:00.000000,36.063903166667,14.984597833333,3,0,0,0,1,0
2024-09-13T10:35:00.000000,36.0637015,14.984619166667,3,0,0,0,1,0
2024-09-13T10:36:00.000000,36.063496166667,14.984639666667,3,0,0,0,1,0
2024-09-13T10:37:00.000000,36.063291,14.98469,3,0,0,0,1,0
2024-09-13T10:38:00.000000,36.063084,14.984751,3,0,0,0,1,0
2024-09-13T10:39:00.000000,36.062877333333,14.98481,3,0,0,0,1,0
2024-09-13T10:40:00.000000,36.06267,14.984867166667,3,0,0,0,1,0
2024-09-13T10:41:00.000000,36.062458833333,14.984898666667,3,0,0,0,1,0
2024-09-13T10:42:00.000000,36.0622425,14.984898166667,3,0,0,0,1,0
2024-09-13T10:43:00.000000,36.062019833333,14.984938833333,3,0,0,0,1,0
2024-09-13T10:44:00.000000,36.061799,14.9849925,3,0,0,0,1,0
2024-09-13T10:45:00.000000,36.061565666667,14.9849995,3,0,0,0,1,0
2024-09-13T10:46:00.000000,36.061327333333,14.984997833333,3,0,0,0,1,0
2024-09-13T10:47:00.000000,36.061091833333,14.98501,3,0,0,0,1,0
2024-09-13T10:48:00.000000,36.060857333333,14.985052166667,3,0,0,0,1,0
2024-09-13T10:49:00.000000,36.060626666667,14.985079666667,3,0,0,0,1,0
2024-09-13T10:50:00.000000,36.060400166667,14.985112833333,3,0,0,0,1,0
2024-09-13T10:51:00.000000,36.060179666667,14.985158333333,3,0,0,0,1,0
2024-09-13T10:52:00.000000,36.059967333333,14.985212833333,3,0,0,0,1,0
2024-09-13T10:53:00.000000,36.059757166667,14.985251,3,0,0,0,1,0
2024-09-13T10:54:00.000000,36.059557833333,14.985298666667,3,0,0,0,1,0
2024-09-13T10:55:00.000000,36.059354333333,14.985312666667,3,0,0,0,1,0
2024-09-13T10:56:00.000000,36.059152166667,14.985328,3,0,0,0,1,0
2024-09-13T10:57:00.000000,36.058952833333,14.985340666667,3,0,0,0,1,0
2024-09-13T10:58:00.000000,36.058762666667,14.985371666667,3,0,0,0,1,0
2024-09-13T10:59:00.000000,36.058580166667,14.9854065,3,0,0,0,1,0
2024-09-13T11:00:00.000000,36.058400666667,14.985423166667,3,0,0,0,1,0
2024-09-13T11:01:00.000000,36.058228,14.985446666667,3,0,0,0,1,0
2024-09-13T11:02:00.000000,36.058060166667,14.985484,3,0,0,0,1,0
2024-09-13T11:03:00.000000,36.057894333333,14.9855045,3,0,0,0,1,0
2024-09-13T11:04:00.000000,36.057732,14.985539333333,3,0,0,0,1,0
2024-09-13T11:05:00.000000,36.057569333333,14.985541166667,3,0,0,0,1,0
2024-09-13T11:06:00.000000,36.057406166667,14.985556833333,3,0,0,0,1,0
2024-09-13T11:07:00.000000,36.057242333333,14.985592833333,3,0,0,0,1,0
2024-09-13T11:08:00.000000,36.0570815,14.985644166667,3,0,0,0,1,0
2024-09-13T11:09:00.000000,36.056923666667,14.985728666667,3,0,0,0,1,0
2024-09-13T11:10:00.000000,36.0567575,14.985777333333,3,0,0,0,1,0
2024-09-13T11:11:00.000000,36.0565895,14.985845333333,3,0,0,0,1,0
2024-09-13T11:12:00.000000,36.056426666667,14.985904,3,0,0,0,1,0
2024-09-13T11:13:00.000000,36.056274333333,14.985921,3,0,0,0,1,0
2024-09-13T11:14:00.000000,36.056117,14.985932833333,3,0,0,0,1,0
2024-09-13T11:15:00.000000,36.055954666667,14.985942833333,3,0,0,0,1,0
2024-09-13T11:16:00.000000,36.055777166667,14.985985333333,3,0,0,0,1,0
2024-09-13T11:17:00.000000,36.055607666667,14.986001833333,3,0,0,0,1,0
2024-09-13T11:18:00.000000,36.055434333333,14.986003666667,3,0,0,0,1,0
2024-09-13T11:19:00.000000,36.0552585,14.986025166667,3,0,0,0,1,0
2024-09-13T11:20:00.000000,36.055082833333,14.986041166667,3,0,0,0,1,0
2024-09-13T11:21:00.000000,36.054903666667,14.986070333333,3,0,0,0,1,0
2024-09-13T11:22:00.000000,36.054723666667,14.986079333333,3,0,0,0,1,0
2024-09-13T11:23:00.000000,36.054544,14.986082333333,3,0,0,0,1,0
2024-09-13T11:24:00.000000,36.0543705,14.9861155,3,0,0,0,1,0
2024-09-13T11:25:00.000000,36.054201,14.986185166667,3,0,0,0,1,0
2024-09-13T11:26:00.000000,36.054034,14.986232166667,3,0,0,0,1,0
2024-09-13T11:27:00.000000,36.053863833333,14.986270833333,3,0,0,0,1,0
2024-09-13T11:28:00.000000,36.053697666667,14.986299,3,0,0,0,1,0
2024-09-13T11:29:00.000000,36.053533333333,14.986339166667,3,0,0,0,1,0
2024-09-13T11:30:00.000000,36.053371666667,14.986407166667,3,0,0,0,1,0
2024-09-13T11:31:00.000000,36.053206,14.9864795,3,0,0,0,1,0
2024-09-13T11:32:00.000000,36.053033333333,14.986513833333,3,0,0,0,1,0
2024-09-13T11:33:00.000000,36.0528665,14.986541166667,3,0,0,0,1,0
2024-09-13T11:34:00.000000,36.0526965,14.9865715,3,0,0,0,1,0
2024-09-13T11:35:00.000000,36.052520833333,14.9865945,3,0,0,0,1,0
2024-09-13T11:36:00.000000,36.052345333333,14.9866015,3,0,0,0,1,0
2024-09-13T11:37:00.000000,36.052162,14.986602666667,3,0,0,0,1,0
2024-09-13T11:38:00.000000,36.051979,14.986609,3,0,0,0,1,0
2024-09-13T11:39:00.000000,36.051794666667,14.9866415,3,0,0,0,1,0
2024-09-13T11:40:00.000000,36.051610833333,14.986684833333,3,0,0,0,1,0
2024-09-13T11:41:00.000000,36.0514265,14.986685833333,3,0,0,0,1,0
2024-09-13T11:42:00.000000,36.051234166667,14.9866865,3,0,0,0,1,0
2024-09-13T11:43:00.000000,36.0510485,14.986722166667,3,0,0,0,1,0
2024-09-13T11:44:00.000000,36.050868833333,14.986751833333,3,0,0,0,1,0
2024-09-13T11:45:00.000000,36.050683833333,14.986785833333,3,0,0,0,1,0
2024-09-13T11:46:00.000000,36.050510666667,14.986826833333,3,0,0,0,1,0
2024-09-13T11:47:00.000000,36.050343,14.986885833333,3,0,0,0,1,0
2024-09-13T11:48:00.000000,36.050178,14.986948333333,3,0,0,0,1,0
2024-09-13T11:49:00.000000,36.050011333333,14.987029666667,3,0,0,0,1,0
2024-09-13T11:50:00.000000,36.049843833333,14.987085833333,3,0,0,0,1,0
2024-09-13T11:51:00.000000,36.049675666667,14.987135666667,3,0,0,0,1,0
2024-09-13T11:52:00.000000,36.049505833333,14.987199666667,3,0,0,0,1,0
2024-09-13T11:53:00.000000,36.049335333333,14.987248166667,3,0,0,0,1,0
2024-09-13T11:54:00.000000,36.049162,14.987276333333,3,0,0,0,1,0
2024-09-13T11:55:00.000000,36.048990833333,14.987301666667,3,0,0,0,1,0
2024-09-13T11:56:00.000000,36.048821,14.9873375,3,0,0,0,1,0
2024-09-13T11:57:00.000000,36.048649166667,14.9873275,3,0,0,0,1,0
2024-09-13T11:58:00.000000,36.0484815,14.987346,3,0,0,0,1,0
2024-09-13T11:59:00.000000,36.048311,14.9873715,3,0,0,0,1,0
2024-09-13T12:00:00.000000,36.048134666667,14.987357833333,3,0,0,0,1,0
2024-09-13T12:01:00.000000,36.0479665,14.987393666667,3,0,0,0,1,0
2024-09-13T12:02:00.000000,36.047799,14.987425666667,3,0,0,0,1,0
2024-09-13T12:03:00.000000,36.047634166667,14.987453166667,3,0,0,0,1,0
2024-09-13T12:04:00.000000,36.047472833333,14.987481833333,3,0,0,0,1,0
2024-09-13T12:05:00.000000,36.047308666667,14.987501166667,3,0,0,0,1,0
2024-09-13T12:06:00.000000,36.047146166667,14.987540166667,3,0,0,0,1,0
2024-09-13T12:07:00.000000,36.0469845,14.9875775,3,0,0,0,1,0
2024-09-13T12:08:00.000000,36.046822333333,14.987636,3,0,0,0,1,0
2024-09-13T12:09:00.000000,36.0466605,14.987701,3,0,0,0,1,0
2024-09-13T12:10:00.000000,36.046496166667,14.987757666667,3,0,0,0,1,0
2024-09-13T12:11:00.000000,36.046330166667,14.987814166667,3,0,0,0,1,0
2024-09-13T12:12:00.000000,36.0461615,14.987886666667,3,0,0,0,1,0
2024-09-13T12:13:00.000000,36.045985333333,14.987956166667,3,0,0,0,1,0
2024-09-13T12:14:00.000000,36.045806666667,14.9880015,3,0,0,0,1,0
2024-09-13T12:15:00.000000,36.045626166667,14.9880685,3,0,0,0,1,0
2024-09-13T12:16:00.000000,36.04544,14.9881315,3,0,0,0,1,0
2024-09-13T12:17:00.000000,36.0452475,14.988185166667,3,0,0,0,1,0
2024-09-13T12:18:00.000000,36.045050333333,14.988242,3,0,0,0,1,0
2024-09-13T12:19:00.000000,36.044849333333,14.9882975,3,0,0,0,1,0
2024-09-13T12:20:00.000000,36.044642833333,14.988368833333,3,0,0,0,1,0
2024-09-13T12:21:00.000000,36.044436166667,14.988418166667,3,0,0,0,1,0
2024-09-13T12:22:00.000000,36.044229833333,14.988486833333,3,0,0,0,1,0
2024-09-13T12:23:00.000000,36.044022666667,14.9885385,3,0,0,0,1,0
2024-09-13T12:24:00.000000,36.043811666667,14.9886075,3,0,0,0,1,0
2024-09-13T12:25:00.000000,36.043599666667,14.988689833333,3,0,0,0,1,0
2024-09-13T12:26:00.000000,36.043374666667,14.988804333333,3,0,0,0,1,0
2024-09-13T12:27:00.000000,36.043148,14.988905666667,3,0,0,0,1,0
2024-09-13T12:28:00.000000,36.042924333333,14.988977166667,3,0,0,0,1,0
2024-09-13T12:29:00.000000,36.0426945,14.989040833333,3,0,0,0,1,0
2024-09-13T12:30:00.000000,36.042462833333,14.989073833333,3,0,0,0,1,0
2024-09-13T12:31:00.000000,36.042235333333,14.989076666667,3,0,0,0,1,0
2024-09-13T12:32:00.000000,36.042001833333,14.9890725,3,0,0,0,1,0
2024-09-13T12:33:00.000000,36.041775166667,14.989032166667,3,0,0,0,1,0
2024-09-13T12:34:00.000000,36.0415425,14.989000333333,3,0,0,0,1,0
2024-09-13T12:35:00.000000,36.041310666667,14.988969166667,3,0,0,0,1,0
2024-09-13T12:36:00.000000,36.041058666667,14.988944333333,3,0,0,0,1,0
2024-09-13T12:37:00.000000,36.040803,14.988933333333,3,0,0,0,1,0
2024-09-13T12:38:00.000000,36.0405405,14.9889065,3,0,0,0,1,0
2024-09-13T12:39:00.000000,36.040284,14.988878333333,3,0,0,0,1,0
2024-09-13T12:40:00.000000,36.040022,14.9888585,3,0,0,0,1,0
2024-09-13T12:41:00.000000,36.0397485,14.988843,3,0,0,0,1,0
2024-09-13T12:42:00.000000,36.039481666667,14.988798,3,0,0,0,1,0
2024-09-13T12:43:00.000000,36.039210833333,14.988742833333,3,0,0,0,1,0
2024-09-13T12:44:00.000000,36.038944666667,14.988664833333,3,0,0,0,1,0
2024-09-13T12:45:00.000000,36.0386675,14.988592666667,3,0,0,0,1,0
2024-09-13T12:46:00.000000,36.038402,14.988521166667,3,0,0,0,1,0
2024-09-13T12:47:00.000000,36.0381195,14.988462833333,3,0,0,0,1,0
2024-09-13T12:48:00.000000,36.037833666667,14.988425166667,3,0,0,0,1,0
2024-09-13T12:49:00.000000,36.0375515,14.988383666667,3,0,0,0,1,0
2024-09-13T12:50:00.000000,36.037265833333,14.988328833333,3,0,0,0,1,0
2024-09-13T12:51:00.000000,36.036976666667,14.9882815,3,0,0,0,1,0
2024-09-13T12:52:00.000000,36.03668,14.988235333333,3,0,0,0,1,0
2024-09-13T12:53:00.000000,36.036381166667,14.9881785,3,0,0,0,1,0
2024-09-13T12:54:00.000000,36.036072,14.9880915,3,0,0,0,1,0
2024-09-13T12:55:00.000000,36.035764166667,14.988004666667,3,0,0,0,1,0
2024-09-13T12:56:00.000000,36.035459666667,14.9879015,3,0,0,0,1,0
2024-09-13T12:57:00.000000,36.035142,14.98782,3,0,0,0,1,0
2024-09-13T12:58:00.000000,36.0348185,14.987747333333,3,0,0,0,1,0
2024-09-13T12:59:00.000000,36.034482666667,14.987681666667,3,0,0,0,1,0
2024-09-13T13:00:00.000000,36.034141666667,14.987607833333,3,0,0,0,1,0
2024-09-13T13:01:00.000000,36.033781833333,14.987554166667,3,0,0,0,1,0
2024-09-13T13:02:00.000000,36.033414666667,14.987504166667,3,0,0,0,1,0
2024-09-13T13:03:00.000000,36.033040666667,14.987441333333,3,0,0,0,1,0
2024-09-13T13:04:00.000000,36.0326585,14.987407166667,3,0,0,0,1,0
2024-09-13T13:05:00.000000,36.032274833333,14.987374,3,0,0,0,1,0
2024-09-13T13:06:00.000000,36.031884666667,14.987325666667,3,0,0,0,1,0
2024-09-13T13:07:00.000000,36.031495833333,14.987269833333,3,0,0,0,1,0
2024-09-13T13:08:00.000000,36.031102,14.987213,3,0,0,0,1,0
2024-09-13T13:09:00.000000,36.030720333333,14.9871375,3,0,0,0,1,0
2024-09-13T13:10:00.000000,36.0303455,14.987033166667,3,0,0,0,1,0
2024-09-13T13:11:00.000000,36.029977,14.9868995,3,0,0,0,1,0
2024-09-13T13:12:00.000000,36.029599666667,14.986766,3,0,0,0,1,0
2024-09-13T13:13:00.000000,36.029233166667,14.986618833333,3,0,0,0,1,0
2024-09-13T13:14:00.000000,36.028869,14.9864735,3,0,0,0,1,0
2024-09-13T13:15:00.000000,36.028498,14.986337,3,0,0,0,1,0
2024-09-13T13:16:00.000000,36.028127833333,14.986198833333,3,0,0,0,1,0
2024-09-13T13:17:00.000000,36.027753,14.986066833333,3,0,0,0,1,0
2024-09-13T13:18:00.000000,36.027388166667,14.985929333333,3,0,0,0,1,0
2024-09-13T13:19:00.000000,36.027027666667,14.985791166667,3,0,0,0,1,0
2024-09-13T13:20:00.000000,36.026684833333,14.9856415,3,0,0,0,1,0
2024-09-13T13:21:00.000000,36.0263675,14.985470333333,3,0,0,0,1,0
2024-09-13T13:22:00.000000,36.0260745,14.985289166667,3,0,0,0,1,0
2024-09-13T13:23:00.000000,36.025796333333,14.985104333333,3,0,0,0,1,0
2024-09-13T13:24:00.000000,36.025534166667,14.984917666667,3,0,0,0,1,0
2024-09-13T13:25:00.000000,36.0252845,14.984714666667,3,0,0,0,1,0
2024-09-13T13:26:00.000000,36.025042166667,14.984517166667,3,0,0,0,1,0
2024-09-13T13:27:00.000000,36.0248,14.984327,3,0,0,0,1,0
2024-09-13T13:28:00.000000,36.024569666667,14.984127,3,0,0,0,1,0
2024-09-13T13:29:00.000000,36.024347666667,14.983924166667,3,0,0,0,1,0
2024-09-13T13:30:00.000000,36.024118166667,14.983726666667,3,0,0,0,1,0
2024-09-13T13:31:00.000000,36.023886333333,14.9835385,3,0,0,0,1,0
2024-09-13T13:32:00.000000,36.023660166667,14.983355833333,3,0,0,0,1,0
2024-09-13T13:33:00.000000,36.023432666667,14.983181833333,3,0,0,0,1,0
2024-09-13T13:34:00.000000,36.0232095,14.983011166667,3,0,0,0,1,0
2024-09-13T13:35:00.000000,36.022984833333,14.982839333333,3,0,0,0,1,0
2024-09-13T13:36:00.000000,36.022752166667,14.9826695,3,0,0,0,1,0
2024-09-13T13:37:00.000000,36.022528333333,14.982499833333,3,0,0,0,1,0
2024-09-13T13:38:00.000000,36.022303666667,14.982333,3,0,0,0,1,0
2024-09-13T13:39:00.000000,36.022079166667,14.9821755,3,0,0,0,1,0
2024-09-13T13:40:00.000000,36.0218545,14.9820215,3,0,0,0,1,0
2024-09-13T13:41:00.000000,36.021629333333,14.981872,3,0,0,0,1,0
2024-09-13T13:42:00.000000,36.021405666667,14.9817205,3,0,0,0,1,0
2024-09-13T13:43:00.000000,36.021189,14.981568833333,3,0,0,0,1,0
2024-09-13T13:44:00.000000,36.020978333333,14.981425166667,3,0,0,0,1,0
2024-09-13T13:45:00.000000,36.0207825,14.981284833333,3,0,0,0,1,0
2024-09-13T13:46:00.000000,36.020586,14.981148833333,3,0,0,0,1,0
2024-09-13T13:47:00.000000,36.020385166667,14.981013333333,3,0,0,0,1,0
2024-09-13T13:48:00.000000,36.020183666667,14.9808815,3,0,0,0,1,0
2024-09-13T13:49:00.000000,36.0199775,14.980743,3,0,0,0,1,0
2024-09-13T13:50:00.000000,36.019778333333,14.980604833333,3,0,0,0,1,0
2024-09-13T13:51:00.000000,36.019587333333,14.9804685,3,0,0,0,1,0
2024-09-13T13:52:00.000000,36.019395166667,14.980331666667,3,0,0,0,1,0
2024-09-13T13:53:00.000000,36.019202666667,14.980199666667,3,0,0,0,1,0
2024-09-13T13:54:00.000000,36.019009833333,14.980067666667,3,0,0,0,1,0
2024-09-13T13:55:00.000000,36.018819833333,14.979936166667,3,0,0,0,1,0
2024-09-13T13:56:00.000000,36.018632,14.979804666667,3,0,0,0,1,0
2024-09-13T13:57:00.000000,36.018435166667,14.979667666667,3,0,0,0,1,0
2024-09-13T13:58:00.000000,36.018239166667,14.979525333333,3,0,0,0,1,0
2024-09-13T13:59:00.000000,36.018038333333,14.979373833333,3,0,0,0,1,0
2024-09-13T14:00:00.000000,36.017846833333,14.979215666667,3,0,0,0,1,0
2024-09-13T14:01:00.000000,36.017666666667,14.979060666667,3,0,0,0,1,0
2024-09-13T14:02:00.000000,36.017494833333,14.97891,3,0,0,0,1,0
2024-09-13T14:03:00.000000,36.017329833333,14.9787505,3,0,0,0,1,0
2024-09-13T14:04:00.000000,36.0171715,14.978580666667,3,0,0,0,1,0
2024-09-13T14:05:00.000000,36.017020833333,14.978397833333,3,0,0,0,1,0
2024-09-13T14:06:00.000000,36.016879333333,14.9782255,3,0,0,0,1,0
2024-09-13T14:07:00.000000,36.0167445,14.978050833333,3,0,0,0,1,0
2024-09-13T14:08:00.000000,36.01661,14.977869666667,3,0,0,0,1,0
2024-09-13T14:09:00.000000,36.016478,14.977685166667,3,0,0,0,1,0
2024-09-13T14:10:00.000000,36.016363666667,14.977513166667,3,0,0,0,1,0
2024-09-13T14:11:00.000000,36.016249833333,14.977342833333,3,0,0,0,1,0
2024-09-13T14:12:00.000000,36.016135,14.977165333333,3,0,0,0,1,0
2024-09-13T14:13:00.000000,36.016016833333,14.9769775,3,0,0,0,1,0
2024-09-13T14:14:00.000000,36.015908333333,14.976802166667,3,0,0,0,1,0
2024-09-13T14:15:00.000000,36.0158175,14.976642833333,3,0,0,0,1,0
2024-09-13T14:16:00.000000,36.015725166667,14.9764835,3,0,0,0,1,0
2024-09-13T14:17:00.000000,36.015643166667,14.976325,3,0,0,0,1,0
2024-09-13T14:18:00.000000,36.015573833333,14.976176666667,3,0,0,0,1,0
2024-09-13T14:19:00.000000,36.015503166667,14.976019333333,3,0,0,0,1,0
2024-09-13T14:20:00.000000,36.015437,14.975864,3,0,0,0,1,0
2024-09-13T14:21:00.000000,36.015376666667,14.975696833333,3,0,0,0,1,0
2024-09-13T14:22:00.000000,36.015323666667,14.975533333333,3,0,0,0,1,0
2024-09-13T14:23:00.000000,36.015280833333,14.9753795,3,0,0,0,1,0
2024-09-13T14:24:00.000000,36.015244333333,14.9752265,3,0,0,0,1,0
2024-09-13T14:25:00.000000,36.015201666667,14.9750605,3,0,0,0,1,0
2024-09-13T14:26:00.000000,36.015149166667,14.974872666667,3,0,0,0,1,0
2024-09-13T14:27:00.000000,36.015105166667,14.974692166667,3,0,0,0,1,0
2024-09-13T14:28:00.000000,36.0150555,14.974483666667,3,0,0,0,1,0
2024-09-13T14:29:00.000000,36.0150105,14.974261,3,0,0,0,1,0
2024-09-13T14:30:00.000000,36.014970166667,14.974065333333,3,0,0,0,1,0
2024-09-13T14:31:00.000000,36.0149345,14.973889333333,3,0,0,0,1,0
2024-09-13T14:32:00.000000,36.0149015,14.973723333333,3,0,0,0,1,0
2024-09-13T14:33:00.000000,36.014865,14.973540166667,3,0,0,0,1,0
2024-09-13T14:34:00.000000,36.014837666667,14.973381166667,3,0,0,0,1,0
2024-09-13T14:35:00.000000,36.014806333333,14.9732265,3,0,0,0,1,0
2024-09-13T14:36:00.000000,36.014774666667,14.973074833333,3,0,0,0,1,0
2024-09-13T14:37:00.000000,36.014765666667,14.972906333333,3,0,0,0,1,0
2024-09-13T14:38:00.000000,36.014770833333,14.972750666667,3,0,0,0,1,0
2024-09-13T14:39:00.000000,36.0147655,14.9726115,3,0,0,0,1,0
2024-09-13T14:40:00.000000,36.0147545,14.972474333333,3,0,0,0,1,0
2024-09-13T14:41:00.000000,36.014739333333,14.972334333333,3,0,0,0,1,0
2024-09-13T14:42:00.000000,36.0147225,14.972188666667,3,0,0,0,1,0
2024-09-13T14:43:00.000000,36.0146965,14.972062333333,3,0,0,0,1,0
2024-09-13T14:44:00.000000,36.014671,14.971919333333,3,0,0,0,1,0
2024-09-13T14:45:00.000000,36.014639333333,14.9717685,3,0,0,0,1,0
2024-09-13T14:46:00.000000,36.014604166667,14.971604833333,3,0,0,0,1,0
2024-09-13T14:47:00.000000,36.0145685,14.971441,3,0,0,0,1,0
2024-09-13T14:48:00.000000,36.014529166667,14.971285666667,3,0,0,0,1,0
2024-09-13T14:49:00.000000,36.014487333333,14.971121666667,3,0,0,0,1,0
2024-09-13T14:50:00.000000,36.014447,14.970965,3,0,0,0,1,0
2024-09-13T14:51:00.000000,36.014405833333,14.970815833333,3,0,0,0,1,0
2024-09-13T14:52:00.000000,36.014359166667,14.970669333333,3,0,0,0,1,0
2024-09-13T14:53:00.000000,36.014316166667,14.9705195,3,0,0,0,1,0
2024-09-13T14:54:00.000000,36.014268666667,14.970375,3,0,0,0,1,0
2024-09-13T14:55:00.000000,36.014219833333,14.970222,3,0,0,0,1,0
2024-09-13T14:56:00.000000,36.014168666667,14.970068666667,3,0,0,0,1,0
2024-09-13T14:57:00.000000,36.0141185,14.969919166667,3,0,0,0,1,0
2024-09-13T14:58:00.000000,36.014072333333,14.969766333333,3,0,0,0,1,0
2024-09-13T14:59:00.000000,36.0140265,14.969598,3,0,0,0,1,0
2024-09-13T15:00:00.000000,36.013982166667,14.969416166667,3,0,0,0,1,0
2024-09-13T15:01:00.000000,36.013936,14.9692435,3,0,0,0,1,0
2024-09-13T15:02:00.000000,36.013894166667,14.969063833333,3,0,0,0,1,0
2024-09-13T15:03:00.000000,36.013849833333,14.968905666667,3,0,0,0,1,0
2024-09-13T15:04:00.000000,36.013804666667,14.968758666667,3,0,0,0,1,0
2024-09-13T15:05:00.000000,36.013756166667,14.968618666667,3,0,0,0,1,0
2024-09-13T15:06:00.000000,36.013710833333,14.968466333333,3,0,0,0,1,0
2024-09-13T15:07:00.000000,36.013685,14.9682885,3,0,0,0,1,0
2024-09-13T15:08:00.000000,36.013676166667,14.968119833333,3,0,0,0,1,0
2024-09-13T15:09:00.000000,36.013669666667,14.9679485,3,0,0,0,1,0
2024-09-13T15:10:00.000000,36.013667166667,14.967780166667,3,0,0,0,1,0
2024-09-13T15:11:00.000000,36.013672833333,14.9675935,3,0,0,0,1,0
2024-09-13T15:12:00.000000,36.013668833333,14.9674035,3,0,0,0,1,0
2024-09-13T15:13:00.000000,36.013665,14.967214333333,3,0,0,0,1,0
2024-09-13T15:14:00.000000,36.013662333333,14.967022833333,3,0,0,0,1,0
2024-09-13T15:15:00.000000,36.013655,14.966838,3,0,0,0,1,0
2024-09-13T15:16:00.000000,36.013647333333,14.966660833333,3,0,0,0,1,0
2024-09-13T15:17:00.000000,36.013641,14.966483666667,3,0,0,0,1,0
2024-09-13T15:18:00.000000,36.013631833333,14.966313,3,0,0,0,1,0
2024-09-13T15:19:00.000000,36.0136195,14.966150166667,3,0,0,0,1,0
2024-09-13T15:20:00.000000,36.013608166667,14.965980166667,3,0,0,0,1,0
2024-09-13T15:21:00.000000,36.013596333333,14.9658115,3,0,0,0,1,0
2024-09-13T15:22:00.000000,36.013580333333,14.965643166667,3,0,0,0,1,0
2024-09-13T15:23:00.000000,36.013563166667,14.965474333333,3,0,0,0,1,0
2024-09-13T15:24:00.000000,36.013542166667,14.96532,3,0,0,0,1,0
2024-09-13T15:25:00.000000,36.013521833333,14.965163666667,3,0,0,0,1,0
2024-09-13T15:26:00.000000,36.0134975,14.965005166667,3,0,0,0,1,0
2024-09-13T15:27:00.000000,36.013485333333,14.964840666667,3,0,0,0,1,0
2024-09-13T15:28:00.000000,36.013599,14.964717666667,3,0,0,0,1,0
2024-09-13T15:29:00.000000,36.013760666667,14.964585333333,3,0,0,0,1,0
2024-09-13T15:30:00.000000,36.013912666667,14.9644545,3,0,0,0,1,0
2024-09-13T15:31:00.000000,36.014059666667,14.964320833333,3,0,0,0,1,0
2024-09-13T15:32:00.000000,36.014191166667,14.964199,3,0,0,0,1,0
2024-09-13T15:33:00.000000,36.014315666667,14.9640735,3,0,0,0,1,0
2024-09-13T15:34:00.000000,36.014435833333,14.963950833333,3,0,0,0,1,0
2024-09-13T15:35:00.000000,36.014557,14.963821,3,0,0,0,1,0
2024-09-13T15:36:00.000000,36.014676833333,14.963688,3,0,0,0,1,0
2024-09-13T15:37:00.000000,36.014781833333,14.963564166667,3,0,0,0,1,0
2024-09-13T15:38:00.000000,36.014881333333,14.963443333333,3,0,0,0,1,0
2024-09-13T15:39:00.000000,36.014971666667,14.963318833333,3,0,0,0,1,0
2024-09-13T15:40:00.000000,36.015051,14.963200166667,3,0,0,0,1,0
2024-09-13T15:41:00.000000,36.0151295,14.963071666667,3,0,0,0,1,0
2024-09-13T15:42:00.000000,36.015199666667,14.9629505,3,0,0,0,1,0
2024-09-13T15:43:00.000000,36.0152585,14.962834666667,3,0,0,0,1,0
2024-09-13T15:44:00.000000,36.0153055,14.962725166667,3,0,0,0,1,0
2024-09-13T15:45:00.000000,36.015348833333,14.9626145,3,0,0,0,1,0
2024-09-13T15:46:00.000000,36.015400666667,14.962489333333,3,0,0,0,1,0
2024-09-13T15:47:00.000000,36.015456833333,14.962353833333,3,0,0,0,1,0
2024-09-13T15:48:00.000000,36.015506166667,14.962213666667,3,0,0,0,1,0
2024-09-13T15:49:00.000000,36.015545833333,14.962078,3,0,0,0,1,0
2024-09-13T15:50:00.000000,36.015585166667,14.9619395,3,0,0,0,1,0
2024-09-13T15:51:00.000000,36.015627833333,14.961795,3,0,0,0,1,0
2024-09-13T15:52:00.000000,36.015674666667,14.961649166667,3,0,0,0,1,0
2024-09-13T15:53:00.000000,36.015720166667,14.9615055,3,0,0,0,1,0
2024-09-13T15:54:00.000000,36.015767666667,14.961364,3,0,0,0,1,0
2024-09-13T15:55:00.000000,36.0158095,14.9612305,3,0,0,0,1,0
2024-09-13T15:56:00.000000,36.015852666667,14.961095,3,0,0,0,1,0
2024-09-13T15:57:00.000000,36.015900666667,14.960959166667,3,0,0,0,1,0
2024-09-13T15:58:00.000000,36.015946166667,14.960821,3,0,0,0,1,0
2024-09-13T15:59:00.000000,36.015993666667,14.960669166667,3,0,0,0,1,0
2024-09-13T16:00:00.000000,36.016036333333,14.960521833333,3,0,0,0,1,0
2024-09-13T16:01:00.000000,36.016099166667,14.960408,3,0,0,0,1,0
2024-09-13T16:02:00.000000,36.016256666667,14.960365166667,3,0,0,0,1,0
2024-09-13T16:03:00.000000,36.016425666667,14.960301333333,3,0,0,0,1,0
2024-09-13T16:04:00.000000,36.016600333333,14.960221,3,0,0,0,1,0
2024-09-13T16:05:00.000000,36.016775166667,14.960126166667,3,0,0,0,1,0
2024-09-13T16:06:00.000000,36.016940666667,14.9600235,3,0,0,0,1,0
2024-09-13T16:07:00.000000,36.017098833333,14.959924833333,3,0,0,0,1,0
2024-09-13T16:08:00.000000,36.017243666667,14.959820833333,3,0,0,0,1,0
2024-09-13T16:09:00.000000,36.017378166667,14.959715666667,3,0,0,0,1,0
2024-09-13T16:10:00.000000,36.017506666667,14.9596065,3,0,0,0,1,0
2024-09-13T16:11:00.000000,36.017624,14.959502166667,3,0,0,0,1,0
2024-09-13T16:12:00.000000,36.017737166667,14.959393,3,0,0,0,1,0
2024-09-13T16:13:00.000000,36.017835166667,14.959287333333,3,0,0,0,1,0
2024-09-13T16:14:00.000000,36.017928166667,14.959179833333,3,0,0,0,1,0
2024-09-13T16:15:00.000000,36.017998,14.9590735,3,0,0,0,1,0
2024-09-13T16:16:00.000000,36.018068166667,14.958957666667,3,0,0,0,1,0
2024-09-13T16:17:00.000000,36.0181385,14.958836666667,3,0,0,0,1,0
2024-09-13T16:18:00.000000,36.018203666667,14.958723,3,0,0,0,1,0
2024-09-13T16:19:00.000000,36.018261166667,14.958617333333,3,0,0,0,1,0
2024-09-13T16:20:00.000000,36.018323333333,14.958504166667,3,0,0,0,1,0
2024-09-13T16:21:00.000000,36.018389666667,14.958384833333,3,0,0,0,1,0
2024-09-13T16:22:00.000000,36.0184585,14.958257166667,3,0,0,0,1,0
2024-09-13T16:23:00.000000,36.018524166667,14.958130166667,3,0,0,0,1,0
2024-09-13T16:24:00.000000,36.018588,14.9580065,3,0,0,0,1,0
2024-09-13T16:25:00.000000,36.018648833333,14.95788,3,0,0,0,1,0
2024-09-13T16:26:00.000000,36.018717666667,14.9577385,3,0,0,0,1,0
2024-09-13T16:27:00.000000,36.0187855,14.957596166667,3,0,0,0,1,0
2024-09-13T16:28:00.000000,36.0188475,14.957462333333,3,0,0,0,1,0
2024-09-13T16:29:00.000000,36.0189075,14.957327333333,3,0,0,0,1,0
2024-09-13T16:30:00.000000,36.018969166667,14.957186,3,0,0,0,1,0
2024-09-13T16:31:00.000000,36.019026833333,14.957043666667,3,0,0,0,1,0
2024-09-13T16:32:00.000000,36.019082166667,14.956891833333,3,0,0,0,1,0
2024-09-13T16:33:00.000000,36.019135666667,14.956734666667,3,0,0,0,1,0
2024-09-13T16:34:00.000000,36.019183,14.956578,3,0,0,0,1,0
2024-09-13T16:35:00.000000,36.019234,14.956421166667,3,0,0,0,1,0
2024-09-13T16:36:00.000000,36.019277333333,14.956274,3,0,0,0,1,0
2024-09-13T16:37:00.000000,36.019329166667,14.9561145,3,0,0,0,1,0
2024-09-13T16:38:00.000000,36.019381666667,14.955960666667,3,0,0,0,1,0
2024-09-13T16:39:00.000000,36.019438166667,14.955803833333,3,0,0,0,1,0
2024-09-13T16:40:00.000000,36.019485833333,14.955658666667,3,0,0,0,1,0
2024-09-13T16:41:00.000000,36.019526833333,14.955509833333,3,0,0,0,1,0
2024-09-13T16:42:00.000000,36.019574333333,14.955357333333,3,0,0,0,1,0
2024-09-13T16:43:00.000000,36.0196155,14.955220833333,3,0,0,0,1,0
2024-09-13T16:44:00.000000,36.019655833333,14.955081166667,3,0,0,0,1,0
2024-09-13T16:45:00.000000,36.019693166667,14.954934666667,3,0,0,0,1,0
2024-09-13T16:46:00.000000,36.019728166667,14.954796333333,3,0,0,0,1,0
2024-09-13T16:47:00.000000,36.0197645,14.954654666667,3,0,0,0,1,0
2024-09-13T16:48:00.000000,36.019806166667,14.954516166667,3,0,0,0,1,0
2024-09-13T16:49:00.000000,36.019845833333,14.9543775,3,0,0,0,1,0
2024-09-13T16:50:00.000000,36.019881833333,14.954245666667,3,0,0,0,1,0
2024-09-13T16:51:00.000000,36.019922,14.954108333333,3,0,0,0,1,0
2024-09-13T16:52:00.000000,36.019964666667,14.953962666667,3,0,0,0,1,0
2024-09-13T16:53:00.000000,36.020002166667,14.953816333333,3,0,0,0,1,0
2024-09-13T16:54:00.000000,36.020042666667,14.953667166667,3,0,0,0,1,0
2024-09-13T16:55:00.000000,36.020079166667,14.953517166667,3,0,0,0,1,0
2024-09-13T16:56:00.000000,36.020121333333,14.953363,3,0,0,0,1,0
2024-09-13T16:57:00.000000,36.020167833333,14.953215166667,3,0,0,0,1,0
2024-09-13T16:58:00.000000,36.020221,14.953059333333,3,0,0,0,1,0
2024-09-13T16:59:00.000000,36.020278166667,14.952896333333,3,0,0,0,1,0
2024-09-13T17:00:00.000000,36.020340166667,14.952734166667,3,0,0,0,1,0
2024-09-13T17:01:00.000000,36.020415333333,14.952584666667,3,0,0,0,1,0
2024-09-13T17:02:00.000000,36.020589833333,14.952509,3,0,0,0,1,0
2024-09-13T17:03:00.000000,36.020791166667,14.952439166667,3,0,0,0,1,0
2024-09-13T17:04:00.000000,36.020994333333,14.952352833333,3,0,0,0,1,0
2024-09-13T17:05:00.000000,36.021192666667,14.952257333333,3,0,0,0,1,0
2024-09-13T17:06:00.000000,36.021382833333,14.952165,3,0,0,0,1,0
2024-09-13T17:07:00.000000,36.021574833333,14.952055333333,3,0,0,0,1,0
2024-09-13T17:08:00.000000,36.021761666667,14.951949666667,3,0,0,0,1,0
2024-09-13T17:09:00.000000,36.021933833333,14.951859666667,3,0,0,0,1,0
2024-09-13T17:10:00.000000,36.022092166667,14.951773333333,3,0,0,0,1,0
2024-09-13T17:11:00.000000,36.022247666667,14.951675833333,3,0,0,0,1,0
2024-09-13T17:12:00.000000,36.0223975,14.951571,3,0,0,0,1,0
2024-09-13T17:13:00.000000,36.0225325,14.951483166667,3,0,0,0,1,0
2024-09-13T17:14:00.000000,36.0226635,14.951400333333,3,0,0,0,1,0
2024-09-13T17:15:00.000000,36.022786833333,14.951319166667,3,0,0,0,1,0
2024-09-13T17:16:00.000000,36.022901666667,14.951239833333,3,0,0,0,1,0
2024-09-13T17:17:00.000000,36.0230165,14.9511585,3,0,0,0,1,0
2024-09-13T17:18:00.000000,36.023132833333,14.951077,3,0,0,0,1,0
2024-09-13T17:19:00.000000,36.023237166667,14.951001,3,0,0,0,1,0
2024-09-13T17:20:00.000000,36.023337166667,14.9509225,3,0,0,0,1,0
2024-09-13T17:21:00.000000,36.023441833333,14.950833,3,0,0,0,1,0
2024-09-13T17:22:00.000000,36.023544166667,14.950738666667,3,0,0,0,1,0
2024-09-13T17:23:00.000000,36.0236365,14.9506515,3,0,0,0,1,0
2024-09-13T17:24:00.000000,36.023733166667,14.950546666667,3,0,0,0,1,0
2024-09-13T17:25:00.000000,36.023828,14.950446333333,3,0,0,0,1,0
2024-09-13T17:26:00.000000,36.023911,14.95035,3,0,0,0,1,0
2024-09-13T17:27:00.000000,36.023993166667,14.950243333333,3,0,0,0,1,0
2024-09-13T17:28:00.000000,36.024078166667,14.9501275,3,0,0,0,1,0
2024-09-13T17:29:00.000000,36.0241515,14.950013333333,3,0,0,0,1,0
2024-09-13T17:30:00.000000,36.024232166667,14.949892,3,0,0,0,1,0
2024-09-13T17:31:00.000000,36.024314333333,14.949768166667,3,0,0,0,1,0
2024-09-13T17:32:00.000000,36.024402666667,14.9496415,3,0,0,0,1,0
2024-09-13T17:33:00.000000,36.024487333333,14.949519666667,3,0,0,0,1,0
2024-09-13T17:34:00.000000,36.024566833333,14.949404166667,3,0,0,0,1,0
2024-09-13T17:35:00.000000,36.024649833333,14.949290333333,3,0,0,0,1,0
2024-09-13T17:36:00.000000,36.024734833333,14.949175333333,3,0,0,0,1,0
2024-09-13T17:37:00.000000,36.0248335,14.949043833333,3,0,0,0,1,0
2024-09-13T17:38:00.000000,36.024937,14.948903666667,3,0,0,0,1,0
2024-09-13T17:39:00.000000,36.025040166667,14.948770666667,3,0,0,0,1,0
2024-09-13T17:40:00.000000,36.0251485,14.9486375,3,0,0,0,1,0
2024-09-13T17:41:00.000000,36.025252333333,14.948516833333,3,0,0,0,1,0
2024-09-13T17:42:00.000000,36.025356333333,14.948389666667,3,0,0,0,1,0
2024-09-13T17:43:00.000000,36.0254645,14.948262833333,3,0,0,0,1,0
2024-09-13T17:44:00.000000,36.025565,14.948138666667,3,0,0,0,1,0
2024-09-13T17:45:00.000000,36.025661333333,14.948009333333,3,0,0,0,1,0
2024-09-13T17:46:00.000000,36.0257665,14.9478755,3,0,0,0,1,0
2024-09-13T17:47:00.000000,36.02588,14.947739833333,3,0,0,0,1,0
2024-09-13T17:48:00.000000,36.025994166667,14.947600833333,3,0,0,0,1,0
2024-09-13T17:49:00.000000,36.026104333333,14.947475,3,0,0,0,1,0
2024-09-13T17:50:00.000000,36.026218166667,14.947353833333,3,0,0,0,1,0
2024-09-13T17:51:00.000000,36.0263355,14.947233,3,0,0,0,1,0
2024-09-13T17:52:00.000000,36.026449,14.947113166667,3,0,0,0,1,0
2024-09-13T17:53:00.000000,36.026555833333,14.947005833333,3,0,0,0,1,0
2024-09-13T17:54:00.000000,36.026666333333,14.9469005,3,0,0,0,1,0
2024-09-13T17:55:00.000000,36.026776333333,14.946792,3,0,0,0,1,0
2024-09-13T17:56:00.000000,36.026880833333,14.946685333333,3,0,0,0,1,0
2024-09-13T17:57:00.000000,36.026971666667,14.946592666667,3,0,0,0,1,0
2024-09-13T17:58:00.000000,36.02706,14.946503666667,3,0,0,0,1,0
2024-09-13T17:59:00.000000,36.027149166667,14.946416833333,3,0,0,0,1,0
2024-09-13T18:00:00.000000,36.027245333333,14.946322833333,3,0,0,0,1,0
2024-09-13T18:01:00.000000,36.027340666667,14.946228333333,3,0,0,0,1,0
2024-09-13T18:02:00.000000,36.027432166667,14.946133166667,3,0,0,0,1,0
2024-09-13T18:03:00.000000,36.027522833333,14.946035333333,3,0,0,0,1,0
2024-09-13T18:04:00.000000,36.027613,14.945937333333,3,0,0,0,1,0
2024-09-13T18:05:00.000000,36.027699666667,14.945841333333,3,0,0,0,1,0
2024-09-13T18:06:00.000000,36.027797333333,14.945740333333,3,0,0,0,1,0
2024-09-13T18:07:00.000000,36.027892833333,14.945646666667,3,0,0,0,1,0
2024-09-13T18:08:00.000000,36.027987166667,14.945554333333,3,0,0,0,1,0
2024-09-13T18:09:00.000000,36.028079166667,14.945465833333,3,0,0,0,1,0
2024-09-13T18:10:00.000000,36.028174,14.945374833333,3,0,0,0,1,0
2024-09-13T18:11:00.000000,36.028259666667,14.945288166667,3,0,0,0,1,0
2024-09-13T18:12:00.000000,36.028341833333,14.945202,3,0,0,0,1,0
2024-09-13T18:13:00.000000,36.028425,14.945119333333,3,0,0,0,1,0
2024-09-13T18:14:00.000000,36.028507,14.9450395,3,0,0,0,1,0
2024-09-13T18:15:00.000000,36.028599333333,14.944954333333,3,0,0,0,1,0
2024-09-13T18:16:00.000000,36.028689,14.944868,3,0,0,0,1,0
2024-09-13T18:17:00.000000,36.028783166667,14.944782166667,3,0,0,0,1,0
2024-09-13T18:18:00.000000,36.0288765,14.944700166667,3,0,0,0,1,0
2024-09-13T18:19:00.000000,36.028968166667,14.944624833333,3,0,0,0,1,0
2024-09-13T18:20:00.000000,36.029056333333,14.944549666667,3,0,0,0,1,0
2024-09-13T18:21:00.000000,36.029142666667,14.944481333333,3,0,0,0,1,0
2024-09-13T18:22:00.000000,36.0292275,14.944418833333,3,0,0,0,1,0
2024-09-13T18:23:00.000000,36.0293145,14.9443585,3,0,0,0,1,0
2024-09-13T18:24:00.000000,36.029407666667,14.944286666667,3,0,0,0,1,0
2024-09-13T18:25:00.000000,36.029493166667,14.944221,3,0,0,0,1,0
2024-09-13T18:26:00.000000,36.029578666667,14.94415,3,0,0,0,1,0
2024-09-13T18:27:00.000000,36.029673166667,14.944081666667,3,0,0,0,1,0
2024-09-13T18:28:00.000000,36.029758666667,14.944019333333,3,0,0,0,1,0
2024-09-13T18:29:00.000000,36.029844,14.943949166667,3,0,0,0,1,0
2024-09-13T18:30:00.000000,36.029932166667,14.943874666667,3,0,0,0,1,0
2024-09-13T18:31:00.000000,36.030026,14.943797166667,3,0,0,0,1,0
2024-09-13T18:32:00.000000,36.030122,14.943716333333,3,0,0,0,1,0
2024-09-13T18:33:00.000000,36.030219,14.943640666667,3,0,0,0,1,0
2024-09-13T18:34:00.000000,36.0303155,14.943557833333,3,0,0,0,1,0
2024-09-13T18:35:00.000000,36.030416166667,14.943480333333,3,0,0,0,1,0
2024-09-13T18:36:00.000000,36.030521666667,14.943400666667,3,0,0,0,1,0
2024-09-13T18:37:00.000000,36.030631833333,14.943320166667,3,0,0,0,1,0
2024-09-13T18:38:00.000000,36.030745666667,14.943245833333,3,0,0,0,1,0
2024-09-13T18:39:00.000000,36.0308515,14.9431805,3,0,0,0,1,0
2024-09-13T18:40:00.000000,36.030954333333,14.943123166667,3,0,0,0,1,0
2024-09-13T18:41:00.000000,36.031051166667,14.9430715,3,0,0,0,1,0
2024-09-13T18:42:00.000000,36.031157833333,14.943010166667,3,0,0,0,1,0
2024-09-13T18:43:00.000000,36.031268,14.942948833333,3,0,0,0,1,0
2024-09-13T18:44:00.000000,36.031382166667,14.942892666667,3,0,0,0,1,0
2024-09-13T18:45:00.000000,36.031499,14.942839166667,3,0,0,0,1,0
2024-09-13T18:46:00.000000,36.031619666667,14.942779666667,3,0,0,0,1,0
2024-09-13T18:47:00.000000,36.0317375,14.942724333333,3,0,0,0,1,0
2024-09-13T18:48:00.000000,36.031856333333,14.942668,3,0,0,0,1,0
2024-09-13T18:49:00.000000,36.031961,14.942625666667,3,0,0,0,1,0
2024-09-13T18:50:00.000000,36.0320865,14.942588166667,3,0,0,0,1,0
2024-09-13T18:51:00.000000,36.032289666667,14.942637666667,3,0,0,0,1,0
2024-09-13T18:52:00.000000,36.032495166667,14.942681333333,3,0,0,0,1,0
2024-09-13T18:53:00.000000,36.032704,14.9427095,3,0,0,0,1,0
2024-09-13T18:54:00.000000,36.032906,14.942736666667,3,0,0,0,1,0
2024-09-13T18:55:00.000000,36.033102333333,14.942767166667,3,0,0,0,1,0
2024-09-13T18:56:00.000000,36.0332885,14.942806166667,3,0,0,0,1,0
2024-09-13T18:57:00.000000,36.033465666667,14.942845,3,0,0,0,1,0
2024-09-13T18:58:00.000000,36.033637,14.942888666667,3,0,0,0,1,0
2024-09-13T18:59:00.000000,36.0338035,14.942934166667,3,0,0,0,1,0
2024-09-13T19:00:00.000000,36.03397,14.9429825,3,0,0,0,1,0
2024-09-13T19:01:00.000000,36.034128,14.943034,3,0,0,0,1,0
2024-09-13T19:02:00.000000,36.034286,14.943089,3,0,0,0,1,0
2024-09-13T19:03:00.000000,36.034441166667,14.943135666667,3,0,0,0,1,0
2024-09-13T19:04:00.000000,36.034586833333,14.943190666667,3,0,0,0,1,0
2024-09-13T19:05:00.000000,36.034723666667,14.9432465,3,0,0,0,1,0
2024-09-13T19:06:00.000000,36.034855166667,14.943295166667,3,0,0,0,1,0
2024-09-13T19:07:00.000000,36.034990666667,14.943335333333,3,0,0,0,1,0
2024-09-13T19:08:00.000000,36.035139333333,14.943369166667,3,0,0,0,1,0
2024-09-13T19:09:00.000000,36.035291333333,14.943392,3,0,0,0,1,0
2024-09-13T19:10:00.000000,36.035434333333,14.943417333333,3,0,0,0,1,0
2024-09-13T19:11:00.000000,36.035565,14.943449333333,3,0,0,0,1,0
2024-09-13T19:12:00.000000,36.035692166667,14.9434815,3,0,0,0,1,0
2024-09-13T19:13:00.000000,36.035825833333,14.943506833333,3,0,0,0,1,0
2024-09-13T19:14:00.000000,36.035974333333,14.943531333333,3,0,0,0,1,0
2024-09-13T19:15:00.000000,36.036077666667,14.943570166667,3,0,0,0,1,0
2024-09-13T19:16:00.000000,36.036195333333,14.943603333333,3,0,0,0,1,0
2024-09-13T19:17:00.000000,36.036309333333,14.9436355,3,0,0,0,1,0
2024-09-13T19:18:00.000000,36.036422,14.943662333333,3,0,0,0,1,0
2024-09-13T19:19:00.000000,36.0365155,14.9436825,3,0,0,0,1,0
2024-09-13T19:20:00.000000,36.036598833333,14.943681166667,3,0,0,0,1,0
2024-09-13T19:21:00.000000,36.0366745,14.943667666667,3,0,0,0,1,0
2024-09-13T19:22:00.000000,36.0367505,14.943640333333,3,0,0,0,1,0
2024-09-13T19:23:00.000000,36.036827,14.943600333333,3,0,0,0,1,0
2024-09-13T19:24:00.000000,36.036893,14.943558833333,3,0,0,0,1,0
2024-09-13T19:25:00.000000,36.036950166667,14.943523166667,3,0,0,0,1,0
2024-09-13T19:26:00.000000,36.0370035,14.943479166667,3,0,0,0,1,0
2024-09-13T19:27:00.000000,36.037062,14.943430833333,3,0,0,0,1,0
2024-09-13T19:28:00.000000,36.037119333333,14.943377833333,3,0,0,0,1,0
2024-09-13T19:29:00.000000,36.037169,14.943329333333,3,0,0,0,1,0
2024-09-13T19:30:00.000000,36.037212666667,14.943282166667,3,0,0,0,1,0
2024-09-13T19:31:00.000000,36.0372505,14.943237833333,3,0,0,0,1,0
2024-09-13T19:32:00.000000,36.037285166667,14.943195,3,0,0,0,1,0
2024-09-13T19:33:00.000000,36.037315166667,14.943154833333,3,0,0,0,1,0
2024-09-13T19:34:00.000000,36.037418333333,14.943126166667,3,0,0,0,1,0
2024-09-13T19:35:00.000000,36.037556666667,14.943088666667,3,0,0,0,1,0
2024-09-13T19:36:00.000000,36.037686166667,14.9430255,3,0,0,0,1,0
2024-09-13T19:37:00.000000,36.037814,14.942944666667,3,0,0,0,1,0
2024-09-13T19:38:00.000000,36.0379375,14.942853666667,3,0,0,0,1,0
2024-09-13T19:39:00.000000,36.038057666667,14.9427545,3,0,0,0,1,0
2024-09-13T19:40:00.000000,36.038172333333,14.942653166667,3,0,0,0,1,0
2024-09-13T19:41:00.000000,36.038288833333,14.942557666667,3,0,0,0,1,0
2024-09-13T19:42:00.000000,36.038401333333,14.942468,3,0,0,0,1,0
2024-09-13T19:43:00.000000,36.03851,14.942386833333,3,0,0,0,1,0
2024-09-13T19:44:00.000000,36.038617666667,14.942295,3,0,0,0,1,0
2024-09-13T19:45:00.000000,36.038728333333,14.942195666667,3,0,0,0,1,0
2024-09-13T19:46:00.000000,36.038832833333,14.942098833333,3,0,0,0,1,0
2024-09-13T19:47:00.000000,36.038934166667,14.942008166667,3,0,0,0,1,0
2024-09-13T19:48:00.000000,36.039032166667,14.941916666667,3,0,0,0,1,0
2024-09-13T19:49:00.000000,36.039128833333,14.941816166667,3,0,0,0,1,0
2024-09-13T19:50:00.000000,36.039207833333,14.9417085,3,0,0,0,1,0
2024-09-13T19:51:00.000000,36.039281,14.941602833333,3,0,0,0,1,0
2024-09-13T19:52:00.000000,36.039355,14.941471166667,3,0,0,0,1,0
2024-09-13T19:53:00.000000,36.039418333333,14.941353166667,3,0,0,0,1,0
2024-09-13T19:54:00.000000,36.039468333333,14.941247166667,3,0,0,0,1,0
2024-09-13T19:55:00.000000,36.039510166667,14.941149166667,3,0,0,0,1,0
2024-09-13T19:56:00.000000,36.039556166667,14.941044833333,3,0,0,0,1,0
2024-09-13T19:57:00.000000,36.039598333333,14.940957666667,3,0,0,0,1,0
2024-09-13T19:58:00.000000,36.039641166667,14.94088,3,0,0,0,1,0
2024-09-13T19:59:00.000000,36.039685833333,14.940794166667,3,0,0,0,1,0
2024-09-13T20:00:00.000000,36.039730666667,14.940698166667,3,0,0,0,1,0
2024-09-13T20:01:00.000000,36.039776666667,14.940615,3,0,0,0,1,0
2024-09-13T20:02:00.000000,36.039820666667,14.940522333333,3,0,0,0,1,0
2024-09-13T20:03:00.000000,36.03986,14.940423666667,3,0,0,0,1,0
2024-09-13T20:04:00.000000,36.039897666667,14.940291333333,3,0,0,0,1,0
2024-09-13T20:05:00.000000,36.03993,14.940160333333,3,0,0,0,1,0
2024-09-13T20:06:00.000000,36.039962666667,14.940029333333,3,0,0,0,1,0
2024-09-13T20:07:00.000000,36.040001166667,14.939891833333,3,0,0,0,1,0
2024-09-13T20:08:00.000000,36.040164,14.939691,3,0,0,0,1,0
2024-09-13T20:09:00.000000,36.040437666667,14.9395015,3,0,0,0,1,0
2024-09-13T20:10:00.000000,36.040799333333,14.939353666667,3,0,0,0,1,0
2024-09-13T20:11:00.000000,36.041238833333,14.939237333333,3,0,0,0,1,0
2024-09-13T20:12:00.000000,36.041743166667,14.939188333333,4,0,0,0,0,1
2024-09-13T20:13:00.000000,36.042357333333,14.939250166667,4,0,0,0,0,1
2024-09-13T20:14:00.000000,36.0430505,14.939499333333,4,0,0,0,0,1
2024-09-13T20:15:00.000000,36.043789833333,14.939998333333,4,0,0,0,0,1
2024-09-13T20:16:00.000000,36.044508333333,14.940834166667,4,0,0,0,0,1
2024-09-13T20:17:00.000000,36.044971333333,14.942000833333,4,0,0,0,0,1
2024-09-13T20:18:00.000000,36.045038666667,14.943316333333,4,0,0,0,0,1
2024-09-13T20:19:00.000000,36.044659833333,14.9445365,4,0,0,0,0,1
2024-09-13T20:20:00.000000,36.043865,14.9453045,4,0,0,0,0,1
2024-09-13T20:21:00.000000,36.042828166667,14.945421333333,4,0,0,0,0,1
2024-09-13T20:22:00.000000,36.0416945,14.945033833333,4,0,0,0,0,1
2024-09-13T20:23:00.000000,36.040373166667,14.9444565,4,0,0,0,0,1
2024-09-13T20:24:00.000000,36.0387345,14.943706333333,4,0,0,0,0,1
2024-09-13T20:25:00.000000,36.036792,14.942823333333,4,0,0,0,0,1
2024-09-13T20:26:00.000000,36.0346215,14.941809166667,4,0,0,0,0,1
2024-09-13T20:27:00.000000,36.032256666667,14.940825166667,4,0,0,0,0,1
2024-09-13T20:28:00.000000,36.029752333333,14.939856,4,0,0,0,0,1
2024-09-13T20:29:00.000000,36.027147666667,14.938893833333,4,0,0,0,0,1
2024-09-13T20:30:00.000000,36.0244875,14.937886666667,4,0,0,0,0,1
2024-09-13T20:31:00.000000,36.021789166667,14.936853166667,4,0,0,0,0,1
2024-09-13T20:32:00.000000,36.019058166667,14.935816833333,4,0,0,0,0,1
2024-09-13T20:33:00.000000,36.016299666667,14.934774833333,4,0,0,0,0,1
2024-09-13T20:34:00.000000,36.013526,14.9337065,4,0,0,0,0,1
2024-09-13T20:35:00.000000,36.010738833333,14.932654166667,4,0,0,0,0,1
2024-09-13T20:36:00.000000,36.007973166667,14.931499666667,4,0,0,0,0,1
2024-09-13T20:37:00.000000,36.005274,14.930185,4,0,0,0,0,1
2024-09-13T20:38:00.000000,36.002780333333,14.928833333333,4,0,0,0,0,1
2024-09-13T20:39:00.000000,36.000443833333,14.9275625,4,0,0,0,0,1
2024-09-13T20:40:00.000000,35.998238666667,14.926308333333,4,0,0,0,0,1
2024-09-13T20:41:00.000000,35.996124833333,14.9250795,4,0,0,0,0,1
2024-09-13T20:42:00.000000,35.9940835,14.923862,4,0,0,0,0,1
2024-09-13T20:43:00.000000,35.992079666667,14.922687166667,4,0,0,0,0,1
2024-09-13T20:44:00.000000,35.990115666667,14.921523333333,4,0,0,0,0,1
2024-09-13T20:45:00.000000,35.988194,14.920348166667,4,0,0,0,0,1
2024-09-13T20:46:00.000000,35.986291666667,14.919195666667,4,0,0,0,0,1
2024-09-13T20:47:00.000000,35.9844035,14.918059333333,4,0,0,0,0,1
2024-09-13T20:48:00.000000,35.982523,14.9169265,4,0,0,0,0,1
2024-09-13T20:49:00.000000,35.980661166667,14.915805166667,4,0,0,0,0,1
2024-09-13T20:50:00.000000,35.9788655,14.914723333333,4,0,0,0,0,1
2024-09-13T20:51:00.000000,35.9771525,14.913701166667,4,0,0,0,0,1
2024-09-13T20:52:00.000000,35.9754835,14.912737166667,4,0,0,0,0,1
2024-09-13T20:53:00.000000,35.973866166667,14.9117965,4,0,0,0,0,1
2024-09-13T20:54:00.000000,35.972322333333,14.9108245,4,0,0,0,0,1
2024-09-13T20:55:00.000000,35.970812,14.909912,4,0,0,0,0,1
2024-09-13T20:56:00.000000,35.9693005,14.909150833333,4,0,0,0,0,1
2024-09-13T20:57:00.000000,35.967774166667,14.908528666667,4,0,0,0,0,1
2024-09-13T20:58:00.000000,35.9662845,14.907935666667,4,0,0,0,0,1
2024-09-13T20:59:00.000000,35.964826,14.907377333333,4,0,0,0,0,1
2024-09-13T21:00:00.000000,35.963436,14.906862666667,4,0,0,0,0,1
2024-09-13T21:01:00.000000,35.962106333333,14.9064025,4,0,0,0,0,1
2024-09-13T21:02:00.000000,35.960827166667,14.905964166667,4,0,0,0,0,1
2024-09-13T21:03:00.000000,35.959605333333,14.9055225,4,0,0,0,0,1
2024-09-13T21:04:00.000000,35.958412,14.905100166667,4,0,0,0,0,1
2024-09-13T21:05:00.000000,35.957295666667,14.904663833333,4,0,0,0,0,1
2024-09-13T21:06:00.000000,35.956271833333,14.9042825,4,0,0,0,0,1
2024-09-13T21:07:00.000000,35.955329666667,14.904005,4,0,0,0,0,1
2024-09-13T21:08:00.000000,35.954469166667,14.903756333333,4,0,0,0,0,1
2024-09-13T21:09:00.000000,35.953691666667,14.90349,4,0,0,0,0,1
2024-09-13T21:10:00.000000,35.952992666667,14.903192166667,4,0,0,0,0,1
2024-09-13T21:11:00.000000,35.952359833333,14.902893166667,4,0,0,0,0,1
2024-09-13T21:12:00.000000,35.951784333333,14.902618666667,4,0,0,0,0,1
2024-09-13T21:13:00.000000,35.951261666667,14.902342333333,4,0,0,0,0,1
2024-09-13T21:14:00.000000,35.950786166667,14.902070666667,2,0,0,1,0,0
2024-09-13T21:15:00.000000,35.950359,14.9018035,2,0,0,1,0,0
2024-09-13T21:16:00.000000,35.949970833333,14.901569,2,0,0,1,0,0
2024-09-13T21:17:00.000000,35.949627833333,14.901350333333,2,0,0,1,0,0
2024-09-13T21:18:00.000000,35.949320833333,14.901157,2,0,0,1,0,0
2024-09-13T21:19:00.000000,35.949042333333,14.900988166667,2,0,0,1,0,0
2024-09-13T21:20:00.000000,35.948799333333,14.9008305,2,0,0,1,0,0
2024-09-13T21:21:00.000000,35.948570666667,14.900697333333,2,0,0,1,0,0
2024-09-13T21:22:00.000000,35.9483595,14.9005705,2,0,0,1,0,0
2024-09-13T21:23:00.000000,35.948166833333,14.900459333333,2,0,0,1,0,0
2024-09-13T21:24:00.000000,35.947993666667,14.900360833333,2,0,0,1,0,0
2024-09-13T21:25:00.000000,35.9478375,14.900273833333,2,0,0,1,0,0
2024-09-13T21:26:00.000000,35.947696666667,14.900201833333,2,0,0,1,0,0
2024-09-13T21:27:00.000000,35.947563666667,14.900133,2,0,0,1,0,0
2024-09-13T21:28:00.000000,35.9474395,14.900055833333,2,0,0,1,0,0
2024-09-13T21:29:00.000000,35.947328,14.899972,2,0,0,1,0,0
2024-09-13T21:30:00.000000,35.947228166667,14.899896333333,2,0,0,1,0,0
2024-09-13T21:31:00.000000,35.947145833333,14.899830833333,2,0,0,1,0,0
2024-09-13T21:32:00.000000,35.947079166667,14.899766666667,2,0,0,1,0,0
2024-09-13T21:33:00.000000,35.947028666667,14.8997005,2,0,0,1,0,0
2024-09-13T21:34:00.000000,35.946992,14.8996475,2,0,0,1,0,0
2024-09-13T21:35:00.000000,35.946962333333,14.899599666667,2,0,0,1,0,0
2024-09-13T21:36:00.000000,35.946937666667,14.899562,2,0,0,1,0,0
2024-09-13T21:37:00.000000,35.946906,14.899522166667,2,0,0,1,0,0
2024-09-13T21:38:00.000000,35.946873833333,14.8994855,2,0,0,1,0,0
2024-09-13T21:39:00.000000,35.946844666667,14.899458,2,0,0,1,0,0
2024-09-13T21:40:00.000000,35.946816,14.899442166667,2,0,0,1,0,0
2024-09-13T21:41:00.000000,35.9467915,14.899442,2,0,0,1,0,0
2024-09-13T21:42:00.000000,35.946768666667,14.899455833333,2,0,0,1,0,0
2024-09-13T21:43:00.000000,35.946752333333,14.899497833333,2,0,0,1,0,0
2024-09-13T21:44:00.000000,35.946739833333,14.899553,2,0,0,1,0,0
2024-09-13T21:45:00.000000,35.946731166667,14.899622166667,2,0,0,1,0,0
2024-09-13T21:46:00.000000,35.946728666667,14.899689666667,2,0,0,1,0,0
2024-09-13T21:47:00.000000,35.9467365,14.899750333333,2,0,0,1,0,0
2024-09-13T21:48:00.000000,35.946745333333,14.899818,2,0,0,1,0,0
2024-09-13T21:49:00.000000,35.946755,14.899904,2,0,0,1,0,0
2024-09-13T21:50:00.000000,35.9467635,14.899996,2,0,0,1,0,0
2024-09-13T21:51:00.000000,35.946768833333,14.900091666667,2,0,0,1,0,0
2024-09-13T21:52:00.000000,35.946772333333,14.9001965,2,0,0,1,0,0
2024-09-13T21:53:00.000000,35.946771833333,14.900296,2,0,0,1,0,0
2024-09-13T21:54:00.000000,35.946764166667,14.900374666667,2,0,0,1,0,0
2024-09-13T21:55:00.000000,35.946757,14.900435666667,2,0,0,1,0,0
2024-09-13T21:56:00.000000,35.946733833333,14.900509333333,2,0,0,1,0,0
2024-09-13T21:57:00.000000,35.9467015,14.900579666667,2,0,0,1,0,0
2024-09-13T21:58:00.000000,35.946664,14.900644833333,2,0,0,1,0,0
2024-09-13T21:59:00.000000,35.946621166667,14.900691,2,0,0,1,0,0
2024-09-13T22:00:00.000000,35.9465725,14.900731166667,2,0,0,1,0,0
2024-09-13T22:01:00.000000,35.946523833333,14.900768166667,2,0,0,1,0,0
2024-09-13T22:02:00.000000,35.946466333333,14.9008025,2,0,0,1,0,0
2024-09-13T22:03:00.000000,35.946405333333,14.9008295,2,0,0,1,0,0
2024-09-13T22:04:00.000000,35.946337166667,14.900859166667,2,0,0,1,0,0
2024-09-13T22:05:00.000000,35.946262833333,14.900897333333,2,0,0,1,0,0
2024-09-13T22:06:00.000000,35.946179833333,14.900946,2,0,0,1,0,0
2024-09-13T22:07:00.000000,35.946094166667,14.900990833333,2,0,0,1,0,0
2024-09-13T22:08:00.000000,35.946011833333,14.901023,2,0,0,1,0,0
2024-09-13T22:09:00.000000,35.945930833333,14.901051333333,2,0,0,1,0,0
2024-09-13T22:10:00.000000,35.945859666667,14.901063833333,2,0,0,1,0,0
2024-09-13T22:11:00.000000,35.945792,14.901066666667,2,0,0,1,0,0
2024-09-13T22:12:00.000000,35.945721166667,14.901066,2,0,0,1,0,0
2024-09-13T22:13:00.000000,35.945644833333,14.9010625,2,0,0,1,0,0
2024-09-13T22:14:00.000000,35.945565833333,14.901053333333,2,0,0,1,0,0
2024-09-13T22:15:00.000000,35.945481666667,14.901041166667,2,0,0,1,0,0
2024-09-13T22:16:00.000000,35.945391,14.901030166667,2,0,0,1,0,0
2024-09-13T22:17:00.000000,35.945300666667,14.901018166667,2,0,0,1,0,0
2024-09-13T22:18:00.000000,35.945216,14.901001833333,2,0,0,1,0,0
2024-09-13T22:19:00.000000,35.945129,14.900984,2,0,0,1,0,0
2024-09-13T22:20:00.000000,35.945036166667,14.9009555,2,0,0,1,0,0
2024-09-13T22:21:00.000000,35.944938666667,14.900916833333,2,0,0,1,0,0
2024-09-13T22:22:00.000000,35.944842666667,14.900874166667,2,0,0,1,0,0
2024-09-13T22:23:00.000000,35.944741666667,14.900827333333,2,0,0,1,0,0
2024-09-13T22:24:00.000000,35.944638666667,14.900779666667,2,0,0,1,0,0
2024-09-13T22:25:00.000000,35.944525,14.900716666667,2,0,0,1,0,0
2024-09-13T22:26:00.000000,35.944422833333,14.9006505,2,0,0,1,0,0
2024-09-13T22:27:00.000000,35.944337833333,14.900599666667,2,0,0,1,0,0
2024-09-13T22:28:00.000000,35.944252,14.900560833333,2,0,0,1,0,0
2024-09-13T22:29:00.000000,35.944189666667,14.900538166667,2,0,0,1,0,0
2024-09-13T22:30:00.000000,35.944124166667,14.900516333333,2,0,0,1,0,0
2024-09-13T22:31:00.000000,35.944057833333,14.900499833333,2,0,0,1,0,0
2024-09-13T22:32:00.000000,35.943997,14.900490666667,2,0,0,1,0,0
2024-09-13T22:33:00.000000,35.943942666667,14.900484,2,0,0,1,0,0
2024-09-13T22:34:00.000000,35.943897666667,14.900490166667,2,0,0,1,0,0
2024-09-13T22:35:00.000000,35.9438485,14.900497166667,2,0,0,1,0,0
2024-09-13T22:36:00.000000,35.94381,14.900504166667,2,0,0,1,0,0
2024-09-13T22:37:00.000000,35.9437775,14.900511,2,0,0,1,0,0
2024-09-13T22:38:00.000000,35.943745666667,14.900518833333,2,0,0,1,0,0
2024-09-13T22:39:00.000000,35.9437175,14.9005395,2,0,0,1,0,0
2024-09-13T22:40:00.000000,35.943692,14.9005655,2,0,0,1,0,0
2024-09-13T22:41:00.000000,35.943661,14.900585166667,2,0,0,1,0,0
2024-09-13T22:42:00.000000,35.943627,14.900603666667,2,0,0,1,0,0
2024-09-13T22:43:00.000000,35.943587333333,14.900603,2,0,0,1,0,0
2024-09-13T22:44:00.000000,35.943543,14.900584,2,0,0,1,0,0
2024-09-13T22:45:00.000000,35.943487666667,14.900533333333,2,0,0,1,0,0
2024-09-13T22:46:00.000000,35.943427333333,14.900465166667,2,0,0,1,0,0
2024-09-13T22:47:00.000000,35.943367333333,14.900382333333,2,0,0,1,0,0
2024-09-13T22:48:00.000000,35.943300333333,14.900279833333,2,0,0,1,0,0
2024-09-13T22:49:00.000000,35.9432425,14.900178833333,2,0,0,1,0,0
2024-09-13T22:50:00.000000,35.943194,14.9000665,2,0,0,1,0,0
2024-09-13T22:51:00.000000,35.943153,14.899952333333,2,0,0,1,0,0
2024-09-13T22:52:00.000000,35.943124,14.899838833333,2,0,0,1,0,0
2024-09-13T22:53:00.000000,35.943101166667,14.899736666667,2,0,0,1,0,0
2024-09-13T22:54:00.000000,35.94309,14.8996455,2,0,0,1,0,0
2024-09-13T22:55:00.000000,35.9430835,14.899574833333,2,0,0,1,0,0
2024-09-13T22:56:00.000000,35.943081333333,14.899511333333,2,0,0,1,0,0
2024-09-13T22:57:00.000000,35.943074333333,14.8994395,2,0,0,1,0,0
2024-09-13T22:58:00.000000,35.943068833333,14.899386333333,2,0,0,1,0,0
2024-09-13T22:59:00.000000,35.943066166667,14.899334333333,2,0,0,1,0,0
2024-09-13T23:00:00.000000,35.943062,14.899297666667,2,0,0,1,0,0
2024-09-13T23:01:00.000000,35.943061666667,14.899268333333,2,0,0,1,0,0
2024-09-13T23:02:00.000000,35.943056833333,14.8992555,2,0,0,1,0,0
2024-09-13T23:03:00.000000,35.943047833333,14.899248,2,0,0,1,0,0
2024-09-13T23:04:00.000000,35.943037333333,14.899242666667,2,0,0,1,0,0
2024-09-13T23:05:00.000000,35.9430195,14.899234666667,2,0,0,1,0,0
2024-09-13T23:06:00.000000,35.942994,14.899213166667,2,0,0,1,0,0
2024-09-13T23:07:00.000000,35.942965166667,14.899182666667,2,0,0,1,0,0
2024-09-13T23:08:00.000000,35.942939166667,14.899148333333,2,0,0,1,0,0
2024-09-13T23:09:00.000000,35.942913666667,14.899089,2,0,0,1,0,0
2024-09-13T23:10:00.000000,35.9428915,14.899043166667,2,0,0,1,0,0
2024-09-13T23:11:00.000000,35.942877833333,14.899002333333,2,0,0,1,0,0
2024-09-13T23:12:00.000000,35.942868166667,14.8989535,2,0,0,1,0,0
2024-09-13T23:13:00.000000,35.942868333333,14.898912833333,2,0,0,1,0,0
2024-09-13T23:14:00.000000,35.942877833333,14.898884666667,2,0,0,1,0,0
2024-09-13T23:15:00.000000,35.9428995,14.898866,2,0,0,1,0,0
2024-09-13T23:16:00.000000,35.942925,14.898851666667,2,0,0,1,0,0
2024-09-13T23:17:00.000000,35.942951666667,14.898834666667,2,0,0,1,0,0
2024-09-13T23:18:00.000000,35.942975333333,14.898820833333,2,0,0,1,0,0
2024-09-13T23:19:00.000000,35.9429945,14.8987985,2,0,0,1,0,0
2024-09-13T23:20:00.000000,35.943005333333,14.8987695,2,0,0,1,0,0
2024-09-13T23:21:00.000000,35.943006666667,14.898736833333,2,0,0,1,0,0
2024-09-13T23:22:00.000000,35.943006833333,14.898712166667,2,0,0,1,0,0
2024-09-13T23:23:00.000000,35.943005333333,14.8986835,2,0,0,1,0,0
2024-09-13T23:24:00.000000,35.943005666667,14.898653666667,2,0,0,1,0,0
2024-09-13T23:25:00.000000,35.943012,14.898627166667,2,0,0,1,0,0
2024-09-13T23:26:00.000000,35.9430165,14.8985995,2,0,0,1,0,0
2024-09-13T23:27:00.000000,35.943026666667,14.898570833333,2,0,0,1,0,0
2024-09-13T23:28:00.000000,35.943036666667,14.898544666667,2,0,0,1,0,0
2024-09-13T23:29:00.000000,35.943048166667,14.898517333333,2,0,0,1,0,0
2024-09-13T23:30:00.000000,35.943056333333,14.898488666667,2,0,0,1,0,0
2024-09-13T23:31:00.000000,35.943062833333,14.898452666667,2,0,0,1,0,0
2024-09-13T23:32:00.000000,35.943063833333,14.89841,2,0,0,1,0,0
2024-09-13T23:33:00.000000,35.943061333333,14.898372,2,0,0,1,0,0
2024-09-13T23:34:00.000000,35.943056833333,14.898326833333,2,0,0,1,0,0
2024-09-13T23:35:00.000000,35.943052,14.898295333333,2,0,0,1,0,0
2024-09-13T23:36:00.000000,35.943046666667,14.898281333333,2,0,0,1,0,0
2024-09-13T23:37:00.000000,35.9430445,14.898278166667,2,0,0,1,0,0
2024-09-13T23:38:00.000000,35.943041666667,14.898271833333,2,0,0,1,0,0
2024-09-13T23:39:00.000000,35.943033666667,14.8982695,2,0,0,1,0,0
2024-09-13T23:40:00.000000,35.943019166667,14.898272833333,2,0,0,1,0,0
2024-09-13T23:41:00.000000,35.943005333333,14.898283166667,2,0,0,1,0,0
2024-09-13T23:42:00.000000,35.942991333333,14.898289666667,2,0,0,1,0,0
2024-09-13T23:43:00.000000,35.942985,14.8982795,2,0,0,1,0,0
2024-09-13T23:44:00.000000,35.942989,14.898267,2,0,0,1,0,0
2024-09-13T23:45:00.000000,35.943002833333,14.8982375,2,0,0,1,0,0
2024-09-13T23:46:00.000000,35.943023833333,14.8982035,2,0,0,1,0,0
2024-09-13T23:47:00.000000,35.943043666667,14.898178,2,0,0,1,0,0
2024-09-13T23:48:00.000000,35.943060833333,14.898141166667,2,0,0,1,0,0
2024-09-13T23:49:00.000000,35.9430895,14.898073666667,2,0,0,1,0,0
2024-09-13T23:50:00.000000,35.943120166667,14.897998833333,2,0,0,1,0,0
2024-09-13T23:51:00.000000,35.943150666667,14.8979185,2,0,0,1,0,0
2024-09-13T23:52:00.000000,35.943180833333,14.897834166667,2,0,0,1,0,0
2024-09-13T23:53:00.000000,35.943210333333,14.897761833333,2,0,0,1,0,0
2024-09-13T23:54:00.000000,35.9432425,14.897692666667,2,0,0,1,0,0
2024-09-13T23:55:00.000000,35.943279333333,14.897626166667,2,0,0,1,0,0
2024-09-13T23:56:00.000000,35.9433065,14.897570833333,2,0,0,1,0,0
2024-09-13T23:57:00.000000,35.943321666667,14.897520666667,2,0,0,1,0,0
2024-09-13T23:58:00.000000,35.943326,14.8974755,2,0,0,1,0,0
2024-09-13T23:59:00.000000,35.943328666667,14.897433333333,2,0,0,1,0,0
2024-09-14T00:00:00.000000,35.943326333333,14.897394666667,2,0,0,1,0,0
2024-09-14T00:01:00.000000,35.943321,14.897369666667,2,0,0,1,0,0
2024-09-14T00:02:00.000000,35.943325,14.897348666667,2,0,0,1,0,0
2024-09-14T00:03:00.000000,35.943331833333,14.897341166667,2,0,0,1,0,0
2024-09-14T00:04:00.000000,35.9433375,14.897351333333,2,0,0,1,0,0
2024-09-14T00:05:00.000000,35.943340666667,14.897364,2,0,0,1,0,0
2024-09-14T00:06:00.000000,35.943338833333,14.897373166667,2,0,0,1,0,0
2024-09-14T00:07:00.000000,35.9433295,14.897371333333,2,0,0,1,0,0
2024-09-14T00:08:00.000000,35.943320666667,14.897356333333,2,0,0,1,0,0
2024-09-14T00:09:00.000000,35.943323666667,14.897321333333,2,0,0,1,0,0
2024-09-14T00:10:00.000000,35.943338166667,14.897277,2,0,0,1,0,0
2024-09-14T00:11:00.000000,35.943374,14.897220166667,2,0,0,1,0,0
2024-09-14T00:12:00.000000,35.9434295,14.897153333333,2,0,0,1,0,0
2024-09-14T00:13:00.000000,35.9435015,14.897075666667,2,0,0,1,0,0
2024-09-14T00:14:00.000000,35.943571833333,14.897015333333,2,0,0,1,0,0
2024-09-14T00:15:00.000000,35.943644,14.896964333333,2,0,0,1,0,0
2024-09-14T00:16:00.000000,35.943700833333,14.896913166667,2,0,0,1,0,0
2024-09-14T00:17:00.000000,35.943736333333,14.896860833333,2,0,0,1,0,0
2024-09-14T00:18:00.000000,35.943762166667,14.896809166667,2,0,0,1,0,0
2024-09-14T00:19:00.000000,35.943787166667,14.896749666667,2,0,0,1,0,0
2024-09-14T00:20:00.000000,35.943800833333,14.896697333333,2,0,0,1,0,0
2024-09-14T00:21:00.000000,35.943804666667,14.896664166667,2,0,0,1,0,0
2024-09-14T00:22:00.000000,35.943812166667,14.896642666667,2,0,0,1,0,0
2024-09-14T00:23:00.000000,35.943827833333,14.896627666667,2,0,0,1,0,0
2024-09-14T00:24:00.000000,35.9438545,14.896613833333,2,0,0,1,0,0
2024-09-14T00:25:00.000000,35.943886,14.896597833333,2,0,0,1,0,0
2024-09-14T00:26:00.000000,35.943933666667,14.896577166667,2,0,0,1,0,0
2024-09-14T00:27:00.000000,35.943979166667,14.896565333333,2,0,0,1,0,0
2024-09-14T00:28:00.000000,35.944010333333,14.896540833333,2,0,0,1,0,0
2024-09-14T00:29:00.000000,35.944028,14.896510333333,2,0,0,1,0,0
2024-09-14T00:30:00.000000,35.944045333333,14.896474333333,2,0,0,1,0,0
2024-09-14T00:31:00.000000,35.9440765,14.896441666667,2,0,0,1,0,0
2024-09-14T00:32:00.000000,35.944113833333,14.896430333333,2,0,0,1,0,0
2024-09-14T00:33:00.000000,35.9441265,14.896419333333,2,0,0,1,0,0
2024-09-14T00:34:00.000000,35.9441365,14.896412,2,0,0,1,0,0
2024-09-14T00:35:00.000000,35.944132666667,14.8964145,2,0,0,1,0,0
2024-09-14T00:36:00.000000,35.944123,14.896426166667,2,0,0,1,0,0
2024-09-14T00:37:00.000000,35.944114333333,14.896445833333,2,0,0,1,0,0
2024-09-14T00:38:00.000000,35.944124166667,14.896454333333,2,0,0,1,0,0
2024-09-14T00:39:00.000000,35.944156666667,14.8964475,2,0,0,1,0,0
2024-09-14T00:40:00.000000,35.944188333333,14.896438333333,2,0,0,1,0,0
2024-09-14T00:41:00.000000,35.944204,14.896418166667,2,0,0,1,0,0
2024-09-14T00:42:00.000000,35.944204666667,14.896388333333,2,0,0,1,0,0
2024-09-14T00:43:00.000000,35.944207666667,14.896360333333,2,0,0,1,0,0
2024-09-14T00:44:00.000000,35.944218833333,14.896333166667,2,0,0,1,0,0
2024-09-14T00:45:00.000000,35.944224833333,14.896319,2,0,0,1,0,0
2024-09-14T00:46:00.000000,35.944211833333,14.896325,2,0,0,1,0,0
2024-09-14T00:47:00.000000,35.944186833333,14.896341666667,2,0,0,1,0,0
2024-09-14T00:48:00.000000,35.944169333333,14.896358333333,2,0,0,1,0,0
2024-09-14T00:49:00.000000,35.944164666667,14.896378666667,2,0,0,1,0,0
2024-09-14T00:50:00.000000,35.944168,14.8964015,2,0,0,1,0,0
2024-09-14T00:51:00.000000,35.9441595,14.896415166667,2,0,0,1,0,0
2024-09-14T00:52:00.000000,35.944132333333,14.896409333333,2,0,0,1,0,0
2024-09-14T00:53:00.000000,35.944112,14.896391166667,2,0,0,1,0,0
2024-09-14T00:54:00.000000,35.9441105,14.896380166667,2,0,0,1,0,0
2024-09-14T00:55:00.000000,35.9441155,14.896381666667,2,0,0,1,0,0
2024-09-14T00:56:00.000000,35.944122166667,14.896397666667,2,0,0,1,0,0
2024-09-14T00:57:00.000000,35.9441065,14.896413333333,2,0,0,1,0,0
2024-09-14T00:58:00.000000,35.944091833333,14.896420333333,2,0,0,1,0,0
2024-09-14T00:59:00.000000,35.944082,14.896424,2,0,0,1,0,0
2024-09-14T01:00:00.000000,35.944080666667,14.896431,2,0,0,1,0,0
2024-09-14T01:01:00.000000,35.944065666667,14.896443333333,2,0,0,1,0,0
2024-09-14T01:02:00.000000,35.944045333333,14.896457166667,2,0,0,1,0,0
2024-09-14T01:03:00.000000,35.944053,14.896464833333,2,0,0,1,0,0
2024-09-14T01:04:00.000000,35.944078166667,14.896476666667,2,0,0,1,0,0
2024-09-14T01:05:00.000000,35.944098833333,14.896484666667,2,0,0,1,0,0
2024-09-14T01:06:00.000000,35.944100666667,14.896481333333,2,0,0,1,0,0
2024-09-14T01:07:00.000000,35.944077833333,14.896467,2,0,0,1,0,0
2024-09-14T01:08:00.000000,35.944041166667,14.896443,2,0,0,1,0,0
2024-09-14T01:09:00.000000,35.944028833333,14.896414333333,2,0,0,1,0,0
2024-09-14T01:10:00.000000,35.9440425,14.896406333333,2,0,0,1,0,0
2024-09-14T01:11:00.000000,35.944056,14.896420666667,2,0,0,1,0,0
2024-09-14T01:12:00.000000,35.944052833333,14.8964425,2,0,0,1,0,0
2024-09-14T01:13:00.000000,35.944047166667,14.896459833333,2,0,0,1,0,0
2024-09-14T01:14:00.000000,35.944039333333,14.89646,2,0,0,1,0,0
2024-09-14T01:15:00.000000,35.944043666667,14.896448166667,2,0,0,1,0,0
2024-09-14T01:16:00.000000,35.9440495,14.8964315,2,0,0,1,0,0
2024-09-14T01:17:00.000000,35.944059333333,14.896409666667,2,0,0,1,0,0
2024-09-14T01:18:00.000000,35.944063666667,14.896404166667,2,0,0,1,0,0
2024-09-14T01:19:00.000000,35.94406,14.896409333333,2,0,0,1,0,0
2024-09-14T01:20:00.000000,35.944047,14.896424166667,2,0,0,1,0,0
2024-09-14T01:21:00.000000,35.944023833333,14.896451,2,0,0,1,0,0
2024-09-14T01:22:00.000000,35.943986,14.896487833333,2,0,0,1,0,0
2024-09-14T01:23:00.000000,35.943941166667,14.896521166667,2,0,0,1,0,0
2024-09-14T01:24:00.000000,35.943912666667,14.896550166667,2,0,0,1,0,0
2024-09-14T01:25:00.000000,35.9439155,14.896570333333,2,0,0,1,0,0
2024-09-14T01:26:00.000000,35.943927666667,14.896597333333,2,0,0,1,0,0
2024-09-14T01:27:00.000000,35.943936666667,14.896621666667,2,0,0,1,0,0
2024-09-14T01:28:00.000000,35.943930166667,14.896642333333,2,0,0,1,0,0
2024-09-14T01:29:00.000000,35.943893,14.896652666667,2,0,0,1,0,0
2024-09-14T01:30:00.000000,35.943845333333,14.896651833333,2,0,0,1,0,0
2024-09-14T01:31:00.000000,35.943806833333,14.896639166667,2,0,0,1,0,0
2024-09-14T01:32:00.000000,35.943793,14.896625333333,2,0,0,1,0,0
2024-09-14T01:33:00.000000,35.943820333333,14.896621666667,2,0,0,1,0,0
2024-09-14T01:34:00.000000,35.943857166667,14.896643666667,2,0,0,1,0,0
2024-09-14T01:35:00.000000,35.943867,14.8966725,2,0,0,1,0,0
2024-09-14T01:36:00.000000,35.943854166667,14.896688333333,2,0,0,1,0,0
2024-09-14T01:37:00.000000,35.9438255,14.896700833333,2,0,0,1,0,0
2024-09-14T01:38:00.000000,35.943793333333,14.896708333333,2,0,0,1,0,0
2024-09-14T01:39:00.000000,35.943776,14.896693,2,0,0,1,0,0
2024-09-14T01:40:00.000000,35.943783833333,14.896666166667,2,0,0,1,0,0
2024-09-14T01:41:00.000000,35.943799666667,14.8966515,2,0,0,1,0,0
2024-09-14T01:42:00.000000,35.943819666667,14.896641333333,2,0,0,1,0,0
2024-09-14T01:43:00.000000,35.9438465,14.896631666667,2,0,0,1,0,0
2024-09-14T01:44:00.000000,35.943866166667,14.896624,2,0,0,1,0,0
2024-09-14T01:45:00.000000,35.943871333333,14.896607166667,2,0,0,1,0,0
2024-09-14T01:46:00.000000,35.943882833333,14.896580166667,2,0,0,1,0,0
2024-09-14T01:47:00.000000,35.9439065,14.896562,2,0,0,1,0,0
2024-09-14T01:48:00.000000,35.943931333333,14.896544666667,2,0,0,1,0,0
2024-09-14T01:49:00.000000,35.9439645,14.896538,2,0,0,1,0,0
2024-09-14T01:50:00.000000,35.9439825,14.896532833333,2,0,0,1,0,0
2024-09-14T01:51:00.000000,35.943978666667,14.8965195,2,0,0,1,0,0
2024-09-14T01:52:00.000000,35.9439565,14.8965205,2,0,0,1,0,0
2024-09-14T01:53:00.000000,35.943904666667,14.896532833333,2,0,0,1,0,0
2024-09-14T01:54:00.000000,35.943881833333,14.896531,2,0,0,1,0,0
2024-09-14T01:55:00.000000,35.943893166667,14.896524666667,2,0,0,1,0,0
2024-09-14T01:56:00.000000,35.943929,14.896523666667,2,0,0,1,0,0
2024-09-14T01:57:00.000000,35.943976833333,14.896524,2,0,0,1,0,0
2024-09-14T01:58:00.000000,35.944017333333,14.896512666667,2,0,0,1,0,0
2024-09-14T01:59:00.000000,35.944077166667,14.896476833333,2,0,0,1,0,0
2024-09-14T02:00:00.000000,35.944135833333,14.8964395,2,0,0,1,0,0
2024-09-14T02:01:00.000000,35.944205666667,14.896396166667,2,0,0,1,0,0
2024-09-14T02:02:00.000000,35.944276666667,14.896348833333,2,0,0,1,0,0
2024-09-14T02:03:00.000000,35.9443165,14.896314333333,2,0,0,1,0,0
2024-09-14T02:04:00.000000,35.944321166667,14.896281833333,2,0,0,1,0,0
2024-09-14T02:05:00.000000,35.944300666667,14.896244166667,2,0,0,1,0,0
2024-09-14T02:06:00.000000,35.944259166667,14.896225333333,2,0,0,1,0,0
2024-09-14T02:07:00.000000,35.944229666667,14.896226666667,2,0,0,1,0,0
2024-09-14T02:08:00.000000,35.944212666667,14.896249333333,2,0,0,1,0,0
2024-09-14T02:09:00.000000,35.9442075,14.896284,2,0,0,1,0,0
2024-09-14T02:10:00.000000,35.944200333333,14.896307833333,2,0,0,1,0,0
2024-09-14T02:11:00.000000,35.944217,14.896309833333,2,0,0,1,0,0
2024-09-14T02:12:00.000000,35.944259333333,14.8963005,2,0,0,1,0,0
2024-09-14T02:13:00.000000,35.944279166667,14.896293666667,2,0,0,1,0,0
2024-09-14T02:14:00.000000,35.9442775,14.896288333333,2,0,0,1,0,0
2024-09-14T02:15:00.000000,35.9442745,14.896276666667,2,0,0,1,0,0
2024-09-14T02:16:00.000000,35.944267833333,14.896276333333,2,0,0,1,0,0
2024-09-14T02:17:00.000000,35.944241,14.896286,2,0,0,1,0,0
2024-09-14T02:18:00.000000,35.944213333333,14.896301666667,2,0,0,1,0,0
2024-09-14T02:19:00.000000,35.944161833333,14.896333,2,0,0,1,0,0
2024-09-14T02:20:00.000000,35.944095333333,14.896365833333,2,0,0,1,0,0
2024-09-14T02:21:00.000000,35.944019,14.896391333333,2,0,0,1,0,0
2024-09-14T02:22:00.000000,35.943959833333,14.896410333333,2,0,0,1,0,0
2024-09-14T02:23:00.000000,35.943937833333,14.896431333333,2,0,0,1,0,0
2024-09-14T02:24:00.000000,35.943935,14.896457333333,2,0,0,1,0,0
2024-09-14T02:25:00.000000,35.943948833333,14.8964705,2,0,0,1,0,0
2024-09-14T02:26:00.000000,35.943972333333,14.896479,2,0,0,1,0,0
2024-09-14T02:27:00.000000,35.943988333333,14.896486666667,2,0,0,1,0,0
2024-09-14T02:28:00.000000,35.9439705,14.896490333333,2,0,0,1,0,0
2024-09-14T02:29:00.000000,35.94393,14.896493666667,2,0,0,1,0,0
2024-09-14T02:30:00.000000,35.9438965,14.8965025,2,0,0,1,0,0
2024-09-14T02:31:00.000000,35.9438795,14.8965215,2,0,0,1,0,0
2024-09-14T02:32:00.000000,35.943876333333,14.896552666667,2,0,0,1,0,0
2024-09-14T02:33:00.000000,35.94386,14.896595833333,2,0,0,1,0,0
2024-09-14T02:34:00.000000,35.9438205,14.896642833333,2,0,0,1,0,0
2024-09-14T02:35:00.000000,35.943769666667,14.896672666667,2,0,0,1,0,0
2024-09-14T02:36:00.000000,35.9437325,14.896682666667,2,0,0,1,0,0
2024-09-14T02:37:00.000000,35.943728666667,14.896663666667,2,0,0,1,0,0
2024-09-14T02:38:00.000000,35.9437685,14.896626833333,2,0,0,1,0,0
2024-09-14T02:39:00.000000,35.9438305,14.896603666667,2,0,0,1,0,0
2024-09-14T02:40:00.000000,35.943880833333,14.896591333333,2,0,0,1,0,0
2024-09-14T02:41:00.000000,35.943921833333,14.896577,2,0,0,1,0,0
2024-09-14T02:42:00.000000,35.943942666667,14.896556166667,2,0,0,1,0,0
2024-09-14T02:43:00.000000,35.9439715,14.896518333333,2,0,0,1,0,0
2024-09-14T02:44:00.000000,35.943980666667,14.896482333333,2,0,0,1,0,0
2024-09-14T02:45:00.000000,35.943991833333,14.8964495,2,0,0,1,0,0
2024-09-14T02:46:00.000000,35.9439945,14.8964245,2,0,0,1,0,0
2024-09-14T02:47:00.000000,35.943979833333,14.8964235,2,0,0,1,0,0
2024-09-14T02:48:00.000000,35.9439455,14.896452833333,2,0,0,1,0,0
2024-09-14T02:49:00.000000,35.943896,14.896519666667,2,0,0,1,0,0
2024-09-14T02:50:00.000000,35.943842166667,14.896611166667,2,0,0,1,0,0
2024-09-14T02:51:00.000000,35.943782666667,14.896710333333,2,0,0,1,0,0
2024-09-14T02:52:00.000000,35.943712166667,14.896793333333,2,0,0,1,0,0
2024-09-14T02:53:00.000000,35.943652833333,14.896826333333,2,0,0,1,0,0
2024-09-14T02:54:00.000000,35.943636833333,14.896798333333,2,0,0,1,0,0
2024-09-14T02:55:00.000000,35.943676,14.896734666667,2,0,0,1,0,0
2024-09-14T02:56:00.000000,35.943734833333,14.896672666667,2,0,0,1,0,0
2024-09-14T02:57:00.000000,35.943793166667,14.8966185,2,0,0,1,0,0
2024-09-14T02:58:00.000000,35.94385,14.896574333333,2,0,0,1,0,0
2024-09-14T02:59:00.000000,35.943925666667,14.896541166667,2,0,0,1,0,0
2024-09-14T03:00:00.000000,35.9439875,14.896525,2,0,0,1,0,0
2024-09-14T03:01:00.000000,35.944019666667,14.896510833333,2,0,0,1,0,0
2024-09-14T03:02:00.000000,35.944009833333,14.896479,2,0,0,1,0,0
2024-09-14T03:03:00.000000,35.9440105,14.896428,2,0,0,1,0,0
2024-09-14T03:04:00.000000,35.9440605,14.896371666667,2,0,0,1,0,0
2024-09-14T03:05:00.000000,35.9441435,14.896325,2,0,0,1,0,0
2024-09-14T03:06:00.000000,35.944215333333,14.896291,2,0,0,1,0,0
2024-09-14T03:07:00.000000,35.944267833333,14.896260833333,2,0,0,1,0,0
2024-09-14T03:08:00.000000,35.944319833333,14.896215833333,2,0,0,1,0,0
2024-09-14T03:09:00.000000,35.944383333333,14.896161833333,2,0,0,1,0,0
2024-09-14T03:10:00.000000,35.9444555,14.896128166667,2,0,0,1,0,0
2024-09-14T03:11:00.000000,35.944514,14.896100333333,2,0,0,1,0,0
2024-09-14T03:12:00.000000,35.9445735,14.896081,2,0,0,1,0,0
2024-09-14T03:13:00.000000,35.944568333333,14.896052666667,2,0,0,1,0,0
2024-09-14T03:14:00.000000,35.9445475,14.896011166667,2,0,0,1,0,0
2024-09-14T03:15:00.000000,35.944510166667,14.895948833333,2,0,0,1,0,0
2024-09-14T03:16:00.000000,35.944507833333,14.895878166667,2,0,0,1,0,0
2024-09-14T03:17:00.000000,35.9445735,14.895832166667,2,0,0,1,0,0
2024-09-14T03:18:00.000000,35.944702333333,14.8958205,2,0,0,1,0,0
2024-09-14T03:19:00.000000,35.9448335,14.895812666667,2,0,0,1,0,0
2024-09-14T03:20:00.000000,35.944957666667,14.895778833333,2,0,0,1,0,0
2024-09-14T03:21:00.000000,35.945090166667,14.895709666667,2,0,0,1,0,0
2024-09-14T03:22:00.000000,35.9452405,14.895617333333,2,0,0,1,0,0
2024-09-14T03:23:00.000000,35.945418333333,14.895571166667,2,0,0,1,0,0
2024-09-14T03:24:00.000000,35.9455725,14.89558,2,0,0,1,0,0
2024-09-14T03:25:00.000000,35.945689,14.8955965,2,0,0,1,0,0
2024-09-14T03:26:00.000000,35.945712666667,14.895602666667,2,0,0,1,0,0
2024-09-14T03:27:00.000000,35.945636833333,14.895583666667,2,0,0,1,0,0
2024-09-14T03:28:00.000000,35.945563333333,14.895574333333,2,0,0,1,0,0
2024-09-14T03:29:00.000000,35.945495833333,14.895604,2,0,0,1,0,0
2024-09-14T03:30:00.000000,35.945333,14.895635333333,2,0,0,1,0,0
2024-09-14T03:31:00.000000,35.945102,14.895681833333,2,0,0,1,0,0
2024-09-14T03:32:00.000000,35.944915,14.895750666667,2,0,0,1,0,0
2024-09-14T03:33:00.000000,35.944791666667,14.8957975,2,0,0,1,0,0
2024-09-14T03:34:00.000000,35.9447685,14.895827333333,2,0,0,1,0,0
2024-09-14T03:35:00.000000,35.944813833333,14.895833833333,2,0,0,1,0,0
2024-09-14T03:36:00.000000,35.944892833333,14.895816333333,2,0,0,1,0,0
2024-09-14T03:37:00.000000,35.9449835,14.895799333333,2,0,0,1,0,0
2024-09-14T03:38:00.000000,35.945053333333,14.895778666667,2,0,0,1,0,0
2024-09-14T03:39:00.000000,35.945082333333,14.895747833333,2,0,0,1,0,0
2024-09-14T03:40:00.000000,35.9450825,14.8957215,2,0,0,1,0,0
2024-09-14T03:41:00.000000,35.945077833333,14.8957165,2,0,0,1,0,0
2024-09-14T03:42:00.000000,35.9450485,14.895727833333,2,0,0,1,0,0
2024-09-14T03:43:00.000000,35.944988333333,14.895754166667,2,0,0,1,0,0
2024-09-14T03:44:00.000000,35.944912833333,14.895778333333,2,0,0,1,0,0
2024-09-14T03:45:00.000000,35.944836,14.895815333333,2,0,0,1,0,0
2024-09-14T03:46:00.000000,35.944763333333,14.895855333333,2,0,0,1,0,0
2024-09-14T03:47:00.000000,35.944713833333,14.895905333333,2,0,0,1,0,0
2024-09-14T03:48:00.000000,35.944690833333,14.895952,2,0,0,1,0,0
2024-09-14T03:49:00.000000,35.944707166667,14.8959625,2,0,0,1,0,0
2024-09-14T03:50:00.000000,35.944811333333,14.895952,2,0,0,1,0,0
2024-09-14T03:51:00.000000,35.9449405,14.8958985,2,0,0,1,0,0
2024-09-14T03:52:00.000000,35.945096833333,14.895815666667,2,0,0,1,0,0
2024-09-14T03:53:00.000000,35.945221333333,14.895715333333,2,0,0,1,0,0
2024-09-14T03:54:00.000000,35.945349,14.895665,2,0,0,1,0,0
2024-09-14T03:55:00.000000,35.945444333333,14.895635833333,2,0,0,1,0,0
2024-09-14T03:56:00.000000,35.945485666667,14.895619,2,0,0,1,0,0
2024-09-14T03:57:00.000000,35.945478333333,14.895631833333,2,0,0,1,0,0
2024-09-14T03:58:00.000000,35.9453875,14.895671666667,2,0,0,1,0,0
2024-09-14T03:59:00.000000,35.945205333333,14.895726333333,2,0,0,1,0,0
2024-09-14T04:00:00.000000,35.944952,14.8958165,2,0,0,1,0,0
2024-09-14T04:01:00.000000,35.944706333333,14.895922166667,2,0,0,1,0,0
2024-09-14T04:02:00.000000,35.944490166667,14.896043833333,2,0,0,1,0,0
2024-09-14T04:03:00.000000,35.9443035,14.896147,2,0,0,1,0,0
2024-09-14T04:04:00.000000,35.944205166667,14.896212166667,2,0,0,1,0,0
2024-09-14T04:05:00.000000,35.944193833333,14.896213,2,0,0,1,0,0
2024-09-14T04:06:00.000000,35.944293166667,14.896135833333,2,0,0,1,0,0
2024-09-14T04:07:00.000000,35.944475,14.896046833333,2,0,0,1,0,0
2024-09-14T04:08:00.000000,35.944651666667,14.8959785,2,0,0,1,0,0
2024-09-14T04:09:00.000000,35.944785166667,14.895912166667,2,0,0,1,0,0
2024-09-14T04:10:00.000000,35.9448905,14.895826333333,2,0,0,1,0,0
2024-09-14T04:11:00.000000,35.945036833333,14.895759833333,2,0,0,1,0,0
2024-09-14T04:12:00.000000,35.9451705,14.895723,2,0,0,1,0,0
2024-09-14T04:13:00.000000,35.945275333333,14.895735166667,2,0,0,1,0,0
2024-09-14T04:14:00.000000,35.9453275,14.895767833333,2,0,0,1,0,0
2024-09-14T04:15:00.000000,35.945320666667,14.895820333333,2,0,0,1,0,0
2024-09-14T04:16:00.000000,35.9452175,14.895886333333,2,0,0,1,0,0
2024-09-14T04:17:00.000000,35.945047666667,14.895963833333,2,0,0,1,0,0
2024-09-14T04:18:00.000000,35.944849,14.8960575,2,0,0,1,0,0
2024-09-14T04:19:00.000000,35.944638333333,14.89615,2,0,0,1,0,0
2024-09-14T04:20:00.000000,35.9444635,14.896241666667,2,0,0,1,0,0
2024-09-14T04:21:00.000000,35.944344833333,14.896320833333,2,0,0,1,0,0
2024-09-14T04:22:00.000000,35.944278333333,14.896346166667,2,0,0,1,0,0
2024-09-14T04:23:00.000000,35.944264333333,14.896307,2,0,0,1,0,0
2024-09-14T04:24:00.000000,35.944326166667,14.896211,2,0,0,1,0,0
2024-09-14T04:25:00.000000,35.944465,14.896099833333,2,0,0,1,0,0
2024-09-14T04:26:00.000000,35.9446455,14.896013,2,0,0,1,0,0
2024-09-14T04:27:00.000000,35.944809,14.895954166667,2,0,0,1,0,0
2024-09-14T04:28:00.000000,35.944937,14.895904,2,0,0,1,0,0
2024-09-14T04:29:00.000000,35.945012666667,14.895860166667,2,0,0,1,0,0
2024-09-14T04:30:00.000000,35.945050833333,14.895812833333,2,0,0,1,0,0
2024-09-14T04:31:00.000000,35.9450525,14.895773833333,2,0,0,1,0,0
2024-09-14T04:32:00.000000,35.9449985,14.895765833333,2,0,0,1,0,0
2024-09-14T04:33:00.000000,35.944879833333,14.895818166667,2,0,0,1,0,0
2024-09-14T04:34:00.000000,35.944726666667,14.8959265,2,0,0,1,0,0
2024-09-14T04:35:00.000000,35.944586,14.896046166667,2,0,0,1,0,0
2024-09-14T04:36:00.000000,35.944465666667,14.896141,2,0,0,1,0,0
2024-09-14T04:37:00.000000,35.944372166667,14.896205,2,0,0,1,0,0
2024-09-14T04:38:00.000000,35.9443105,14.896247666667,2,0,0,1,0,0
2024-09-14T04:39:00.000000,35.944264833333,14.896256333333,2,0,0,1,0,0
2024-09-14T04:40:00.000000,35.944246166667,14.896223,2,0,0,1,0,0
2024-09-14T04:41:00.000000,35.944278166667,14.896147166667,2,0,0,1,0,0
2024-09-14T04:42:00.000000,35.944366833333,14.896049,2,0,0,1,0,0
2024-09-14T04:43:00.000000,35.944515666667,14.895984833333,2,0,0,1,0,0
2024-09-14T04:44:00.000000,35.944664,14.895975333333,2,0,0,1,0,0
2024-09-14T04:45:00.000000,35.944771166667,14.895978833333,2,0,0,1,0,0
2024-09-14T04:46:00.000000,35.944838333333,14.895986,2,0,0,1,0,0
2024-09-14T04:47:00.000000,35.9448785,14.895990166667,2,0,0,1,0,0
2024-09-14T04:48:00.000000,35.944886666667,14.895975,2,0,0,1,0,0
2024-09-14T04:49:00.000000,35.944866666667,14.8959435,2,0,0,1,0,0
2024-09-14T04:50:00.000000,35.944830666667,14.895915,2,0,0,1,0,0
2024-09-14T04:51:00.000000,35.9447905,14.8958935,2,0,0,1,0,0
2024-09-14T04:52:00.000000,35.944757166667,14.895892666667,2,0,0,1,0,0
2024-09-14T04:53:00.000000,35.944750333333,14.895923666667,2,0,0,1,0,0
2024-09-14T04:54:00.000000,35.944777166667,14.895964666667,2,0,0,1,0,0
2024-09-14T04:55:00.000000,35.94481,14.8959905,2,0,0,1,0,0
2024-09-14T04:56:00.000000,35.944832333333,14.895996333333,2,0,0,1,0,0
2024-09-14T04:57:00.000000,35.9448495,14.895979666667,2,0,0,1,0,0
2024-09-14T04:58:00.000000,35.944871,14.895938,2,0,0,1,0,0
2024-09-14T04:59:00.000000,35.944890666667,14.895861,2,0,0,1,0,0
2024-09-14T05:00:00.000000,35.944926,14.895771,2,0,0,1,0,0
2024-09-14T05:01:00.000000,35.944979333333,14.895705833333,2,0,0,1,0,0
2024-09-14T05:02:00.000000,35.945043833333,14.895705666667,2,0,0,1,0,0
2024-09-14T05:03:00.000000,35.945079666667,14.895762666667,2,0,0,1,0,0
2024-09-14T05:04:00.000000,35.945089333333,14.8958175,2,0,0,1,0,0
2024-09-14T05:05:00.000000,35.945099666667,14.895834,2,0,0,1,0,0
2024-09-14T05:06:00.000000,35.9451005,14.895813666667,2,0,0,1,0,0
2024-09-14T05:07:00.000000,35.945100666667,14.89577,2,0,0,1,0,0
2024-09-14T05:08:00.000000,35.9451225,14.895716833333,2,0,0,1,0,0
2024-09-14T05:09:00.000000,35.945131333333,14.8956905,2,0,0,1,0,0
2024-09-14T05:10:00.000000,35.945148,14.895697166667,2,0,0,1,0,0
2024-09-14T05:11:00.000000,35.945157833333,14.89573,2,0,0,1,0,0
2024-09-14T05:12:00.000000,35.945166666667,14.895765833333,2,0,0,1,0,0
2024-09-14T05:13:00.000000,35.945187166667,14.895781666667,2,0,0,1,0,0
2024-09-14T05:14:00.000000,35.945215166667,14.8957715,2,0,0,1,0,0
2024-09-14T05:15:00.000000,35.945237833333,14.895748833333,2,0,0,1,0,0
2024-09-14T05:16:00.000000,35.945264166667,14.895726,2,0,0,1,0,0
2024-09-14T05:17:00.000000,35.945284,14.895715,2,0,0,1,0,0
2024-09-14T05:18:00.000000,35.945279333333,14.895722333333,2,0,0,1,0,0
2024-09-14T05:19:00.000000,35.945254,14.895733,2,0,0,1,0,0
2024-09-14T05:20:00.000000,35.945215333333,14.8957435,2,0,0,1,0,0
2024-09-14T05:21:00.000000,35.9451785,14.8957355,2,0,0,1,0,0
2024-09-14T05:22:00.000000,35.945153333333,14.895711,2,0,0,1,0,0
2024-09-14T05:23:00.000000,35.945174166667,14.895689,2,0,0,1,0,0
2024-09-14T05:24:00.000000,35.945213666667,14.8956735,2,0,0,1,0,0
2024-09-14T05:25:00.000000,35.9452695,14.895679666667,2,0,0,1,0,0
2024-09-14T05:26:00.000000,35.945298333333,14.895716166667,2,0,0,1,0,0
2024-09-14T05:27:00.000000,35.9453085,14.895744333333,2,0,0,1,0,0
2024-09-14T05:28:00.000000,35.945290166667,14.8957665,2,0,0,1,0,0
2024-09-14T05:29:00.000000,35.945252833333,14.895778166667,2,0,0,1,0,0
2024-09-14T05:30:00.000000,35.945208833333,14.8957885,2,0,0,1,0,0
2024-09-14T05:31:00.000000,35.945177333333,14.895785666667,2,0,0,1,0,0
2024-09-14T05:32:00.000000,35.945152333333,14.895789333333,2,0,0,1,0,0
2024-09-14T05:33:00.000000,35.9451365,14.895807833333,2,0,0,1,0,0
2024-09-14T05:34:00.000000,35.945121166667,14.895842166667,2,0,0,1,0,0
2024-09-14T05:35:00.000000,35.945126166667,14.895865833333,2,0,0,1,0,0
2024-09-14T05:36:00.000000,35.945136166667,14.895871,2,0,0,1,0,0
2024-09-14T05:37:00.000000,35.945151666667,14.8958575,2,0,0,1,0,0
2024-09-14T05:38:00.000000,35.945174333333,14.895831833333,2,0,0,1,0,0
2024-09-14T05:39:00.000000,35.945204,14.895799833333,2,0,0,1,0,0
2024-09-14T05:40:00.000000,35.945223,14.895778333333,2,0,0,1,0,0
2024-09-14T05:41:00.000000,35.945235166667,14.895769833333,2,0,0,1,0,0
2024-09-14T05:42:00.000000,35.945229833333,14.895781166667,2,0,0,1,0,0
2024-09-14T05:43:00.000000,35.9452205,14.895808,2,0,0,1,0,0
2024-09-14T05:44:00.000000,35.945211,14.895841166667,2,0,0,1,0,0
2024-09-14T05:45:00.000000,35.945198666667,14.895876333333,2,0,0,1,0,0
2024-09-14T05:46:00.000000,35.945213666667,14.895899666667,2,0,0,1,0,0
2024-09-14T05:47:00.000000,35.945241333333,14.895919666667,2,0,0,1,0,0
2024-09-14T05:48:00.000000,35.9452835,14.895944833333,2,0,0,1,0,0
2024-09-14T05:49:00.000000,35.9453265,14.8959785,2,0,0,1,0,0
2024-09-14T05:50:00.000000,35.945381,14.896009833333,2,0,0,1,0,0
2024-09-14T05:51:00.000000,35.945413333333,14.896033666667,2,0,0,1,0,0
2024-09-14T05:52:00.000000,35.94541,14.896056166667,2,0,0,1,0,0
2024-09-14T05:53:00.000000,35.945370666667,14.896078166667,2,0,0,1,0,0
2024-09-14T05:54:00.000000,35.945305166667,14.896093833333,2,0,0,1,0,0
2024-09-14T05:55:00.000000,35.945240666667,14.896102166667,2,0,0,1,0,0
2024-09-14T05:56:00.000000,35.945176833333,14.8961005,2,0,0,1,0,0
2024-09-14T05:57:00.000000,35.945128166667,14.8960875,2,0,0,1,0,0
2024-09-14T05:58:00.000000,35.9450805,14.896054666667,2,0,0,1,0,0
2024-09-14T05:59:00.000000,35.945025166667,14.896010166667,2,0,0,1,0,0
2024-09-14T06:00:00.000000,35.944986333333,14.895957166667,2,0,0,1,0,0
2024-09-14T06:01:00.000000,35.944955,14.8959095,2,0,0,1,0,0
2024-09-14T06:02:00.000000,35.944937833333,14.895884,2,0,0,1,0,0
2024-09-14T06:03:00.000000,35.944939,14.8958885,2,0,0,1,0,0
2024-09-14T06:04:00.000000,35.944942166667,14.89592,2,0,0,1,0,0
2024-09-14T06:05:00.000000,35.944952166667,14.895958333333,2,0,0,1,0,0
2024-09-14T06:06:00.000000,35.9449605,14.896001,2,0,0,1,0,0
2024-09-14T06:07:00.000000,35.944960333333,14.896034666667,2,0,0,1,0,0
2024-09-14T06:08:00.000000,35.944947833333,14.896052333333,2,0,0,1,0,0
2024-09-14T06:09:00.000000,35.944933,14.896063833333,2,0,0,1,0,0
2024-09-14T06:10:00.000000,35.944918166667,14.896058,2,0,0,1,0,0
2024-09-14T06:11:00.000000,35.944899666667,14.896038166667,2,0,0,1,0,0
2024-09-14T06:12:00.000000,35.944875333333,14.896020166667,2,0,0,1,0,0
2024-09-14T06:13:00.000000,35.944852666667,14.896003333333,2,0,0,1,0,0
2024-09-14T06:14:00.000000,35.944842666667,14.895980833333,2,0,0,1,0,0
2024-09-14T06:15:00.000000,35.9448475,14.895955166667,2,0,0,1,0,0
2024-09-14T06:16:00.000000,35.94486,14.895939,2,0,0,1,0,0
2024-09-14T06:17:00.000000,35.9448865,14.895940833333,2,0,0,1,0,0
2024-09-14T06:18:00.000000,35.9449085,14.8959665,2,0,0,1,0,0
2024-09-14T06:19:00.000000,35.944934,14.895996833333,2,0,0,1,0,0
2024-09-14T06:20:00.000000,35.9449665,14.896023166667,2,0,0,1,0,0
2024-09-14T06:21:00.000000,35.944997666667,14.896041666667,2,0,0,1,0,0
2024-09-14T06:22:00.000000,35.945029666667,14.896051833333,2,0,0,1,0,0
2024-09-14T06:23:00.000000,35.945034333333,14.896054833333,2,0,0,1,0,0
2024-09-14T06:24:00.000000,35.9449955,14.896061166667,2,0,0,1,0,0
2024-09-14T06:25:00.000000,35.944927833333,14.896072666667,2,0,0,1,0,0
2024-09-14T06:26:00.000000,35.944827666667,14.896095,2,0,0,1,0,0
2024-09-14T06:27:00.000000,35.944708166667,14.896133833333,2,0,0,1,0,0
2024-09-14T06:28:00.000000,35.944597,14.8961855,2,0,0,1,0,0
2024-09-14T06:29:00.000000,35.944506666667,14.896236833333,2,0,0,1,0,0
2024-09-14T06:30:00.000000,35.944439833333,14.896281,2,0,0,1,0,0
2024-09-14T06:31:00.000000,35.944408166667,14.896306166667,2,0,0,1,0,0
2024-09-14T06:32:00.000000,35.944404666667,14.8963125,2,0,0,1,0,0
2024-09-14T06:33:00.000000,35.944422833333,14.896298,2,0,0,1,0,0
2024-09-14T06:34:00.000000,35.944464166667,14.896267333333,2,0,0,1,0,0
2024-09-14T06:35:00.000000,35.944534,14.896214833333,2,0,0,1,0,0
2024-09-14T06:36:00.000000,35.944609333333,14.896148666667,2,0,0,1,0,0
2024-09-14T06:37:00.000000,35.944678166667,14.896083666667,2,0,0,1,0,0
2024-09-14T06:38:00.000000,35.944757833333,14.896021666667,2,0,0,1,0,0
2024-09-14T06:39:00.000000,35.9448295,14.895967,2,0,0,1,0,0
2024-09-14T06:40:00.000000,35.944863833333,14.895941333333,2,0,0,1,0,0
2024-09-14T06:41:00.000000,35.9448525,14.895956666667,2,0,0,1,0,0
2024-09-14T06:42:00.000000,35.944796666667,14.896003333333,2,0,0,1,0,0
2024-09-14T06:43:00.000000,35.944719666667,14.896073833333,2,0,0,1,0,0
2024-09-14T06:44:00.000000,35.9446405,14.8961545,2,0,0,1,0,0
2024-09-14T06:45:00.000000,35.944587666667,14.8962225,2,0,0,1,0,0
2024-09-14T06:46:00.000000,35.944546166667,14.896267,2,0,0,1,0,0
2024-09-14T06:47:00.000000,35.944500166667,14.8962945,2,0,0,1,0,0
2024-09-14T06:48:00.000000,35.944446333333,14.896307833333,2,0,0,1,0,0
2024-09-14T06:49:00.000000,35.944396833333,14.896312,2,0,0,1,0,0
2024-09-14T06:50:00.000000,35.944310166667,14.896323,2,0,0,1,0,0
2024-09-14T06:51:00.000000,35.944239333333,14.896333,2,0,0,1,0,0
2024-09-14T06:52:00.000000,35.944167333333,14.896351166667,2,0,0,1,0,0
2024-09-14T06:53:00.000000,35.944125833333,14.896371166667,2,0,0,1,0,0
2024-09-14T06:54:00.000000,35.944114833333,14.896390833333,2,0,0,1,0,0
2024-09-14T06:55:00.000000,35.9441175,14.896411,2,0,0,1,0,0
2024-09-14T06:56:00.000000,35.944161166667,14.896411166667,2,0,0,1,0,0
2024-09-14T06:57:00.000000,35.9442125,14.8963965,2,0,0,1,0,0
2024-09-14T06:58:00.000000,35.944261833333,14.896359166667,2,0,0,1,0,0
2024-09-14T06:59:00.000000,35.944338666667,14.896309,2,0,0,1,0,0
2024-09-14T07:00:00.000000,35.944415166667,14.8962595,2,0,0,1,0,0
2024-09-14T07:01:00.000000,35.944481,14.896209333333,2,0,0,1,0,0
2024-09-14T07:02:00.000000,35.944495833333,14.896178833333,2,0,0,1,0,0
2024-09-14T07:03:00.000000,35.944465833333,14.896197666667,2,0,0,1,0,0
2024-09-14T07:04:00.000000,35.944373333333,14.896253,2,0,0,1,0,0
2024-09-14T07:05:00.000000,35.944261333333,14.896345166667,2,0,0,1,0,0
2024-09-14T07:06:00.000000,35.944167833333,14.896437166667,2,0,0,1,0,0
2024-09-14T07:07:00.000000,35.944113833333,14.896510833333,2,0,0,1,0,0
2024-09-14T07:08:00.000000,35.9440775,14.896555333333,2,0,0,1,0,0
2024-09-14T07:09:00.000000,35.94405,14.896579333333,2,0,0,1,0,0
2024-09-14T07:10:00.000000,35.944029,14.896558333333,2,0,0,1,0,0
2024-09-14T07:11:00.000000,35.944031,14.896489833333,2,0,0,1,0,0
2024-09-14T07:12:00.000000,35.944058166667,14.896387166667,2,0,0,1,0,0
2024-09-14T07:13:00.000000,35.944133166667,14.896259,2,0,0,1,0,0
2024-09-14T07:14:00.000000,35.944254333333,14.896152166667,2,0,0,1,0,0
2024-09-14T07:15:00.000000,35.944403666667,14.896086666667,2,0,0,1,0,0
2024-09-14T07:16:00.000000,35.9445335,14.8960655,2,0,0,1,0,0
2024-09-14T07:17:00.000000,35.944604833333,14.896068666667,2,0,0,1,0,0
2024-09-14T07:18:00.000000,35.944614333333,14.896081166667,2,0,0,1,0,0
2024-09-14T07:19:00.000000,35.9445715,14.896100666667,2,0,0,1,0,0
2024-09-14T07:20:00.000000,35.944518,14.8961105,2,0,0,1,0,0
2024-09-14T07:21:00.000000,35.944435,14.896111166667,2,0,0,1,0,0
2024-09-14T07:22:00.000000,35.944323833333,14.896134,2,0,0,1,0,0
2024-09-14T07:23:00.000000,35.944247833333,14.896170666667,2,0,0,1,0,0
2024-09-14T07:24:00.000000,35.9442195,14.896203333333,2,0,0,1,0,0
2024-09-14T07:25:00.000000,35.944223833333,14.896227333333,2,0,0,1,0,0
2024-09-14T07:26:00.000000,35.944252333333,14.896231,2,0,0,1,0,0
2024-09-14T07:27:00.000000,35.9442875,14.896213666667,2,0,0,1,0,0
2024-09-14T07:28:00.000000,35.944331166667,14.896182,2,0,0,1,0,0
2024-09-14T07:29:00.000000,35.9443675,14.896141,2,0,0,1,0,0
2024-09-14T07:30:00.000000,35.944360666667,14.896122833333,2,0,0,1,0,0
2024-09-14T07:31:00.000000,35.9443015,14.896157166667,2,0,0,1,0,0
2024-09-14T07:32:00.000000,35.94421,14.896230333333,2,0,0,1,0,0
2024-09-14T07:33:00.000000,35.944114833333,14.8963195,2,0,0,1,0,0
2024-09-14T07:34:00.000000,35.944007833333,14.896439,2,0,0,1,0,0
2024-09-14T07:35:00.000000,35.943884666667,14.896565166667,2,0,0,1,0,0
2024-09-14T07:36:00.000000,35.943768166667,14.896667,2,0,0,1,0,0
2024-09-14T07:37:00.000000,35.943664833333,14.896746,2,0,0,1,0,0
2024-09-14T07:38:00.000000,35.943567333333,14.896801833333,2,0,0,1,0,0
2024-09-14T07:39:00.000000,35.943502333333,14.896860833333,2,0,0,1,0,0
2024-09-14T07:40:00.000000,35.943471833333,14.896927666667,2,0,0,1,0,0
2024-09-14T07:41:00.000000,35.943485,14.8969795,2,0,0,1,0,0
2024-09-14T07:42:00.000000,35.943525833333,14.896981,2,0,0,1,0,0
2024-09-14T07:43:00.000000,35.943573333333,14.896931833333,2,0,0,1,0,0
2024-09-14T07:44:00.000000,35.943626833333,14.896846,2,0,0,1,0,0
2024-09-14T07:45:00.000000,35.943684,14.896736833333,2,0,0,1,0,0
2024-09-14T07:46:00.000000,35.943740833333,14.8966205,2,0,0,1,0,0
2024-09-14T07:47:00.000000,35.943777166667,14.8965425,2,0,0,1,0,0
2024-09-14T07:48:00.000000,35.9438075,14.896500166667,2,0,0,1,0,0
2024-09-14T07:49:00.000000,35.943833333333,14.896503833333,2,0,0,1,0,0
2024-09-14T07:50:00.000000,35.943866833333,14.896525,2,0,0,1,0,0
2024-09-14T07:51:00.000000,35.943904833333,14.896534,2,0,0,1,0,0
2024-09-14T07:52:00.000000,35.943914666667,14.896546333333,2,0,0,1,0,0
2024-09-14T07:53:00.000000,35.9439155,14.8965355,2,0,0,1,0,0
2024-09-14T07:54:00.000000,35.943879666667,14.896493333333,2,0,0,1,0,0
2024-09-14T07:55:00.000000,35.943799,14.896483666667,2,0,0,1,0,0
2024-09-14T07:56:00.000000,35.943692,14.896561666667,2,0,0,1,0,0
2024-09-14T07:57:00.000000,35.943626333333,14.896695666667,2,0,0,1,0,0
2024-09-14T07:58:00.000000,35.9435875,14.8968275,2,0,0,1,0,0
2024-09-14T07:59:00.000000,35.9435625,14.896909,2,0,0,1,0,0
2024-09-14T08:00:00.000000,35.943535333333,14.896916833333,2,0,0,1,0,0
2024-09-14T08:01:00.000000,35.943507,14.896866333333,2,0,0,1,0,0
2024-09-14T08:02:00.000000,35.943496333333,14.8968095,2,0,0,1,0,0
2024-09-14T08:03:00.000000,35.943516333333,14.896764833333,2,0,0,1,0,0
2024-09-14T08:04:00.000000,35.9435665,14.8967695,2,0,0,1,0,0
2024-09-14T08:05:00.000000,35.943642333333,14.896792166667,2,0,0,1,0,0
2024-09-14T08:06:00.000000,35.943724166667,14.896785166667,2,0,0,1,0,0
2024-09-14T08:07:00.000000,35.9437715,14.896752833333,2,0,0,1,0,0
2024-09-14T08:08:00.000000,35.9437805,14.896705,2,0,0,1,0,0
2024-09-14T08:09:00.000000,35.943749666667,14.896654833333,2,0,0,1,0,0
2024-09-14T08:10:00.000000,35.943679,14.896627166667,2,0,0,1,0,0
2024-09-14T08:11:00.000000,35.943569833333,14.896715166667,2,0,0,1,0,0
2024-09-14T08:12:00.000000,35.943484333333,14.896886666667,2,0,0,1,0,0
2024-09-14T08:13:00.000000,35.943448166667,14.897027,2,0,0,1,0,0
2024-09-14T08:14:00.000000,35.943405166667,14.897120833333,2,0,0,1,0,0
2024-09-14T08:15:00.000000,35.943353666667,14.897162666667,2,0,0,1,0,0
2024-09-14T08:16:00.000000,35.943314666667,14.897138666667,2,0,0,1,0,0
2024-09-14T08:17:00.000000,35.943291166667,14.897072666667,2,0,0,1,0,0
2024-09-14T08:18:00.000000,35.9433045,14.897008666667,2,0,0,1,0,0
2024-09-14T08:19:00.000000,35.943363666667,14.896956166667,2,0,0,1,0,0
2024-09-14T08:20:00.000000,35.943448833333,14.896904166667,2,0,0,1,0,0
2024-09-14T08:21:00.000000,35.943556833333,14.896806666667,2,0,0,1,0,0
2024-09-14T08:22:00.000000,35.943634666667,14.896717833333,2,0,0,1,0,0
2024-09-14T08:23:00.000000,35.943643,14.896693166667,2,0,0,1,0,0
2024-09-14T08:24:00.000000,35.943572666667,14.896783,2,0,0,1,0,0
2024-09-14T08:25:00.000000,35.943449833333,14.896984166667,2,0,0,1,0,0
2024-09-14T08:26:00.000000,35.9433655,14.8971635,2,0,0,1,0,0
2024-09-14T08:27:00.000000,35.943302333333,14.897276166667,2,0,0,1,0,0
2024-09-14T08:28:00.000000,35.943231,14.89733,2,0,0,1,0,0
2024-09-14T08:29:00.000000,35.943177333333,14.8973465,2,0,0,1,0,0
2024-09-14T08:30:00.000000,35.943140833333,14.897347166667,2,0,0,1,0,0
2024-09-14T08:31:00.000000,35.9431335,14.897320166667,2,0,0,1,0,0
2024-09-14T08:32:00.000000,35.943162833333,14.897243833333,2,0,0,1,0,0
2024-09-14T08:33:00.000000,35.943228833333,14.897133666667,2,0,0,1,0,0
2024-09-14T08:34:00.000000,35.943342,14.89701,2,0,0,1,0,0
2024-09-14T08:35:00.000000,35.943467666667,14.8969145,2,0,0,1,0,0
2024-09-14T08:36:00.000000,35.943579666667,14.896824833333,2,0,0,1,0,0
2024-09-14T08:37:00.000000,35.943653166667,14.896763,2,0,0,1,0,0
2024-09-14T08:38:00.000000,35.943666,14.896731,2,0,0,1,0,0
2024-09-14T08:39:00.000000,35.943609833333,14.896730166667,2,0,0,1,0,0
2024-09-14T08:40:00.000000,35.943503,14.896805,2,0,0,1,0,0
2024-09-14T08:41:00.000000,35.943408333333,14.896922333333,2,0,0,1,0,0
2024-09-14T08:42:00.000000,35.943342333333,14.897040833333,2,0,0,1,0,0
2024-09-14T08:43:00.000000,35.943293166667,14.897144333333,2,0,0,1,0,0
2024-09-14T08:44:00.000000,35.943250666667,14.897227166667,2,0,0,1,0,0
2024-09-14T08:45:00.000000,35.943203666667,14.897263833333,2,0,0,1,0,0
2024-09-14T08:46:00.000000,35.943158166667,14.897272833333,2,0,0,1,0,0
2024-09-14T08:47:00.000000,35.943130833333,14.897254,2,0,0,1,0,0
2024-09-14T08:48:00.000000,35.9431255,14.897230166667,2,0,0,1,0,0
2024-09-14T08:49:00.000000,35.943168666667,14.897174333333,2,0,0,1,0,0
2024-09-14T08:50:00.000000,35.943261,14.897086833333,2,0,0,1,0,0
2024-09-14T08:51:00.000000,35.943381833333,14.896969666667,2,0,0,1,0,0
2024-09-14T08:52:00.000000,35.943496166667,14.896849666667,2,0,0,1,0,0
2024-09-14T08:53:00.000000,35.943581333333,14.896732666667,2,0,0,1,0,0
2024-09-14T08:54:00.000000,35.9436565,14.896617,2,0,0,1,0,0
2024-09-14T08:55:00.000000,35.943708166667,14.896529666667,2,0,0,1,0,0
2024-09-14T08:56:00.000000,35.943698666667,14.896532,2,0,0,1,0,0
2024-09-14T08:57:00.000000,35.943638833333,14.896624333333,2,0,0,1,0,0
2024-09-14T08:58:00.000000,35.943595,14.8967255,2,0,0,1,0,0
2024-09-14T08:59:00.000000,35.9435515,14.896784166667,2,0,0,1,0,0
2024-09-14T09:00:00.000000,35.943524833333,14.896791,2,0,0,1,0,0
2024-09-14T09:01:00.000000,35.943512333333,14.896766833333,2,0,0,1,0,0
2024-09-14T09:02:00.000000,35.943528333333,14.896745333333,2,0,0,1,0,0
2024-09-14T09:03:00.000000,35.943551666667,14.896722833333,2,0,0,1,0,0
2024-09-14T09:04:00.000000,35.943587,14.8966785,2,0,0,1,0,0
2024-09-14T09:05:00.000000,35.943670166667,14.896606,2,0,0,1,0,0
2024-09-14T09:06:00.000000,35.943755,14.896531333333,2,0,0,1,0,0
2024-09-14T09:07:00.000000,35.943836166667,14.8964675,2,0,0,1,0,0
2024-09-14T09:08:00.000000,35.943852833333,14.8964525,2,0,0,1,0,0
2024-09-14T09:09:00.000000,35.943799833333,14.896500833333,2,0,0,1,0,0
2024-09-14T09:10:00.000000,35.943663166667,14.8966625,2,0,0,1,0,0
2024-09-14T09:11:00.000000,35.943521166667,14.8968395,2,0,0,1,0,0
2024-09-14T09:12:00.000000,35.943434166667,14.896953333333,2,0,0,1,0,0
2024-09-14T09:13:00.000000,35.943377,14.897010333333,2,0,0,1,0,0
2024-09-14T09:14:00.000000,35.943354833333,14.897009833333,2,0,0,1,0,0
2024-09-14T09:15:00.000000,35.943372,14.896963166667,2,0,0,1,0,0
2024-09-14T09:16:00.000000,35.943413666667,14.896904333333,2,0,0,1,0,0
2024-09-14T09:17:00.000000,35.943443833333,14.896884166667,2,0,0,1,0,0
2024-09-14T09:18:00.000000,35.9434535,14.896890666667,2,0,0,1,0,0
2024-09-14T09:19:00.000000,35.943447666667,14.896912833333,2,0,0,1,0,0
2024-09-14T09:20:00.000000,35.943451833333,14.896903,2,0,0,1,0,0
2024-09-14T09:21:00.000000,35.9434495,14.896881833333,2,0,0,1,0,0
2024-09-14T09:22:00.000000,35.9434535,14.896863333333,2,0,0,1,0,0
2024-09-14T09:23:00.000000,35.9434625,14.8968665,2,0,0,1,0,0
2024-09-14T09:24:00.000000,35.943486833333,14.896885,2,0,0,1,0,0
2024-09-14T09:25:00.000000,35.943488666667,14.896895,2,0,0,1,0,0
2024-09-14T09:26:00.000000,35.943459166667,14.896902333333,2,0,0,1,0,0
2024-09-14T09:27:00.000000,35.943449166667,14.896868833333,2,0,0,1,0,0
2024-09-14T09:28:00.000000,35.943415666667,14.896875666667,2,0,0,1,0,0
2024-09-14T09:29:00.000000,35.943344333333,14.896981666667,2,0,0,1,0,0
2024-09-14T09:30:00.000000,35.943312666667,14.897074666667,2,0,0,1,0,0
2024-09-14T09:31:00.000000,35.943331166667,14.897080333333,2,0,0,1,0,0
2024-09-14T09:32:00.000000,35.943354,14.897029833333,2,0,0,1,0,0
2024-09-14T09:33:00.000000,35.943397666667,14.896930333333,2,0,0,1,0,0
2024-09-14T09:34:00.000000,35.943472833333,14.896801166667,2,0,0,1,0,0
2024-09-14T09:35:00.000000,35.943582,14.8966795,2,0,0,1,0,0
2024-09-14T09:36:00.000000,35.9437235,14.896556166667,2,0,0,1,0,0
2024-09-14T09:37:00.000000,35.943837833333,14.896478333333,2,0,0,1,0,0
2024-09-14T09:38:00.000000,35.943919666667,14.896434666667,2,0,0,1,0,0
2024-09-14T09:39:00.000000,35.943924666667,14.896462,2,0,0,1,0,0
2024-09-14T09:40:00.000000,35.943915333333,14.896495666667,2,0,0,1,0,0
2024-09-14T09:41:00.000000,35.943867666667,14.8965205,2,0,0,1,0,0
2024-09-14T09:42:00.000000,35.9437835,14.896544666667,2,0,0,1,0,0
2024-09-14T09:43:00.000000,35.943692166667,14.896606333333,2,0,0,1,0,0
2024-09-14T09:44:00.000000,35.943630833333,14.896691,2,0,0,1,0,0
2024-09-14T09:45:00.000000,35.943608333333,14.896780833333,2,0,0,1,0,0
2024-09-14T09:46:00.000000,35.9436135,14.896847833333,2,0,0,1,0,0
2024-09-14T09:47:00.000000,35.9436275,14.896855833333,2,0,0,1,0,0
2024-09-14T09:48:00.000000,35.943599666667,14.896838166667,2,0,0,1,0,0
2024-09-14T09:49:00.000000,35.943513333333,14.896857166667,2,0,0,1,0,0
2024-09-14T09:50:00.000000,35.943425833333,14.896921666667,2,0,0,1,0,0
2024-09-14T09:51:00.000000,35.943386333333,14.897001666667,2,0,0,1,0,0
2024-09-14T09:52:00.000000,35.9433725,14.897078,2,0,0,1,0,0
2024-09-14T09:53:00.000000,35.943392833333,14.897093333333,2,0,0,1,0,0
2024-09-14T09:54:00.000000,35.943445833333,14.897029333333,2,0,0,1,0,0
2024-09-14T09:55:00.000000,35.9435045,14.896930333333,2,0,0,1,0,0
2024-09-14T09:56:00.000000,35.9435925,14.896761166667,2,0,0,1,0,0
2024-09-14T09:57:00.000000,35.943682166667,14.896605333333,2,0,0,1,0,0
2024-09-14T09:58:00.000000,35.9437785,14.896494166667,2,0,0,1,0,0
2024-09-14T09:59:00.000000,35.943845333333,14.896473833333,2,0,0,1,0,0
2024-09-14T10:00:00.000000,35.943811333333,14.896576666667,2,0,0,1,0,0
2024-09-14T10:01:00.000000,35.943773166667,14.896699833333,2,0,0,1,0,0
2024-09-14T10:02:00.000000,35.943754,14.896763833333,2,0,0,1,0,0
2024-09-14T10:03:00.000000,35.943731333333,14.896752,2,0,0,1,0,0
2024-09-14T10:04:00.000000,35.9436845,14.896701,2,0,0,1,0,0
2024-09-14T10:05:00.000000,35.943639333333,14.8966345,2,0,0,1,0,0
2024-09-14T10:06:00.000000,35.943594333333,14.896605833333,2,0,0,1,0,0
2024-09-14T10:07:00.000000,35.943587833333,14.896654833333,2,0,0,1,0,0
2024-09-14T10:08:00.000000,35.943617166667,14.896752166667,2,0,0,1,0,0
2024-09-14T10:09:00.000000,35.9436685,14.8968275,2,0,0,1,0,0
2024-09-14T10:10:00.000000,35.943695666667,14.896851,2,0,0,1,0,0
2024-09-14T10:11:00.000000,35.943664666667,14.896817166667,2,0,0,1,0,0
2024-09-14T10:12:00.000000,35.943606666667,14.896744166667,2,0,0,1,0,0
2024-09-14T10:13:00.000000,35.943603666667,14.896621833333,2,0,0,1,0,0
2024-09-14T10:14:00.000000,35.943745166667,14.89644,2,0,0,1,0,0
2024-09-14T10:15:00.000000,35.9439725,14.896286166667,2,0,0,1,0,0
2024-09-14T10:16:00.000000,35.944174666667,14.896222833333,2,0,0,1,0,0
2024-09-14T10:17:00.000000,35.944268333333,14.896235666667,2,0,0,1,0,0
2024-09-14T10:18:00.000000,35.9442325,14.896288,2,0,0,1,0,0
2024-09-14T10:19:00.000000,35.944101166667,14.896381666667,2,0,0,1,0,0
2024-09-14T10:20:00.000000,35.943920666667,14.896520333333,2,0,0,1,0,0
2024-09-14T10:21:00.000000,35.943768166667,14.896670166667,2,0,0,1,0,0
2024-09-14T10:22:00.000000,35.943631,14.896814,2,0,0,1,0,0
2024-09-14T10:23:00.000000,35.943536333333,14.896916833333,2,0,0,1,0,0
2024-09-14T10:24:00.000000,35.9434495,14.896998333333,2,0,0,1,0,0
2024-09-14T10:25:00.000000,35.943382666667,14.89706,2,0,0,1,0,0
2024-09-14T10:26:00.000000,35.943319,14.8971125,2,0,0,1,0,0
2024-09-14T10:27:00.000000,35.943274333333,14.897133666667,2,0,0,1,0,0
2024-09-14T10:28:00.000000,35.943293166667,14.897103666667,2,0,0,1,0,0
2024-09-14T10:29:00.000000,35.943329666667,14.897051833333,2,0,0,1,0,0
2024-09-14T10:30:00.000000,35.943378333333,14.896980833333,2,0,0,1,0,0
2024-09-14T10:31:00.000000,35.943455166667,14.896901166667,2,0,0,1,0,0
2024-09-14T10:32:00.000000,35.943559166667,14.896800333333,2,0,0,1,0,0
2024-09-14T10:33:00.000000,35.9436745,14.896672333333,2,0,0,1,0,0
2024-09-14T10:34:00.000000,35.943787833333,14.896531833333,2,0,0,1,0,0
2024-09-14T10:35:00.000000,35.943889666667,14.896410833333,2,0,0,1,0,0
2024-09-14T10:36:00.000000,35.943967666667,14.896336833333,2,0,0,1,0,0
2024-09-14T10:37:00.000000,35.943984666667,14.896362166667,2,0,0,1,0,0
2024-09-14T10:38:00.000000,35.943941166667,14.896462,2,0,0,1,0,0
2024-09-14T10:39:00.000000,35.943851833333,14.8966045,2,0,0,1,0,0
2024-09-14T10:40:00.000000,35.943759666667,14.896738333333,2,0,0,1,0,0
2024-09-14T10:41:00.000000,35.943698,14.896824666667,2,0,0,1,0,0
2024-09-14T10:42:00.000000,35.943612666667,14.896896166667,2,0,0,1,0,0
2024-09-14T10:43:00.000000,35.9435015,14.896971833333,2,0,0,1,0,0
2024-09-14T10:44:00.000000,35.943419333333,14.897041,2,0,0,1,0,0
2024-09-14T10:45:00.000000,35.943379833333,14.897111666667,2,0,0,1,0,0
2024-09-14T10:46:00.000000,35.943394333333,14.897150833333,2,0,0,1,0,0
2024-09-14T10:47:00.000000,35.943413166667,14.897144166667,2,0,0,1,0,0
2024-09-14T10:48:00.000000,35.943449333333,14.8970685,2,0,0,1,0,0
2024-09-14T10:49:00.000000,35.9435075,14.896912166667,2,0,0,1,0,0
2024-09-14T10:50:00.000000,35.943556,14.8967615,2,0,0,1,0,0
2024-09-14T10:51:00.000000,35.943596833333,14.896663833333,2,0,0,1,0,0
2024-09-14T10:52:00.000000,35.943661833333,14.896611666667,2,0,0,1,0,0
2024-09-14T10:53:00.000000,35.943763,14.896589166667,2,0,0,1,0,0
2024-09-14T10:54:00.000000,35.943840333333,14.896612666667,2,0,0,1,0,0
2024-09-14T10:55:00.000000,35.943886,14.896623166667,2,0,0,1,0,0
2024-09-14T10:56:00.000000,35.943901833333,14.8965985,2,0,0,1,0,0
2024-09-14T10:57:00.000000,35.943916333333,14.896546,2,0,0,1,0,0
2024-09-14T10:58:00.000000,35.9439495,14.896468666667,2,0,0,1,0,0
2024-09-14T10:59:00.000000,35.943969833333,14.8964255,2,0,0,1,0,0
2024-09-14T11:00:00.000000,35.943931166667,14.8964545,2,0,0,1,0,0
2024-09-14T11:01:00.000000,35.943895833333,14.8965385,2,0,0,1,0,0
2024-09-14T11:02:00.000000,35.943895,14.896608166667,2,0,0,1,0,0
2024-09-14T11:03:00.000000,35.943923833333,14.896623333333,2,0,0,1,0,0
2024-09-14T11:04:00.000000,35.9438565,14.896652833333,2,0,0,1,0,0
2024-09-14T11:05:00.000000,35.9438255,14.896645333333,2,0,0,1,0,0
2024-09-14T11:06:00.000000,35.943789166667,14.8966205,2,0,0,1,0,0
2024-09-14T11:07:00.000000,35.943770833333,14.896590166667,2,0,0,1,0,0
2024-09-14T11:08:00.000000,35.943801,14.896550333333,2,0,0,1,0,0
2024-09-14T11:09:00.000000,35.9438445,14.8965275,2,0,0,1,0,0
2024-09-14T11:10:00.000000,35.943878666667,14.896525166667,2,0,0,1,0,0
2024-09-14T11:11:00.000000,35.943872166667,14.896546,2,0,0,1,0,0
2024-09-14T11:12:00.000000,35.943881166667,14.896563166667,2,0,0,1,0,0
2024-09-14T11:13:00.000000,35.943896,14.896574333333,2,0,0,1,0,0
2024-09-14T11:14:00.000000,35.9438585,14.8966105,2,0,0,1,0,0
2024-09-14T11:15:00.000000,35.943825,14.896634666667,2,0,0,1,0,0
2024-09-14T11:16:00.000000,35.9437545,14.896686666667,2,0,0,1,0,0
2024-09-14T11:17:00.000000,35.943682,14.896743,2,0,0,1,0,0
2024-09-14T11:18:00.000000,35.943629666667,14.896794333333,2,0,0,1,0,0
2024-09-14T11:19:00.000000,35.943600833333,14.896838333333,2,0,0,1,0,0
2024-09-14T11:20:00.000000,35.9435675,14.896887833333,2,0,0,1,0,0
2024-09-14T11:21:00.000000,35.943556666667,14.896904166667,2,0,0,1,0,0
2024-09-14T11:22:00.000000,35.943606333333,14.8968435,2,0,0,1,0,0
2024-09-14T11:23:00.000000,35.943665,14.896744166667,2,0,0,1,0,0
2024-09-14T11:24:00.000000,35.943759333333,14.896614333333,2,0,0,1,0,0
2024-09-14T11:25:00.000000,35.943863833333,14.896481833333,2,0,0,1,0,0
2024-09-14T11:26:00.000000,35.943972,14.8963675,2,0,0,1,0,0
2024-09-14T11:27:00.000000,35.944055833333,14.8962985,2,0,0,1,0,0
2024-09-14T11:28:00.000000,35.944121833333,14.896263666667,2,0,0,1,0,0
2024-09-14T11:29:00.000000,35.944161,14.896273166667,2,0,0,1,0,0
2024-09-14T11:30:00.000000,35.944171333333,14.896314666667,2,0,0,1,0,0
2024-09-14T11:31:00.000000,35.944216666667,14.896335166667,2,0,0,1,0,0
2024-09-14T11:32:00.000000,35.944172333333,14.896405166667,2,0,0,1,0,0
2024-09-14T11:33:00.000000,35.944063333333,14.896488333333,2,0,0,1,0,0
2024-09-14T11:34:00.000000,35.943941833333,14.8965615,2,0,0,1,0,0
2024-09-14T11:35:00.000000,35.943857166667,14.8966065,2,0,0,1,0,0
2024-09-14T11:36:00.000000,35.943775166667,14.8966375,2,0,0,1,0,0
2024-09-14T11:37:00.000000,35.943675833333,14.896681166667,2,0,0,1,0,0
2024-09-14T11:38:00.000000,35.943581,14.8967515,2,0,0,1,0,0
2024-09-14T11:39:00.000000,35.943545166667,14.896818666667,2,0,0,1,0,0
2024-09-14T11:40:00.000000,35.943567333333,14.896847833333,2,0,0,1,0,0
2024-09-14T11:41:00.000000,35.943614666667,14.896838333333,2,0,0,1,0,0
2024-09-14T11:42:00.000000,35.943674333333,14.896786666667,2,0,0,1,0,0
2024-09-14T11:43:00.000000,35.94374,14.896698333333,2,0,0,1,0,0
2024-09-14T11:44:00.000000,35.943826833333,14.896586333333,2,0,0,1,0,0
2024-09-14T11:45:00.000000,35.943943166667,14.896461,2,0,0,1,0,0
2024-09-14T11:46:00.000000,35.944084,14.8963225,2,0,0,1,0,0
2024-09-14T11:47:00.000000,35.944232666667,14.896205666667,2,0,0,1,0,0
2024-09-14T11:48:00.000000,35.944365666667,14.896136333333,2,0,0,1,0,0
2024-09-14T11:49:00.000000,35.944432333333,14.896128166667,2,0,0,1,0,0
2024-09-14T11:50:00.000000,35.944388,14.896175333333,2,0,0,1,0,0
2024-09-14T11:51:00.000000,35.944340333333,14.896236333333,2,0,0,1,0,0
2024-09-14T11:52:00.000000,35.944271,14.8962905,2,0,0,1,0,0
2024-09-14T11:53:00.000000,35.944202333333,14.896338666667,2,0,0,1,0,0
2024-09-14T11:54:00.000000,35.944141666667,14.896391333333,2,0,0,1,0,0
2024-09-14T11:55:00.000000,35.944018666667,14.896477833333,2,0,0,1,0,0
2024-09-14T11:56:00.000000,35.943867833333,14.896584666667,2,0,0,1,0,0
2024-09-14T11:57:00.000000,35.943735,14.896712833333,2,0,0,1,0,0
2024-09-14T11:58:00.000000,35.943628833333,14.896828166667,2,0,0,1,0,0
2024-09-14T11:59:00.000000,35.943555666667,14.896908666667,2,0,0,1,0,0
2024-09-14T12:00:00.000000,35.943564833333,14.8968785,2,0,0,1,0,0
2024-09-14T12:01:00.000000,35.943601666667,14.896803,2,0,0,1,0,0
2024-09-14T12:02:00.000000,35.943629666667,14.896727,2,0,0,1,0,0
2024-09-14T12:03:00.000000,35.943672333333,14.896649166667,2,0,0,1,0,0
2024-09-14T12:04:00.000000,35.943749166667,14.896556,2,0,0,1,0,0
2024-09-14T12:05:00.000000,35.943844833333,14.896468166667,2,0,0,1,0,0
2024-09-14T12:06:00.000000,35.943952,14.896399833333,2,0,0,1,0,0
2024-09-14T12:07:00.000000,35.9440775,14.896320333333,2,0,0,1,0,0
2024-09-14T12:08:00.000000,35.944190833333,14.896252166667,2,0,0,1,0,0
2024-09-14T12:09:00.000000,35.944275166667,14.896195166667,2,0,0,1,0,0
2024-09-14T12:10:00.000000,35.944292,14.8961625,2,0,0,1,0,0
2024-09-14T12:11:00.000000,35.9442775,14.896162333333,2,0,0,1,0,0
2024-09-14T12:12:00.000000,35.9442255,14.896216166667,2,0,0,1,0,0
2024-09-14T12:13:00.000000,35.944143,14.896293666667,2,0,0,1,0,0
2024-09-14T12:14:00.000000,35.944075166667,14.896386666667,2,0,0,1,0,0
2024-09-14T12:15:00.000000,35.944004,14.896465833333,2,0,0,1,0,0
2024-09-14T12:16:00.000000,35.943925333333,14.896524333333,2,0,0,1,0,0
2024-09-14T12:17:00.000000,35.943879166667,14.8965325,2,0,0,1,0,0
2024-09-14T12:18:00.000000,35.943869166667,14.896497166667,2,0,0,1,0,0
2024-09-14T12:19:00.000000,35.943894166667,14.896438166667,2,0,0,1,0,0
2024-09-14T12:20:00.000000,35.943959833333,14.896355333333,2,0,0,1,0,0
2024-09-14T12:21:00.000000,35.944073166667,14.896257666667,2,0,0,1,0,0
2024-09-14T12:22:00.000000,35.944228333333,14.896180166667,2,0,0,1,0,0
2024-09-14T12:23:00.000000,35.944341666667,14.896141833333,2,0,0,1,0,0
2024-09-14T12:24:00.000000,35.944405,14.896131333333,2,0,0,1,0,0
2024-09-14T12:25:00.000000,35.944408333333,14.896125166667,2,0,0,1,0,0
2024-09-14T12:26:00.000000,35.944377833333,14.896129,2,0,0,1,0,0
2024-09-14T12:27:00.000000,35.944316833333,14.896165666667,2,0,0,1,0,0
2024-09-14T12:28:00.000000,35.944223,14.8962335,2,0,0,1,0,0
2024-09-14T12:29:00.000000,35.944092333333,14.896333166667,2,0,0,1,0,0
2024-09-14T12:30:00.000000,35.943955166667,14.896441833333,2,0,0,1,0,0
2024-09-14T12:31:00.000000,35.943865333333,14.8965395,2,0,0,1,0,0
2024-09-14T12:32:00.000000,35.943819333333,14.896598333333,2,0,0,1,0,0
2024-09-14T12:33:00.000000,35.943788833333,14.896621666667,2,0,0,1,0,0
2024-09-14T12:34:00.000000,35.943783833333,14.896591666667,2,0,0,1,0,0
2024-09-14T12:35:00.000000,35.943794833333,14.896529333333,2,0,0,1,0,0
2024-09-14T12:36:00.000000,35.943837333333,14.896456,2,0,0,1,0,0
2024-09-14T12:37:00.000000,35.943940333333,14.896348666667,2,0,0,1,0,0
2024-09-14T12:38:00.000000,35.944116333333,14.896224333333,2,0,0,1,0,0
2024-09-14T12:39:00.000000,35.944309333333,14.8961345,2,0,0,1,0,0
2024-09-14T12:40:00.000000,35.944471,14.896094,2,0,0,1,0,0
2024-09-14T12:41:00.000000,35.944548,14.896112,2,0,0,1,0,0
2024-09-14T12:42:00.000000,35.944542,14.8961445,2,0,0,1,0,0
2024-09-14T12:43:00.000000,35.944455333333,14.8961685,2,0,0,1,0,0
2024-09-14T12:44:00.000000,35.944309833333,14.896209333333,2,0,0,1,0,0
2024-09-14T12:45:00.000000,35.944143666667,14.896272166667,2,0,0,1,0,0
2024-09-14T12:46:00.000000,35.943995833333,14.896352666667,2,0,0,1,0,0
2024-09-14T12:47:00.000000,35.943901166667,14.8964475,2,0,0,1,0,0
2024-09-14T12:48:00.000000,35.943853666667,14.8965415,2,0,0,1,0,0
2024-09-14T12:49:00.000000,35.943839,14.896599833333,2,0,0,1,0,0
2024-09-14T12:50:00.000000,35.943840333333,14.896621333333,2,0,0,1,0,0
2024-09-14T12:51:00.000000,35.9438685,14.8965745,2,0,0,1,0,0
2024-09-14T12:52:00.000000,35.943886833333,14.896495666667,2,0,0,1,0,0
2024-09-14T12:53:00.000000,35.943896166667,14.896399,2,0,0,1,0,0
2024-09-14T12:54:00.000000,35.943911666667,14.8963235,2,0,0,1,0,0
2024-09-14T12:55:00.000000,35.943965833333,14.896300666667,2,0,0,1,0,0
2024-09-14T12:56:00.000000,35.944055166667,14.8963205,2,0,0,1,0,0
2024-09-14T12:57:00.000000,35.944155333333,14.896336,2,0,0,1,0,0
2024-09-14T12:58:00.000000,35.9442525,14.896317166667,2,0,0,1,0,0
2024-09-14T12:59:00.000000,35.944271,14.896297833333,2,0,0,1,0,0
2024-09-14T13:00:00.000000,35.944191333333,14.896297,2,0,0,1,0,0
2024-09-14T13:01:00.000000,35.944103,14.896305,2,0,0,1,0,0
2024-09-14T13:02:00.000000,35.944016166667,14.8963195,2,0,0,1,0,0
2024-09-14T13:03:00.000000,35.943953833333,14.896354666667,2,0,0,1,0,0
2024-09-14T13:04:00.000000,35.943912333333,14.896413166667,2,0,0,1,0,0
2024-09-14T13:05:00.000000,35.943901833333,14.896472666667,2,0,0,1,0,0
2024-09-14T13:06:00.000000,35.943936,14.896482666667,2,0,0,1,0,0
2024-09-14T13:07:00.000000,35.944014166667,14.896426166667,2,0,0,1,0,0
2024-09-14T13:08:00.000000,35.944107,14.896331166667,2,0,0,1,0,0
2024-09-14T13:09:00.000000,35.9442235,14.896209666667,2,0,0,1,0,0
2024-09-14T13:10:00.000000,35.944331,14.896094666667,2,0,0,1,0,0
2024-09-14T13:11:00.000000,35.944398166667,14.896026833333,2,0,0,1,0,0
2024-09-14T13:12:00.000000,35.944458833333,14.896014166667,2,0,0,1,0,0
2024-09-14T13:13:00.000000,35.944466666667,14.8960725,2,0,0,1,0,0
2024-09-14T13:14:00.000000,35.944393,14.896165,2,0,0,1,0,0
2024-09-14T13:15:00.000000,35.944264833333,14.89627,2,0,0,1,0,0
2024-09-14T13:16:00.000000,35.944127833333,14.896378833333,2,0,0,1,0,0
2024-09-14T13:17:00.000000,35.943992,14.896487166667,2,0,0,1,0,0
2024-09-14T13:18:00.000000,35.9438585,14.896602,2,0,0,1,0,0
2024-09-14T13:19:00.000000,35.943748,14.896683666667,2,0,0,1,0,0
2024-09-14T13:20:00.000000,35.943661833333,14.896722166667,2,0,0,1,0,0
2024-09-14T13:21:00.000000,35.943622166667,14.896700666667,2,0,0,1,0,0
2024-09-14T13:22:00.000000,35.943626333333,14.896654833333,2,0,0,1,0,0
2024-09-14T13:23:00.000000,35.943653166667,14.8966115,2,0,0,1,0,0
2024-09-14T13:24:00.000000,35.943749333333,14.896555,2,0,0,1,0,0
2024-09-14T13:25:00.000000,35.9438745,14.896470166667,2,0,0,1,0,0
2024-09-14T13:26:00.000000,35.944007,14.896379666667,2,0,0,1,0,0
2024-09-14T13:27:00.000000,35.944134833333,14.8962935,2,0,0,1,0,0
2024-09-14T13:28:00.000000,35.944248666667,14.896204166667,2,0,0,1,0,0
2024-09-14T13:29:00.000000,35.944332833333,14.896116,2,0,0,1,0,0
2024-09-14T13:30:00.000000,35.944364666667,14.89606,2,0,0,1,0,0
2024-09-14T13:31:00.000000,35.944336666667,14.896072666667,2,0,0,1,0,0
2024-09-14T13:32:00.000000,35.944251333333,14.8961485,2,0,0,1,0,0
2024-09-14T13:33:00.000000,35.944144,14.896263833333,2,0,0,1,0,0
2024-09-14T13:34:00.000000,35.944036833333,14.896378,2,0,0,1,0,0
2024-09-14T13:35:00.000000,35.943925333333,14.896472333333,2,0,0,1,0,0
2024-09-14T13:36:00.000000,35.943825,14.896542833333,2,0,0,1,0,0
2024-09-14T13:37:00.000000,35.9437345,14.8965915,2,0,0,1,0,0
2024-09-14T13:38:00.000000,35.943655333333,14.896642666667,2,0,0,1,0,0
2024-09-14T13:39:00.000000,35.943609833333,14.896702,2,0,0,1,0,0
2024-09-14T13:40:00.000000,35.943608833333,14.896737833333,2,0,0,1,0,0
2024-09-14T13:41:00.000000,35.9436455,14.8967185,2,0,0,1,0,0
2024-09-14T13:42:00.000000,35.943718166667,14.896639666667,2,0,0,1,0,0
2024-09-14T13:43:00.000000,35.9438315,14.896516833333,2,0,0,1,0,0
2024-09-14T13:44:00.000000,35.943971833333,14.896368833333,2,0,0,1,0,0
2024-09-14T13:45:00.000000,35.944098,14.896250333333,2,0,0,1,0,0
2024-09-14T13:46:00.000000,35.9441835,14.89619,2,0,0,1,0,0
2024-09-14T13:47:00.000000,35.944202666667,14.896190166667,2,0,0,1,0,0
2024-09-14T13:48:00.000000,35.944159166667,14.896259,2,0,0,1,0,0
2024-09-14T13:49:00.000000,35.944083166667,14.896356833333,2,0,0,1,0,0
2024-09-14T13:50:00.000000,35.943975666667,14.896472166667,2,0,0,1,0,0
2024-09-14T13:51:00.000000,35.943857666667,14.896584166667,2,0,0,1,0,0
2024-09-14T13:52:00.000000,35.943721833333,14.896692833333,2,0,0,1,0,0
2024-09-14T13:53:00.000000,35.943577,14.896806,2,0,0,1,0,0
2024-09-14T13:54:00.000000,35.943471166667,14.896896333333,2,0,0,1,0,0
2024-09-14T13:55:00.000000,35.943414,14.896962,2,0,0,1,0,0
2024-09-14T13:56:00.000000,35.943411166667,14.896973666667,2,0,0,1,0,0
2024-09-14T13:57:00.000000,35.9434185,14.8969635,2,0,0,1,0,0
2024-09-14T13:58:00.000000,35.943489333333,14.896910666667,2,0,0,1,0,0
2024-09-14T13:59:00.000000,35.9435985,14.8968285,2,0,0,1,0,0
2024-09-14T14:00:00.000000,35.943713166667,14.896720166667,2,0,0,1,0,0
2024-09-14T14:01:00.000000,35.943825166667,14.896575166667,2,0,0,1,0,0
2024-09-14T14:02:00.000000,35.9438885,14.896435333333,2,0,0,1,0,0
2024-09-14T14:03:00.000000,35.943912833333,14.896320333333,2,0,0,1,0,0
2024-09-14T14:04:00.000000,35.943932833333,14.896283666667,2,0,0,1,0,0
2024-09-14T14:05:00.000000,35.943935833333,14.8963635,2,0,0,1,0,0
2024-09-14T14:06:00.000000,35.9439635,14.896457,2,0,0,1,0,0
2024-09-14T14:07:00.000000,35.943964833333,14.896528666667,2,0,0,1,0,0
2024-09-14T14:08:00.000000,35.9439305,14.896553333333,2,0,0,1,0,0
2024-09-14T14:09:00.000000,35.943855333333,14.896536833333,2,0,0,1,0,0
2024-09-14T14:10:00.000000,35.943765166667,14.8965045,2,0,0,1,0,0
2024-09-14T14:11:00.000000,35.943663,14.896526833333,2,0,0,1,0,0
2024-09-14T14:12:00.000000,35.943607166667,14.896621166667,2,0,0,1,0,0
2024-09-14T14:13:00.000000,35.943601166667,14.896745833333,2,0,0,1,0,0
2024-09-14T14:14:00.000000,35.9435905,14.896831166667,2,0,0,1,0,0
2024-09-14T14:15:00.000000,35.9435945,14.896857833333,2,0,0,1,0,0
2024-09-14T14:16:00.000000,35.9436315,14.896805666667,2,0,0,1,0,0
2024-09-14T14:17:00.000000,35.943708833333,14.89668,2,0,0,1,0,0
2024-09-14T14:18:00.000000,35.943805666667,14.896548833333,2,0,0,1,0,0
2024-09-14T14:19:00.000000,35.943934,14.896388333333,2,0,0,1,0,0
2024-09-14T14:20:00.000000,35.944083666667,14.896217333333,2,0,0,1,0,0
2024-09-14T14:21:00.000000,35.94419,14.896128166667,2,0,0,1,0,0
2024-09-14T14:22:00.000000,35.9442455,14.896135,2,0,0,1,0,0
2024-09-14T14:23:00.000000,35.944233833333,14.896216333333,2,0,0,1,0,0
2024-09-14T14:24:00.000000,35.944171833333,14.896329333333,2,0,0,1,0,0
2024-09-14T14:25:00.000000,35.9440285,14.896436666667,2,0,0,1,0,0
2024-09-14T14:26:00.000000,35.943877333333,14.896498166667,2,0,0,1,0,0
2024-09-14T14:27:00.000000,35.943713833333,14.896569,2,0,0,1,0,0
2024-09-14T14:28:00.000000,35.943564166667,14.896690166667,2,0,0,1,0,0
2024-09-14T14:29:00.000000,35.943482166667,14.8968235,2,0,0,1,0,0
2024-09-14T14:30:00.000000,35.9434535,14.8969305,2,0,0,1,0,0
2024-09-14T14:31:00.000000,35.943447166667,14.896986666667,2,0,0,1,0,0
2024-09-14T14:32:00.000000,35.943472,14.896979,2,0,0,1,0,0
2024-09-14T14:33:00.000000,35.9435275,14.896867833333,2,0,0,1,0,0
2024-09-14T14:34:00.000000,35.94362,14.896684666667,2,0,0,1,0,0
2024-09-14T14:35:00.000000,35.943728166667,14.896524833333,2,0,0,1,0,0
2024-09-14T14:36:00.000000,35.943847,14.896420166667,2,0,0,1,0,0
2024-09-14T14:37:00.000000,35.943979166667,14.896358666667,2,0,0,1,0,0
2024-09-14T14:38:00.000000,35.944094333333,14.896330666667,2,0,0,1,0,0
2024-09-14T14:39:00.000000,35.944164666667,14.896301,2,0,0,1,0,0
2024-09-14T14:40:00.000000,35.944198666667,14.896257666667,2,0,0,1,0,0
2024-09-14T14:41:00.000000,35.944159666667,14.896238833333,2,0,0,1,0,0
2024-09-14T14:42:00.000000,35.944074,14.896242833333,2,0,0,1,0,0
2024-09-14T14:43:00.000000,35.943973166667,14.896317833333,2,0,0,1,0,0
2024-09-14T14:44:00.000000,35.943894166667,14.896429666667,2,0,0,1,0,0
2024-09-14T14:45:00.000000,35.943841166667,14.8965305,2,0,0,1,0,0
2024-09-14T14:46:00.000000,35.943783833333,14.8965885,2,0,0,1,0,0
2024-09-14T14:47:00.000000,35.943741333333,14.896594166667,2,0,0,1,0,0
2024-09-14T14:48:00.000000,35.94366,14.8966205,2,0,0,1,0,0
2024-09-14T14:49:00.000000,35.943613166667,14.896650166667,2,0,0,1,0,0
2024-09-14T14:50:00.000000,35.943599666667,14.896709166667,2,0,0,1,0,0
2024-09-14T14:51:00.000000,35.943639666667,14.896758166667,2,0,0,1,0,0
2024-09-14T14:52:00.000000,35.943713833333,14.896752833333,2,0,0,1,0,0
2024-09-14T14:53:00.000000,35.943784333333,14.8966675,2,0,0,1,0,0
2024-09-14T14:54:00.000000,35.943845,14.896539666667,2,0,0,1,0,0
2024-09-14T14:55:00.000000,35.943917166667,14.896395,2,0,0,1,0,0
2024-09-14T14:56:00.000000,35.943983333333,14.8962955,2,0,0,1,0,0
2024-09-14T14:57:00.000000,35.944077166667,14.896241,2,0,0,1,0,0
2024-09-14T14:58:00.000000,35.944182166667,14.896214166667,2,0,0,1,0,0
2024-09-14T14:59:00.000000,35.944268166667,14.896205333333,2,0,0,1,0,0
2024-09-14T15:00:00.000000,35.944314666667,14.896204833333,2,0,0,1,0,0
2024-09-14T15:01:00.000000,35.9443045,14.896222833333,2,0,0,1,0,0
2024-09-14T15:02:00.000000,35.944218833333,14.896278,2,0,0,1,0,0
2024-09-14T15:03:00.000000,35.94406,14.896383666667,2,0,0,1,0,0
2024-09-14T15:04:00.000000,35.943880833333,14.8965035,2,0,0,1,0,0
2024-09-14T15:05:00.000000,35.943728166667,14.8966095,2,0,0,1,0,0
2024-09-14T15:06:00.000000,35.943614833333,14.896709666667,2,0,0,1,0,0
2024-09-14T15:07:00.000000,35.943553,14.896798666667,2,0,0,1,0,0
2024-09-14T15:08:00.000000,35.943556666667,14.896829166667,2,0,0,1,0,0
2024-09-14T15:09:00.000000,35.943621666667,14.896767833333,2,0,0,1,0,0
2024-09-14T15:10:00.000000,35.9437445,14.896659333333,2,0,0,1,0,0
2024-09-14T15:11:00.000000,35.943918666667,14.896540333333,2,0,0,1,0,0
2024-09-14T15:12:00.000000,35.9441045,14.896415166667,2,0,0,1,0,0
2024-09-14T15:13:00.000000,35.944200333333,14.896313,2,0,0,1,0,0
2024-09-14T15:14:00.000000,35.944248166667,14.896210833333,2,0,0,1,0,0
2024-09-14T15:15:00.000000,35.944261166667,14.896137166667,2,0,0,1,0,0
2024-09-14T15:16:00.000000,35.9442015,14.896148166667,2,0,0,1,0,0
2024-09-14T15:17:00.000000,35.944078333333,14.896271166667,2,0,0,1,0,0
2024-09-14T15:18:00.000000,35.943955,14.896443333333,2,0,0,1,0,0
2024-09-14T15:19:00.000000,35.9438255,14.896608333333,2,0,0,1,0,0
2024-09-14T15:20:00.000000,35.943715333333,14.896727333333,2,0,0,1,0,0
2024-09-14T15:21:00.000000,35.943615333333,14.896783333333,2,0,0,1,0,0
2024-09-14T15:22:00.000000,35.943551833333,14.896805666667,2,0,0,1,0,0
2024-09-14T15:23:00.000000,35.943541833333,14.896782666667,2,0,0,1,0,0
2024-09-14T15:24:00.000000,35.943566833333,14.896756166667,2,0,0,1,0,0
2024-09-14T15:25:00.000000,35.943650166667,14.896712,2,0,0,1,0,0
2024-09-14T15:26:00.000000,35.9437665,14.896645666667,2,0,0,1,0,0
2024-09-14T15:27:00.000000,35.943885,14.8965505,2,0,0,1,0,0
2024-09-14T15:28:00.000000,35.943989666667,14.896448166667,2,0,0,1,0,0
2024-09-14T15:29:00.000000,35.944071333333,14.896343166667,2,0,0,1,0,0
2024-09-14T15:30:00.000000,35.944129333333,14.896251833333,2,0,0,1,0,0
2024-09-14T15:31:00.000000,35.944163333333,14.896186166667,2,0,0,1,0,0
2024-09-14T15:32:00.000000,35.944174833333,14.896163833333,2,0,0,1,0,0
2024-09-14T15:33:00.000000,35.944109833333,14.896233333333,2,0,0,1,0,0
2024-09-14T15:34:00.000000,35.944021,14.896371,2,0,0,1,0,0
2024-09-14T15:35:00.000000,35.943923333333,14.896526833333,2,0,0,1,0,0
2024-09-14T15:36:00.000000,35.943814333333,14.896651,2,0,0,1,0,0
2024-09-14T15:37:00.000000,35.943715333333,14.8967255,2,0,0,1,0,0
2024-09-14T15:38:00.000000,35.943643833333,14.8967555,2,0,0,1,0,0
2024-09-14T15:39:00.000000,35.943625666667,14.896710166667,2,0,0,1,0,0
2024-09-14T15:40:00.000000,35.943638,14.896638,2,0,0,1,0,0
2024-09-14T15:41:00.000000,35.943719,14.896564833333,2,0,0,1,0,0
2024-09-14T15:42:00.000000,35.943860833333,14.896478166667,2,0,0,1,0,0
2024-09-14T15:43:00.000000,35.943983,14.896418833333,2,0,0,1,0,0
2024-09-14T15:44:00.000000,35.944061666667,14.8963675,2,0,0,1,0,0
2024-09-14T15:45:00.000000,35.944103833333,14.896312833333,2,0,0,1,0,0
2024-09-14T15:46:00.000000,35.944112833333,14.8962715,2,0,0,1,0,0
2024-09-14T15:47:00.000000,35.944088833333,14.896259666667,2,0,0,1,0,0
2024-09-14T15:48:00.000000,35.944044666667,14.896273166667,2,0,0,1,0,0
2024-09-14T15:49:00.000000,35.9439635,14.896345333333,2,0,0,1,0,0
2024-09-14T15:50:00.000000,35.943878166667,14.896448166667,2,0,0,1,0,0
2024-09-14T15:51:00.000000,35.9437935,14.896544833333,2,0,0,1,0,0
2024-09-14T15:52:00.000000,35.943731333333,14.896612,2,0,0,1,0,0
2024-09-14T15:53:00.000000,35.943686,14.896638666667,2,0,0,1,0,0
2024-09-14T15:54:00.000000,35.9436425,14.896653333333,2,0,0,1,0,0
2024-09-14T15:55:00.000000,35.943653166667,14.896615833333,2,0,0,1,0,0
2024-09-14T15:56:00.000000,35.943716166667,14.896577166667,2,0,0,1,0,0
2024-09-14T15:57:00.000000,35.943827,14.896528,2,0,0,1,0,0
2024-09-14T15:58:00.000000,35.943950833333,14.896484,2,0,0,1,0,0
2024-09-14T15:59:00.000000,35.9440295,14.896419333333,2,0,0,1,0,0
2024-09-14T16:00:00.000000,35.944059333333,14.896341333333,2,0,0,1,0,0
2024-09-14T16:01:00.000000,35.944046,14.896277166667,2,0,0,1,0,0
2024-09-14T16:02:00.000000,35.9439975,14.8962505,2,0,0,1,0,0
2024-09-14T16:03:00.000000,35.943955333333,14.896291833333,2,0,0,1,0,0
2024-09-14T16:04:00.000000,35.943925166667,14.896391,2,0,0,1,0,0
2024-09-14T16:05:00.000000,35.943899333333,14.896491,2,0,0,1,0,0
2024-09-14T16:06:00.000000,35.943880333333,14.8965715,2,0,0,1,0,0
2024-09-14T16:07:00.000000,35.943865166667,14.896617,2,0,0,1,0,0
2024-09-14T16:08:00.000000,35.94385,14.896607666667,2,0,0,1,0,0
2024-09-14T16:09:00.000000,35.943846,14.896549333333,2,0,0,1,0,0
2024-09-14T16:10:00.000000,35.943835,14.896484333333,2,0,0,1,0,0
2024-09-14T16:11:00.000000,35.943841333333,14.896424,2,0,0,1,0,0
2024-09-14T16:12:00.000000,35.943921666667,14.896366333333,2,0,0,1,0,0
2024-09-14T16:13:00.000000,35.944059333333,14.896315,2,0,0,1,0,0
2024-09-14T16:14:00.000000,35.944205166667,14.896291666667,2,0,0,1,0,0
2024-09-14T16:15:00.000000,35.944309666667,14.896269666667,2,0,0,1,0,0
2024-09-14T16:16:00.000000,35.944370666667,14.896226333333,2,0,0,1,0,0
2024-09-14T16:17:00.000000,35.9443855,14.8961595,2,0,0,1,0,0
2024-09-14T16:18:00.000000,35.944332833333,14.8961035,2,0,0,1,0,0
2024-09-14T16:19:00.000000,35.9442395,14.896108666667,2,0,0,1,0,0
2024-09-14T16:20:00.000000,35.9441315,14.896216833333,2,0,0,1,0,0
2024-09-14T16:21:00.000000,35.944046333333,14.896380666667,2,0,0,1,0,0
2024-09-14T16:22:00.000000,35.943981166667,14.8965065,2,0,0,1,0,0
2024-09-14T16:23:00.000000,35.943916,14.896571,2,0,0,1,0,0
2024-09-14T16:24:00.000000,35.943851833333,14.896574833333,2,0,0,1,0,0
2024-09-14T16:25:00.000000,35.943783333333,14.896543,2,0,0,1,0,0
2024-09-14T16:26:00.000000,35.9437435,14.8965015,2,0,0,1,0,0
2024-09-14T16:27:00.000000,35.9437705,14.896461833333,2,0,0,1,0,0
2024-09-14T16:28:00.000000,35.9438485,14.896457166667,2,0,0,1,0,0
2024-09-14T16:29:00.000000,35.943966166667,14.896438333333,2,0,0,1,0,0
2024-09-14T16:30:00.000000,35.944082833333,14.896411166667,2,0,0,1,0,0
2024-09-14T16:31:00.000000,35.944165833333,14.896369666667,2,0,0,1,0,0
2024-09-14T16:32:00.000000,35.944223833333,14.896308666667,2,0,0,1,0,0
2024-09-14T16:33:00.000000,35.94427,14.8962145,2,0,0,1,0,0
2024-09-14T16:34:00.000000,35.944289,14.896115833333,2,0,0,1,0,0
2024-09-14T16:35:00.000000,35.944312333333,14.896052166667,2,0,0,1,0,0
2024-09-14T16:36:00.000000,35.944349,14.896041833333,2,0,0,1,0,0
2024-09-14T16:37:00.000000,35.944356666667,14.896096666667,2,0,0,1,0,0
2024-09-14T16:38:00.000000,35.944319666667,14.896183666667,2,0,0,1,0,0
2024-09-14T16:39:00.000000,35.944234166667,14.8962725,2,0,0,1,0,0
2024-09-14T16:40:00.000000,35.944113166667,14.896368,2,0,0,1,0,0
2024-09-14T16:41:00.000000,35.943990166667,14.8964525,2,0,0,1,0,0
2024-09-14T16:42:00.000000,35.943873833333,14.896520166667,2,0,0,1,0,0
2024-09-14T16:43:00.000000,35.943778666667,14.896567666667,2,0,0,1,0,0
2024-09-14T16:44:00.000000,35.943722166667,14.896595666667,2,0,0,1,0,0
2024-09-14T16:45:00.000000,35.943702333333,14.896599166667,2,0,0,1,0,0
2024-09-14T16:46:00.000000,35.943734,14.8965795,2,0,0,1,0,0
2024-09-14T16:47:00.000000,35.943802333333,14.896547,2,0,0,1,0,0
2024-09-14T16:48:00.000000,35.9439125,14.896490333333,2,0,0,1,0,0
2024-09-14T16:49:00.000000,35.944053666667,14.896428333333,2,0,0,1,0,0
2024-09-14T16:50:00.000000,35.944185333333,14.896373333333,2,0,0,1,0,0
2024-09-14T16:51:00.000000,35.944303166667,14.896312166667,2,0,0,1,0,0
2024-09-14T16:52:00.000000,35.944406833333,14.8962355,2,0,0,1,0,0
2024-09-14T16:53:00.000000,35.944464333333,14.896160833333,2,0,0,1,0,0
2024-09-14T16:54:00.000000,35.9444745,14.8961045,2,0,0,1,0,0
2024-09-14T16:55:00.000000,35.944453,14.896057833333,2,0,0,1,0,0
2024-09-14T16:56:00.000000,35.9444185,14.8960285,2,0,0,1,0,0
2024-09-14T16:57:00.000000,35.944361833333,14.896052666667,2,0,0,1,0,0
2024-09-14T16:58:00.000000,35.9442725,14.896164833333,2,0,0,1,0,0
2024-09-14T16:59:00.000000,35.944191666667,14.896304,2,0,0,1,0,0
2024-09-14T17:00:00.000000,35.944099833333,14.896433166667,2,0,0,1,0,0
2024-09-14T17:01:00.000000,35.944013166667,14.89653,2,0,0,1,0,0
2024-09-14T17:02:00.000000,35.943906333333,14.896608166667,2,0,0,1,0,0
2024-09-14T17:03:00.000000,35.943788833333,14.896679166667,2,0,0,1,0,0
2024-09-14T17:04:00.000000,35.9437085,14.896727166667,2,0,0,1,0,0
2024-09-14T17:05:00.000000,35.943651666667,14.896753333333,2,0,0,1,0,0
2024-09-14T17:06:00.000000,35.943638833333,14.896736333333,2,0,0,1,0,0
2024-09-14T17:07:00.000000,35.943690833333,14.896661166667,2,0,0,1,0,0
2024-09-14T17:08:00.000000,35.943809666667,14.8965615,2,0,0,1,0,0
2024-09-14T17:09:00.000000,35.943943833333,14.896472833333,2,0,0,1,0,0
2024-09-14T17:10:00.000000,35.944059,14.896401666667,2,0,0,1,0,0
2024-09-14T17:11:00.000000,35.944144833333,14.896351333333,2,0,0,1,0,0
2024-09-14T17:12:00.000000,35.944206,14.8963135,2,0,0,1,0,0
2024-09-14T17:13:00.000000,35.944245666667,14.896275,2,0,0,1,0,0
2024-09-14T17:14:00.000000,35.944248833333,14.896245,2,0,0,1,0,0
2024-09-14T17:15:00.000000,35.944251166667,14.8962245,2,0,0,1,0,0
2024-09-14T17:16:00.000000,35.944247,14.896220333333,2,0,0,1,0,0
2024-09-14T17:17:00.000000,35.9442405,14.896223166667,2,0,0,1,0,0
2024-09-14T17:18:00.000000,35.944224,14.896232333333,2,0,0,1,0,0
2024-09-14T17:19:00.000000,35.944151,14.896275,2,0,0,1,0,0
2024-09-14T17:20:00.000000,35.944064833333,14.896357666667,2,0,0,1,0,0
2024-09-14T17:21:00.000000,35.943970833333,14.896462166667,2,0,0,1,0,0
2024-09-14T17:22:00.000000,35.943886833333,14.8965465,2,0,0,1,0,0
2024-09-14T17:23:00.000000,35.943825666667,14.896591833333,2,0,0,1,0,0
2024-09-14T17:24:00.000000,35.943786666667,14.896601,2,0,0,1,0,0
2024-09-14T17:25:00.000000,35.943732666667,14.896619666667,2,0,0,1,0,0
2024-09-14T17:26:00.000000,35.943722833333,14.8966235,2,0,0,1,0,0
2024-09-14T17:27:00.000000,35.943764,14.8966035,2,0,0,1,0,0
2024-09-14T17:28:00.000000,35.9438435,14.896562333333,2,0,0,1,0,0
2024-09-14T17:29:00.000000,35.943944333333,14.896500833333,2,0,0,1,0,0
2024-09-14T17:30:00.000000,35.944043333333,14.896447833333,2,0,0,1,0,0
2024-09-14T17:31:00.000000,35.9441285,14.896402,2,0,0,1,0,0
2024-09-14T17:32:00.000000,35.944201666667,14.8963455,2,0,0,1,0,0
2024-09-14T17:33:00.000000,35.9442605,14.896278166667,2,0,0,1,0,0
2024-09-14T17:34:00.000000,35.9442865,14.896204833333,2,0,0,1,0,0
2024-09-14T17:35:00.000000,35.944287833333,14.896140833333,2,0,0,1,0,0
2024-09-14T17:36:00.000000,35.944279166667,14.896126166667,2,0,0,1,0,0
2024-09-14T17:37:00.000000,35.944244833333,14.896164666667,2,0,0,1,0,0
2024-09-14T17:38:00.000000,35.944209166667,14.8962215,2,0,0,1,0,0
2024-09-14T17:39:00.000000,35.944174666667,14.896303666667,2,0,0,1,0,0
2024-09-14T17:40:00.000000,35.9441345,14.896399166667,2,0,0,1,0,0
2024-09-14T17:41:00.000000,35.944106166667,14.896467,2,0,0,1,0,0
2024-09-14T17:42:00.000000,35.944044833333,14.896520666667,2,0,0,1,0,0
2024-09-14T17:43:00.000000,35.9439665,14.8965565,2,0,0,1,0,0
2024-09-14T17:44:00.000000,35.943892833333,14.896585333333,2,0,0,1,0,0
2024-09-14T17:45:00.000000,35.943851666667,14.896597666667,2,0,0,1,0,0
2024-09-14T17:46:00.000000,35.943813333333,14.896623,2,0,0,1,0,0
2024-09-14T17:47:00.000000,35.943777166667,14.8966555,2,0,0,1,0,0
2024-09-14T17:48:00.000000,35.943752833333,14.896682,2,0,0,1,0,0
2024-09-14T17:49:00.000000,35.943777,14.896669166667,2,0,0,1,0,0
2024-09-14T17:50:00.000000,35.943827666667,14.89664,2,0,0,1,0,0
2024-09-14T17:51:00.000000,35.943886666667,14.8965985,2,0,0,1,0,0
2024-09-14T17:52:00.000000,35.943930166667,14.896543333333,2,0,0,1,0,0
2024-09-14T17:53:00.000000,35.943976333333,14.8964845,2,0,0,1,0,0
2024-09-14T17:54:00.000000,35.944039333333,14.8964175,2,0,0,1,0,0
2024-09-14T17:55:00.000000,35.944107,14.896354833333,2,0,0,1,0,0
2024-09-14T17:56:00.000000,35.944170833333,14.896306166667,2,0,0,1,0,0
2024-09-14T17:57:00.000000,35.944228333333,14.896265166667,2,0,0,1,0,0
2024-09-14T17:58:00.000000,35.944241666667,14.896261333333,2,0,0,1,0,0
2024-09-14T17:59:00.000000,35.944208666667,14.896295833333,2,0,0,1,0,0
2024-09-14T18:00:00.000000,35.9441145,14.89639,2,0,0,1,0,0
2024-09-14T18:01:00.000000,35.943993166667,14.8965075,2,0,0,1,0,0
2024-09-14T18:02:00.000000,35.943865833333,14.8966405,2,0,0,1,0,0
2024-09-14T18:03:00.000000,35.9437485,14.896763666667,2,0,0,1,0,0
2024-09-14T18:04:00.000000,35.943626666667,14.896883333333,2,0,0,1,0,0
2024-09-14T18:05:00.000000,35.943524333333,14.896972666667,2,0,0,1,0,0
2024-09-14T18:06:00.000000,35.943483833333,14.896993833333,2,0,0,1,0,0
2024-09-14T18:07:00.000000,35.943481166667,14.896973666667,2,0,0,1,0,0
2024-09-14T18:08:00.000000,35.943534,14.896906833333,2,0,0,1,0,0
2024-09-14T18:09:00.000000,35.943639,14.896824,2,0,0,1,0,0
2024-09-14T18:10:00.000000,35.943768333333,14.896749,2,0,0,1,0,0
2024-09-14T18:11:00.000000,35.943886333333,14.896689833333,2,0,0,1,0,0
2024-09-14T18:12:00.000000,35.944,14.896616666667,2,0,0,1,0,0
2024-09-14T18:13:00.000000,35.944102833333,14.896517166667,2,0,0,1,0,0
2024-09-14T18:14:00.000000,35.944146833333,14.896434166667,2,0,0,1,0,0
2024-09-14T18:15:00.000000,35.9441355,14.896365,2,0,0,1,0,0
2024-09-14T18:16:00.000000,35.944112333333,14.896313,2,0,0,1,0,0
2024-09-14T18:17:00.000000,35.944080833333,14.896299833333,2,0,0,1,0,0
2024-09-14T18:18:00.000000,35.944029833333,14.896336666667,2,0,0,1,0,0
2024-09-14T18:19:00.000000,35.943986666667,14.896395833333,2,0,0,1,0,0
2024-09-14T18:20:00.000000,35.9439435,14.8964825,2,0,0,1,0,0
2024-09-14T18:21:00.000000,35.943899833333,14.8965755,2,0,0,1,0,0
2024-09-14T18:22:00.000000,35.943860833333,14.896664333333,2,0,0,1,0,0
2024-09-14T18:23:00.000000,35.943819833333,14.8967345,2,0,0,1,0,0
2024-09-14T18:24:00.000000,35.943783166667,14.896753833333,2,0,0,1,0,0
2024-09-14T18:25:00.000000,35.9437245,14.896759166667,2,0,0,1,0,0
2024-09-14T18:26:00.000000,35.9436855,14.896752166667,2,0,0,1,0,0
2024-09-14T18:27:00.000000,35.943660333333,14.896740833333,2,0,0,1,0,0
2024-09-14T18:28:00.000000,35.943676333333,14.8967155,2,0,0,1,0,0
2024-09-14T18:29:00.000000,35.943726,14.896694333333,2,0,0,1,0,0
2024-09-14T18:30:00.000000,35.943781,14.896685833333,2,0,0,1,0,0
2024-09-14T18:31:00.000000,35.9438155,14.8967015,2,0,0,1,0,0
2024-09-14T18:32:00.000000,35.943842,14.896711,2,0,0,1,0,0
2024-09-14T18:33:00.000000,35.943869166667,14.896698,2,0,0,1,0,0
2024-09-14T18:34:00.000000,35.943885,14.896686666667,2,0,0,1,0,0
2024-09-14T18:35:00.000000,35.9438985,14.896656,2,0,0,1,0,0
2024-09-14T18:36:00.000000,35.943915833333,14.8965995,2,0,0,1,0,0
2024-09-14T18:37:00.000000,35.943965666667,14.896504333333,2,0,0,1,0,0
2024-09-14T18:38:00.000000,35.944027166667,14.896428833333,2,0,0,1,0,0
2024-09-14T18:39:00.000000,35.944088,14.896378,2,0,0,1,0,0
2024-09-14T18:40:00.000000,35.944132,14.8963615,2,0,0,1,0,0
2024-09-14T18:41:00.000000,35.944165666667,14.896363666667,2,0,0,1,0,0
2024-09-14T18:42:00.000000,35.944156666667,14.896392833333,2,0,0,1,0,0
2024-09-14T18:43:00.000000,35.944126666667,14.896433833333,2,0,0,1,0,0
2024-09-14T18:44:00.000000,35.944062,14.896472666667,2,0,0,1,0,0
2024-09-14T18:45:00.000000,35.943996,14.896506333333,2,0,0,1,0,0
2024-09-14T18:46:00.000000,35.943913166667,14.896537833333,2,0,0,1,0,0
2024-09-14T18:47:00.000000,35.9438445,14.896560333333,2,0,0,1,0,0
2024-09-14T18:48:00.000000,35.943777666667,14.8966045,2,0,0,1,0,0
2024-09-14T18:49:00.000000,35.943751833333,14.896641666667,2,0,0,1,0,0
2024-09-14T18:50:00.000000,35.943766166667,14.896678166667,2,0,0,1,0,0
2024-09-14T18:51:00.000000,35.943795,14.896714333333,2,0,0,1,0,0
2024-09-14T18:52:00.000000,35.9438395,14.8967435,2,0,0,1,0,0
2024-09-14T18:53:00.000000,35.943902,14.896745166667,2,0,0,1,0,0
2024-09-14T18:54:00.000000,35.943950166667,14.8967495,2,0,0,1,0,0
2024-09-14T18:55:00.000000,35.943970166667,14.896748833333,2,0,0,1,0,0
2024-09-14T18:56:00.000000,35.94397,14.896731666667,2,0,0,1,0,0
2024-09-14T18:57:00.000000,35.943936166667,14.8966975,2,0,0,1,0,0
2024-09-14T18:58:00.000000,35.943872833333,14.8966655,2,0,0,1,0,0
2024-09-14T18:59:00.000000,35.943815,14.896627,2,0,0,1,0,0
2024-09-14T19:00:00.000000,35.943772,14.896599333333,2,0,0,1,0,0
2024-09-14T19:01:00.000000,35.9437745,14.8965985,2,0,0,1,0,0
2024-09-14T19:02:00.000000,35.943788,14.896618166667,2,0,0,1,0,0
2024-09-14T19:03:00.000000,35.943816333333,14.896646666667,2,0,0,1,0,0
2024-09-14T19:04:00.000000,35.943862833333,14.896668666667,2,0,0,1,0,0
2024-09-14T19:05:00.000000,35.9438965,14.896694666667,2,0,0,1,0,0
2024-09-14T19:06:00.000000,35.943928,14.896719833333,2,0,0,1,0,0
2024-09-14T19:07:00.000000,35.9439445,14.896722166667,2,0,0,1,0,0
2024-09-14T19:08:00.000000,35.943960666667,14.896698,2,0,0,1,0,0
2024-09-14T19:09:00.000000,35.9439455,14.896668333333,2,0,0,1,0,0
2024-09-14T19:10:00.000000,35.943909166667,14.896635666667,2,0,0,1,0,0
2024-09-14T19:11:00.000000,35.943862333333,14.8965985,2,0,0,1,0,0
2024-09-14T19:12:00.000000,35.943815666667,14.896565666667,2,0,0,1,0,0
2024-09-14T19:13:00.000000,35.943804166667,14.896554666667,2,0,0,1,0,0
2024-09-14T19:14:00.000000,35.943837333333,14.896575,2,0,0,1,0,0
2024-09-14T19:15:00.000000,35.9438675,14.896624333333,2,0,0,1,0,0
2024-09-14T19:16:00.000000,35.943892333333,14.896704333333,2,0,0,1,0,0
2024-09-14T19:17:00.000000,35.9439025,14.896745166667,2,0,0,1,0,0
2024-09-14T19:18:00.000000,35.9439065,14.896752,2,0,0,1,0,0
2024-09-14T19:19:00.000000,35.9439105,14.896746166667,2,0,0,1,0,0
2024-09-14T19:20:00.000000,35.943883833333,14.8967255,2,0,0,1,0,0
2024-09-14T19:21:00.000000,35.943837,14.896691,2,0,0,1,0,0
2024-09-14T19:22:00.000000,35.943823666667,14.896647166667,2,0,0,1,0,0
2024-09-14T19:23:00.000000,35.9438485,14.896575833333,2,0,0,1,0,0
2024-09-14T19:24:00.000000,35.943922166667,14.896521,2,0,0,1,0,0
2024-09-14T19:25:00.000000,35.943981666667,14.8965185,2,0,0,1,0,0
2024-09-14T19:26:00.000000,35.944028833333,14.8965445,2,0,0,1,0,0
2024-09-14T19:27:00.000000,35.944032833333,14.896589,2,0,0,1,0,0
2024-09-14T19:28:00.000000,35.944032833333,14.896602833333,2,0,0,1,0,0
2024-09-14T19:29:00.000000,35.943981,14.896622166667,2,0,0,1,0,0
2024-09-14T19:30:00.000000,35.943926333333,14.896616666667,2,0,0,1,0,0
2024-09-14T19:31:00.000000,35.94385,14.896612833333,2,0,0,1,0,0
2024-09-14T19:32:00.000000,35.943722333333,14.896638,2,0,0,1,0,0
2024-09-14T19:33:00.000000,35.943640666667,14.8966835,2,0,0,1,0,0
2024-09-14T19:34:00.000000,35.943587,14.896754333333,2,0,0,1,0,0
2024-09-14T19:35:00.000000,35.9435905,14.896807166667,2,0,0,1,0,0
2024-09-14T19:36:00.000000,35.943631166667,14.8968455,2,0,0,1,0,0
2024-09-14T19:37:00.000000,35.9436515,14.896879666667,2,0,0,1,0,0
2024-09-14T19:38:00.000000,35.943667666667,14.896900833333,2,0,0,1,0,0
2024-09-14T19:39:00.000000,35.943672333333,14.896924166667,2,0,0,1,0,0
2024-09-14T19:40:00.000000,35.943665333333,14.896932333333,2,0,0,1,0,0
2024-09-14T19:41:00.000000,35.943646,14.89693,2,0,0,1,0,0
2024-09-14T19:42:00.000000,35.943623,14.896921,2,0,0,1,0,0
2024-09-14T19:43:00.000000,35.943604833333,14.896903833333,2,0,0,1,0,0
2024-09-14T19:44:00.000000,35.943608166667,14.896865666667,2,0,0,1,0,0
2024-09-14T19:45:00.000000,35.943629833333,14.896822,2,0,0,1,0,0
2024-09-14T19:46:00.000000,35.943664833333,14.896796333333,2,0,0,1,0,0
2024-09-14T19:47:00.000000,35.943691666667,14.896782833333,2,0,0,1,0,0
2024-09-14T19:48:00.000000,35.943710166667,14.8967705,2,0,0,1,0,0
2024-09-14T19:49:00.000000,35.9437145,14.8967755,2,0,0,1,0,0
2024-09-14T19:50:00.000000,35.943711666667,14.896780333333,2,0,0,1,0,0
2024-09-14T19:51:00.000000,35.9437145,14.896767,2,0,0,1,0,0
2024-09-14T19:52:00.000000,35.943728166667,14.896740666667,2,0,0,1,0,0
2024-09-14T19:53:00.000000,35.943750166667,14.8967125,2,0,0,1,0,0
2024-09-14T19:54:00.000000,35.943788666667,14.896689833333,2,0,0,1,0,0
2024-09-14T19:55:00.000000,35.943813666667,14.896685666667,2,0,0,1,0,0
2024-09-14T19:56:00.000000,35.943832,14.896684333333,2,0,0,1,0,0
2024-09-14T19:57:00.000000,35.943845833333,14.896678666667,2,0,0,1,0,0
2024-09-14T19:58:00.000000,35.943848333333,14.896676,2,0,0,1,0,0
2024-09-14T19:59:00.000000,35.9438385,14.896673833333,2,0,0,1,0,0
2024-09-14T20:00:00.000000,35.943814166667,14.896669666667,2,0,0,1,0,0
2024-09-14T20:01:00.000000,35.943782666667,14.896661333333,2,0,0,1,0,0
2024-09-14T20:02:00.000000,35.943744166667,14.8966455,2,0,0,1,0,0
2024-09-14T20:03:00.000000,35.943723666667,14.896628,2,0,0,1,0,0
2024-09-14T20:04:00.000000,35.9437235,14.896623833333,2,0,0,1,0,0
2024-09-14T20:05:00.000000,35.943723166667,14.896654833333,2,0,0,1,0,0
2024-09-14T20:06:00.000000,35.9437055,14.896710833333,2,0,0,1,0,0
2024-09-14T20:07:00.000000,35.9436835,14.8967825,2,0,0,1,0,0
2024-09-14T20:08:00.000000,35.943662333333,14.896841,2,0,0,1,0,0
2024-09-14T20:09:00.000000,35.943660833333,14.896869666667,2,0,0,1,0,0
2024-09-14T20:10:00.000000,35.943684333333,14.896870833333,2,0,0,1,0,0
2024-09-14T20:11:00.000000,35.943708833333,14.896860166667,2,0,0,1,0,0
2024-09-14T20:12:00.000000,35.943737666667,14.896829,2,0,0,1,0,0
2024-09-14T20:13:00.000000,35.943760166667,14.896781166667,2,0,0,1,0,0
2024-09-14T20:14:00.000000,35.943751833333,14.896748666667,2,0,0,1,0,0
2024-09-14T20:15:00.000000,35.943704666667,14.896738,2,0,0,1,0,0
2024-09-14T20:16:00.000000,35.9436395,14.89674,2,0,0,1,0,0
2024-09-14T20:17:00.000000,35.943588,14.896758333333,2,0,0,1,0,0
2024-09-14T20:18:00.000000,35.943573,14.896791833333,2,0,0,1,0,0
2024-09-14T20:19:00.000000,35.943578166667,14.896823666667,2,0,0,1,0,0
2024-09-14T20:20:00.000000,35.943604666667,14.896858666667,2,0,0,1,0,0
2024-09-14T20:21:00.000000,35.943627166667,14.896888333333,2,0,0,1,0,0
2024-09-14T20:22:00.000000,35.943636833333,14.896908166667,2,0,0,1,0,0
2024-09-14T20:23:00.000000,35.943632,14.896914166667,2,0,0,1,0,0
2024-09-14T20:24:00.000000,35.943624333333,14.896886166667,2,0,0,1,0,0
2024-09-14T20:25:00.000000,35.9436035,14.896849166667,2,0,0,1,0,0
2024-09-14T20:26:00.000000,35.943582833333,14.896820333333,2,0,0,1,0,0
2024-09-14T20:27:00.000000,35.943553833333,14.896822833333,2,0,0,1,0,0
2024-09-14T20:28:00.000000,35.943529,14.89684,2,0,0,1,0,0
2024-09-14T20:29:00.000000,35.9435305,14.896876666667,2,0,0,1,0,0
2024-09-14T20:30:00.000000,35.943540166667,14.896910333333,2,0,0,1,0,0
2024-09-14T20:31:00.000000,35.943571833333,14.896934,2,0,0,1,0,0
2024-09-14T20:32:00.000000,35.943599666667,14.896941666667,2,0,0,1,0,0
2024-09-14T20:33:00.000000,35.943621666667,14.896931833333,2,0,0,1,0,0
2024-09-14T20:34:00.000000,35.943647833333,14.896902833333,2,0,0,1,0,0
2024-09-14T20:35:00.000000,35.943674833333,14.896844166667,2,0,0,1,0,0
2024-09-14T20:36:00.000000,35.943693666667,14.8967825,2,0,0,1,0,0
2024-09-14T20:37:00.000000,35.943714166667,14.896718,2,0,0,1,0,0
2024-09-14T20:38:00.000000,35.943706166667,14.896678666667,2,0,0,1,0,0
2024-09-14T20:39:00.000000,35.943680666667,14.896669,2,0,0,1,0,0
2024-09-14T20:40:00.000000,35.9436685,14.896683833333,2,0,0,1,0,0
2024-09-14T20:41:00.000000,35.9436645,14.896722,2,0,0,1,0,0
2024-09-14T20:42:00.000000,35.943642,14.8967875,2,0,0,1,0,0
2024-09-14T20:43:00.000000,35.9436195,14.896850833333,2,0,0,1,0,0
2024-09-14T20:44:00.000000,35.943572333333,14.896919,2,0,0,1,0,0
2024-09-14T20:45:00.000000,35.943510333333,14.896986333333,2,0,0,1,0,0
2024-09-14T20:46:00.000000,35.943443333333,14.897039333333,2,0,0,1,0,0
2024-09-14T20:47:00.000000,35.943377166667,14.8970975,2,0,0,1,0,0
2024-09-14T20:48:00.000000,35.943336166667,14.897171166667,2,0,0,1,0,0
2024-09-14T20:49:00.000000,35.943319,14.8972385,2,0,0,1,0,0
2024-09-14T20:50:00.000000,35.9433225,14.897282,2,0,0,1,0,0
2024-09-14T20:51:00.000000,35.943343,14.897291333333,2,0,0,1,0,0
2024-09-14T20:52:00.000000,35.943388166667,14.897234,2,0,0,1,0,0
2024-09-14T20:53:00.000000,35.943437666667,14.8971395,2,0,0,1,0,0
2024-09-14T20:54:00.000000,35.943503666667,14.897013666667,2,0,0,1,0,0
2024-09-14T20:55:00.000000,35.943574666667,14.8969045,2,0,0,1,0,0
2024-09-14T20:56:00.000000,35.943627,14.896854833333,2,0,0,1,0,0
2024-09-14T20:57:00.000000,35.943677833333,14.896823833333,2,0,0,1,0,0
2024-09-14T20:58:00.000000,35.943698833333,14.896812166667,2,0,0,1,0,0
2024-09-14T20:59:00.000000,35.943682833333,14.896806833333,2,0,0,1,0,0
2024-09-14T21:00:00.000000,35.943633833333,14.896811333333,2,0,0,1,0,0
2024-09-14T21:01:00.000000,35.943563666667,14.896826333333,2,0,0,1,0,0
2024-09-14T21:02:00.000000,35.943497833333,14.896852166667,2,0,0,1,0,0
2024-09-14T21:03:00.000000,35.943451666667,14.896895333333,2,0,0,1,0,0
2024-09-14T21:04:00.000000,35.9434165,14.896969166667,2,0,0,1,0,0
2024-09-14T21:05:00.000000,35.943407333333,14.897041666667,2,0,0,1,0,0
2024-09-14T21:06:00.000000,35.9434125,14.897112333333,2,0,0,1,0,0
2024-09-14T21:07:00.000000,35.943427166667,14.897129333333,2,0,0,1,0,0
2024-09-14T21:08:00.000000,35.943426333333,14.897113833333,2,0,0,1,0,0
2024-09-14T21:09:00.000000,35.9434045,14.8970985,2,0,0,1,0,0
2024-09-14T21:10:00.000000,35.943393166667,14.897062833333,2,0,0,1,0,0
2024-09-14T21:11:00.000000,35.943406666667,14.897020166667,2,0,0,1,0,0
2024-09-14T21:12:00.000000,35.943433833333,14.896988333333,2,0,0,1,0,0
2024-09-14T21:13:00.000000,35.9434655,14.896974,2,0,0,1,0,0
2024-09-14T21:14:00.000000,35.943503666667,14.896964166667,2,0,0,1,0,0
2024-09-14T21:15:00.000000,35.943510333333,14.896975333333,2,0,0,1,0,0
2024-09-14T21:16:00.000000,35.943484,14.897014666667,2,0,0,1,0,0
2024-09-14T21:17:00.000000,35.943429833333,14.897084666667,2,0,0,1,0,0
2024-09-14T21:18:00.000000,35.9433775,14.897171666667,2,0,0,1,0,0
2024-09-14T21:19:00.000000,35.943331333333,14.897254666667,2,0,0,1,0,0
2024-09-14T21:20:00.000000,35.943321166667,14.897281833333,2,0,0,1,0,0
2024-09-14T21:21:00.000000,35.9433305,14.8972665,2,0,0,1,0,0
2024-09-14T21:22:00.000000,35.943367666667,14.897195166667,2,0,0,1,0,0
2024-09-14T21:23:00.000000,35.943398666667,14.897127,2,0,0,1,0,0
2024-09-14T21:24:00.000000,35.9434525,14.897058,2,0,0,1,0,0
2024-09-14T21:25:00.000000,35.943512,14.8969895,2,0,0,1,0,0
2024-09-14T21:26:00.000000,35.943549833333,14.896952,2,0,0,1,0,0
2024-09-14T21:27:00.000000,35.943588333333,14.896919833333,2,0,0,1,0,0
2024-09-14T21:28:00.000000,35.943606333333,14.896903,2,0,0,1,0,0
2024-09-14T21:29:00.000000,35.943622666667,14.896884,2,0,0,1,0,0
2024-09-14T21:30:00.000000,35.943622666667,14.896855833333,2,0,0,1,0,0
2024-09-14T21:31:00.000000,35.943596,14.896844666667,2,0,0,1,0,0
2024-09-14T21:32:00.000000,35.943561,14.896850833333,2,0,0,1,0,0
2024-09-14T21:33:00.000000,35.943521666667,14.896881333333,2,0,0,1,0,0
2024-09-14T21:34:00.000000,35.943484666667,14.896956666667,2,0,0,1,0,0
2024-09-14T21:35:00.000000,35.943450333333,14.897044833333,2,0,0,1,0,0
2024-09-14T21:36:00.000000,35.943426833333,14.897135166667,2,0,0,1,0,0
2024-09-14T21:37:00.000000,35.943419666667,14.897218666667,2,0,0,1,0,0
2024-09-14T21:38:00.000000,35.943410333333,14.897281166667,2,0,0,1,0,0
2024-09-14T21:39:00.000000,35.943415833333,14.897277666667,2,0,0,1,0,0
2024-09-14T21:40:00.000000,35.943412666667,14.897246333333,2,0,0,1,0,0
2024-09-14T21:41:00.000000,35.943375166667,14.8972125,2,0,0,1,0,0
2024-09-14T21:42:00.000000,35.9433385,14.897166333333,2,0,0,1,0,0
2024-09-14T21:43:00.000000,35.943340166667,14.897113666667,2,0,0,1,0,0
2024-09-14T21:44:00.000000,35.943380833333,14.897075333333,2,0,0,1,0,0
2024-09-14T21:45:00.000000,35.943431333333,14.897075166667,2,0,0,1,0,0
2024-09-14T21:46:00.000000,35.943464666667,14.8970985,2,0,0,1,0,0
2024-09-14T21:47:00.000000,35.943456,14.897131333333,2,0,0,1,0,0
2024-09-14T21:48:00.000000,35.943422833333,14.897168666667,2,0,0,1,0,0
2024-09-14T21:49:00.000000,35.943385166667,14.897191166667,2,0,0,1,0,0
2024-09-14T21:50:00.000000,35.943336833333,14.897218,2,0,0,1,0,0
2024-09-14T21:51:00.000000,35.943289666667,14.8972405,2,0,0,1,0,0
2024-09-14T21:52:00.000000,35.943250333333,14.897271166667,2,0,0,1,0,0
2024-09-14T21:53:00.000000,35.943243,14.897301166667,2,0,0,1,0,0
2024-09-14T21:54:00.000000,35.943266333333,14.897317333333,2,0,0,1,0,0
2024-09-14T21:55:00.000000,35.943302833333,14.8973145,2,0,0,1,0,0
2024-09-14T21:56:00.000000,35.943336833333,14.897286,2,0,0,1,0,0
2024-09-14T21:57:00.000000,35.943372833333,14.897245333333,2,0,0,1,0,0
2024-09-14T21:58:00.000000,35.943417166667,14.89717,2,0,0,1,0,0
2024-09-14T21:59:00.000000,35.943447666667,14.897096833333,2,0,0,1,0,0
2024-09-14T22:00:00.000000,35.943477,14.8970285,2,0,0,1,0,0
2024-09-14T22:01:00.000000,35.943504166667,14.896958833333,2,0,0,1,0,0
2024-09-14T22:02:00.000000,35.9435435,14.896921166667,2,0,0,1,0,0
2024-09-14T22:03:00.000000,35.9435475,14.896932666667,2,0,0,1,0,0
2024-09-14T22:04:00.000000,35.943536666667,14.896960666667,2,0,0,1,0,0
2024-09-14T22:05:00.000000,35.943502166667,14.897003666667,2,0,0,1,0,0
2024-09-14T22:06:00.000000,35.943452,14.897058333333,2,0,0,1,0,0
2024-09-14T22:07:00.000000,35.943399333333,14.897114666667,2,0,0,1,0,0
2024-09-14T22:08:00.000000,35.943336,14.897196333333,2,0,0,1,0,0
2024-09-14T22:09:00.000000,35.943286833333,14.897292,2,0,0,1,0,0
2024-09-14T22:10:00.000000,35.943257166667,14.897356833333,2,0,0,1,0,0
2024-09-14T22:11:00.000000,35.943267333333,14.897381166667,2,0,0,1,0,0
2024-09-14T22:12:00.000000,35.943264666667,14.897405166667,2,0,0,1,0,0
2024-09-14T22:13:00.000000,35.943252166667,14.897382333333,2,0,0,1,0,0
2024-09-14T22:14:00.000000,35.943270666667,14.897294,2,0,0,1,0,0
2024-09-14T22:15:00.000000,35.943328166667,14.897186166667,2,0,0,1,0,0
2024-09-14T22:16:00.000000,35.943407166667,14.8970885,2,0,0,1,0,0
2024-09-14T22:17:00.000000,35.943463666667,14.897044666667,2,0,0,1,0,0
2024-09-14T22:18:00.000000,35.943498166667,14.897019166667,2,0,0,1,0,0
2024-09-14T22:19:00.000000,35.943504833333,14.896994666667,2,0,0,1,0,0
2024-09-14T22:20:00.000000,35.943470166667,14.896977166667,2,0,0,1,0,0
2024-09-14T22:21:00.000000,35.943423,14.896986,2,0,0,1,0,0
2024-09-14T22:22:00.000000,35.943377,14.897014833333,2,0,0,1,0,0
2024-09-14T22:23:00.000000,35.943338666667,14.897082666667,2,0,0,1,0,0
2024-09-14T22:24:00.000000,35.943325,14.897181166667,2,0,0,1,0,0
2024-09-14T22:25:00.000000,35.943332833333,14.897283166667,2,0,0,1,0,0
2024-09-14T22:26:00.000000,35.943353,14.897369666667,2,0,0,1,0,0
2024-09-14T22:27:00.000000,35.943372333333,14.897412,2,0,0,1,0,0
2024-09-14T22:28:00.000000,35.943379833333,14.897386833333,2,0,0,1,0,0
2024-09-14T22:29:00.000000,35.943361333333,14.897314333333,2,0,0,1,0,0
2024-09-14T22:30:00.000000,35.9433265,14.897236166667,2,0,0,1,0,0
2024-09-14T22:31:00.000000,35.943307833333,14.897166166667,2,0,0,1,0,0
2024-09-14T22:32:00.000000,35.943338833333,14.897094833333,2,0,0,1,0,0
2024-09-14T22:33:00.000000,35.943403,14.897042833333,2,0,0,1,0,0
2024-09-14T22:34:00.000000,35.9434635,14.897029666667,2,0,0,1,0,0
2024-09-14T22:35:00.000000,35.9435,14.8970355,2,0,0,1,0,0
2024-09-14T22:36:00.000000,35.943503,14.897053833333,2,0,0,1,0,0
2024-09-14T22:37:00.000000,35.9434655,14.897087166667,2,0,0,1,0,0
2024-09-14T22:38:00.000000,35.943393666667,14.897144833333,2,0,0,1,0,0
2024-09-14T22:39:00.000000,35.943303833333,14.897221833333,2,0,0,1,0,0
2024-09-14T22:40:00.000000,35.943231833333,14.897304333333,2,0,0,1,0,0
2024-09-14T22:41:00.000000,35.943192666667,14.8973925,2,0,0,1,0,0
2024-09-14T22:42:00.000000,35.943191833333,14.8974655,2,0,0,1,0,0
2024-09-14T22:43:00.000000,35.943221166667,14.897509166667,2,0,0,1,0,0
2024-09-14T22:44:00.000000,35.943271333333,14.8974925,2,0,0,1,0,0
2024-09-14T22:45:00.000000,35.943317333333,14.897431666667,2,0,0,1,0,0
2024-09-14T22:46:00.000000,35.943337333333,14.897377166667,2,0,0,1,0,0
2024-09-14T22:47:00.000000,35.943339333333,14.897323833333,2,0,0,1,0,0
2024-09-14T22:48:00.000000,35.943325,14.897275166667,2,0,0,1,0,0
2024-09-14T22:49:00.000000,35.9433135,14.897217166667,2,0,0,1,0,0
2024-09-14T22:50:00.000000,35.9433745,14.897082666667,2,0,0,1,0,0
2024-09-14T22:51:00.000000,35.943448,14.897000666667,2,0,0,1,0,0
2024-09-14T22:52:00.000000,35.943523,14.896966333333,2,0,0,1,0,0
2024-09-14T22:53:00.000000,35.943577,14.896966833333,2,0,0,1,0,0
2024-09-14T22:54:00.000000,35.943609166667,14.896970666667,2,0,0,1,0,0
2024-09-14T22:55:00.000000,35.943618333333,14.896967,2,0,0,1,0,0
2024-09-14T22:56:00.000000,35.943589,14.896972166667,2,0,0,1,0,0
2024-09-14T22:57:00.000000,35.943544,14.896965333333,2,0,0,1,0,0
2024-09-14T22:58:00.000000,35.943517333333,14.896953166667,2,0,0,1,0,0
2024-09-14T22:59:00.000000,35.943493166667,14.8969415,2,0,0,1,0,0
2024-09-14T23:00:00.000000,35.9434665,14.896923833333,2,0,0,1,0,0
2024-09-14T23:01:00.000000,35.9434935,14.896905666667,2,0,0,1,0,0
2024-09-14T23:02:00.000000,35.943511666667,14.8969225,2,0,0,1,0,0
2024-09-14T23:03:00.000000,35.9435435,14.896952833333,2,0,0,1,0,0
2024-09-14T23:04:00.000000,35.943564333333,14.896987,2,0,0,1,0,0
2024-09-14T23:05:00.000000,35.9435555,14.8970305,2,0,0,1,0,0
2024-09-14T23:06:00.000000,35.943521166667,14.897064666667,2,0,0,1,0,0
2024-09-14T23:07:00.000000,35.9434805,14.897089,2,0,0,1,0,0
2024-09-14T23:08:00.000000,35.943442833333,14.897090666667,2,0,0,1,0,0
2024-09-14T23:09:00.000000,35.943403,14.8970905,2,0,0,1,0,0
2024-09-14T23:10:00.000000,35.943387,14.897082166667,2,0,0,1,0,0
2024-09-14T23:11:00.000000,35.943399666667,14.897065333333,2,0,0,1,0,0
2024-09-14T23:12:00.000000,35.943428,14.897071166667,2,0,0,1,0,0
2024-09-14T23:13:00.000000,35.9434635,14.897080333333,2,0,0,1,0,0
2024-09-14T23:14:00.000000,35.943482166667,14.897088166667,2,0,0,1,0,0
2024-09-14T23:15:00.000000,35.943493166667,14.897092333333,2,0,0,1,0,0
2024-09-14T23:16:00.000000,35.943501333333,14.897077166667,2,0,0,1,0,0
2024-09-14T23:17:00.000000,35.943505833333,14.8970475,2,0,0,1,0,0
2024-09-14T23:18:00.000000,35.943492833333,14.897032833333,2,0,0,1,0,0
2024-09-14T23:19:00.000000,35.943471666667,14.897030666667,2,0,0,1,0,0
2024-09-14T23:20:00.000000,35.943435333333,14.897059,2,0,0,1,0,0
2024-09-14T23:21:00.000000,35.943384333333,14.897114333333,2,0,0,1,0,0
2024-09-14T23:22:00.000000,35.943338333333,14.897198,2,0,0,1,0,0
2024-09-14T23:23:00.000000,35.943317666667,14.897291166667,2,0,0,1,0,0
2024-09-14T23:24:00.000000,35.943332333333,14.897350166667,2,0,0,1,0,0
2024-09-14T23:25:00.000000,35.943347,14.897397,2,0,0,1,0,0
2024-09-14T23:26:00.000000,35.943339166667,14.897430166667,2,0,0,1,0,0
2024-09-14T23:27:00.000000,35.943318833333,14.897441833333,2,0,0,1,0,0
2024-09-14T23:28:00.000000,35.9433035,14.897404166667,2,0,0,1,0,0
2024-09-14T23:29:00.000000,35.943318666667,14.897315166667,2,0,0,1,0,0
2024-09-14T23:30:00.000000,35.943360666667,14.897214666667,2,0,0,1,0,0
2024-09-14T23:31:00.000000,35.943415,14.897117833333,2,0,0,1,0,0
2024-09-14T23:32:00.000000,35.943463666667,14.89705,2,0,0,1,0,0
2024-09-14T23:33:00.000000,35.943502833333,14.8970125,2,0,0,1,0,0
2024-09-14T23:34:00.000000,35.943535333333,14.896985833333,2,0,0,1,0,0
2024-09-14T23:35:00.000000,35.943564666667,14.896955166667,2,0,0,1,0,0
2024-09-14T23:36:00.000000,35.943591,14.896918666667,2,0,0,1,0,0
2024-09-14T23:37:00.000000,35.943609833333,14.896896833333,2,0,0,1,0,0
2024-09-14T23:38:00.000000,35.943618333333,14.896903166667,2,0,0,1,0,0
2024-09-14T23:39:00.000000,35.9436125,14.8969205,2,0,0,1,0,0
2024-09-14T23:40:00.000000,35.9435855,14.896952666667,2,0,0,1,0,0
2024-09-14T23:41:00.000000,35.9435395,14.897005333333,2,0,0,1,0,0
2024-09-14T23:42:00.000000,35.943486,14.897070666667,2,0,0,1,0,0
2024-09-14T23:43:00.000000,35.9434355,14.8971355,2,0,0,1,0,0
2024-09-14T23:44:00.000000,35.943395666667,14.8971975,2,0,0,1,0,0
2024-09-14T23:45:00.000000,35.943375333333,14.897236833333,2,0,0,1,0,0
2024-09-14T23:46:00.000000,35.943355666667,14.897268833333,2,0,0,1,0,0
2024-09-14T23:47:00.000000,35.943342,14.897296666667,2,0,0,1,0,0
2024-09-14T23:48:00.000000,35.943343,14.897287166667,2,0,0,1,0,0
2024-09-14T23:49:00.000000,35.943351333333,14.8972535,2,0,0,1,0,0
2024-09-14T23:50:00.000000,35.943374666667,14.897192333333,2,0,0,1,0,0
2024-09-14T23:51:00.000000,35.943389833333,14.897144166667,2,0,0,1,0,0
2024-09-14T23:52:00.000000,35.9434085,14.897107166667,2,0,0,1,0,0
2024-09-14T23:53:00.000000,35.9434235,14.897095833333,2,0,0,1,0,0
2024-09-14T23:54:00.000000,35.943441,14.897106,2,0,0,1,0,0
2024-09-14T23:55:00.000000,35.943451333333,14.897133333333,2,0,0,1,0,0
2024-09-14T23:56:00.000000,35.943458166667,14.897142166667,2,0,0,1,0,0
2024-09-14T23:57:00.000000,35.943452333333,14.897137333333,2,0,0,1,0,0
2024-09-14T23:58:00.000000,35.943446166667,14.897127833333,2,0,0,1,0,0
2024-09-14T23:59:00.000000,35.943440833333,14.897112333333,2,0,0,1,0,0
2024-09-15T00:00:00.000000,35.9434335,14.897110166667,2,0,0,1,0,0
2024-09-15T00:01:00.000000,35.943436833333,14.897104833333,2,0,0,1,0,0
2024-09-15T00:02:00.000000,35.943448666667,14.8970985,2,0,0,1,0,0
2024-09-15T00:03:00.000000,35.943449166667,14.8971045,2,0,0,1,0,0
2024-09-15T00:04:00.000000,35.943447166667,14.897124833333,2,0,0,1,0,0
2024-09-15T00:05:00.000000,35.943437666667,14.897145833333,2,0,0,1,0,0
2024-09-15T00:06:00.000000,35.943415833333,14.897186166667,2,0,0,1,0,0
2024-09-15T00:07:00.000000,35.943398833333,14.897210166667,2,0,0,1,0,0
2024-09-15T00:08:00.000000,35.943384,14.897197666667,2,0,0,1,0,0
2024-09-15T00:09:00.000000,35.943371666667,14.897165666667,2,0,0,1,0,0
2024-09-15T00:10:00.000000,35.943371,14.897129,2,0,0,1,0,0
2024-09-15T00:11:00.000000,35.9433855,14.897101333333,2,0,0,1,0,0
2024-09-15T00:12:00.000000,35.943402833333,14.897087333333,2,0,0,1,0,0
2024-09-15T00:13:00.000000,35.943434166667,14.897074,2,0,0,1,0,0
2024-09-15T00:14:00.000000,35.943463666667,14.8970745,2,0,0,1,0,0
2024-09-15T00:15:00.000000,35.943485333333,14.897098666667,2,0,0,1,0,0
2024-09-15T00:16:00.000000,35.943497833333,14.8971265,2,0,0,1,0,0
2024-09-15T00:17:00.000000,35.943497333333,14.897147666667,2,0,0,1,0,0
2024-09-15T00:18:00.000000,35.943468666667,14.897169666667,2,0,0,1,0,0
2024-09-15T00:19:00.000000,35.94343,14.8971815,2,0,0,1,0,0
2024-09-15T00:20:00.000000,35.943390166667,14.897186833333,2,0,0,1,0,0
2024-09-15T00:21:00.000000,35.9433595,14.897163333333,2,0,0,1,0,0
2024-09-15T00:22:00.000000,35.9433585,14.897116166667,2,0,0,1,0,0
2024-09-15T00:23:00.000000,35.943382166667,14.8970925,2,0,0,1,0,0
2024-09-15T00:24:00.000000,35.943411166667,14.897095666667,2,0,0,1,0,0
2024-09-15T00:25:00.000000,35.943423166667,14.8971115,2,0,0,1,0,0
2024-09-15T00:26:00.000000,35.943443833333,14.897113833333,2,0,0,1,0,0
2024-09-15T00:27:00.000000,35.943466166667,14.897115,2,0,0,1,0,0
2024-09-15T00:28:00.000000,35.94348,14.8971195,2,0,0,1,0,0
2024-09-15T00:29:00.000000,35.943477333333,14.897126166667,2,0,0,1,0,0
2024-09-15T00:30:00.000000,35.943474166667,14.897132,2,0,0,1,0,0
2024-09-15T00:31:00.000000,35.943470666667,14.897127333333,2,0,0,1,0,0
2024-09-15T00:32:00.000000,35.943473833333,14.897094833333,2,0,0,1,0,0
2024-09-15T00:33:00.000000,35.9434755,14.897067166667,2,0,0,1,0,0
2024-09-15T00:34:00.000000,35.94347,14.8970465,2,0,0,1,0,0
2024-09-15T00:35:00.000000,35.943453833333,14.897041166667,2,0,0,1,0,0
2024-09-15T00:36:00.000000,35.943452333333,14.897068333333,2,0,0,1,0,0
2024-09-15T00:37:00.000000,35.943449666667,14.897119,2,0,0,1,0,0
2024-09-15T00:38:00.000000,35.943430833333,14.897171166667,2,0,0,1,0,0
2024-09-15T00:39:00.000000,35.943436333333,14.897223166667,2,0,0,1,0,0
2024-09-15T00:40:00.000000,35.943425333333,14.8972545,2,0,0,1,0,0
2024-09-15T00:41:00.000000,35.9434035,14.897278333333,2,0,0,1,0,0
2024-09-15T00:42:00.000000,35.943389166667,14.897269333333,2,0,0,1,0,0
2024-09-15T00:43:00.000000,35.943354833333,14.897268666667,2,0,0,1,0,0
2024-09-15T00:44:00.000000,35.943317833333,14.897268166667,2,0,0,1,0,0
2024-09-15T00:45:00.000000,35.943303333333,14.897261833333,2,0,0,1,0,0
2024-09-15T00:46:00.000000,35.943298666667,14.897249166667,2,0,0,1,0,0
2024-09-15T00:47:00.000000,35.943306833333,14.897237666667,2,0,0,1,0,0
2024-09-15T00:48:00.000000,35.9433295,14.8972255,2,0,0,1,0,0
2024-09-15T00:49:00.000000,35.9433755,14.897197166667,2,0,0,1,0,0
2024-09-15T00:50:00.000000,35.943394666667,14.897179333333,2,0,0,1,0,0
2024-09-15T00:51:00.000000,35.943416833333,14.897144,2,0,0,1,0,0
2024-09-15T00:52:00.000000,35.943432833333,14.897114333333,2,0,0,1,0,0
2024-09-15T00:53:00.000000,35.943445333333,14.8970885,2,0,0,1,0,0
2024-09-15T00:54:00.000000,35.943456,14.8970755,2,0,0,1,0,0
2024-09-15T00:55:00.000000,35.943458166667,14.897079666667,2,0,0,1,0,0
2024-09-15T00:56:00.000000,35.9434525,14.897094,2,0,0,1,0,0
2024-09-15T00:57:00.000000,35.943432833333,14.897124,2,0,0,1,0,0
2024-09-15T00:58:00.000000,35.943402,14.897175333333,2,0,0,1,0,0
2024-09-15T00:59:00.000000,35.943381166667,14.897227,2,0,0,1,0,0
2024-09-15T01:00:00.000000,35.9433605,14.897256166667,2,0,0,1,0,0
2024-09-15T01:01:00.000000,35.9433445,14.897249166667,2,0,0,1,0,0
2024-09-15T01:02:00.000000,35.943345166667,14.8972245,2,0,0,1,0,0
2024-09-15T01:03:00.000000,35.943352,14.897207,2,0,0,1,0,0
2024-09-15T01:04:00.000000,35.94336,14.897205333333,2,0,0,1,0,0
2024-09-15T01:05:00.000000,35.943370833333,14.89721,2,0,0,1,0,0
2024-09-15T01:06:00.000000,35.943378666667,14.897223166667,2,0,0,1,0,0
2024-09-15T01:07:00.000000,35.943378,14.897245,2,0,0,1,0,0
2024-09-15T01:08:00.000000,35.943385833333,14.897258,2,0,0,1,0,0
2024-09-15T01:09:00.000000,35.943397166667,14.897259833333,2,0,0,1,0,0
2024-09-15T01:10:00.000000,35.943392,14.897263,2,0,0,1,0,0
2024-09-15T01:11:00.000000,35.9433785,14.897265833333,2,0,0,1,0,0
2024-09-15T01:12:00.000000,35.943364333333,14.897267333333,2,0,0,1,0,0
2024-09-15T01:13:00.000000,35.943355666667,14.897268333333,2,0,0,1,0,0
2024-09-15T01:14:00.000000,35.9433555,14.897259333333,2,0,0,1,0,0
2024-09-15T01:15:00.000000,35.943360833333,14.8972605,2,0,0,1,0,0
2024-09-15T01:16:00.000000,35.943359833333,14.897273166667,2,0,0,1,0,0
2024-09-15T01:17:00.000000,35.943357666667,14.897295333333,2,0,0,1,0,0
2024-09-15T01:18:00.000000,35.943349666667,14.897314,2,0,0,1,0,0
2024-09-15T01:19:00.000000,35.943333666667,14.897331,2,0,0,1,0,0
2024-09-15T01:20:00.000000,35.943323166667,14.8973395,2,0,0,1,0,0
2024-09-15T01:21:00.000000,35.943309666667,14.897342166667,2,0,0,1,0,0
2024-09-15T01:22:00.000000,35.9432985,14.897322833333,2,0,0,1,0,0
2024-09-15T01:23:00.000000,35.9432895,14.897303666667,2,0,0,1,0,0
2024-09-15T01:24:00.000000,35.943293833333,14.897287666667,2,0,0,1,0,0
2024-09-15T01:25:00.000000,35.9433075,14.8972845,2,0,0,1,0,0
2024-09-15T01:26:00.000000,35.943326666667,14.897291666667,2,0,0,1,0,0
2024-09-15T01:27:00.000000,35.943352166667,14.897292166667,2,0,0,1,0,0
2024-09-15T01:28:00.000000,35.943374666667,14.897287333333,2,0,0,1,0,0
2024-09-15T01:29:00.000000,35.943385833333,14.8972775,2,0,0,1,0,0
2024-09-15T01:30:00.000000,35.94339,14.897260333333,2,0,0,1,0,0
2024-09-15T01:31:00.000000,35.943398166667,14.897226833333,2,0,0,1,0,0
2024-09-15T01:32:00.000000,35.9434135,14.897190666667,2,0,0,1,0,0
2024-09-15T01:33:00.000000,35.943424166667,14.897165,2,0,0,1,0,0
2024-09-15T01:34:00.000000,35.943434,14.897142333333,2,0,0,1,0,0
2024-09-15T01:35:00.000000,35.943443333333,14.897133833333,2,0,0,1,0,0
2024-09-15T01:36:00.000000,35.943451666667,14.897142,2,0,0,1,0,0
2024-09-15T01:37:00.000000,35.9434605,14.897157833333,2,0,0,1,0,0
2024-09-15T01:38:00.000000,35.943464666667,14.897175333333,2,0,0,1,0,0
2024-09-15T01:39:00.000000,35.943460666667,14.897182666667,2,0,0,1,0,0
2024-09-15T01:40:00.000000,35.943441333333,14.897183833333,2,0,0,1,0,0
2024-09-15T01:41:00.000000,35.9434195,14.897169666667,2,0,0,1,0,0
2024-09-15T01:42:00.000000,35.943402166667,14.897155166667,2,0,0,1,0,0
2024-09-15T01:43:00.000000,35.943400833333,14.897121666667,2,0,0,1,0,0
2024-09-15T01:44:00.000000,35.943435166667,14.8970745,2,0,0,1,0,0
2024-09-15T01:45:00.000000,35.943462833333,14.897052166667,2,0,0,1,0,0
2024-09-15T01:46:00.000000,35.943506,14.897020833333,2,0,0,1,0,0
2024-09-15T01:47:00.000000,35.943550333333,14.896998,2,0,0,1,0,0
2024-09-15T01:48:00.000000,35.943585666667,14.896984,2,0,0,1,0,0
2024-09-15T01:49:00.000000,35.943609666667,14.896977,2,0,0,1,0,0
2024-09-15T01:50:00.000000,35.943617,14.896978666667,2,0,0,1,0,0
2024-09-15T01:51:00.000000,35.943606833333,14.8969855,2,0,0,1,0,0
2024-09-15T01:52:00.000000,35.943566833333,14.897001333333,2,0,0,1,0,0
2024-09-15T01:53:00.000000,35.943524166667,14.897026666667,2,0,0,1,0,0
2024-09-15T01:54:00.000000,35.943471333333,14.897057166667,2,0,0,1,0,0
2024-09-15T01:55:00.000000,35.9434435,14.897073666667,2,0,0,1,0,0
2024-09-15T01:56:00.000000,35.943438,14.897094833333,2,0,0,1,0,0
2024-09-15T01:57:00.000000,35.943465166667,14.8971075,2,0,0,1,0,0
2024-09-15T01:58:00.000000,35.943472666667,14.897133166667,2,0,0,1,0,0
2024-09-15T01:59:00.000000,35.943486666667,14.8971475,2,0,0,1,0,0
2024-09-15T02:00:00.000000,35.943503833333,14.8971505,2,0,0,1,0,0
2024-09-15T02:01:00.000000,35.9435205,14.897146333333,2,0,0,1,0,0
2024-09-15T02:02:00.000000,35.943536833333,14.897133166667,2,0,0,1,0,0
2024-09-15T02:03:00.000000,35.9435365,14.897117666667,2,0,0,1,0,0
2024-09-15T02:04:00.000000,35.943526166667,14.897097166667,2,0,0,1,0,0
2024-09-15T02:05:00.000000,35.943518666667,14.897063666667,2,0,0,1,0,0
2024-09-15T02:06:00.000000,35.943510666667,14.8970335,2,0,0,1,0,0
2024-09-15T02:07:00.000000,35.943507,14.8970185,2,0,0,1,0,0
2024-09-15T02:08:00.000000,35.943496833333,14.897026333333,2,0,0,1,0,0
2024-09-15T02:09:00.000000,35.943495666667,14.897039666667,2,0,0,1,0,0
2024-09-15T02:10:00.000000,35.943501833333,14.8970535,2,0,0,1,0,0
2024-09-15T02:11:00.000000,35.9435235,14.8970515,2,0,0,1,0,0
2024-09-15T02:12:00.000000,35.9435345,14.897049833333,2,0,0,1,0,0
2024-09-15T02:13:00.000000,35.943548833333,14.897044833333,2,0,0,1,0,0
2024-09-15T02:14:00.000000,35.943559833333,14.897040333333,2,0,0,1,0,0
2024-09-15T02:15:00.000000,35.943561833333,14.897048,2,0,0,1,0,0
2024-09-15T02:16:00.000000,35.943560666667,14.897053166667,2,0,0,1,0,0
2024-09-15T02:17:00.000000,35.943560166667,14.8970625,2,0,0,1,0,0
2024-09-15T02:18:00.000000,35.943548666667,14.897083666667,2,0,0,1,0,0
2024-09-15T02:19:00.000000,35.94353,14.89711,2,0,0,1,0,0
2024-09-15T02:20:00.000000,35.943509666667,14.897124166667,2,0,0,1,0,0
2024-09-15T02:21:00.000000,35.943488333333,14.897125,2,0,0,1,0,0
2024-09-15T02:22:00.000000,35.9434735,14.897111166667,2,0,0,1,0,0
2024-09-15T02:23:00.000000,35.943479833333,14.897081333333,2,0,0,1,0,0
2024-09-15T02:24:00.000000,35.943496,14.8970495,2,0,0,1,0,0
2024-09-15T02:25:00.000000,35.943510166667,14.897026833333,2,0,0,1,0,0
2024-09-15T02:26:00.000000,35.943542333333,14.897009,2,0,0,1,0,0
2024-09-15T02:27:00.000000,35.943579666667,14.897005666667,2,0,0,1,0,0
2024-09-15T02:28:00.000000,35.943596,14.897018666667,2,0,0,1,0,0
2024-09-15T02:29:00.000000,35.943601333333,14.897034666667,2,0,0,1,0,0
2024-09-15T02:30:00.000000,35.943596166667,14.897050666667,2,0,0,1,0,0
2024-09-15T02:31:00.000000,35.943581333333,14.8970565,2,0,0,1,0,0
2024-09-15T02:32:00.000000,35.943562,14.897052833333,2,0,0,1,0,0
2024-09-15T02:33:00.000000,35.943539,14.897042833333,2,0,0,1,0,0
2024-09-15T02:34:00.000000,35.943514,14.897043166667,2,0,0,1,0,0
2024-09-15T02:35:00.000000,35.943511,14.897043666667,2,0,0,1,0,0
2024-09-15T02:36:00.000000,35.943522666667,14.8970425,2,0,0,1,0,0
2024-09-15T02:37:00.000000,35.943549,14.897042833333,2,0,0,1,0,0
2024-09-15T02:38:00.000000,35.94358,14.897046833333,2,0,0,1,0,0
2024-09-15T02:39:00.000000,35.9436145,14.897052166667,2,0,0,1,0,0
2024-09-15T02:40:00.000000,35.9436505,14.897047333333,2,0,0,1,0,0
2024-09-15T02:41:00.000000,35.943684333333,14.897030666667,2,0,0,1,0,0
2024-09-15T02:42:00.000000,35.9437085,14.8970155,2,0,0,1,0,0
2024-09-15T02:43:00.000000,35.943726166667,14.8969945,2,0,0,1,0,0
2024-09-15T02:44:00.000000,35.943745166667,14.896961333333,2,0,0,1,0,0
2024-09-15T02:45:00.000000,35.943761166667,14.8969195,2,0,0,1,0,0
2024-09-15T02:46:00.000000,35.943773333333,14.896871166667,2,0,0,1,0,0
2024-09-15T02:47:00.000000,35.943776166667,14.896828,2,0,0,1,0,0
2024-09-15T02:48:00.000000,35.9437825,14.896791,2,0,0,1,0,0
2024-09-15T02:49:00.000000,35.943788,14.896762333333,2,0,0,1,0,0
2024-09-15T02:50:00.000000,35.9437905,14.896747166667,2,0,0,1,0,0
2024-09-15T02:51:00.000000,35.943774166667,14.896749333333,2,0,0,1,0,0
2024-09-15T02:52:00.000000,35.943760166667,14.896759833333,2,0,0,1,0,0
2024-09-15T02:53:00.000000,35.943752166667,14.896779833333,2,0,0,1,0,0
2024-09-15T02:54:00.000000,35.943745666667,14.896819333333,2,0,0,1,0,0
2024-09-15T02:55:00.000000,35.943711166667,14.896880666667,2,0,0,1,0,0
2024-09-15T02:56:00.000000,35.943667666667,14.896951666667,2,0,0,1,0,0
2024-09-15T02:57:00.000000,35.943638666667,14.897011333333,2,0,0,1,0,0
2024-09-15T02:58:00.000000,35.9436125,14.897056666667,2,0,0,1,0,0
2024-09-15T02:59:00.000000,35.943598333333,14.897078166667,2,0,0,1,0,0
2024-09-15T03:00:00.000000,35.943575333333,14.897078,2,0,0,1,0,0
2024-09-15T03:01:00.000000,35.943566833333,14.8970475,2,0,0,1,0,0
2024-09-15T03:02:00.000000,35.943575,14.896985833333,2,0,0,1,0,0
2024-09-15T03:03:00.000000,35.943597833333,14.896908,2,0,0,1,0,0
2024-09-15T03:04:00.000000,35.943626,14.896847833333,2,0,0,1,0,0
2024-09-15T03:05:00.000000,35.9436695,14.896796166667,2,0,0,1,0,0
2024-09-15T03:06:00.000000,35.9437075,14.896775,2,0,0,1,0,0
2024-09-15T03:07:00.000000,35.943737666667,14.8967795,2,0,0,1,0,0
2024-09-15T03:08:00.000000,35.943798833333,14.896801333333,2,0,0,1,0,0
2024-09-15T03:09:00.000000,35.943788833333,14.896834166667,2,0,0,1,0,0
2024-09-15T03:10:00.000000,35.943768833333,14.896877166667,2,0,0,1,0,0
2024-09-15T03:11:00.000000,35.943740166667,14.896918833333,2,0,0,1,0,0
2024-09-15T03:12:00.000000,35.943713666667,14.8969445,2,0,0,1,0,0
2024-09-15T03:13:00.000000,35.9436925,14.896958833333,2,0,0,1,0,0
2024-09-15T03:14:00.000000,35.943674333333,14.896959333333,2,0,0,1,0,0
2024-09-15T03:15:00.000000,35.943683833333,14.896928333333,2,0,0,1,0,0
2024-09-15T03:16:00.000000,35.943710166667,14.896863166667,2,0,0,1,0,0
2024-09-15T03:17:00.000000,35.943747,14.896806333333,2,0,0,1,0,0
2024-09-15T03:18:00.000000,35.943799666667,14.896765,2,0,0,1,0,0
2024-09-15T03:19:00.000000,35.943852,14.896715333333,2,0,0,1,0,0
2024-09-15T03:20:00.000000,35.943896,14.896671166667,2,0,0,1,0,0
2024-09-15T03:21:00.000000,35.943930166667,14.896634333333,2,0,0,1,0,0
2024-09-15T03:22:00.000000,35.943947,14.896618666667,2,0,0,1,0,0
2024-09-15T03:23:00.000000,35.943950833333,14.896608333333,2,0,0,1,0,0
2024-09-15T03:24:00.000000,35.943938666667,14.896592833333,2,0,0,1,0,0
2024-09-15T03:25:00.000000,35.9439235,14.896577666667,2,0,0,1,0,0
2024-09-15T03:26:00.000000,35.943901833333,14.896571666667,2,0,0,1,0,0
2024-09-15T03:27:00.000000,35.943879166667,14.896580833333,2,0,0,1,0,0
2024-09-15T03:28:00.000000,35.943858166667,14.8966,2,0,0,1,0,0
2024-09-15T03:29:00.000000,35.943838666667,14.8966335,2,0,0,1,0,0
2024-09-15T03:30:00.000000,35.943826,14.896678666667,2,0,0,1,0,0
2024-09-15T03:31:00.000000,35.943809166667,14.896738166667,2,0,0,1,0,0
2024-09-15T03:32:00.000000,35.943780666667,14.896819166667,2,0,0,1,0,0
2024-09-15T03:33:00.000000,35.943740333333,14.896907833333,2,0,0,1,0,0
2024-09-15T03:34:00.000000,35.943686166667,14.896992166667,2,0,0,1,0,0
2024-09-15T03:35:00.000000,35.9436255,14.8970685,2,0,0,1,0,0
2024-09-15T03:36:00.000000,35.943565333333,14.897136,2,0,0,1,0,0
2024-09-15T03:37:00.000000,35.943531833333,14.8971655,2,0,0,1,0,0
2024-09-15T03:38:00.000000,35.9435195,14.897156333333,2,0,0,1,0,0
2024-09-15T03:39:00.000000,35.943541333333,14.897096666667,2,0,0,1,0,0
2024-09-15T03:40:00.000000,35.943591333333,14.897004333333,2,0,0,1,0,0
2024-09-15T03:41:00.000000,35.9436625,14.896902833333,2,0,0,1,0,0
2024-09-15T03:42:00.000000,35.943744,14.896809166667,2,0,0,1,0,0
2024-09-15T03:43:00.000000,35.9438255,14.896737,2,0,0,1,0,0
2024-09-15T03:44:00.000000,35.9438935,14.896673333333,2,0,0,1,0,0
2024-09-15T03:45:00.000000,35.943944833333,14.896626333333,2,0,0,1,0,0
2024-09-15T03:46:00.000000,35.943980333333,14.896593833333,2,0,0,1,0,0
2024-09-15T03:47:00.000000,35.943997833333,14.896575666667,2,0,0,1,0,0
2024-09-15T03:48:00.000000,35.9440095,14.896561166667,2,0,0,1,0,0
2024-09-15T03:49:00.000000,35.944007333333,14.896555166667,2,0,0,1,0,0
2024-09-15T03:50:00.000000,35.943993,14.896553666667,2,0,0,1,0,0
2024-09-15T03:51:00.000000,35.943970333333,14.89655,2,0,0,1,0,0
2024-09-15T03:52:00.000000,35.943940666667,14.896551,2,0,0,1,0,0
2024-09-15T03:53:00.000000,35.943910833333,14.896553666667,2,0,0,1,0,0
2024-09-15T03:54:00.000000,35.943884333333,14.896556333333,2,0,0,1,0,0
2024-09-15T03:55:00.000000,35.943859,14.896568666667,2,0,0,1,0,0
2024-09-15T03:56:00.000000,35.943844833333,14.896581166667,2,0,0,1,0,0
2024-09-15T03:57:00.000000,35.9438305,14.896611333333,2,0,0,1,0,0
2024-09-15T03:58:00.000000,35.943815166667,14.896646666667,2,0,0,1,0,0
2024-09-15T03:59:00.000000,35.943803166667,14.896683166667,2,0,0,1,0,0
2024-09-15T04:00:00.000000,35.943800166667,14.896706833333,2,0,0,1,0,0
2024-09-15T04:01:00.000000,35.943793666667,14.896729166667,2,0,0,1,0,0
2024-09-15T04:02:00.000000,35.94378,14.8967505,2,0,0,1,0,0
2024-09-15T04:03:00.000000,35.943756833333,14.896776,2,0,0,1,0,0
2024-09-15T04:04:00.000000,35.943731333333,14.896801333333,2,0,0,1,0,0
2024-09-15T04:05:00.000000,35.943709333333,14.896816166667,2,0,0,1,0,0
2024-09-15T04:06:00.000000,35.943695166667,14.8968145,2,0,0,1,0,0
2024-09-15T04:07:00.000000,35.943694166667,14.896794166667,2,0,0,1,0,0
2024-09-15T04:08:00.000000,35.943696833333,14.896772833333,2,0,0,1,0,0
2024-09-15T04:09:00.000000,35.9437065,14.896748833333,2,0,0,1,0,0
2024-09-15T04:10:00.000000,35.943719333333,14.8967325,2,0,0,1,0,0
2024-09-15T04:11:00.000000,35.943742166667,14.896718,2,0,0,1,0,0
2024-09-15T04:12:00.000000,35.9437655,14.896703166667,2,0,0,1,0,0
2024-09-15T04:13:00.000000,35.943787666667,14.896679666667,2,0,0,1,0,0
2024-09-15T04:14:00.000000,35.943804333333,14.8966565,2,0,0,1,0,0
2024-09-15T04:15:00.000000,35.943819666667,14.896649333333,2,0,0,1,0,0
2024-09-15T04:16:00.000000,35.943828166667,14.896658166667,2,0,0,1,0,0
2024-09-15T04:17:00.000000,35.943842833333,14.896654166667,2,0,0,1,0,0
2024-09-15T04:18:00.000000,35.943849166667,14.896648833333,2,0,0,1,0,0
2024-09-15T04:19:00.000000,35.943849666667,14.896642166667,2,0,0,1,0,0
2024-09-15T04:20:00.000000,35.943859,14.8966365,2,0,0,1,0,0
2024-09-15T04:21:00.000000,35.943870833333,14.896643666667,2,0,0,1,0,0
2024-09-15T04:22:00.000000,35.943873833333,14.896659166667,2,0,0,1,0,0
2024-09-15T04:23:00.000000,35.943863833333,14.896685333333,2,0,0,1,0,0
2024-09-15T04:24:00.000000,35.943838833333,14.89672,2,0,0,1,0,0
2024-09-15T04:25:00.000000,35.943803,14.896760166667,2,0,0,1,0,0
2024-09-15T04:26:00.000000,35.943762333333,14.896798166667,2,0,0,1,0,0
2024-09-15T04:27:00.000000,35.943716166667,14.8968385,2,0,0,1,0,0
2024-09-15T04:28:00.000000,35.943671666667,14.8968775,2,0,0,1,0,0
2024-09-15T04:29:00.000000,35.9436295,14.896911833333,2,0,0,1,0,0
2024-09-15T04:30:00.000000,35.943601166667,14.896937,2,0,0,1,0,0
2024-09-15T04:31:00.000000,35.943587833333,14.8969465,2,0,0,1,0,0
2024-09-15T04:32:00.000000,35.943581333333,14.8969575,2,0,0,1,0,0
2024-09-15T04:33:00.000000,35.9435805,14.896961,2,0,0,1,0,0
2024-09-15T04:34:00.000000,35.9435885,14.896944833333,2,0,0,1,0,0
2024-09-15T04:35:00.000000,35.943613666667,14.896927,2,0,0,1,0,0
2024-09-15T04:36:00.000000,35.943652666667,14.896904,2,0,0,1,0,0
2024-09-15T04:37:00.000000,35.943693833333,14.896878166667,2,0,0,1,0,0
2024-09-15T04:38:00.000000,35.9437285,14.896857833333,2,0,0,1,0,0
2024-09-15T04:39:00.000000,35.943749666667,14.896836,2,0,0,1,0,0
2024-09-15T04:40:00.000000,35.943755,14.896808166667,2,0,0,1,0,0
2024-09-15T04:41:00.000000,35.943748,14.896782333333,2,0,0,1,0,0
2024-09-15T04:42:00.000000,35.9437365,14.896760166667,2,0,0,1,0,0
2024-09-15T04:43:00.000000,35.943725166667,14.896736166667,2,0,0,1,0,0
2024-09-15T04:44:00.000000,35.943711,14.8967255,2,0,0,1,0,0
2024-09-15T04:45:00.000000,35.943705833333,14.896735333333,2,0,0,1,0,0
2024-09-15T04:46:00.000000,35.943714833333,14.8967545,2,0,0,1,0,0
2024-09-15T04:47:00.000000,35.943729666667,14.8967775,2,0,0,1,0,0
2024-09-15T04:48:00.000000,35.943752,14.896795333333,2,0,0,1,0,0
2024-09-15T04:49:00.000000,35.9437775,14.896809166667,2,0,0,1,0,0
2024-09-15T04:50:00.000000,35.9438015,14.8968095,2,0,0,1,0,0
2024-09-15T04:51:00.000000,35.943812,14.896796,2,0,0,1,0,0
2024-09-15T04:52:00.000000,35.943808166667,14.896773833333,2,0,0,1,0,0
2024-09-15T04:53:00.000000,35.943803333333,14.896753333333,2,0,0,1,0,0
2024-09-15T04:54:00.000000,35.9437875,14.896725166667,2,0,0,1,0,0
2024-09-15T04:55:00.000000,35.943769333333,14.896697166667,2,0,0,1,0,0
2024-09-15T04:56:00.000000,35.9437485,14.896681666667,2,0,0,1,0,0
2024-09-15T04:57:00.000000,35.9437235,14.896685666667,2,0,0,1,0,0
2024-09-15T04:58:00.000000,35.943703833333,14.8967055,2,0,0,1,0,0
2024-09-15T04:59:00.000000,35.943705333333,14.896738833333,2,0,0,1,0,0
2024-09-15T05:00:00.000000,35.943720166667,14.896769833333,2,0,0,1,0,0
2024-09-15T05:01:00.000000,35.9437535,14.896779333333,2,0,0,1,0,0
2024-09-15T05:02:00.000000,35.943793833333,14.896771666667,2,0,0,1,0,0
2024-09-15T05:03:00.000000,35.943840166667,14.896748833333,2,0,0,1,0,0
2024-09-15T05:04:00.000000,35.943886666667,14.896720666667,2,0,0,1,0,0
2024-09-15T05:05:00.000000,35.943924333333,14.896697666667,2,0,0,1,0,0
2024-09-15T05:06:00.000000,35.943959833333,14.896668833333,2,0,0,1,0,0
2024-09-15T05:07:00.000000,35.943991166667,14.896634,2,0,0,1,0,0
2024-09-15T05:08:00.000000,35.9440135,14.896602666667,2,0,0,1,0,0
2024-09-15T05:09:00.000000,35.944031166667,14.8965715,2,0,0,1,0,0
2024-09-15T05:10:00.000000,35.9440435,14.8965425,2,0,0,1,0,0
2024-09-15T05:11:00.000000,35.9440405,14.896524333333,2,0,0,1,0,0
2024-09-15T05:12:00.000000,35.944023666667,14.8965155,2,0,0,1,0,0
2024-09-15T05:13:00.000000,35.9439995,14.896514666667,2,0,0,1,0,0
2024-09-15T05:14:00.000000,35.943987,14.896521666667,2,0,0,1,0,0
2024-09-15T05:15:00.000000,35.943981166667,14.896533166667,2,0,0,1,0,0
2024-09-15T05:16:00.000000,35.943975333333,14.896545833333,2,0,0,1,0,0
2024-09-15T05:17:00.000000,35.943968166667,14.896562666667,2,0,0,1,0,0
2024-09-15T05:18:00.000000,35.943963333333,14.8965835,2,0,0,1,0,0
2024-09-15T05:19:00.000000,35.9439565,14.8966055,2,0,0,1,0,0
2024-09-15T05:20:00.000000,35.943959666667,14.896615333333,2,0,0,1,0,0
2024-09-15T05:21:00.000000,35.943965833333,14.896615,2,0,0,1,0,0
2024-09-15T05:22:00.000000,35.943963,14.896612166667,2,0,0,1,0,0
2024-09-15T05:23:00.000000,35.943951,14.896617166667,2,0,0,1,0,0
2024-09-15T05:24:00.000000,35.943929833333,14.896628166667,2,0,0,1,0,0
2024-09-15T05:25:00.000000,35.943899333333,14.896634333333,2,0,0,1,0,0
2024-09-15T05:26:00.000000,35.943859333333,14.896646166667,2,0,0,1,0,0
2024-09-15T05:27:00.000000,35.9438255,14.896662666667,2,0,0,1,0,0
2024-09-15T05:28:00.000000,35.943806833333,14.8966765,2,0,0,1,0,0
2024-09-15T05:29:00.000000,35.943787166667,14.896704,2,0,0,1,0,0
2024-09-15T05:30:00.000000,35.943778166667,14.8967295,2,0,0,1,0,0
2024-09-15T05:31:00.000000,35.943776333333,14.896758333333,2,0,0,1,0,0
2024-09-15T05:32:00.000000,35.943765166667,14.896776666667,2,0,0,1,0,0
2024-09-15T05:33:00.000000,35.943743333333,14.8968,2,0,0,1,0,0
2024-09-15T05:34:00.000000,35.943714,14.896837,2,0,0,1,0,0
2024-09-15T05:35:00.000000,35.9436925,14.896862833333,2,0,0,1,0,0
2024-09-15T05:36:00.000000,35.943697833333,14.896868,2,0,0,1,0,0
2024-09-15T05:37:00.000000,35.943717,14.8968655,2,0,0,1,0,0
2024-09-15T05:38:00.000000,35.943738166667,14.8968635,2,0,0,1,0,0
2024-09-15T05:39:00.000000,35.943765,14.896853,2,0,0,1,0,0
2024-09-15T05:40:00.000000,35.9438035,14.896825,2,0,0,1,0,0
2024-09-15T05:41:00.000000,35.943841666667,14.896791166667,2,0,0,1,0,0
2024-09-15T05:42:00.000000,35.943872333333,14.896756666667,2,0,0,1,0,0
2024-09-15T05:43:00.000000,35.9438975,14.896726833333,2,0,0,1,0,0
2024-09-15T05:44:00.000000,35.943917,14.8966965,2,0,0,1,0,0
2024-09-15T05:45:00.000000,35.943939833333,14.8966635,2,0,0,1,0,0
2024-09-15T05:46:00.000000,35.9439665,14.8966345,2,0,0,1,0,0
2024-09-15T05:47:00.000000,35.943978333333,14.896618833333,2,0,0,1,0,0
2024-09-15T05:48:00.000000,35.943987333333,14.896608166667,2,0,0,1,0,0
2024-09-15T05:49:00.000000,35.943994,14.896591833333,2,0,0,1,0,0
2024-09-15T05:50:00.000000,35.943998833333,14.896574666667,2,0,0,1,0,0
2024-09-15T05:51:00.000000,35.943995166667,14.8965695,2,0,0,1,0,0
2024-09-15T05:52:00.000000,35.943974833333,14.896589666667,2,0,0,1,0,0
2024-09-15T05:53:00.000000,35.943945333333,14.896626,2,0,0,1,0,0
2024-09-15T05:54:00.000000,35.943906,14.896677,2,0,0,1,0,0
2024-09-15T05:55:00.000000,35.943866333333,14.8967325,2,0,0,1,0,0
2024-09-15T05:56:00.000000,35.943821,14.8968,2,0,0,1,0,0
2024-09-15T05:57:00.000000,35.943773833333,14.896866,2,0,0,1,0,0
2024-09-15T05:58:00.000000,35.943734833333,14.896927,2,0,0,1,0,0
2024-09-15T05:59:00.000000,35.943702333333,14.896973666667,2,0,0,1,0,0
2024-09-15T06:00:00.000000,35.943672833333,14.8970015,2,0,0,1,0,0
2024-09-15T06:01:00.000000,35.943642833333,14.897022333333,2,0,0,1,0,0
2024-09-15T06:02:00.000000,35.943625666667,14.897023,2,0,0,1,0,0
2024-09-15T06:03:00.000000,35.943636833333,14.896995833333,2,0,0,1,0,0
2024-09-15T06:04:00.000000,35.943661833333,14.896971,2,0,0,1,0,0
2024-09-15T06:05:00.000000,35.943703,14.8969415,2,0,0,1,0,0
2024-09-15T06:06:00.000000,35.943744833333,14.896919333333,2,0,0,1,0,0
2024-09-15T06:07:00.000000,35.943789333333,14.8968895,2,0,0,1,0,0
2024-09-15T06:08:00.000000,35.943837166667,14.896857333333,2,0,0,1,0,0
2024-09-15T06:09:00.000000,35.943875333333,14.896835166667,2,0,0,1,0,0
2024-09-15T06:10:00.000000,35.943908,14.8968145,2,0,0,1,0,0
2024-09-15T06:11:00.000000,35.943929166667,14.896788333333,2,0,0,1,0,0
2024-09-15T06:12:00.000000,35.943950333333,14.896757833333,2,0,0,1,0,0
2024-09-15T06:13:00.000000,35.943977833333,14.896720166667,2,0,0,1,0,0
2024-09-15T06:14:00.000000,35.943984166667,14.8966955,2,0,0,1,0,0
2024-09-15T06:15:00.000000,35.943979833333,14.896680333333,2,0,0,1,0,0
2024-09-15T06:16:00.000000,35.943966833333,14.896676666667,2,0,0,1,0,0
2024-09-15T06:17:00.000000,35.943952333333,14.896680166667,2,0,0,1,0,0
2024-09-15T06:18:00.000000,35.943924666667,14.896692,2,0,0,1,0,0
2024-09-15T06:19:00.000000,35.9438995,14.896705666667,2,0,0,1,0,0
2024-09-15T06:20:00.000000,35.943878833333,14.896721166667,2,0,0,1,0,0
2024-09-15T06:21:00.000000,35.943872666667,14.8967325,2,0,0,1,0,0
2024-09-15T06:22:00.000000,35.943859666667,14.896752166667,2,0,0,1,0,0
2024-09-15T06:23:00.000000,35.9438395,14.896776666667,2,0,0,1,0,0
2024-09-15T06:24:00.000000,35.943817,14.896809833333,2,0,0,1,0,0
2024-09-15T06:25:00.000000,35.943799166667,14.896848,2,0,0,1,0,0
2024-09-15T06:26:00.000000,35.943778666667,14.896886,2,0,0,1,0,0
2024-09-15T06:27:00.000000,35.943759166667,14.896922666667,2,0,0,1,0,0
2024-09-15T06:28:00.000000,35.943751666667,14.896941666667,2,0,0,1,0,0
2024-09-15T06:29:00.000000,35.943733333333,14.896954666667,2,0,0,1,0,0
2024-09-15T06:30:00.000000,35.943708666667,14.89696,2,0,0,1,0,0
2024-09-15T06:31:00.000000,35.943697166667,14.8969545,2,0,0,1,0,0
2024-09-15T06:32:00.000000,35.943686,14.89695,2,0,0,1,0,0
2024-09-15T06:33:00.000000,35.943683333333,14.896950333333,2,0,0,1,0,0
2024-09-15T06:34:00.000000,35.943694333333,14.896945,2,0,0,1,0,0
2024-09-15T06:35:00.000000,35.943709666667,14.896948166667,2,0,0,1,0,0
2024-09-15T06:36:00.000000,35.943725666667,14.896965833333,2,0,0,1,0,0
2024-09-15T06:37:00.000000,35.943748833333,14.896985,2,0,0,1,0,0
2024-09-15T06:38:00.000000,35.943763833333,14.897012833333,2,0,0,1,0,0
2024-09-15T06:39:00.000000,35.9437665,14.897039666667,2,0,0,1,0,0
2024-09-15T06:40:00.000000,35.943759833333,14.897050166667,2,0,0,1,0,0
2024-09-15T06:41:00.000000,35.943750666667,14.8970535,2,0,0,1,0,0
2024-09-15T06:42:00.000000,35.943733,14.897058833333,2,0,0,1,0,0
2024-09-15T06:43:00.000000,35.9437215,14.897058166667,2,0,0,1,0,0
2024-09-15T06:44:00.000000,35.943713333333,14.897048833333,2,0,0,1,0,0
2024-09-15T06:45:00.000000,35.9437005,14.897032,2,0,0,1,0,0
2024-09-15T06:46:00.000000,35.943693333333,14.897011166667,2,0,0,1,0,0
2024-09-15T06:47:00.000000,35.943687333333,14.896994333333,2,0,0,1,0,0
2024-09-15T06:48:00.000000,35.943688666667,14.896987,2,0,0,1,0,0
2024-09-15T06:49:00.000000,35.943694333333,14.896993833333,2,0,0,1,0,0
2024-09-15T06:50:00.000000,35.943703,14.8970175,2,0,0,1,0,0
2024-09-15T06:51:00.000000,35.943713,14.897044333333,2,0,0,1,0,0
2024-09-15T06:52:00.000000,35.943727166667,14.8970665,2,0,0,1,0,0
2024-09-15T06:53:00.000000,35.943734,14.897089,2,0,0,1,0,0
2024-09-15T06:54:00.000000,35.943732166667,14.897114666667,2,0,0,1,0,0
2024-09-15T06:55:00.000000,35.943723833333,14.897132166667,2,0,0,1,0,0
2024-09-15T06:56:00.000000,35.943718833333,14.897141,2,0,0,1,0,0
2024-09-15T06:57:00.000000,35.9437075,14.897145833333,2,0,0,1,0,0
2024-09-15T06:58:00.000000,35.943692666667,14.897148833333,2,0,0,1,0,0
2024-09-15T06:59:00.000000,35.943673666667,14.897145833333,2,0,0,1,0,0
2024-09-15T07:00:00.000000,35.9436555,14.897137666667,2,0,0,1,0,0
2024-09-15T07:01:00.000000,35.943648333333,14.897124333333,2,0,0,1,0,0
2024-09-15T07:02:00.000000,35.943657833333,14.897082,2,0,0,1,0,0
2024-09-15T07:03:00.000000,35.943681,14.897038666667,2,0,0,1,0,0
2024-09-15T07:04:00.000000,35.9437105,14.8970005,2,0,0,1,0,0
2024-09-15T07:05:00.000000,35.943738666667,14.896974,2,0,0,1,0,0
2024-09-15T07:06:00.000000,35.943763,14.89696,2,0,0,1,0,0
2024-09-15T07:07:00.000000,35.943781,14.896946833333,2,0,0,1,0,0
2024-09-15T07:08:00.000000,35.943802333333,14.8969335,2,0,0,1,0,0
2024-09-15T07:09:00.000000,35.9438245,14.896923,2,0,0,1,0,0
2024-09-15T07:10:00.000000,35.943839333333,14.896919333333,2,0,0,1,0,0
2024-09-15T07:11:00.000000,35.9438325,14.896924,2,0,0,1,0,0
2024-09-15T07:12:00.000000,35.94382,14.896931666667,2,0,0,1,0,0
2024-09-15T07:13:00.000000,35.9438075,14.896934666667,2,0,0,1,0,0
2024-09-15T07:14:00.000000,35.943790333333,14.8969285,2,0,0,1,0,0
2024-09-15T07:15:00.000000,35.943773333333,14.8969185,2,0,0,1,0,0
2024-09-15T07:16:00.000000,35.943757333333,14.896907333333,2,0,0,1,0,0
2024-09-15T07:17:00.000000,35.943747666667,14.896901833333,2,0,0,1,0,0
2024-09-15T07:18:00.000000,35.943743333333,14.896897833333,2,0,0,1,0,0
2024-09-15T07:19:00.000000,35.943743166667,14.896896166667,2,0,0,1,0,0
2024-09-15T07:20:00.000000,35.943742833333,14.896897,2,0,0,1,0,0
2024-09-15T07:21:00.000000,35.943750166667,14.896900166667,2,0,0,1,0,0
2024-09-15T07:22:00.000000,35.943756666667,14.896915833333,2,0,0,1,0,0
2024-09-15T07:23:00.000000,35.943758166667,14.896941,2,0,0,1,0,0
2024-09-15T07:24:00.000000,35.943749333333,14.8969705,2,0,0,1,0,0
2024-09-15T07:25:00.000000,35.943739,14.896998,2,0,0,1,0,0
2024-09-15T07:26:00.000000,35.943736166667,14.897014833333,2,0,0,1,0,0
2024-09-15T07:27:00.000000,35.943746833333,14.897016833333,2,0,0,1,0,0
2024-09-15T07:28:00.000000,35.9437595,14.897012166667,2,0,0,1,0,0
2024-09-15T07:29:00.000000,35.9437605,14.897005666667,2,0,0,1,0,0
2024-09-15T07:30:00.000000,35.943761333333,14.897001833333,2,0,0,1,0,0
2024-09-15T07:31:00.000000,35.9437635,14.896993333333,2,0,0,1,0,0
2024-09-15T07:32:00.000000,35.943768666667,14.896979333333,2,0,0,1,0,0
2024-09-15T07:33:00.000000,35.943771166667,14.896969833333,2,0,0,1,0,0
2024-09-15T07:34:00.000000,35.943767166667,14.896963,2,0,0,1,0,0
2024-09-15T07:35:00.000000,35.943754166667,14.896963,2,0,0,1,0,0
2024-09-15T07:36:00.000000,35.9437365,14.8969625,2,0,0,1,0,0
2024-09-15T07:37:00.000000,35.943718333333,14.896968666667,2,0,0,1,0,0
2024-09-15T07:38:00.000000,35.943707333333,14.8969725,2,0,0,1,0,0
2024-09-15T07:39:00.000000,35.943700833333,14.896976666667,2,0,0,1,0,0
2024-09-15T07:40:00.000000,35.943695333333,14.896990166667,2,0,0,1,0,0
2024-09-15T07:41:00.000000,35.9436885,14.897012666667,2,0,0,1,0,0
2024-09-15T07:42:00.000000,35.943683666667,14.8970475,2,0,0,1,0,0
2024-09-15T07:43:00.000000,35.943683333333,14.897084166667,2,0,0,1,0,0
2024-09-15T07:44:00.000000,35.943691333333,14.897108833333,2,0,0,1,0,0
2024-09-15T07:45:00.000000,35.943698666667,14.8971255,2,0,0,1,0,0
2024-09-15T07:46:00.000000,35.943702166667,14.897139833333,2,0,0,1,0,0
2024-09-15T07:47:00.000000,35.943705333333,14.897140833333,2,0,0,1,0,0
2024-09-15T07:48:00.000000,35.9437095,14.897129666667,2,0,0,1,0,0
2024-09-15T07:49:00.000000,35.943711,14.897115,2,0,0,1,0,0
2024-09-15T07:50:00.000000,35.943710833333,14.897092666667,2,0,0,1,0,0
2024-09-15T07:51:00.000000,35.943714,14.897060666667,2,0,0,1,0,0
2024-09-15T07:52:00.000000,35.943720666667,14.897026,2,0,0,1,0,0
2024-09-15T07:53:00.000000,35.9437275,14.8970015,2,0,0,1,0,0
2024-09-15T07:54:00.000000,35.943735833333,14.896984666667,2,0,0,1,0,0
2024-09-15T07:55:00.000000,35.943748166667,14.896973666667,2,0,0,1,0,0
2024-09-15T07:56:00.000000,35.943765666667,14.896959666667,2,0,0,1,0,0
2024-09-15T07:57:00.000000,35.943784166667,14.896952,2,0,0,1,0,0
2024-09-15T07:58:00.000000,35.943806666667,14.896942,2,0,0,1,0,0
2024-09-15T07:59:00.000000,35.9438295,14.896936333333,2,0,0,1,0,0
2024-09-15T08:00:00.000000,35.9438565,14.89693,2,0,0,1,0,0
2024-09-15T08:01:00.000000,35.943871166667,14.8969235,2,0,0,1,0,0
2024-09-15T08:02:00.000000,35.943880666667,14.896916,2,0,0,1,0,0
2024-09-15T08:03:00.000000,35.9438835,14.896915666667,2,0,0,1,0,0
2024-09-15T08:04:00.000000,35.943890666667,14.896910666667,2,0,0,1,0,0
2024-09-15T08:05:00.000000,35.9439005,14.896905333333,2,0,0,1,0,0
2024-09-15T08:06:00.000000,35.943908666667,14.896901833333,2,0,0,1,0,0
2024-09-15T08:07:00.000000,35.943927666667,14.896891666667,2,0,0,1,0,0
2024-09-15T08:08:00.000000,35.9439445,14.896890833333,2,0,0,1,0,0
2024-09-15T08:09:00.000000,35.943950333333,14.896898666667,2,0,0,1,0,0
2024-09-15T08:10:00.000000,35.943947,14.8969075,2,0,0,1,0,0
2024-09-15T08:11:00.000000,35.943930333333,14.896921,2,0,0,1,0,0
2024-09-15T08:12:00.000000,35.943909333333,14.896937333333,2,0,0,1,0,0
2024-09-15T08:13:00.000000,35.943885,14.896957666667,2,0,0,1,0,0
2024-09-15T08:14:00.000000,35.943857833333,14.896982166667,2,0,0,1,0,0
2024-09-15T08:15:00.000000,35.943837833333,14.896994166667,2,0,0,1,0,0
2024-09-15T08:16:00.000000,35.943827166667,14.896993,2,0,0,1,0,0
2024-09-15T08:17:00.000000,35.9438255,14.896974333333,2,0,0,1,0,0
2024-09-15T08:18:00.000000,35.9438405,14.896939666667,2,0,0,1,0,0
2024-09-15T08:19:00.000000,35.943855,14.896916166667,2,0,0,1,0,0
2024-09-15T08:20:00.000000,35.943866666667,14.896908833333,2,0,0,1,0,0
2024-09-15T08:21:00.000000,35.943878666667,14.896911666667,2,0,0,1,0,0
2024-09-15T08:22:00.000000,35.9438855,14.8969295,2,0,0,1,0,0
2024-09-15T08:23:00.000000,35.943889833333,14.8969545,2,0,0,1,0,0
2024-09-15T08:24:00.000000,35.943891833333,14.896979666667,2,0,0,1,0,0
2024-09-15T08:25:00.000000,35.9438895,14.897008,2,0,0,1,0,0
2024-09-15T08:26:00.000000,35.9438835,14.897039166667,2,0,0,1,0,0
2024-09-15T08:27:00.000000,35.943875833333,14.897070166667,2,0,0,1,0,0
2024-09-15T08:28:00.000000,35.943861666667,14.8970935,2,0,0,1,0,0
2024-09-15T08:29:00.000000,35.9438425,14.897108333333,2,0,0,1,0,0
2024-09-15T08:30:00.000000,35.943821,14.897116333333,2,0,0,1,0,0
2024-09-15T08:31:00.000000,35.943796666667,14.89712,2,0,0,1,0,0
2024-09-15T08:32:00.000000,35.943770833333,14.897117666667,2,0,0,1,0,0
2024-09-15T08:33:00.000000,35.943749166667,14.897106166667,2,0,0,1,0,0
2024-09-15T08:34:00.000000,35.943735166667,14.897084166667,2,0,0,1,0,0
2024-09-15T08:35:00.000000,35.943723,14.897058333333,2,0,0,1,0,0
2024-09-15T08:36:00.000000,35.943713666667,14.897037166667,2,0,0,1,0,0
2024-09-15T08:37:00.000000,35.943710833333,14.897023,2,0,0,1,0,0
2024-09-15T08:38:00.000000,35.943709166667,14.89701,2,0,0,1,0,0
2024-09-15T08:39:00.000000,35.9437095,14.89701,2,0,0,1,0,0
2024-09-15T08:40:00.000000,35.9437175,14.897018333333,2,0,0,1,0,0
2024-09-15T08:41:00.000000,35.943734,14.897027666667,2,0,0,1,0,0
2024-09-15T08:42:00.000000,35.943742,14.897042,2,0,0,1,0,0
2024-09-15T08:43:00.000000,35.943743666667,14.897061166667,2,0,0,1,0,0
2024-09-15T08:44:00.000000,35.943747,14.897074166667,2,0,0,1,0,0
2024-09-15T08:45:00.000000,35.943746666667,14.897083833333,2,0,0,1,0,0
2024-09-15T08:46:00.000000,35.943745166667,14.897091666667,2,0,0,1,0,0
2024-09-15T08:47:00.000000,35.9437435,14.897098666667,2,0,0,1,0,0
2024-09-15T08:48:00.000000,35.943743333333,14.897102166667,2,0,0,1,0,0
2024-09-15T08:49:00.000000,35.943745833333,14.8970995,2,0,0,1,0,0
2024-09-15T08:50:00.000000,35.943749333333,14.897090666667,2,0,0,1,0,0
2024-09-15T08:51:00.000000,35.943753,14.897081666667,2,0,0,1,0,0
2024-09-15T08:52:00.000000,35.943750666667,14.897079666667,2,0,0,1,0,0
2024-09-15T08:53:00.000000,35.943752666667,14.897075666667,2,0,0,1,0,0
2024-09-15T08:54:00.000000,35.943750666667,14.897075,2,0,0,1,0,0
2024-09-15T08:55:00.000000,35.943742166667,14.897080166667,2,0,0,1,0,0
2024-09-15T08:56:00.000000,35.9437275,14.897084166667,2,0,0,1,0,0
2024-09-15T08:57:00.000000,35.943714333333,14.897086333333,2,0,0,1,0,0
2024-09-15T08:58:00.000000,35.9436995,14.897085833333,2,0,0,1,0,0
2024-09-15T08:59:00.000000,35.943684,14.897088666667,2,0,0,1,0,0
2024-09-15T09:00:00.000000,35.943672333333,14.897092,2,0,0,1,0,0
2024-09-15T09:01:00.000000,35.9436755,14.897076166667,2,0,0,1,0,0
2024-09-15T09:02:00.000000,35.943694166667,14.897044833333,2,0,0,1,0,0
2024-09-15T09:03:00.000000,35.943718,14.897022666667,2,0,0,1,0,0
2024-09-15T09:04:00.000000,35.943749,14.897003166667,2,0,0,1,0,0
2024-09-15T09:05:00.000000,35.943779,14.896986666667,2,0,0,1,0,0
2024-09-15T09:06:00.000000,35.943802166667,14.896983833333,2,0,0,1,0,0
2024-09-15T09:07:00.000000,35.943814333333,14.896989166667,2,0,0,1,0,0
2024-09-15T09:08:00.000000,35.943825333333,14.896991166667,2,0,0,1,0,0
2024-09-15T09:09:00.000000,35.9438315,14.896987166667,2,0,0,1,0,0
2024-09-15T09:10:00.000000,35.943836833333,14.896977833333,2,0,0,1,0,0
2024-09-15T09:11:00.000000,35.943846166667,14.896967,2,0,0,1,0,0
2024-09-15T09:12:00.000000,35.943852,14.896961166667,2,0,0,1,0,0
2024-09-15T09:13:00.000000,35.943856666667,14.8969445,2,0,0,1,0,0
2024-09-15T09:14:00.000000,35.943861666667,14.89692,2,0,0,1,0,0
2024-09-15T09:15:00.000000,35.943869166667,14.896892333333,2,0,0,1,0,0
2024-09-15T09:16:00.000000,35.943870166667,14.896863833333,2,0,0,1,0,0
2024-09-15T09:17:00.000000,35.943876833333,14.896839833333,2,0,0,1,0,0
2024-09-15T09:18:00.000000,35.9438855,14.896825333333,2,0,0,1,0,0
2024-09-15T09:19:00.000000,35.943899333333,14.89682,2,0,0,1,0,0
2024-09-15T09:20:00.000000,35.943909,14.896822666667,2,0,0,1,0,0
2024-09-15T09:21:00.000000,35.943914833333,14.896839333333,2,0,0,1,0,0
2024-09-15T09:22:00.000000,35.943925833333,14.896852333333,2,0,0,1,0,0
2024-09-15T09:23:00.000000,35.9439405,14.896861666667,2,0,0,1,0,0
2024-09-15T09:24:00.000000,35.943945333333,14.896867833333,2,0,0,1,0,0
2024-09-15T09:25:00.000000,35.943960833333,14.8968805,2,0,0,1,0,0
2024-09-15T09:26:00.000000,35.943976833333,14.8968915,2,0,0,1,0,0
2024-09-15T09:27:00.000000,35.943987,14.896894333333,2,0,0,1,0,0
2024-09-15T09:28:00.000000,35.943991833333,14.8968855,2,0,0,1,0,0
2024-09-15T09:29:00.000000,35.943987333333,14.8968765,2,0,0,1,0,0
2024-09-15T09:30:00.000000,35.9439785,14.896871333333,2,0,0,1,0,0
2024-09-15T09:31:00.000000,35.943962333333,14.896869666667,2,0,0,1,0,0
2024-09-15T09:32:00.000000,35.9439365,14.896866166667,2,0,0,1,0,0
2024-09-15T09:33:00.000000,35.943911333333,14.896861166667,2,0,0,1,0,0
2024-09-15T09:34:00.000000,35.9438845,14.8968525,2,0,0,1,0,0
2024-09-15T09:35:00.000000,35.943861166667,14.896846666667,2,0,0,1,0,0
2024-09-15T09:36:00.000000,35.943846666667,14.8968385,2,0,0,1,0,0
2024-09-15T09:37:00.000000,35.943836833333,14.896835833333,2,0,0,1,0,0
2024-09-15T09:38:00.000000,35.943835,14.896842666667,2,0,0,1,0,0
2024-09-15T09:39:00.000000,35.943840333333,14.896861666667,2,0,0,1,0,0
2024-09-15T09:40:00.000000,35.943849833333,14.896881333333,2,0,0,1,0,0
2024-09-15T09:41:00.000000,35.943862833333,14.896906333333,2,0,0,1,0,0
2024-09-15T09:42:00.000000,35.943878333333,14.896933833333,2,0,0,1,0,0
2024-09-15T09:43:00.000000,35.943896833333,14.896965,2,0,0,1,0,0
2024-09-15T09:44:00.000000,35.943911833333,14.896997666667,2,0,0,1,0,0
2024-09-15T09:45:00.000000,35.943933,14.897018,2,0,0,1,0,0
2024-09-15T09:46:00.000000,35.943951166667,14.897031666667,2,0,0,1,0,0
2024-09-15T09:47:00.000000,35.943958333333,14.897039,2,0,0,1,0,0
2024-09-15T09:48:00.000000,35.943948,14.897037833333,2,0,0,1,0,0
2024-09-15T09:49:00.000000,35.943922166667,14.897026666667,2,0,0,1,0,0
2024-09-15T09:50:00.000000,35.9438735,14.897005,2,0,0,1,0,0
2024-09-15T09:51:00.000000,35.943805,14.896979166667,2,0,0,1,0,0
2024-09-15T09:52:00.000000,35.943729666667,14.896947,2,0,0,1,0,0
2024-09-15T09:53:00.000000,35.94366,14.896915166667,2,0,0,1,0,0
2024-09-15T09:54:00.000000,35.943611666667,14.8968935,2,0,0,1,0,0
2024-09-15T09:55:00.000000,35.9435895,14.896884166667,2,0,0,1,0,0
2024-09-15T09:56:00.000000,35.943604166667,14.8968935,2,0,0,1,0,0
2024-09-15T09:57:00.000000,35.943647333333,14.896921833333,2,0,0,1,0,0
2024-09-15T09:58:00.000000,35.943705333333,14.8969605,2,0,0,1,0,0
2024-09-15T09:59:00.000000,35.943768166667,14.897003333333,2,0,0,1,0,0
2024-09-15T10:00:00.000000,35.943820666667,14.897053333333,2,0,0,1,0,0
2024-09-15T10:01:00.000000,35.943863833333,14.897095,2,0,0,1,0,0
2024-09-15T10:02:00.000000,35.943897,14.89713,2,0,0,1,0,0
2024-09-15T10:03:00.000000,35.943927833333,14.897150666667,2,0,0,1,0,0
2024-09-15T10:04:00.000000,35.9439465,14.897164833333,2,0,0,1,0,0
2024-09-15T10:05:00.000000,35.943953333333,14.897173,2,0,0,1,0,0
2024-09-15T10:06:00.000000,35.943947166667,14.897183666667,2,0,0,1,0,0
2024-09-15T10:07:00.000000,35.943925,14.897196,2,0,0,1,0,0
2024-09-15T10:08:00.000000,35.943893666667,14.897209333333,2,0,0,1,0,0
2024-09-15T10:09:00.000000,35.943860333333,14.8972065,2,0,0,1,0,0
2024-09-15T10:10:00.000000,35.943819166667,14.897200166667,2,0,0,1,0,0
2024-09-15T10:11:00.000000,35.943775666667,14.897189833333,2,0,0,1,0,0
2024-09-15T10:12:00.000000,35.943740666667,14.897157333333,2,0,0,1,0,0
2024-09-15T10:13:00.000000,35.9437075,14.897123333333,2,0,0,1,0,0
2024-09-15T10:14:00.000000,35.943679833333,14.897097666667,2,0,0,1,0,0
2024-09-15T10:15:00.000000,35.943662666667,14.897077333333,2,0,0,1,0,0
2024-09-15T10:16:00.000000,35.943658833333,14.897054666667,2,0,0,1,0,0
2024-09-15T10:17:00.000000,35.9436605,14.8970365,2,0,0,1,0,0
2024-09-15T10:18:00.000000,35.943660833333,14.897023833333,2,0,0,1,0,0
2024-09-15T10:19:00.000000,35.9436625,14.897024833333,2,0,0,1,0,0
2024-09-15T10:20:00.000000,35.9436585,14.8970375,2,0,0,1,0,0
2024-09-15T10:21:00.000000,35.943648,14.897068,2,0,0,1,0,0
2024-09-15T10:22:00.000000,35.943632166667,14.897119833333,2,0,0,1,0,0
2024-09-15T10:23:00.000000,35.943600666667,14.897192,2,0,0,1,0,0
2024-09-15T10:24:00.000000,35.9435735,14.897277333333,2,0,0,1,0,0
2024-09-15T10:25:00.000000,35.9435525,14.8973685,2,0,0,1,0,0
2024-09-15T10:26:00.000000,35.943531,14.897459833333,2,0,0,1,0,0
2024-09-15T10:27:00.000000,35.9435105,14.897552833333,2,0,0,1,0,0
2024-09-15T10:28:00.000000,35.943494,14.897625833333,2,0,0,1,0,0
2024-09-15T10:29:00.000000,35.943484166667,14.897672333333,2,0,0,1,0,0
2024-09-15T10:30:00.000000,35.943461166667,14.897699666667,2,0,0,1,0,0
2024-09-15T10:31:00.000000,35.9434295,14.897705166667,2,0,0,1,0,0
2024-09-15T10:32:00.000000,35.943404333333,14.897687833333,2,0,0,1,0,0
2024-09-15T10:33:00.000000,35.943379833333,14.897638,2,0,0,1,0,0
2024-09-15T10:34:00.000000,35.943369833333,14.897572666667,2,0,0,1,0,0
2024-09-15T10:35:00.000000,35.9433695,14.8974965,2,0,0,1,0,0
2024-09-15T10:36:00.000000,35.943385666667,14.897407166667,2,0,0,1,0,0
2024-09-15T10:37:00.000000,35.9434205,14.8973155,2,0,0,1,0,0
2024-09-15T10:38:00.000000,35.943458333333,14.897251666667,2,0,0,1,0,0
2024-09-15T10:39:00.000000,35.943500833333,14.897218333333,2,0,0,1,0,0
2024-09-15T10:40:00.000000,35.943538166667,14.897190666667,2,0,0,1,0,0
2024-09-15T10:41:00.000000,35.9435745,14.897179333333,2,0,0,1,0,0
2024-09-15T10:42:00.000000,35.9436075,14.8971795,2,0,0,1,0,0
2024-09-15T10:43:00.000000,35.943639166667,14.897181166667,2,0,0,1,0,0
2024-09-15T10:44:00.000000,35.9436515,14.897188166667,2,0,0,1,0,0
2024-09-15T10:45:00.000000,35.943667666667,14.897190666667,2,0,0,1,0,0
2024-09-15T10:46:00.000000,35.943676333333,14.897194666667,2,0,0,1,0,0
2024-09-15T10:47:00.000000,35.9436785,14.897190833333,2,0,0,1,0,0
2024-09-15T10:48:00.000000,35.943679333333,14.897180166667,2,0,0,1,0,0
2024-09-15T10:49:00.000000,35.943686166667,14.897156,2,0,0,1,0,0
2024-09-15T10:50:00.000000,35.94369,14.897129,2,0,0,1,0,0
2024-09-15T10:51:00.000000,35.9436875,14.897106,2,0,0,1,0,0
2024-09-15T10:52:00.000000,35.943682333333,14.8970835,2,0,0,1,0,0
2024-09-15T10:53:00.000000,35.943676666667,14.897060666667,2,0,0,1,0,0
2024-09-15T10:54:00.000000,35.943675166667,14.897042666667,2,0,0,1,0,0
2024-09-15T10:55:00.000000,35.943682666667,14.897031,2,0,0,1,0,0
2024-09-15T10:56:00.000000,35.9436935,14.897034833333,2,0,0,1,0,0
2024-09-15T10:57:00.000000,35.943706,14.897045333333,2,0,0,1,0,0
2024-09-15T10:58:00.000000,35.943724,14.897052666667,2,0,0,1,0,0
2024-09-15T10:59:00.000000,35.943736333333,14.897061833333,2,0,0,1,0,0
2024-09-15T11:00:00.000000,35.943740833333,14.897059333333,2,0,0,1,0,0
2024-09-15T11:01:00.000000,35.943740666667,14.8970515,2,0,0,1,0,0
2024-09-15T11:02:00.000000,35.943734,14.897040333333,2,0,0,1,0,0
2024-09-15T11:03:00.000000,35.943719,14.897028,2,0,0,1,0,0
2024-09-15T11:04:00.000000,35.943702833333,14.897010166667,2,0,0,1,0,0
2024-09-15T11:05:00.000000,35.943690166667,14.896994666667,2,0,0,1,0,0
2024-09-15T11:06:00.000000,35.943651833333,14.897010666667,2,0,0,1,0,0
2024-09-15T11:07:00.000000,35.943617,14.8970415,2,0,0,1,0,0
2024-09-15T11:08:00.000000,35.943586833333,14.897071166667,2,0,0,1,0,0
2024-09-15T11:09:00.000000,35.943568666667,14.897104666667,2,0,0,1,0,0
2024-09-15T11:10:00.000000,35.9435685,14.8971435,2,0,0,1,0,0
2024-09-15T11:11:00.000000,35.943565833333,14.897189833333,2,0,0,1,0,0
2024-09-15T11:12:00.000000,35.943555833333,14.8972385,2,0,0,1,0,0
2024-09-15T11:13:00.000000,35.943561666667,14.897281166667,2,0,0,1,0,0
2024-09-15T11:14:00.000000,35.943564,14.8973195,2,0,0,1,0,0
2024-09-15T11:15:00.000000,35.943565666667,14.897346,2,0,0,1,0,0
2024-09-15T11:16:00.000000,35.943577,14.897363,2,0,0,1,0,0
2024-09-15T11:17:00.000000,35.943593333333,14.897365,2,0,0,1,0,0
2024-09-15T11:18:00.000000,35.943614,14.897351166667,2,0,0,1,0,0
2024-09-15T11:19:00.000000,35.9436295,14.897327666667,2,0,0,1,0,0
2024-09-15T11:20:00.000000,35.943634166667,14.8973045,2,0,0,1,0,0
2024-09-15T11:21:00.000000,35.9436375,14.897279,2,0,0,1,0,0
2024-09-15T11:22:00.000000,35.943629,14.8972495,2,0,0,1,0,0
2024-09-15T11:23:00.000000,35.943614333333,14.897213833333,2,0,0,1,0,0
2024-09-15T11:24:00.000000,35.943597833333,14.8971765,2,0,0,1,0,0
2024-09-15T11:25:00.000000,35.943591666667,14.897131166667,2,0,0,1,0,0
2024-09-15T11:26:00.000000,35.943589,14.897085,2,0,0,1,0,0
2024-09-15T11:27:00.000000,35.943595166667,14.897050166667,2,0,0,1,0,0
2024-09-15T11:28:00.000000,35.943606333333,14.897036333333,2,0,0,1,0,0
2024-09-15T11:29:00.000000,35.943618666667,14.8970425,2,0,0,1,0,0
2024-09-15T11:30:00.000000,35.943624166667,14.897065833333,2,0,0,1,0,0
2024-09-15T11:31:00.000000,35.943623833333,14.897105,2,0,0,1,0,0
2024-09-15T11:32:00.000000,35.943607833333,14.897146166667,2,0,0,1,0,0
2024-09-15T11:33:00.000000,35.943582833333,14.897199666667,2,0,0,1,0,0
2024-09-15T11:34:00.000000,35.943547666667,14.897262333333,2,0,0,1,0,0
2024-09-15T11:35:00.000000,35.943513333333,14.897324833333,2,0,0,1,0,0
2024-09-15T11:36:00.000000,35.943484333333,14.8973775,2,0,0,1,0,0
2024-09-15T11:37:00.000000,35.94346,14.8974245,2,0,0,1,0,0
2024-09-15T11:38:00.000000,35.943438333333,14.8974655,2,0,0,1,0,0
2024-09-15T11:39:00.000000,35.9434175,14.897498,2,0,0,1,0,0
2024-09-15T11:40:00.000000,35.943394166667,14.897528,2,0,0,1,0,0
2024-09-15T11:41:00.000000,35.943376166667,14.8975505,2,0,0,1,0,0
2024-09-15T11:42:00.000000,35.9433645,14.897563666667,2,0,0,1,0,0
2024-09-15T11:43:00.000000,35.943364333333,14.897563333333,2,0,0,1,0,0
2024-09-15T11:44:00.000000,35.9433715,14.897555666667,2,0,0,1,0,0
2024-09-15T11:45:00.000000,35.943388333333,14.897549833333,2,0,0,1,0,0
2024-09-15T11:46:00.000000,35.943406166667,14.897549333333,2,0,0,1,0,0
2024-09-15T11:47:00.000000,35.943423333333,14.8975495,2,0,0,1,0,0
2024-09-15T11:48:00.000000,35.943434166667,14.8975495,2,0,0,1,0,0
2024-09-15T11:49:00.000000,35.943457166667,14.897531166667,2,0,0,1,0,0
2024-09-15T11:50:00.000000,35.943484,14.897500166667,2,0,0,1,0,0
2024-09-15T11:51:00.000000,35.943508666667,14.897457333333,2,0,0,1,0,0
2024-09-15T11:52:00.000000,35.9435345,14.897394,2,0,0,1,0,0
2024-09-15T11:53:00.000000,35.9435545,14.897334,2,0,0,1,0,0
2024-09-15T11:54:00.000000,35.943573,14.897275333333,2,0,0,1,0,0
2024-09-15T11:55:00.000000,35.9435835,14.897229833333,2,0,0,1,0,0
2024-09-15T11:56:00.000000,35.943588166667,14.897197666667,2,0,0,1,0,0
2024-09-15T11:57:00.000000,35.943593666667,14.8971795,2,0,0,1,0,0
2024-09-15T11:58:00.000000,35.943590833333,14.897181,2,0,0,1,0,0
2024-09-15T11:59:00.000000,35.943579833333,14.897199,2,0,0,1,0,0
2024-09-15T12:00:00.000000,35.943564666667,14.897226833333,2,0,0,1,0,0
2024-09-15T12:01:00.000000,35.943550333333,14.8972585,2,0,0,1,0,0
2024-09-15T12:02:00.000000,35.943542833333,14.897294833333,2,0,0,1,0,0
2024-09-15T12:03:00.000000,35.943535166667,14.897335666667,2,0,0,1,0,0
2024-09-15T12:04:00.000000,35.943530833333,14.8973755,2,0,0,1,0,0
2024-09-15T12:05:00.000000,35.943532333333,14.897411,2,0,0,1,0,0
2024-09-15T12:06:00.000000,35.943531666667,14.8974565,2,0,0,1,0,0
2024-09-15T12:07:00.000000,35.943525833333,14.8975015,2,0,0,1,0,0
2024-09-15T12:08:00.000000,35.943519333333,14.897547666667,2,0,0,1,0,0
2024-09-15T12:09:00.000000,35.943515,14.897584166667,2,0,0,1,0,0
2024-09-15T12:10:00.000000,35.943506833333,14.897612,2,0,0,1,0,0
2024-09-15T12:11:00.000000,35.943496666667,14.897638333333,2,0,0,1,0,0
2024-09-15T12:12:00.000000,35.943485166667,14.8976445,2,0,0,1,0,0
2024-09-15T12:13:00.000000,35.943478166667,14.897621833333,2,0,0,1,0,0
2024-09-15T12:14:00.000000,35.943466,14.897596,2,0,0,1,0,0
2024-09-15T12:15:00.000000,35.9434545,14.897574,2,0,0,1,0,0
2024-09-15T12:16:00.000000,35.943436166667,14.897565166667,2,0,0,1,0,0
2024-09-15T12:17:00.000000,35.943426333333,14.897543833333,2,0,0,1,0,0
2024-09-15T12:18:00.000000,35.943422,14.897512833333,2,0,0,1,0,0
2024-09-15T12:19:00.000000,35.943421333333,14.897490333333,2,0,0,1,0,0
2024-09-15T12:20:00.000000,35.943434,14.8974665,2,0,0,1,0,0
2024-09-15T12:21:00.000000,35.943457833333,14.897447,2,0,0,1,0,0
2024-09-15T12:22:00.000000,35.943486666667,14.897427833333,2,0,0,1,0,0
2024-09-15T12:23:00.000000,35.943515666667,14.897418333333,2,0,0,1,0,0
2024-09-15T12:24:00.000000,35.943545833333,14.897416,2,0,0,1,0,0
2024-09-15T12:25:00.000000,35.9435595,14.897427,2,0,0,1,0,0
2024-09-15T12:26:00.000000,35.943558333333,14.897456333333,2,0,0,1,0,0
2024-09-15T12:27:00.000000,35.943553833333,14.8974995,2,0,0,1,0,0
2024-09-15T12:28:00.000000,35.9435515,14.897536,2,0,0,1,0,0
2024-09-15T12:29:00.000000,35.943545833333,14.897563,2,0,0,1,0,0
2024-09-15T12:30:00.000000,35.943536833333,14.897582333333,2,0,0,1,0,0
2024-09-15T12:31:00.000000,35.943523,14.897597833333,2,0,0,1,0,0
2024-09-15T12:32:00.000000,35.943505666667,14.897611166667,2,0,0,1,0,0
2024-09-15T12:33:00.000000,35.943481666667,14.897632166667,2,0,0,1,0,0
2024-09-15T12:34:00.000000,35.9434495,14.897662,2,0,0,1,0,0
2024-09-15T12:35:00.000000,35.943426666667,14.897670833333,2,0,0,1,0,0
2024-09-15T12:36:00.000000,35.943414166667,14.897648833333,2,0,0,1,0,0
2024-09-15T12:37:00.000000,35.943412333333,14.897598333333,2,0,0,1,0,0
2024-09-15T12:38:00.000000,35.943419333333,14.897555833333,2,0,0,1,0,0
2024-09-15T12:39:00.000000,35.943438166667,14.897530333333,2,0,0,1,0,0
2024-09-15T12:40:00.000000,35.9434625,14.897510833333,2,0,0,1,0,0
2024-09-15T12:41:00.000000,35.943489333333,14.897514833333,2,0,0,1,0,0
2024-09-15T12:42:00.000000,35.943503833333,14.897521,2,0,0,1,0,0
2024-09-15T12:43:00.000000,35.943508333333,14.897545166667,2,0,0,1,0,0
2024-09-15T12:44:00.000000,35.943514,14.897564,2,0,0,1,0,0
2024-09-15T12:45:00.000000,35.9435305,14.8975775,2,0,0,1,0,0
2024-09-15T12:46:00.000000,35.9435375,14.8975775,2,0,0,1,0,0
2024-09-15T12:47:00.000000,35.943540166667,14.897582833333,2,0,0,1,0,0
2024-09-15T12:48:00.000000,35.943532,14.897593666667,2,0,0,1,0,0
2024-09-15T12:49:00.000000,35.943520166667,14.897606666667,2,0,0,1,0,0
2024-09-15T12:50:00.000000,35.943505333333,14.897615833333,2,0,0,1,0,0
2024-09-15T12:51:00.000000,35.943487833333,14.8976385,2,0,0,1,0,0
2024-09-15T12:52:00.000000,35.943475833333,14.897649166667,2,0,0,1,0,0
2024-09-15T12:53:00.000000,35.943465833333,14.8976485,2,0,0,1,0,0
2024-09-15T12:54:00.000000,35.943450166667,14.897657833333,2,0,0,1,0,0
2024-09-15T12:55:00.000000,35.9434395,14.897659,2,0,0,1,0,0
2024-09-15T12:56:00.000000,35.943434166667,14.897662,2,0,0,1,0,0
2024-09-15T12:57:00.000000,35.943435333333,14.897643166667,2,0,0,1,0,0
2024-09-15T12:58:00.000000,35.943434333333,14.897629833333,2,0,0,1,0,0
2024-09-15T12:59:00.000000,35.943432,14.897636666667,2,0,0,1,0,0
2024-09-15T13:00:00.000000,35.943421666667,14.897649666667,2,0,0,1,0,0
2024-09-15T13:01:00.000000,35.943422333333,14.897641,2,0,0,1,0,0
2024-09-15T13:02:00.000000,35.9434245,14.897605166667,2,0,0,1,0,0
2024-09-15T13:03:00.000000,35.943417,14.897583833333,2,0,0,1,0,0
2024-09-15T13:04:00.000000,35.943406166667,14.897566833333,2,0,0,1,0,0
2024-09-15T13:05:00.000000,35.943420166667,14.897522,2,0,0,1,0,0
2024-09-15T13:06:00.000000,35.943447,14.897461833333,2,0,0,1,0,0
2024-09-15T13:07:00.000000,35.943473333333,14.8974285,2,0,0,1,0,0
2024-09-15T13:08:00.000000,35.943497833333,14.8974195,2,0,0,1,0,0
2024-09-15T13:09:00.000000,35.943514833333,14.897431666667,2,0,0,1,0,0
2024-09-15T13:10:00.000000,35.943529166667,14.8974465,2,0,0,1,0,0
2024-09-15T13:11:00.000000,35.943526666667,14.897470833333,2,0,0,1,0,0
2024-09-15T13:12:00.000000,35.943521,14.897501,2,0,0,1,0,0
2024-09-15T13:13:00.000000,35.943518,14.897536333333,2,0,0,1,0,0
2024-09-15T13:14:00.000000,35.9435,14.8975815,2,0,0,1,0,0
2024-09-15T13:15:00.000000,35.943470333333,14.897624333333,2,0,0,1,0,0
2024-09-15T13:16:00.000000,35.943444833333,14.897649666667,2,0,0,1,0,0
2024-09-15T13:17:00.000000,35.943422666667,14.897668,2,0,0,1,0,0
2024-09-15T13:18:00.000000,35.943407666667,14.897683333333,2,0,0,1,0,0
2024-09-15T13:19:00.000000,35.943394833333,14.897706333333,2,0,0,1,0,0
2024-09-15T13:20:00.000000,35.9433615,14.897756,2,0,0,1,0,0
2024-09-15T13:21:00.000000,35.943311666667,14.897832166667,2,0,0,1,0,0
2024-09-15T13:22:00.000000,35.9432755,14.897886,2,0,0,1,0,0
2024-09-15T13:23:00.000000,35.9432345,14.897933666667,2,0,0,1,0,0
2024-09-15T13:24:00.000000,35.943187666667,14.897978666667,2,0,0,1,0,0
2024-09-15T13:25:00.000000,35.9431275,14.898007666667,2,0,0,1,0,0
2024-09-15T13:26:00.000000,35.943072166667,14.898001333333,2,0,0,1,0,0
2024-09-15T13:27:00.000000,35.9430365,14.897944666667,2,0,0,1,0,0
2024-09-15T13:28:00.000000,35.943046166667,14.897881333333,2,0,0,1,0,0
2024-09-15T13:29:00.000000,35.943075166667,14.8978515,2,0,0,1,0,0
2024-09-15T13:30:00.000000,35.943091166667,14.897857833333,2,0,0,1,0,0
2024-09-15T13:31:00.000000,35.943103666667,14.897887166667,2,0,0,1,0,0
2024-09-15T13:32:00.000000,35.943104,14.897932,2,0,0,1,0,0
2024-09-15T13:33:00.000000,35.943098,14.8979815,2,0,0,1,0,0
2024-09-15T13:34:00.000000,35.943066166667,14.898044833333,2,0,0,1,0,0
2024-09-15T13:35:00.000000,35.943015666667,14.898118666667,2,0,0,1,0,0
2024-09-15T13:36:00.000000,35.942954,14.898178333333,2,0,0,1,0,0
2024-09-15T13:37:00.000000,35.942882833333,14.8982295,2,0,0,1,0,0
2024-09-15T13:38:00.000000,35.9428355,14.8982145,2,0,0,1,0,0
2024-09-15T13:39:00.000000,35.9428025,14.898184333333,2,0,0,1,0,0
2024-09-15T13:40:00.000000,35.942810666667,14.8981525,2,0,0,1,0,0
2024-09-15T13:41:00.000000,35.9428525,14.898142333333,2,0,0,1,0,0
2024-09-15T13:42:00.000000,35.942904333333,14.898157666667,2,0,0,1,0,0
2024-09-15T13:43:00.000000,35.942944833333,14.898194,2,0,0,1,0,0
2024-09-15T13:44:00.000000,35.942959333333,14.898236333333,2,0,0,1,0,0
2024-09-15T13:45:00.000000,35.942956166667,14.898267333333,2,0,0,1,0,0
2024-09-15T13:46:00.000000,35.942913666667,14.898305666667,2,0,0,1,0,0
2024-09-15T13:47:00.000000,35.942871166667,14.898315166667,2,0,0,1,0,0
2024-09-15T13:48:00.000000,35.942853,14.8983025,2,0,0,1,0,0
2024-09-15T13:49:00.000000,35.942864833333,14.898251333333,2,0,0,1,0,0
2024-09-15T13:50:00.000000,35.942908666667,14.898180166667,2,0,0,1,0,0
2024-09-15T13:51:00.000000,35.942960333333,14.898133666667,2,0,0,1,0,0
2024-09-15T13:52:00.000000,35.942995,14.898121833333,2,0,0,1,0,0
2024-09-15T13:53:00.000000,35.943012333333,14.898114166667,2,0,0,1,0,0
2024-09-15T13:54:00.000000,35.943019333333,14.898109833333,2,0,0,1,0,0
2024-09-15T13:55:00.000000,35.943021666667,14.898097,2,0,0,1,0,0
2024-09-15T13:56:00.000000,35.943004666667,14.898095166667,2,0,0,1,0,0
2024-09-15T13:57:00.000000,35.942974666667,14.898100666667,2,0,0,1,0,0
2024-09-15T13:58:00.000000,35.942952833333,14.898097833333,2,0,0,1,0,0
2024-09-15T13:59:00.000000,35.9429465,14.898080666667,2,0,0,1,0,0
2024-09-15T14:00:00.000000,35.942961333333,14.8980695,2,0,0,1,0,0
2024-09-15T14:01:00.000000,35.942987333333,14.898056166667,2,0,0,1,0,0
2024-09-15T14:02:00.000000,35.943029166667,14.8980435,2,0,0,1,0,0
2024-09-15T14:03:00.000000,35.943059,14.898049,2,0,0,1,0,0
2024-09-15T14:04:00.000000,35.943077166667,14.898052166667,2,0,0,1,0,0
2024-09-15T14:05:00.000000,35.943092333333,14.898051666667,2,0,0,1,0,0
2024-09-15T14:06:00.000000,35.943102666667,14.898059,2,0,0,1,0,0
2024-09-15T14:07:00.000000,35.943108666667,14.898062666667,2,0,0,1,0,0
2024-09-15T14:08:00.000000,35.943112666667,14.898070833333,2,0,0,1,0,0
2024-09-15T14:09:00.000000,35.9431175,14.8980555,2,0,0,1,0,0
2024-09-15T14:10:00.000000,35.943114,14.89804,2,0,0,1,0,0
2024-09-15T14:11:00.000000,35.943097166667,14.898035166667,2,0,0,1,0,0
2024-09-15T14:12:00.000000,35.943081166667,14.898034833333,2,0,0,1,0,0
2024-09-15T14:13:00.000000,35.943056,14.8980345,2,0,0,1,0,0
2024-09-15T14:14:00.000000,35.9430195,14.898019333333,2,0,0,1,0,0
2024-09-15T14:15:00.000000,35.9429875,14.8979905,2,0,0,1,0,0
2024-09-15T14:16:00.000000,35.942971333333,14.897945666667,2,0,0,1,0,0
2024-09-15T14:17:00.000000,35.942974666667,14.897907833333,2,0,0,1,0,0
2024-09-15T14:18:00.000000,35.942995166667,14.897873333333,2,0,0,1,0,0
2024-09-15T14:19:00.000000,35.943020833333,14.897855666667,2,0,0,1,0,0
2024-09-15T14:20:00.000000,35.9430405,14.8978525,2,0,0,1,0,0
2024-09-15T14:21:00.000000,35.943070166667,14.897839333333,2,0,0,1,0,0
2024-09-15T14:22:00.000000,35.943104666667,14.897810666667,2,0,0,1,0,0
2024-09-15T14:23:00.000000,35.9431295,14.897798,2,0,0,1,0,0
2024-09-15T14:24:00.000000,35.94315,14.897775,2,0,0,1,0,0
2024-09-15T14:25:00.000000,35.943163833333,14.897751833333,2,0,0,1,0,0
2024-09-15T14:26:00.000000,35.943180666667,14.897721333333,2,0,0,1,0,0
2024-09-15T14:27:00.000000,35.943193,14.897699833333,2,0,0,1,0,0
2024-09-15T14:28:00.000000,35.943197,14.897672,2,0,0,1,0,0
2024-09-15T14:29:00.000000,35.9432095,14.897630333333,2,0,0,1,0,0
2024-09-15T14:30:00.000000,35.9432435,14.897571,2,0,0,1,0,0
2024-09-15T14:31:00.000000,35.943302,14.897476833333,2,0,0,1,0,0
2024-09-15T14:32:00.000000,35.943356666667,14.897409,2,0,0,1,0,0
2024-09-15T14:33:00.000000,35.943397,14.897370666667,2,0,0,1,0,0
2024-09-15T14:34:00.000000,35.943421333333,14.897351333333,2,0,0,1,0,0
2024-09-15T14:35:00.000000,35.943434833333,14.897340333333,2,0,0,1,0,0
2024-09-15T14:36:00.000000,35.943432333333,14.8973375,2,0,0,1,0,0
2024-09-15T14:37:00.000000,35.943401833333,14.897326,2,0,0,1,0,0
2024-09-15T14:38:00.000000,35.943366333333,14.8972955,2,0,0,1,0,0
2024-09-15T14:39:00.000000,35.943345166667,14.897259,2,0,0,1,0,0
2024-09-15T14:40:00.000000,35.9433455,14.897230333333,2,0,0,1,0,0
2024-09-15T14:41:00.000000,35.943360833333,14.897222166667,2,0,0,1,0,0
2024-09-15T14:42:00.000000,35.943383333333,14.8972315,2,0,0,1,0,0
2024-09-15T14:43:00.000000,35.943412666667,14.897255666667,2,0,0,1,0,0
2024-09-15T14:44:00.000000,35.943445,14.897289333333,2,0,0,1,0,0
2024-09-15T14:45:00.000000,35.943463333333,14.897331833333,2,0,0,1,0,0
2024-09-15T14:46:00.000000,35.943458166667,14.897370166667,2,0,0,1,0,0
2024-09-15T14:47:00.000000,35.9434435,14.897404833333,2,0,0,1,0,0
2024-09-15T14:48:00.000000,35.943413833333,14.897439166667,2,0,0,1,0,0
2024-09-15T14:49:00.000000,35.9433815,14.8974655,2,0,0,1,0,0
2024-09-15T14:50:00.000000,35.943348,14.897472,2,0,0,1,0,0
2024-09-15T14:51:00.000000,35.943313666667,14.897468833333,2,0,0,1,0,0
2024-09-15T14:52:00.000000,35.94328,14.897461,2,0,0,1,0,0
2024-09-15T14:53:00.000000,35.943256166667,14.897446666667,2,0,0,1,0,0
2024-09-15T14:54:00.000000,35.9432475,14.897433833333,2,0,0,1,0,0
2024-09-15T14:55:00.000000,35.94325,14.897421833333,2,0,0,1,0,0
2024-09-15T14:56:00.000000,35.943259666667,14.897413666667,2,0,0,1,0,0
2024-09-15T14:57:00.000000,35.943284833333,14.8973935,2,0,0,1,0,0
2024-09-15T14:58:00.000000,35.943326,14.897369166667,2,0,0,1,0,0
2024-09-15T14:59:00.000000,35.943362833333,14.897345666667,2,0,0,1,0,0
2024-09-15T15:00:00.000000,35.943397333333,14.897319833333,2,0,0,1,0,0
2024-09-15T15:01:00.000000,35.9434265,14.897294166667,2,0,0,1,0,0
2024-09-15T15:02:00.000000,35.943441666667,14.897272166667,2,0,0,1,0,0
2024-09-15T15:03:00.000000,35.9434515,14.897245833333,2,0,0,1,0,0
2024-09-15T15:04:00.000000,35.943457666667,14.897204833333,2,0,0,1,0,0
2024-09-15T15:05:00.000000,35.943478666667,14.897153666667,2,0,0,1,0,0
2024-09-15T15:06:00.000000,35.943522,14.8971085,2,0,0,1,0,0
2024-09-15T15:07:00.000000,35.943564166667,14.897084333333,2,0,0,1,0,0
2024-09-15T15:08:00.000000,35.943592,14.897088666667,2,0,0,1,0,0
2024-09-15T15:09:00.000000,35.94361,14.897099666667,2,0,0,1,0,0
2024-09-15T15:10:00.000000,35.943626333333,14.8971085,2,0,0,1,0,0
2024-09-15T15:11:00.000000,35.943630666667,14.897129333333,2,0,0,1,0,0
2024-09-15T15:12:00.000000,35.943622,14.897154166667,2,0,0,1,0,0
2024-09-15T15:13:00.000000,35.943603666667,14.8971755,2,0,0,1,0,0
2024-09-15T15:14:00.000000,35.943586833333,14.897193,2,0,0,1,0,0
2024-09-15T15:15:00.000000,35.9435735,14.8971975,2,0,0,1,0,0
2024-09-15T15:16:00.000000,35.9435635,14.897193166667,2,0,0,1,0,0
2024-09-15T15:17:00.000000,35.943558,14.8971865,2,0,0,1,0,0
2024-09-15T15:18:00.000000,35.943551333333,14.897164333333,2,0,0,1,0,0
2024-09-15T15:19:00.000000,35.943565166667,14.897113333333,2,0,0,1,0,0
2024-09-15T15:20:00.000000,35.9436015,14.8970565,2,0,0,1,0,0
2024-09-15T15:21:00.000000,35.943655666667,14.8970115,2,0,0,1,0,0
2024-09-15T15:22:00.000000,35.9437125,14.896996166667,2,0,0,1,0,0
2024-09-15T15:23:00.000000,35.943773333333,14.897002166667,2,0,0,1,0,0
2024-09-15T15:24:00.000000,35.943819166667,14.897025,2,0,0,1,0,0
2024-09-15T15:25:00.000000,35.943850166667,14.8970525,2,0,0,1,0,0
2024-09-15T15:26:00.000000,35.943866666667,14.897081833333,2,0,0,1,0,0
2024-09-15T15:27:00.000000,35.9438705,14.897108833333,2,0,0,1,0,0
2024-09-15T15:28:00.000000,35.943859166667,14.897132333333,2,0,0,1,0,0
2024-09-15T15:29:00.000000,35.943834833333,14.897152166667,2,0,0,1,0,0
2024-09-15T15:30:00.000000,35.943795166667,14.8971605,2,0,0,1,0,0
2024-09-15T15:31:00.000000,35.9437355,14.897170333333,2,0,0,1,0,0
2024-09-15T15:32:00.000000,35.943655333333,14.897182666667,2,0,0,1,0,0
2024-09-15T15:33:00.000000,35.943573,14.8971875,2,0,0,1,0,0
2024-09-15T15:34:00.000000,35.943501666667,14.897183833333,2,0,0,1,0,0
2024-09-15T15:35:00.000000,35.943454833333,14.897179333333,2,0,0,1,0,0
2024-09-15T15:36:00.000000,35.943437333333,14.897168166667,2,0,0,1,0,0
2024-09-15T15:37:00.000000,35.9434565,14.8971445,2,0,0,1,0,0
2024-09-15T15:38:00.000000,35.943513833333,14.897116833333,2,0,0,1,0,0
2024-09-15T15:39:00.000000,35.943565666667,14.897109666667,2,0,0,1,0,0
2024-09-15T15:40:00.000000,35.943597166667,14.897119333333,2,0,0,1,0,0
2024-09-15T15:41:00.000000,35.943613833333,14.897137833333,2,0,0,1,0,0
2024-09-15T15:42:00.000000,35.943634166667,14.897147833333,2,0,0,1,0,0
2024-09-15T15:43:00.000000,35.9436455,14.897148833333,2,0,0,1,0,0
2024-09-15T15:44:00.000000,35.9436525,14.897147333333,2,0,0,1,0,0
2024-09-15T15:45:00.000000,35.943664666667,14.897126,2,0,0,1,0,0
2024-09-15T15:46:00.000000,35.943667,14.897116166667,2,0,0,1,0,0
2024-09-15T15:47:00.000000,35.943651666667,14.897110833333,2,0,0,1,0,0
2024-09-15T15:48:00.000000,35.943639333333,14.897095166667,2,0,0,1,0,0
2024-09-15T15:49:00.000000,35.943632,14.897080833333,2,0,0,1,0,0
2024-09-15T15:50:00.000000,35.943618666667,14.897082333333,2,0,0,1,0,0
2024-09-15T15:51:00.000000,35.943605333333,14.897084,2,0,0,1,0,0
2024-09-15T15:52:00.000000,35.943605,14.897089833333,2,0,0,1,0,0
2024-09-15T15:53:00.000000,35.9436265,14.897082333333,2,0,0,1,0,0
2024-09-15T15:54:00.000000,35.9436465,14.897088833333,2,0,0,1,0,0
2024-09-15T15:55:00.000000,35.943662,14.897108333333,2,0,0,1,0,0
2024-09-15T15:56:00.000000,35.943674,14.897127,2,0,0,1,0,0
2024-09-15T15:57:00.000000,35.943672833333,14.897152,2,0,0,1,0,0
2024-09-15T15:58:00.000000,35.943665333333,14.897179666667,2,0,0,1,0,0
2024-09-15T15:59:00.000000,35.943649,14.897219833333,2,0,0,1,0,0
2024-09-15T16:00:00.000000,35.943627833333,14.8972635,2,0,0,1,0,0
2024-09-15T16:01:00.000000,35.943600833333,14.897297,2,0,0,1,0,0
2024-09-15T16:02:00.000000,35.943570666667,14.897328166667,2,0,0,1,0,0
2024-09-15T16:03:00.000000,35.943547333333,14.89734,2,0,0,1,0,0
2024-09-15T16:04:00.000000,35.943536,14.897314,2,0,0,1,0,0
2024-09-15T16:05:00.000000,35.9435325,14.897267666667,2,0,0,1,0,0
2024-09-15T16:06:00.000000,35.9435435,14.897209166667,2,0,0,1,0,0
2024-09-15T16:07:00.000000,35.943574833333,14.897143,2,0,0,1,0,0
2024-09-15T16:08:00.000000,35.9436175,14.8970915,2,0,0,1,0,0
2024-09-15T16:09:00.000000,35.943671166667,14.897056333333,2,0,0,1,0,0
2024-09-15T16:10:00.000000,35.943732166667,14.8970325,2,0,0,1,0,0
2024-09-15T16:11:00.000000,35.943782333333,14.897030666667,2,0,0,1,0,0
2024-09-15T16:12:00.000000,35.943809333333,14.897044833333,2,0,0,1,0,0
2024-09-15T16:13:00.000000,35.943822166667,14.89706,2,0,0,1,0,0
2024-09-15T16:14:00.000000,35.9438285,14.897069166667,2,0,0,1,0,0
2024-09-15T16:15:00.000000,35.9438225,14.897071,2,0,0,1,0,0
2024-09-15T16:16:00.000000,35.943816333333,14.897069666667,2,0,0,1,0,0
2024-09-15T16:17:00.000000,35.9438165,14.897057333333,2,0,0,1,0,0
2024-09-15T16:18:00.000000,35.943823666667,14.8970355,2,0,0,1,0,0
2024-09-15T16:19:00.000000,35.943828,14.897001,2,0,0,1,0,0
2024-09-15T16:20:00.000000,35.943829166667,14.896969333333,2,0,0,1,0,0
2024-09-15T16:21:00.000000,35.9438275,14.896940833333,2,0,0,1,0,0
2024-09-15T16:22:00.000000,35.943827,14.896918833333,2,0,0,1,0,0
2024-09-15T16:23:00.000000,35.943830333333,14.896899,2,0,0,1,0,0
2024-09-15T16:24:00.000000,35.943828,14.896873833333,2,0,0,1,0,0
2024-09-15T16:25:00.000000,35.943827666667,14.896832333333,2,0,0,1,0,0
2024-09-15T16:26:00.000000,35.943837333333,14.896794666667,2,0,0,1,0,0
2024-09-15T16:27:00.000000,35.943867333333,14.896758833333,2,0,0,1,0,0
2024-09-15T16:28:00.000000,35.943907666667,14.896734666667,2,0,0,1,0,0
2024-09-15T16:29:00.000000,35.943949833333,14.896738333333,2,0,0,1,0,0
2024-09-15T16:30:00.000000,35.943983833333,14.8967645,2,0,0,1,0,0
2024-09-15T16:31:00.000000,35.944006,14.8968005,2,0,0,1,0,0
2024-09-15T16:32:00.000000,35.944011833333,14.896840666667,2,0,0,1,0,0
2024-09-15T16:33:00.000000,35.944002166667,14.896885,2,0,0,1,0,0
2024-09-15T16:34:00.000000,35.943980666667,14.896927833333,2,0,0,1,0,0
2024-09-15T16:35:00.000000,35.943952666667,14.896957166667,2,0,0,1,0,0
2024-09-15T16:36:00.000000,35.943929833333,14.896964333333,2,0,0,1,0,0
2024-09-15T16:37:00.000000,35.943907166667,14.896954833333,2,0,0,1,0,0
2024-09-15T16:38:00.000000,35.9438845,14.896933,2,0,0,1,0,0
2024-09-15T16:39:00.000000,35.943869,14.896896333333,2,0,0,1,0,0
2024-09-15T16:40:00.000000,35.943848333333,14.8968665,2,0,0,1,0,0
2024-09-15T16:41:00.000000,35.943821166667,14.896848166667,2,0,0,1,0,0
2024-09-15T16:42:00.000000,35.943795166667,14.896836666667,2,0,0,1,0,0
2024-09-15T16:43:00.000000,35.9437785,14.8968295,2,0,0,1,0,0
2024-09-15T16:44:00.000000,35.94377,14.896819833333,2,0,0,1,0,0
2024-09-15T16:45:00.000000,35.943777333333,14.896817,2,0,0,1,0,0
2024-09-15T16:46:00.000000,35.943804333333,14.896815833333,2,0,0,1,0,0
2024-09-15T16:47:00.000000,35.943840166667,14.896824333333,2,0,0,1,0,0
2024-09-15T16:48:00.000000,35.943868666667,14.896851833333,2,0,0,1,0,0
2024-09-15T16:49:00.000000,35.943868,14.896883,2,0,0,1,0,0
2024-09-15T16:50:00.000000,35.943866,14.896911666667,2,0,0,1,0,0
2024-09-15T16:51:00.000000,35.943860833333,14.896938166667,2,0,0,1,0,0
2024-09-15T16:52:00.000000,35.943867166667,14.8969515,2,0,0,1,0,0
2024-09-15T16:53:00.000000,35.943879,14.896955166667,2,0,0,1,0,0
2024-09-15T16:54:00.000000,35.943889333333,14.896964833333,2,0,0,1,0,0
2024-09-15T16:55:00.000000,35.943892833333,14.8969765,2,0,0,1,0,0
2024-09-15T16:56:00.000000,35.943895166667,14.8969825,2,0,0,1,0,0
2024-09-15T16:57:00.000000,35.943885666667,14.896986833333,2,0,0,1,0,0
2024-09-15T16:58:00.000000,35.943860333333,14.896992,2,0,0,1,0,0
2024-09-15T16:59:00.000000,35.9438375,14.896992833333,2,0,0,1,0,0
2024-09-15T17:00:00.000000,35.943821666667,14.896985666667,2,0,0,1,0,0
2024-09-15T17:01:00.000000,35.943819666667,14.896963333333,2,0,0,1,0,0
2024-09-15T17:02:00.000000,35.943811166667,14.8969545,2,0,0,1,0,0
2024-09-15T17:03:00.000000,35.943800666667,14.896955166667,2,0,0,1,0,0
2024-09-15T17:04:00.000000,35.943790833333,14.8969685,2,0,0,1,0,0
2024-09-15T17:05:00.000000,35.9437845,14.896986333333,2,0,0,1,0,0
2024-09-15T17:06:00.000000,35.943780166667,14.897003333333,2,0,0,1,0,0
2024-09-15T17:07:00.000000,35.943781666667,14.897020833333,2,0,0,1,0,0
2024-09-15T17:08:00.000000,35.9437925,14.897035,2,0,0,1,0,0
2024-09-15T17:09:00.000000,35.9438045,14.897057833333,2,0,0,1,0,0
2024-09-15T17:10:00.000000,35.943816333333,14.8970875,2,0,0,1,0,0
2024-09-15T17:11:00.000000,35.943823166667,14.8971245,2,0,0,1,0,0
2024-09-15T17:12:00.000000,35.943815166667,14.8971625,2,0,0,1,0,0
2024-09-15T17:13:00.000000,35.943800333333,14.897195666667,2,0,0,1,0,0
2024-09-15T17:14:00.000000,35.943796666667,14.897206666667,2,0,0,1,0,0
2024-09-15T17:15:00.000000,35.943805833333,14.897190833333,2,0,0,1,0,0
2024-09-15T17:16:00.000000,35.943814833333,14.897171,2,0,0,1,0,0
2024-09-15T17:17:00.000000,35.943816333333,14.897161666667,2,0,0,1,0,0
2024-09-15T17:18:00.000000,35.943815666667,14.8971545,2,0,0,1,0,0
2024-09-15T17:19:00.000000,35.943825,14.897139666667,2,0,0,1,0,0
2024-09-15T17:20:00.000000,35.943832166667,14.897128666667,2,0,0,1,0,0
2024-09-15T17:21:00.000000,35.943843333333,14.897108666667,2,0,0,1,0,0
2024-09-15T17:22:00.000000,35.943858333333,14.897083833333,2,0,0,1,0,0
2024-09-15T17:23:00.000000,35.943871166667,14.897065166667,2,0,0,1,0,0
2024-09-15T17:24:00.000000,35.943877,14.897036166667,2,0,0,1,0,0
2024-09-15T17:25:00.000000,35.943878833333,14.897011333333,2,0,0,1,0,0
2024-09-15T17:26:00.000000,35.943877,14.896987333333,2,0,0,1,0,0
2024-09-15T17:27:00.000000,35.943862333333,14.8969615,2,0,0,1,0,0
2024-09-15T17:28:00.000000,35.943842833333,14.8969425,2,0,0,1,0,0
2024-09-15T17:29:00.000000,35.943829166667,14.8969245,2,0,0,1,0,0
2024-09-15T17:30:00.000000,35.943825333333,14.896902333333,2,0,0,1,0,0
2024-09-15T17:31:00.000000,35.943826,14.896893,2,0,0,1,0,0
2024-09-15T17:32:00.000000,35.9438435,14.896865,2,0,0,1,0,0
2024-09-15T17:33:00.000000,35.943877833333,14.896832166667,2,0,0,1,0,0
2024-09-15T17:34:00.000000,35.943910166667,14.896808166667,2,0,0,1,0,0
2024-09-15T17:35:00.000000,35.943944,14.896791666667,2,0,0,1,0,0
2024-09-15T17:36:00.000000,35.943981166667,14.896778333333,2,0,0,1,0,0
2024-09-15T17:37:00.000000,35.9440195,14.8967735,2,0,0,1,0,0
2024-09-15T17:38:00.000000,35.944047166667,14.896772666667,2,0,0,1,0,0
2024-09-15T17:39:00.000000,35.944062666667,14.896771833333,2,0,0,1,0,0
2024-09-15T17:40:00.000000,35.944065666667,14.896773,2,0,0,1,0,0
2024-09-15T17:41:00.000000,35.944048333333,14.896778333333,2,0,0,1,0,0
2024-09-15T17:42:00.000000,35.944010666667,14.896789333333,2,0,0,1,0,0
2024-09-15T17:43:00.000000,35.943969166667,14.896802,2,0,0,1,0,0
2024-09-15T17:44:00.000000,35.943913833333,14.8968125,2,0,0,1,0,0
2024-09-15T17:45:00.000000,35.943860833333,14.896807833333,2,0,0,1,0,0
2024-09-15T17:46:00.000000,35.943813333333,14.89681,2,0,0,1,0,0
2024-09-15T17:47:00.000000,35.943780833333,14.896817333333,2,0,0,1,0,0
2024-09-15T17:48:00.000000,35.9437645,14.896826833333,2,0,0,1,0,0
2024-09-15T17:49:00.000000,35.94376,14.896845,2,0,0,1,0,0
2024-09-15T17:50:00.000000,35.943766333333,14.896867833333,2,0,0,1,0,0
2024-09-15T17:51:00.000000,35.943780833333,14.896887166667,2,0,0,1,0,0
2024-09-15T17:52:00.000000,35.943798333333,14.896907166667,2,0,0,1,0,0
2024-09-15T17:53:00.000000,35.943816833333,14.896930333333,2,0,0,1,0,0
2024-09-15T17:54:00.000000,35.943834833333,14.896951666667,2,0,0,1,0,0
2024-09-15T17:55:00.000000,35.943855333333,14.896971166667,2,0,0,1,0,0
2024-09-15T17:56:00.000000,35.943866166667,14.896989833333,2,0,0,1,0,0
2024-09-15T17:57:00.000000,35.943869166667,14.897005166667,2,0,0,1,0,0
2024-09-15T17:58:00.000000,35.943874666667,14.897004166667,2,0,0,1,0,0
2024-09-15T17:59:00.000000,35.943872666667,14.896991333333,2,0,0,1,0,0
2024-09-15T18:00:00.000000,35.9438675,14.8969725,2,0,0,1,0,0
2024-09-15T18:01:00.000000,35.943859833333,14.896954833333,2,0,0,1,0,0
2024-09-15T18:02:00.000000,35.9438525,14.896937666667,2,0,0,1,0,0
2024-09-15T18:03:00.000000,35.943844333333,14.896928,2,0,0,1,0,0
2024-09-15T18:04:00.000000,35.943840166667,14.8969185,2,0,0,1,0,0
2024-09-15T18:05:00.000000,35.943835,14.896914166667,2,0,0,1,0,0
2024-09-15T18:06:00.000000,35.943821666667,14.896908166667,2,0,0,1,0,0
2024-09-15T18:07:00.000000,35.943809833333,14.896894666667,2,0,0,1,0,0
2024-09-15T18:08:00.000000,35.943825833333,14.896868666667,2,0,0,1,0,0
2024-09-15T18:09:00.000000,35.943859333333,14.896843166667,2,0,0,1,0,0
2024-09-15T18:10:00.000000,35.943899666667,14.896829333333,2,0,0,1,0,0
2024-09-15T18:11:00.000000,35.943932,14.896827,2,0,0,1,0,0
2024-09-15T18:12:00.000000,35.943962,14.8968355,2,0,0,1,0,0
2024-09-15T18:13:00.000000,35.943988,14.896851666667,2,0,0,1,0,0
2024-09-15T18:14:00.000000,35.943991333333,14.896881333333,2,0,0,1,0,0
2024-09-15T18:15:00.000000,35.943967333333,14.8969175,2,0,0,1,0,0
2024-09-15T18:16:00.000000,35.943923666667,14.896966833333,2,0,0,1,0,0
2024-09-15T18:17:00.000000,35.9438685,14.897026,2,0,0,1,0,0
2024-09-15T18:18:00.000000,35.943790666667,14.8970945,2,0,0,1,0,0
2024-09-15T18:19:00.000000,35.943719166667,14.897162,2,0,0,1,0,0
2024-09-15T18:20:00.000000,35.9436685,14.8972105,2,0,0,1,0,0
2024-09-15T18:21:00.000000,35.943628,14.897239666667,2,0,0,1,0,0
2024-09-15T18:22:00.000000,35.943611666667,14.897242833333,2,0,0,1,0,0
2024-09-15T18:23:00.000000,35.943609333333,14.897227166667,2,0,0,1,0,0
2024-09-15T18:24:00.000000,35.943619666667,14.897183,2,0,0,1,0,0
2024-09-15T18:25:00.000000,35.943639666667,14.897131,2,0,0,1,0,0
2024-09-15T18:26:00.000000,35.943661166667,14.897080166667,2,0,0,1,0,0
2024-09-15T18:27:00.000000,35.943692333333,14.897033833333,2,0,0,1,0,0
2024-09-15T18:28:00.000000,35.943737666667,14.8969895,2,0,0,1,0,0
2024-09-15T18:29:00.000000,35.943785666667,14.896937833333,2,0,0,1,0,0
2024-09-15T18:30:00.000000,35.943841,14.896894666667,2,0,0,1,0,0
2024-09-15T18:31:00.000000,35.9438865,14.896868333333,2,0,0,1,0,0
2024-09-15T18:32:00.000000,35.943916333333,14.8968545,2,0,0,1,0,0
2024-09-15T18:33:00.000000,35.94393,14.896842666667,2,0,0,1,0,0
2024-09-15T18:34:00.000000,35.943941,14.896835833333,2,0,0,1,0,0
2024-09-15T18:35:00.000000,35.943947,14.896836333333,2,0,0,1,0,0
2024-09-15T18:36:00.000000,35.943946666667,14.896837666667,2,0,0,1,0,0
2024-09-15T18:37:00.000000,35.943944166667,14.896840833333,2,0,0,1,0,0
2024-09-15T18:38:00.000000,35.943941333333,14.896846833333,2,0,0,1,0,0
2024-09-15T18:39:00.000000,35.943938,14.896860333333,2,0,0,1,0,0
2024-09-15T18:40:00.000000,35.943940333333,14.896873333333,2,0,0,1,0,0
2024-09-15T18:41:00.000000,35.9439425,14.896885833333,2,0,0,1,0,0
2024-09-15T18:42:00.000000,35.943945166667,14.896897666667,2,0,0,1,0,0
2024-09-15T18:43:00.000000,35.943943,14.896909833333,2,0,0,1,0,0
2024-09-15T18:44:00.000000,35.943949166667,14.896907333333,2,0,0,1,0,0
2024-09-15T18:45:00.000000,35.943957666667,14.896890333333,2,0,0,1,0,0
2024-09-15T18:46:00.000000,35.943965833333,14.896879666667,2,0,0,1,0,0
2024-09-15T18:47:00.000000,35.943979166667,14.896869,2,0,0,1,0,0
2024-09-15T18:48:00.000000,35.9439885,14.896867333333,2,0,0,1,0,0
2024-09-15T18:49:00.000000,35.9439875,14.896853833333,2,0,0,1,0,0
2024-09-15T18:50:00.000000,35.9439895,14.896828333333,2,0,0,1,0,0
2024-09-15T18:51:00.000000,35.943996,14.896805,2,0,0,1,0,0
2024-09-15T18:52:00.000000,35.944004,14.896783833333,2,0,0,1,0,0
2024-09-15T18:53:00.000000,35.944027333333,14.896756166667,2,0,0,1,0,0
2024-09-15T18:54:00.000000,35.944066666667,14.8967265,2,0,0,1,0,0
2024-09-15T18:55:00.000000,35.944111833333,14.896711333333,2,0,0,1,0,0
2024-09-15T18:56:00.000000,35.9441525,14.896714333333,2,0,0,1,0,0
2024-09-15T18:57:00.000000,35.944184833333,14.8967235,2,0,0,1,0,0
2024-09-15T18:58:00.000000,35.9442095,14.896741833333,2,0,0,1,0,0
2024-09-15T18:59:00.000000,35.944222333333,14.896763333333,2,0,0,1,0,0
2024-09-15T19:00:00.000000,35.944221,14.896783333333,2,0,0,1,0,0
2024-09-15T19:01:00.000000,35.944192833333,14.896801,2,0,0,1,0,0
2024-09-15T19:02:00.000000,35.9441575,14.8968155,2,0,0,1,0,0
2024-09-15T19:03:00.000000,35.944116333333,14.8968235,2,0,0,1,0,0
2024-09-15T19:04:00.000000,35.944060333333,14.8968305,2,0,0,1,0,0
2024-09-15T19:05:00.000000,35.94401,14.896836,2,0,0,1,0,0
2024-09-15T19:06:00.000000,35.943964666667,14.896839166667,2,0,0,1,0,0
2024-09-15T19:07:00.000000,35.94395,14.8968305,2,0,0,1,0,0
2024-09-15T19:08:00.000000,35.943927333333,14.896825666667,2,0,0,1,0,0
2024-09-15T19:09:00.000000,35.943925,14.896812666667,2,0,0,1,0,0
2024-09-15T19:10:00.000000,35.94394,14.896795,2,0,0,1,0,0
2024-09-15T19:11:00.000000,35.9439605,14.8967805,2,0,0,1,0,0
2024-09-15T19:12:00.000000,35.943984333333,14.8967775,2,0,0,1,0,0
2024-09-15T19:13:00.000000,35.944024333333,14.896774166667,2,0,0,1,0,0
2024-09-15T19:14:00.000000,35.944054833333,14.896779666667,2,0,0,1,0,0
2024-09-15T19:15:00.000000,35.944072,14.896800833333,2,0,0,1,0,0
2024-09-15T19:16:00.000000,35.944087666667,14.896827166667,2,0,0,1,0,0
2024-09-15T19:17:00.000000,35.944081666667,14.896865833333,2,0,0,1,0,0
2024-09-15T19:18:00.000000,35.944073333333,14.896906333333,2,0,0,1,0,0
2024-09-15T19:19:00.000000,35.944056666667,14.896957666667,2,0,0,1,0,0
2024-09-15T19:20:00.000000,35.944037666667,14.897005666667,2,0,0,1,0,0
2024-09-15T19:21:00.000000,35.943993666667,14.897066166667,2,0,0,1,0,0
2024-09-15T19:22:00.000000,35.943968333333,14.897108666667,2,0,0,1,0,0
2024-09-15T19:23:00.000000,35.9439345,14.897149166667,2,0,0,1,0,0
2024-09-15T19:24:00.000000,35.943899833333,14.897177333333,2,0,0,1,0,0
2024-09-15T19:25:00.000000,35.94388,14.897183,2,0,0,1,0,0
2024-09-15T19:26:00.000000,35.94387,14.8971695,2,0,0,1,0,0
2024-09-15T19:27:00.000000,35.943865666667,14.897144166667,2,0,0,1,0,0
2024-09-15T19:28:00.000000,35.943859666667,14.897108833333,2,0,0,1,0,0
2024-09-15T19:29:00.000000,35.943867666667,14.897055833333,2,0,0,1,0,0
2024-09-15T19:30:00.000000,35.943885833333,14.8969915,2,0,0,1,0,0
2024-09-15T19:31:00.000000,35.9439105,14.896919333333,2,0,0,1,0,0
2024-09-15T19:32:00.000000,35.943940166667,14.896851,2,0,0,1,0,0
2024-09-15T19:33:00.000000,35.9439725,14.896790333333,2,0,0,1,0,0
2024-09-15T19:34:00.000000,35.944014166667,14.896728166667,2,0,0,1,0,0
2024-09-15T19:35:00.000000,35.944050333333,14.896680333333,2,0,0,1,0,0
2024-09-15T19:36:00.000000,35.944084333333,14.896650833333,2,0,0,1,0,0
2024-09-15T19:37:00.000000,35.944118833333,14.896639166667,2,0,0,1,0,0
2024-09-15T19:38:00.000000,35.944146166667,14.896644666667,2,0,0,1,0,0
2024-09-15T19:39:00.000000,35.944158166667,14.896662333333,2,0,0,1,0,0
2024-09-15T19:40:00.000000,35.944166,14.896686166667,2,0,0,1,0,0
2024-09-15T19:41:00.000000,35.944179,14.8967175,2,0,0,1,0,0
2024-09-15T19:42:00.000000,35.944201666667,14.896741666667,2,0,0,1,0,0
2024-09-15T19:43:00.000000,35.9442185,14.896767333333,2,0,0,1,0,0
2024-09-15T19:44:00.000000,35.944228333333,14.896791166667,2,0,0,1,0,0
2024-09-15T19:45:00.000000,35.944226666667,14.896803666667,2,0,0,1,0,0
2024-09-15T19:46:00.000000,35.9442115,14.89679,2,0,0,1,0,0
2024-09-15T19:47:00.000000,35.944188166667,14.896742333333,2,0,0,1,0,0
2024-09-15T19:48:00.000000,35.944162666667,14.89667,2,0,0,1,0,0
2024-09-15T19:49:00.000000,35.944139,14.896585666667,2,0,0,1,0,0
2024-09-15T19:50:00.000000,35.944127833333,14.8965015,2,0,0,1,0,0
2024-09-15T19:51:00.000000,35.944132666667,14.896437,2,0,0,1,0,0
2024-09-15T19:52:00.000000,35.944156666667,14.896403166667,2,0,0,1,0,0
2024-09-15T19:53:00.000000,35.944192,14.8964055,2,0,0,1,0,0
2024-09-15T19:54:00.000000,35.9442205,14.896440833333,2,0,0,1,0,0
2024-09-15T19:55:00.000000,35.944219833333,14.896511666667,2,0,0,1,0,0
2024-09-15T19:56:00.000000,35.944197166667,14.8966035,2,0,0,1,0,0
2024-09-15T19:57:00.000000,35.9441515,14.8966975,2,0,0,1,0,0
2024-09-15T19:58:00.000000,35.944094666667,14.896785166667,2,0,0,1,0,0
2024-09-15T19:59:00.000000,35.9440315,14.896868333333,2,0,0,1,0,0
2024-09-15T20:00:00.000000,35.9439665,14.8969485,2,0,0,1,0,0
2024-09-15T20:01:00.000000,35.943902666667,14.897023833333,2,0,0,1,0,0
2024-09-15T20:02:00.000000,35.943841333333,14.897092666667,2,0,0,1,0,0
2024-09-15T20:03:00.000000,35.9437855,14.897147333333,2,0,0,1,0,0
2024-09-15T20:04:00.000000,35.943735833333,14.897185,2,0,0,1,0,0
2024-09-15T20:05:00.000000,35.943695166667,14.897192333333,2,0,0,1,0,0
2024-09-15T20:06:00.000000,35.943666833333,14.897175666667,2,0,0,1,0,0
2024-09-15T20:07:00.000000,35.943650333333,14.897142166667,2,0,0,1,0,0
2024-09-15T20:08:00.000000,35.943662,14.897073,2,0,0,1,0,0
2024-09-15T20:09:00.000000,35.9437055,14.896982166667,2,0,0,1,0,0
2024-09-15T20:10:00.000000,35.9437715,14.8968915,2,0,0,1,0,0
2024-09-15T20:11:00.000000,35.943847,14.8968275,2,0,0,1,0,0
2024-09-15T20:12:00.000000,35.943924333333,14.8967835,2,0,0,1,0,0
2024-09-15T20:13:00.000000,35.943984333333,14.896752,2,0,0,1,0,0
2024-09-15T20:14:00.000000,35.944032166667,14.896717333333,2,0,0,1,0,0
2024-09-15T20:15:00.000000,35.94407,14.896675166667,2,0,0,1,0,0
2024-09-15T20:16:00.000000,35.944093666667,14.8966325,2,0,0,1,0,0
2024-09-15T20:17:00.000000,35.944111333333,14.896590333333,2,0,0,1,0,0
2024-09-15T20:18:00.000000,35.944134,14.896551833333,2,0,0,1,0,0
2024-09-15T20:19:00.000000,35.944168833333,14.896517666667,2,0,0,1,0,0
2024-09-15T20:20:00.000000,35.944215166667,14.896488,2,0,0,1,0,0
2024-09-15T20:21:00.000000,35.9442675,14.896468666667,2,0,0,1,0,0
2024-09-15T20:22:00.000000,35.944324833333,14.896458666667,2,0,0,1,0,0
2024-09-15T20:23:00.000000,35.944377666667,14.896453833333,2,0,0,1,0,0
2024-09-15T20:24:00.000000,35.944423166667,14.896457333333,2,0,0,1,0,0
2024-09-15T20:25:00.000000,35.944445666667,14.896451666667,2,0,0,1,0,0
2024-09-15T20:26:00.000000,35.944444666667,14.896448333333,2,0,0,1,0,0
2024-09-15T20:27:00.000000,35.944432,14.896452,2,0,0,1,0,0
2024-09-15T20:28:00.000000,35.9444075,14.8964655,2,0,0,1,0,0
2024-09-15T20:29:00.000000,35.944371333333,14.896489666667,2,0,0,1,0,0
2024-09-15T20:30:00.000000,35.94433,14.8965185,2,0,0,1,0,0
2024-09-15T20:31:00.000000,35.944282333333,14.8965545,2,0,0,1,0,0
2024-09-15T20:32:00.000000,35.944244,14.896579333333,2,0,0,1,0,0
2024-09-15T20:33:00.000000,35.944208,14.8965965,2,0,0,1,0,0
2024-09-15T20:34:00.000000,35.944171833333,14.896606166667,2,0,0,1,0,0
2024-09-15T20:35:00.000000,35.944144333333,14.896600166667,2,0,0,1,0,0
2024-09-15T20:36:00.000000,35.944135666667,14.896588833333,2,0,0,1,0,0
2024-09-15T20:37:00.000000,35.944139,14.896573,2,0,0,1,0,0
2024-09-15T20:38:00.000000,35.944151333333,14.8965575,2,0,0,1,0,0
2024-09-15T20:39:00.000000,35.9441715,14.896540666667,2,0,0,1,0,0
2024-09-15T20:40:00.000000,35.944203,14.896531166667,2,0,0,1,0,0
2024-09-15T20:41:00.000000,35.944235166667,14.896531166667,2,0,0,1,0,0
2024-09-15T20:42:00.000000,35.944276,14.896530333333,2,0,0,1,0,0
2024-09-15T20:43:00.000000,35.944315666667,14.896532833333,2,0,0,1,0,0
2024-09-15T20:44:00.000000,35.944363,14.896537166667,2,0,0,1,0,0
2024-09-15T20:45:00.000000,35.944409,14.896545,2,0,0,1,0,0
2024-09-15T20:46:00.000000,35.9444505,14.896556666667,2,0,0,1,0,0
2024-09-15T20:47:00.000000,35.944488333333,14.896558833333,2,0,0,1,0,0
2024-09-15T20:48:00.000000,35.9445115,14.896558166667,2,0,0,1,0,0
2024-09-15T20:49:00.000000,35.944522166667,14.8965435,2,0,0,1,0,0
2024-09-15T20:50:00.000000,35.9445315,14.896519666667,2,0,0,1,0,0
2024-09-15T20:51:00.000000,35.944536333333,14.8964935,2,0,0,1,0,0
2024-09-15T20:52:00.000000,35.944539833333,14.896467333333,2,0,0,1,0,0
2024-09-15T20:53:00.000000,35.944529333333,14.8964405,2,0,0,1,0,0
2024-09-15T20:54:00.000000,35.944521666667,14.896410666667,2,0,0,1,0,0
2024-09-15T20:55:00.000000,35.944509166667,14.896388666667,2,0,0,1,0,0
2024-09-15T20:56:00.000000,35.944493,14.8963755,2,0,0,1,0,0
2024-09-15T20:57:00.000000,35.944477833333,14.896381666667,2,0,0,1,0,0
2024-09-15T20:58:00.000000,35.944464166667,14.8964075,2,0,0,1,0,0
2024-09-15T20:59:00.000000,35.9444515,14.896446333333,2,0,0,1,0,0
2024-09-15T21:00:00.000000,35.9444415,14.896494333333,2,0,0,1,0,0
2024-09-15T21:01:00.000000,35.9444295,14.896547,2,0,0,1,0,0
2024-09-15T21:02:00.000000,35.944419166667,14.896598166667,2,0,0,1,0,0
2024-09-15T21:03:00.000000,35.944411,14.8966435,2,0,0,1,0,0
2024-09-15T21:04:00.000000,35.9444095,14.896674166667,2,0,0,1,0,0
2024-09-15T21:05:00.000000,35.944411666667,14.896689833333,2,0,0,1,0,0
2024-09-15T21:06:00.000000,35.944415,14.8966915,2,0,0,1,0,0
2024-09-15T21:07:00.000000,35.9444235,14.896674833333,2,0,0,1,0,0
2024-09-15T21:08:00.000000,35.944437666667,14.8966475,2,0,0,1,0,0
2024-09-15T21:09:00.000000,35.9444555,14.896609833333,2,0,0,1,0,0
2024-09-15T21:10:00.000000,35.944475166667,14.896561,2,0,0,1,0,0
2024-09-15T21:11:00.000000,35.944499666667,14.896508333333,2,0,0,1,0,0
2024-09-15T21:12:00.000000,35.944525833333,14.8964535,2,0,0,1,0,0
2024-09-15T21:13:00.000000,35.944557666667,14.896398666667,2,0,0,1,0,0
2024-09-15T21:14:00.000000,35.9445915,14.896356666667,2,0,0,1,0,0
2024-09-15T21:15:00.000000,35.944613166667,14.8963395,2,0,0,1,0,0
2024-09-15T21:16:00.000000,35.944629833333,14.896339833333,2,0,0,1,0,0
2024-09-15T21:17:00.000000,35.944637166667,14.896355833333,2,0,0,1,0,0
2024-09-15T21:18:00.000000,35.944628666667,14.896389333333,2,0,0,1,0,0
2024-09-15T21:19:00.000000,35.944601,14.896431166667,2,0,0,1,0,0
2024-09-15T21:20:00.000000,35.944564,14.896474833333,2,0,0,1,0,0
2024-09-15T21:21:00.000000,35.944524333333,14.896517833333,2,0,0,1,0,0
2024-09-15T21:22:00.000000,35.944488166667,14.896562,2,0,0,1,0,0
2024-09-15T21:23:00.000000,35.944451166667,14.896605333333,2,0,0,1,0,0
2024-09-15T21:24:00.000000,35.944415,14.896643166667,2,0,0,1,0,0
2024-09-15T21:25:00.000000,35.944387166667,14.896668666667,2,0,0,1,0,0
2024-09-15T21:26:00.000000,35.9443585,14.896685,2,0,0,1,0,0
2024-09-15T21:27:00.000000,35.944339833333,14.896687166667,2,0,0,1,0,0
2024-09-15T21:28:00.000000,35.944326333333,14.896671,2,0,0,1,0,0
2024-09-15T21:29:00.000000,35.944315666667,14.896638833333,2,0,0,1,0,0
2024-09-15T21:30:00.000000,35.944320833333,14.896596166667,2,0,0,1,0,0
2024-09-15T21:31:00.000000,35.944329666667,14.8965485,2,0,0,1,0,0
2024-09-15T21:32:00.000000,35.944353333333,14.896491166667,2,0,0,1,0,0
2024-09-15T21:33:00.000000,35.944391833333,14.896433166667,2,0,0,1,0,0
2024-09-15T21:34:00.000000,35.9444395,14.896389333333,2,0,0,1,0,0
2024-09-15T21:35:00.000000,35.944500666667,14.896365333333,2,0,0,1,0,0
2024-09-15T21:36:00.000000,35.944559833333,14.896360666667,2,0,0,1,0,0
2024-09-15T21:37:00.000000,35.944613166667,14.896370333333,2,0,0,1,0,0
2024-09-15T21:38:00.000000,35.9446535,14.896391666667,2,0,0,1,0,0
2024-09-15T21:39:00.000000,35.944677333333,14.896426666667,2,0,0,1,0,0
2024-09-15T21:40:00.000000,35.944685333333,14.896470333333,2,0,0,1,0,0
2024-09-15T21:41:00.000000,35.944675333333,14.896513833333,2,0,0,1,0,0
2024-09-15T21:42:00.000000,35.944651833333,14.896555166667,2,0,0,1,0,0
2024-09-15T21:43:00.000000,35.944624666667,14.896590166667,2,0,0,1,0,0
2024-09-15T21:44:00.000000,35.944600166667,14.896621166667,2,0,0,1,0,0
2024-09-15T21:45:00.000000,35.944576833333,14.896648833333,2,0,0,1,0,0
2024-09-15T21:46:00.000000,35.944548166667,14.896670166667,2,0,0,1,0,0
2024-09-15T21:47:00.000000,35.944512833333,14.896681833333,2,0,0,1,0,0
2024-09-15T21:48:00.000000,35.944469666667,14.896689833333,2,0,0,1,0,0
2024-09-15T21:49:00.000000,35.9444215,14.896690333333,2,0,0,1,0,0
2024-09-15T21:50:00.000000,35.944374833333,14.896678333333,2,0,0,1,0,0
2024-09-15T21:51:00.000000,35.944336666667,14.896656166667,2,0,0,1,0,0
2024-09-15T21:52:00.000000,35.944309666667,14.896621333333,2,0,0,1,0,0
2024-09-15T21:53:00.000000,35.944314333333,14.896561666667,2,0,0,1,0,0
2024-09-15T21:54:00.000000,35.944347333333,14.896496166667,2,0,0,1,0,0
2024-09-15T21:55:00.000000,35.944412,14.896429666667,2,0,0,1,0,0
2024-09-15T21:56:00.000000,35.9444995,14.896381166667,2,0,0,1,0,0
2024-09-15T21:57:00.000000,35.944596833333,14.896358833333,2,0,0,1,0,0
2024-09-15T21:58:00.000000,35.944686833333,14.896366,2,0,0,1,0,0
2024-09-15T21:59:00.000000,35.9447605,14.896393333333,2,0,0,1,0,0
2024-09-15T22:00:00.000000,35.944817333333,14.896432333333,2,0,0,1,0,0
2024-09-15T22:01:00.000000,35.944857833333,14.896469666667,2,0,0,1,0,0
2024-09-15T22:02:00.000000,35.944886833333,14.896502666667,2,0,0,1,0,0
2024-09-15T22:03:00.000000,35.944904833333,14.896528,2,0,0,1,0,0
2024-09-15T22:04:00.000000,35.9449115,14.896541166667,2,0,0,1,0,0
2024-09-15T22:05:00.000000,35.944906333333,14.8965405,2,0,0,1,0,0
2024-09-15T22:06:00.000000,35.944896666667,14.896529,2,0,0,1,0,0
2024-09-15T22:07:00.000000,35.944879,14.896512666667,2,0,0,1,0,0
2024-09-15T22:08:00.000000,35.944855333333,14.896493833333,2,0,0,1,0,0
2024-09-15T22:09:00.000000,35.944825166667,14.896468333333,2,0,0,1,0,0
2024-09-15T22:10:00.000000,35.944787833333,14.896443,2,0,0,1,0,0
2024-09-15T22:11:00.000000,35.944742666667,14.896414833333,2,0,0,1,0,0
2024-09-15T22:12:00.000000,35.944699333333,14.896392833333,2,0,0,1,0,0
2024-09-15T22:13:00.000000,35.944658666667,14.896376666667,2,0,0,1,0,0
2024-09-15T22:14:00.000000,35.944627,14.896370833333,2,0,0,1,0,0
2024-09-15T22:15:00.000000,35.9446085,14.896376666667,2,0,0,1,0,0
2024-09-15T22:16:00.000000,35.944616666667,14.896391666667,2,0,0,1,0,0
2024-09-15T22:17:00.000000,35.944632333333,14.896413333333,2,0,0,1,0,0
2024-09-15T22:18:00.000000,35.944656,14.8964395,2,0,0,1,0,0
2024-09-15T22:19:00.000000,35.944679,14.896462833333,2,0,0,1,0,0
2024-09-15T22:20:00.000000,35.944717166667,14.896485166667,2,0,0,1,0,0
2024-09-15T22:21:00.000000,35.944756333333,14.896501,2,0,0,1,0,0
2024-09-15T22:22:00.000000,35.944791166667,14.896515333333,2,0,0,1,0,0
2024-09-15T22:23:00.000000,35.9448255,14.89652,2,0,0,1,0,0
2024-09-15T22:24:00.000000,35.944847666667,14.8965185,2,0,0,1,0,0
2024-09-15T22:25:00.000000,35.944865333333,14.896512166667,2,0,0,1,0,0
2024-09-15T22:26:00.000000,35.944866333333,14.896498833333,2,0,0,1,0,0
2024-09-15T22:27:00.000000,35.944862833333,14.896483333333,2,0,0,1,0,0
2024-09-15T22:28:00.000000,35.944850166667,14.8964645,2,0,0,1,0,0
2024-09-15T22:29:00.000000,35.944830333333,14.896434666667,2,0,0,1,0,0
2024-09-15T22:30:00.000000,35.944811,14.896404,2,0,0,1,0,0
2024-09-15T22:31:00.000000,35.944786333333,14.896378,2,0,0,1,0,0
2024-09-15T22:32:00.000000,35.944762833333,14.896361166667,2,0,0,1,0,0
2024-09-15T22:33:00.000000,35.944744666667,14.896355666667,2,0,0,1,0,0
2024-09-15T22:34:00.000000,35.944742666667,14.8963585,2,0,0,1,0,0
2024-09-15T22:35:00.000000,35.944745666667,14.896369666667,2,0,0,1,0,0
2024-09-15T22:36:00.000000,35.9447525,14.8963935,2,0,0,1,0,0
2024-09-15T22:37:00.000000,35.944760166667,14.8964275,2,0,0,1,0,0
2024-09-15T22:38:00.000000,35.944767333333,14.896466833333,2,0,0,1,0,0
2024-09-15T22:39:00.000000,35.944770666667,14.896501833333,2,0,0,1,0,0
2024-09-15T22:40:00.000000,35.944762666667,14.896538166667,2,0,0,1,0,0
2024-09-15T22:41:00.000000,35.944749,14.896573833333,2,0,0,1,0,0
2024-09-15T22:42:00.000000,35.944728,14.896604833333,2,0,0,1,0,0
2024-09-15T22:43:00.000000,35.944695166667,14.896631833333,2,0,0,1,0,0
2024-09-15T22:44:00.000000,35.9446585,14.896654333333,2,0,0,1,0,0
2024-09-15T22:45:00.000000,35.944619333333,14.896667666667,2,0,0,1,0,0
2024-09-15T22:46:00.000000,35.944576666667,14.8966715,2,0,0,1,0,0
2024-09-15T22:47:00.000000,35.944526666667,14.896664333333,2,0,0,1,0,0
2024-09-15T22:48:00.000000,35.944469,14.8966535,2,0,0,1,0,0
2024-09-15T22:49:00.000000,35.944407666667,14.896641666667,2,0,0,1,0,0
2024-09-15T22:50:00.000000,35.944347,14.896631333333,2,0,0,1,0,0
2024-09-15T22:51:00.000000,35.944293666667,14.896620333333,2,0,0,1,0,0
2024-09-15T22:52:00.000000,35.9442505,14.896604,2,0,0,1,0,0
2024-09-15T22:53:00.000000,35.944229166667,14.896578166667,2,0,0,1,0,0
2024-09-15T22:54:00.000000,35.944246666667,14.896542,2,0,0,1,0,0
2024-09-15T22:55:00.000000,35.944278,14.896513333333,2,0,0,1,0,0
2024-09-15T22:56:00.000000,35.944338166667,14.8964885,2,0,0,1,0,0
2024-09-15T22:57:00.000000,35.9444115,14.896481666667,2,0,0,1,0,0
2024-09-15T22:58:00.000000,35.9444925,14.896489,2,0,0,1,0,0
2024-09-15T22:59:00.000000,35.944552333333,14.896518666667,2,0,0,1,0,0
2024-09-15T23:00:00.000000,35.944602166667,14.896556833333,2,0,0,1,0,0
2024-09-15T23:01:00.000000,35.944640333333,14.8965925,2,0,0,1,0,0
2024-09-15T23:02:00.000000,35.944670166667,14.896621,2,0,0,1,0,0
2024-09-15T23:03:00.000000,35.944691333333,14.896628166667,2,0,0,1,0,0
2024-09-15T23:04:00.000000,35.944703833333,14.896627333333,2,0,0,1,0,0
2024-09-15T23:05:00.000000,35.944711333333,14.8966205,2,0,0,1,0,0
2024-09-15T23:06:00.000000,35.944719,14.896606833333,2,0,0,1,0,0
2024-09-15T23:07:00.000000,35.944724833333,14.896586666667,2,0,0,1,0,0
2024-09-15T23:08:00.000000,35.944728833333,14.896558333333,2,0,0,1,0,0
2024-09-15T23:09:00.000000,35.944727166667,14.896528166667,2,0,0,1,0,0
2024-09-15T23:10:00.000000,35.9447285,14.8964945,2,0,0,1,0,0
2024-09-15T23:11:00.000000,35.944738,14.896459666667,2,0,0,1,0,0
2024-09-15T23:12:00.000000,35.944753,14.8964315,2,0,0,1,0,0
2024-09-15T23:13:00.000000,35.944771,14.896407166667,2,0,0,1,0,0
2024-09-15T23:14:00.000000,35.944785333333,14.8963945,2,0,0,1,0,0
2024-09-15T23:15:00.000000,35.944800666667,14.896391166667,2,0,0,1,0,0
2024-09-15T23:16:00.000000,35.9448095,14.896395833333,2,0,0,1,0,0
2024-09-15T23:17:00.000000,35.9448235,14.896403666667,2,0,0,1,0,0
2024-09-15T23:18:00.000000,35.944831,14.896419833333,2,0,0,1,0,0
2024-09-15T23:19:00.000000,35.944828333333,14.896441166667,2,0,0,1,0,0
2024-09-15T23:20:00.000000,35.944816666667,14.896467666667,2,0,0,1,0,0
2024-09-15T23:21:00.000000,35.944798166667,14.896494833333,2,0,0,1,0,0
2024-09-15T23:22:00.000000,35.944777166667,14.8965225,2,0,0,1,0,0
2024-09-15T23:23:00.000000,35.944756333333,14.896549333333,2,0,0,1,0,0
2024-09-15T23:24:00.000000,35.944734166667,14.8965715,2,0,0,1,0,0
2024-09-15T23:25:00.000000,35.944712,14.8965885,2,0,0,1,0,0
2024-09-15T23:26:00.000000,35.944693833333,14.896592666667,2,0,0,1,0,0
2024-09-15T23:27:00.000000,35.944675666667,14.8965875,2,0,0,1,0,0
2024-09-15T23:28:00.000000,35.9446625,14.8965845,2,0,0,1,0,0
2024-09-15T23:29:00.000000,35.944652,14.896581333333,2,0,0,1,0,0
2024-09-15T23:30:00.000000,35.9446425,14.896579833333,2,0,0,1,0,0
2024-09-15T23:31:00.000000,35.944634833333,14.89657,2,0,0,1,0,0
2024-09-15T23:32:00.000000,35.944635333333,14.896553166667,2,0,0,1,0,0
2024-09-15T23:33:00.000000,35.944653833333,14.896535,2,0,0,1,0,0
2024-09-15T23:34:00.000000,35.944676166667,14.8965175,2,0,0,1,0,0
2024-09-15T23:35:00.000000,35.944692833333,14.896502833333,2,0,0,1,0,0
2024-09-15T23:36:00.000000,35.944714666667,14.896493,2,0,0,1,0,0
2024-09-15T23:37:00.000000,35.944744333333,14.896474333333,2,0,0,1,0,0
2024-09-15T23:38:00.000000,35.944762333333,14.89646,2,0,0,1,0,0
2024-09-15T23:39:00.000000,35.944776333333,14.896456,2,0,0,1,0,0
2024-09-15T23:40:00.000000,35.944782333333,14.896450833333,2,0,0,1,0,0
2024-09-15T23:41:00.000000,35.944790666667,14.896447166667,2,0,0,1,0,0
2024-09-15T23:42:00.000000,35.9447935,14.896452666667,2,0,0,1,0,0
2024-09-15T23:43:00.000000,35.944787333333,14.896465666667,2,0,0,1,0,0
2024-09-15T23:44:00.000000,35.94478,14.896485,2,0,0,1,0,0
2024-09-15T23:45:00.000000,35.944769666667,14.896509666667,2,0,0,1,0,0
2024-09-15T23:46:00.000000,35.944759666667,14.896536333333,2,0,0,1,0,0
2024-09-15T23:47:00.000000,35.944754333333,14.896562833333,2,0,0,1,0,0
2024-09-15T23:48:00.000000,35.944745333333,14.896590666667,2,0,0,1,0,0
2024-09-15T23:49:00.000000,35.944725333333,14.896620166667,2,0,0,1,0,0
2024-09-15T23:50:00.000000,35.944704333333,14.896646,2,0,0,1,0,0
2024-09-15T23:51:00.000000,35.944698333333,14.896655666667,2,0,0,1,0,0
2024-09-15T23:52:00.000000,35.944698833333,14.896661833333,2,0,0,1,0,0
2024-09-15T23:53:00.000000,35.944705166667,14.896657,2,0,0,1,0,0
2024-09-15T23:54:00.000000,35.944697833333,14.896654166667,2,0,0,1,0,0
2024-09-15T23:55:00.000000,35.944682833333,14.896652166667,2,0,0,1,0,0
2024-09-15T23:56:00.000000,35.944685833333,14.8966385,2,0,0,1,0,0
2024-09-15T23:57:00.000000,35.9446935,14.8966215,2,0,0,1,0,0
2024-09-15T23:58:00.000000,35.944706166667,14.896599333333,2,0,0,1,0,0
2024-09-15T23:59:00.000000,35.944713,14.896573666667,2,0,0,1,0,0
2024-09-16T00:00:00.000000,35.944718166667,14.896548,2,0,0,1,0,0
2024-09-16T00:01:00.000000,35.944731333333,14.896518833333,2,0,0,1,0,0
2024-09-16T00:02:00.000000,35.944740333333,14.896497,2,0,0,1,0,0
2024-09-16T00:03:00.000000,35.9447265,14.8964865,2,0,0,1,0,0
2024-09-16T00:04:00.000000,35.944752166667,14.896465833333,2,0,0,1,0,0
2024-09-16T00:05:00.000000,35.944779,14.896449,2,0,0,1,0,0
2024-09-16T00:06:00.000000,35.9448065,14.896441166667,2,0,0,1,0,0
2024-09-16T00:07:00.000000,35.944826333333,14.89644,2,0,0,1,0,0
2024-09-16T00:08:00.000000,35.9448635,14.896441333333,2,0,0,1,0,0
2024-09-16T00:09:00.000000,35.944886166667,14.8964545,2,0,0,1,0,0
2024-09-16T00:10:00.000000,35.944908,14.896464666667,2,0,0,1,0,0
2024-09-16T00:11:00.000000,35.944925,14.896471833333,2,0,0,1,0,0
2024-09-16T00:12:00.000000,35.944941333333,14.896476166667,2,0,0,1,0,0
2024-09-16T00:13:00.000000,35.9449545,14.896477333333,2,0,0,1,0,0
2024-09-16T00:14:00.000000,35.9449635,14.8964725,2,0,0,1,0,0
2024-09-16T00:15:00.000000,35.944970333333,14.896467666667,2,0,0,1,0,0
2024-09-16T00:16:00.000000,35.944972333333,14.8964615,2,0,0,1,0,0
2024-09-16T00:17:00.000000,35.944971833333,14.8964495,2,0,0,1,0,0
2024-09-16T00:18:00.000000,35.9449605,14.896439166667,2,0,0,1,0,0
2024-09-16T00:19:00.000000,35.944942666667,14.8964345,2,0,0,1,0,0
2024-09-16T00:20:00.000000,35.944929,14.896428666667,2,0,0,1,0,0
2024-09-16T00:21:00.000000,35.944911666667,14.8964265,2,0,0,1,0,0
2024-09-16T00:22:00.000000,35.944885833333,14.896432833333,2,0,0,1,0,0
2024-09-16T00:23:00.000000,35.944868,14.8964455,2,0,0,1,0,0
2024-09-16T00:24:00.000000,35.944842333333,14.896453333333,2,0,0,1,0,0
2024-09-16T00:25:00.000000,35.944827833333,14.896467333333,2,0,0,1,0,0
2024-09-16T00:26:00.000000,35.944821,14.896480333333,2,0,0,1,0,0
2024-09-16T00:27:00.000000,35.944816833333,14.896493166667,2,0,0,1,0,0
2024-09-16T00:28:00.000000,35.944808,14.896502666667,2,0,0,1,0,0
2024-09-16T00:29:00.000000,35.9448115,14.896507666667,2,0,0,1,0,0
2024-09-16T00:30:00.000000,35.944819,14.896511666667,2,0,0,1,0,0
2024-09-16T00:31:00.000000,35.9448225,14.896512833333,2,0,0,1,0,0
2024-09-16T00:32:00.000000,35.944833166667,14.8965155,2,0,0,1,0,0
2024-09-16T00:33:00.000000,35.944835166667,14.896514666667,2,0,0,1,0,0
2024-09-16T00:34:00.000000,35.9448345,14.896510666667,2,0,0,1,0,0
2024-09-16T00:35:00.000000,35.9448355,14.896505333333,2,0,0,1,0,0
2024-09-16T00:36:00.000000,35.944831833333,14.896501833333,2,0,0,1,0,0
2024-09-16T00:37:00.000000,35.944834166667,14.8964995,2,0,0,1,0,0
2024-09-16T00:38:00.000000,35.94484,14.896495,2,0,0,1,0,0
2024-09-16T00:39:00.000000,35.944847833333,14.896486833333,2,0,0,1,0,0
2024-09-16T00:40:00.000000,35.944853333333,14.896479166667,2,0,0,1,0,0
2024-09-16T00:41:00.000000,35.944861833333,14.896467833333,2,0,0,1,0,0
2024-09-16T00:42:00.000000,35.944873666667,14.896459333333,2,0,0,1,0,0
2024-09-16T00:43:00.000000,35.944887666667,14.896453666667,2,0,0,1,0,0
2024-09-16T00:44:00.000000,35.944904333333,14.896451666667,2,0,0,1,0,0
2024-09-16T00:45:00.000000,35.944922166667,14.896453166667,2,0,0,1,0,0
2024-09-16T00:46:00.000000,35.944939,14.896454166667,2,0,0,1,0,0
2024-09-16T00:47:00.000000,35.9449525,14.8964595,2,0,0,1,0,0
2024-09-16T00:48:00.000000,35.944965,14.896468833333,2,0,0,1,0,0
2024-09-16T00:49:00.000000,35.944972333333,14.896475166667,2,0,0,1,0,0
2024-09-16T00:50:00.000000,35.9449705,14.896482,2,0,0,1,0,0
2024-09-16T00:51:00.000000,35.944959833333,14.896493166667,2,0,0,1,0,0
2024-09-16T00:52:00.000000,35.944947833333,14.896510166667,2,0,0,1,0,0
2024-09-16T00:53:00.000000,35.944928833333,14.896527666667,2,0,0,1,0,0
2024-09-16T00:54:00.000000,35.9449135,14.896546333333,2,0,0,1,0,0
2024-09-16T00:55:00.000000,35.944895,14.896565,2,0,0,1,0,0
2024-09-16T00:56:00.000000,35.9448775,14.896581833333,2,0,0,1,0,0
2024-09-16T00:57:00.000000,35.944861666667,14.896593666667,2,0,0,1,0,0
2024-09-16T00:58:00.000000,35.944853166667,14.896598666667,2,0,0,1,0,0
2024-09-16T00:59:00.000000,35.944850333333,14.896598166667,2,0,0,1,0,0
2024-09-16T01:00:00.000000,35.944847166667,14.896593166667,2,0,0,1,0,0
2024-09-16T01:01:00.000000,35.944848666667,14.8965855,2,0,0,1,0,0
2024-09-16T01:02:00.000000,35.9448535,14.8965765,2,0,0,1,0,0
2024-09-16T01:03:00.000000,35.944858333333,14.896565333333,2,0,0,1,0,0
2024-09-16T01:04:00.000000,35.944865833333,14.896552166667,2,0,0,1,0,0
2024-09-16T01:05:00.000000,35.944872333333,14.896537833333,2,0,0,1,0,0
2024-09-16T01:06:00.000000,35.944882833333,14.896522833333,2,0,0,1,0,0
2024-09-16T01:07:00.000000,35.944892,14.896509666667,2,0,0,1,0,0
2024-09-16T01:08:00.000000,35.944898666667,14.896498833333,2,0,0,1,0,0
2024-09-16T01:09:00.000000,35.944905833333,14.896493166667,2,0,0,1,0,0
2024-09-16T01:10:00.000000,35.9449055,14.8964935,2,0,0,1,0,0
2024-09-16T01:11:00.000000,35.944899833333,14.8964965,2,0,0,1,0,0
2024-09-16T01:12:00.000000,35.944886833333,14.896506166667,2,0,0,1,0,0
2024-09-16T01:13:00.000000,35.944872833333,14.896514833333,2,0,0,1,0,0
2024-09-16T01:14:00.000000,35.944853333333,14.896526833333,2,0,0,1,0,0
2024-09-16T01:15:00.000000,35.944828666667,14.8965415,2,0,0,1,0,0
2024-09-16T01:16:00.000000,35.944801,14.896559166667,2,0,0,1,0,0
2024-09-16T01:17:00.000000,35.944775166667,14.8965815,2,0,0,1,0,0
2024-09-16T01:18:00.000000,35.9447515,14.896602166667,2,0,0,1,0,0
2024-09-16T01:19:00.000000,35.944728666667,14.896620833333,2,0,0,1,0,0
2024-09-16T01:20:00.000000,35.944710333333,14.896635833333,2,0,0,1,0,0
2024-09-16T01:21:00.000000,35.9446895,14.896650333333,2,0,0,1,0,0
2024-09-16T01:22:00.000000,35.944671166667,14.896664166667,2,0,0,1,0,0
2024-09-16T01:23:00.000000,35.944653,14.8966775,2,0,0,1,0,0
2024-09-16T01:24:00.000000,35.9446375,14.8966855,2,0,0,1,0,0
2024-09-16T01:25:00.000000,35.9446265,14.896690833333,2,0,0,1,0,0
2024-09-16T01:26:00.000000,35.9446175,14.896690833333,2,0,0,1,0,0
2024-09-16T01:27:00.000000,35.9446125,14.896684333333,2,0,0,1,0,0
2024-09-16T01:28:00.000000,35.944612833333,14.896671833333,2,0,0,1,0,0
2024-09-16T01:29:00.000000,35.944616833333,14.8966585,2,0,0,1,0,0
2024-09-16T01:30:00.000000,35.944625,14.896642,2,0,0,1,0,0
2024-09-16T01:31:00.000000,35.9446375,14.896627833333,2,0,0,1,0,0
2024-09-16T01:32:00.000000,35.944654833333,14.896614166667,2,0,0,1,0,0
2024-09-16T01:33:00.000000,35.944668666667,14.896603166667,2,0,0,1,0,0
2024-09-16T01:34:00.000000,35.9446825,14.896595833333,2,0,0,1,0,0
2024-09-16T01:35:00.000000,35.944697166667,14.8965875,2,0,0,1,0,0
2024-09-16T01:36:00.000000,35.944708,14.89658,2,0,0,1,0,0
2024-09-16T01:37:00.000000,35.944719666667,14.896574,2,0,0,1,0,0
2024-09-16T01:38:00.000000,35.9447275,14.8965715,2,0,0,1,0,0
2024-09-16T01:39:00.000000,35.944734333333,14.896570833333,2,0,0,1,0,0
2024-09-16T01:40:00.000000,35.944739666667,14.896568666667,2,0,0,1,0,0
2024-09-16T01:41:00.000000,35.944743166667,14.896567666667,2,0,0,1,0,0
2024-09-16T01:42:00.000000,35.9447475,14.8965645,2,0,0,1,0,0
2024-09-16T01:43:00.000000,35.944746833333,14.896556,2,0,0,1,0,0
2024-09-16T01:44:00.000000,35.944742666667,14.8965495,2,0,0,1,0,0
2024-09-16T01:45:00.000000,35.944735833333,14.896547,2,0,0,1,0,0
2024-09-16T01:46:00.000000,35.944727666667,14.896546833333,2,0,0,1,0,0
2024-09-16T01:47:00.000000,35.944719,14.896550666667,2,0,0,1,0,0
2024-09-16T01:48:00.000000,35.944707,14.896557333333,2,0,0,1,0,0
2024-09-16T01:49:00.000000,35.9446945,14.896568,2,0,0,1,0,0
2024-09-16T01:50:00.000000,35.944681833333,14.896581333333,2,0,0,1,0,0
2024-09-16T01:51:00.000000,35.944668833333,14.896598,2,0,0,1,0,0
2024-09-16T01:52:00.000000,35.944653,14.896616333333,2,0,0,1,0,0
2024-09-16T01:53:00.000000,35.94464,14.896633666667,2,0,0,1,0,0
2024-09-16T01:54:00.000000,35.944629333333,14.896650666667,2,0,0,1,0,0
2024-09-16T01:55:00.000000,35.944619333333,14.896664333333,2,0,0,1,0,0
2024-09-16T01:56:00.000000,35.944607,14.896679166667,2,0,0,1,0,0
2024-09-16T01:57:00.000000,35.9445935,14.896695,2,0,0,1,0,0
2024-09-16T01:58:00.000000,35.944581833333,14.896707666667,2,0,0,1,0,0
2024-09-16T01:59:00.000000,35.944572333333,14.896717333333,2,0,0,1,0,0
2024-09-16T02:00:00.000000,35.944562333333,14.896725,2,0,0,1,0,0
2024-09-16T02:01:00.000000,35.944552666667,14.896725333333,2,0,0,1,0,0
2024-09-16T02:02:00.000000,35.944547833333,14.896722166667,2,0,0,1,0,0
2024-09-16T02:03:00.000000,35.944540166667,14.896716,2,0,0,1,0,0
2024-09-16T02:04:00.000000,35.944534333333,14.8967075,2,0,0,1,0,0
2024-09-16T02:05:00.000000,35.944531166667,14.896694333333,2,0,0,1,0,0
2024-09-16T02:06:00.000000,35.9445375,14.896675833333,2,0,0,1,0,0
2024-09-16T02:07:00.000000,35.944553666667,14.896653166667,2,0,0,1,0,0
2024-09-16T02:08:00.000000,35.944557166667,14.89664,2,0,0,1,0,0
2024-09-16T02:09:00.000000,35.944567833333,14.896621,2,0,0,1,0,0
2024-09-16T02:10:00.000000,35.944585,14.8965995,2,0,0,1,0,0
2024-09-16T02:11:00.000000,35.944614666667,14.8965795,2,0,0,1,0,0
2024-09-16T02:12:00.000000,35.944644833333,14.896566333333,2,0,0,1,0,0
2024-09-16T02:13:00.000000,35.944666,14.896560333333,2,0,0,1,0,0
2024-09-16T02:14:00.000000,35.9446895,14.8965595,2,0,0,1,0,0
2024-09-16T02:15:00.000000,35.944707166667,14.896562833333,2,0,0,1,0,0
2024-09-16T02:16:00.000000,35.944718666667,14.896571166667,2,0,0,1,0,0
2024-09-16T02:17:00.000000,35.944725833333,14.8965825,2,0,0,1,0,0
2024-09-16T02:18:00.000000,35.944728666667,14.8965955,2,0,0,1,0,0
2024-09-16T02:19:00.000000,35.944728333333,14.896605833333,2,0,0,1,0,0
2024-09-16T02:20:00.000000,35.944727833333,14.896612166667,2,0,0,1,0,0
2024-09-16T02:21:00.000000,35.9447255,14.896616333333,2,0,0,1,0,0
2024-09-16T02:22:00.000000,35.9447215,14.896619666667,2,0,0,1,0,0
2024-09-16T02:23:00.000000,35.944721333333,14.8966215,2,0,0,1,0,0
2024-09-16T02:24:00.000000,35.944719833333,14.896619666667,2,0,0,1,0,0
2024-09-16T02:25:00.000000,35.944720166667,14.896612833333,2,0,0,1,0,0
2024-09-16T02:26:00.000000,35.944717166667,14.896608666667,2,0,0,1,0,0
2024-09-16T02:27:00.000000,35.944713666667,14.896606166667,2,0,0,1,0,0
2024-09-16T02:28:00.000000,35.944714166667,14.896605666667,2,0,0,1,0,0
2024-09-16T02:29:00.000000,35.944711333333,14.896604166667,2,0,0,1,0,0
2024-09-16T02:30:00.000000,35.944707833333,14.896602833333,2,0,0,1,0,0
2024-09-16T02:31:00.000000,35.944700166667,14.896601,2,0,0,1,0,0
2024-09-16T02:32:00.000000,35.944690666667,14.896600333333,2,0,0,1,0,0
2024-09-16T02:33:00.000000,35.944675666667,14.896599166667,2,0,0,1,0,0
2024-09-16T02:34:00.000000,35.94466,14.896599833333,2,0,0,1,0,0
2024-09-16T02:35:00.000000,35.944645666667,14.896599833333,2,0,0,1,0,0
2024-09-16T02:36:00.000000,35.944627,14.896603833333,2,0,0,1,0,0
2024-09-16T02:37:00.000000,35.944607333333,14.8966105,2,0,0,1,0,0
2024-09-16T02:38:00.000000,35.944588,14.89662,2,0,0,1,0,0
2024-09-16T02:39:00.000000,35.944562333333,14.896631,2,0,0,1,0,0
2024-09-16T02:40:00.000000,35.944539833333,14.896638833333,2,0,0,1,0,0
2024-09-16T02:41:00.000000,35.944519166667,14.896648,2,0,0,1,0,0
2024-09-16T02:42:00.000000,35.944512833333,14.896656333333,2,0,0,1,0,0
2024-09-16T02:43:00.000000,35.944498833333,14.896670666667,2,0,0,1,0,0
2024-09-16T02:44:00.000000,35.944482833333,14.8966875,2,0,0,1,0,0
2024-09-16T02:45:00.000000,35.944465666667,14.896706,2,0,0,1,0,0
2024-09-16T02:46:00.000000,35.944460666667,14.896721333333,2,0,0,1,0,0
2024-09-16T02:47:00.000000,35.944465,14.896735666667,2,0,0,1,0,0
2024-09-16T02:48:00.000000,35.944453666667,14.896754,2,0,0,1,0,0
2024-09-16T02:49:00.000000,35.944447166667,14.896773,2,0,0,1,0,0
2024-09-16T02:50:00.000000,35.944442833333,14.896790666667,2,0,0,1,0,0
2024-09-16T02:51:00.000000,35.9444365,14.896805166667,2,0,0,1,0,0
2024-09-16T02:52:00.000000,35.944436666667,14.896810666667,2,0,0,1,0,0
2024-09-16T02:53:00.000000,35.9444315,14.896817166667,2,0,0,1,0,0
2024-09-16T02:54:00.000000,35.944423333333,14.896822333333,2,0,0,1,0,0
2024-09-16T02:55:00.000000,35.944414,14.896826,2,0,0,1,0,0
2024-09-16T02:56:00.000000,35.944406833333,14.896824833333,2,0,0,1,0,0
2024-09-16T02:57:00.000000,35.9443985,14.896823833333,2,0,0,1,0,0
2024-09-16T02:58:00.000000,35.944392,14.896823666667,2,0,0,1,0,0
2024-09-16T02:59:00.000000,35.944384333333,14.8968225,2,0,0,1,0,0
2024-09-16T03:00:00.000000,35.9443775,14.89682,2,0,0,1,0,0
2024-09-16T03:01:00.000000,35.944368166667,14.896819333333,2,0,0,1,0,0
2024-09-16T03:02:00.000000,35.9443535,14.896823666667,2,0,0,1,0,0
2024-09-16T03:03:00.000000,35.944336,14.896830833333,2,0,0,1,0,0
2024-09-16T03:04:00.000000,35.944319166667,14.896838,2,0,0,1,0,0
2024-09-16T03:05:00.000000,35.944302,14.896844666667,2,0,0,1,0,0
2024-09-16T03:06:00.000000,35.944289333333,14.896854166667,2,0,0,1,0,0
2024-09-16T03:07:00.000000,35.944278666667,14.896862166667,2,0,0,1,0,0
2024-09-16T03:08:00.000000,35.944265166667,14.896868,2,0,0,1,0,0
2024-09-16T03:09:00.000000,35.944252166667,14.896875833333,2,0,0,1,0,0
2024-09-16T03:10:00.000000,35.9442425,14.8968825,2,0,0,1,0,0
2024-09-16T03:11:00.000000,35.944230833333,14.896885833333,2,0,0,1,0,0
2024-09-16T03:12:00.000000,35.944237333333,14.8968885,2,0,0,1,0,0
2024-09-16T03:13:00.000000,35.944232666667,14.896894833333,2,0,0,1,0,0
2024-09-16T03:14:00.000000,35.944230166667,14.896902166667,2,0,0,1,0,0
2024-09-16T03:15:00.000000,35.944219666667,14.896916166667,2,0,0,1,0,0
2024-09-16T03:16:00.000000,35.944211666667,14.896936,2,0,0,1,0,0
2024-09-16T03:17:00.000000,35.944204666667,14.896959833333,2,0,0,1,0,0
2024-09-16T03:18:00.000000,35.944193333333,14.896982166667,2,0,0,1,0,0
2024-09-16T03:19:00.000000,35.944173833333,14.897006,2,0,0,1,0,0
2024-09-16T03:20:00.000000,35.944153666667,14.897034,2,0,0,1,0,0
2024-09-16T03:21:00.000000,35.944125333333,14.897065833333,2,0,0,1,0,0
2024-09-16T03:22:00.000000,35.944101833333,14.8970795,2,0,0,1,0,0
2024-09-16T03:23:00.000000,35.944087,14.897088833333,2,0,0,1,0,0
2024-09-16T03:24:00.000000,35.944099833333,14.8971,2,0,0,1,0,0
2024-09-16T03:25:00.000000,35.944083833333,14.897095666667,2,0,0,1,0,0
2024-09-16T03:26:00.000000,35.944075833333,14.8970885,2,0,0,1,0,0
2024-09-16T03:27:00.000000,35.944036,14.897061333333,2,0,0,1,0,0
2024-09-16T03:28:00.000000,35.944038333333,14.897048,2,0,0,1,0,0
2024-09-16T03:29:00.000000,35.9440475,14.897027833333,2,0,0,1,0,0
2024-09-16T03:30:00.000000,35.944053166667,14.897002833333,2,0,0,1,0,0
2024-09-16T03:31:00.000000,35.944057,14.896975666667,2,0,0,1,0,0
2024-09-16T03:32:00.000000,35.944068,14.896958833333,2,0,0,1,0,0
2024-09-16T03:33:00.000000,35.944080333333,14.896950833333,2,0,0,1,0,0
2024-09-16T03:34:00.000000,35.944092833333,14.896942666667,2,0,0,1,0,0
2024-09-16T03:35:00.000000,35.944108,14.896935333333,2,0,0,1,0,0
2024-09-16T03:36:00.000000,35.944123333333,14.896934166667,2,0,0,1,0,0
2024-09-16T03:37:00.000000,35.944135666667,14.896932666667,2,0,0,1,0,0
2024-09-16T03:38:00.000000,35.944158,14.8969385,2,0,0,1,0,0
2024-09-16T03:39:00.000000,35.944174833333,14.896947666667,2,0,0,1,0,0
2024-09-16T03:40:00.000000,35.944183833333,14.896953333333,2,0,0,1,0,0
2024-09-16T03:41:00.000000,35.9441955,14.8969585,2,0,0,1,0,0
2024-09-16T03:42:00.000000,35.944202333333,14.896965833333,2,0,0,1,0,0
2024-09-16T03:43:00.000000,35.944212333333,14.896971833333,2,0,0,1,0,0
2024-09-16T03:44:00.000000,35.9442275,14.8969775,2,0,0,1,0,0
2024-09-16T03:45:00.000000,35.94423,14.896979333333,2,0,0,1,0,0
2024-09-16T03:46:00.000000,35.944237833333,14.896980833333,2,0,0,1,0,0
2024-09-16T03:47:00.000000,35.944248333333,14.896979333333,2,0,0,1,0,0
2024-09-16T03:48:00.000000,35.944258,14.89698,2,0,0,1,0,0
2024-09-16T03:49:00.000000,35.944265333333,14.896984833333,2,0,0,1,0,0
2024-09-16T03:50:00.000000,35.9442695,14.896992333333,2,0,0,1,0,0
2024-09-16T03:51:00.000000,35.9442685,14.897003833333,2,0,0,1,0,0
2024-09-16T03:52:00.000000,35.944262,14.897017166667,2,0,0,1,0,0
2024-09-16T03:53:00.000000,35.944257833333,14.897028833333,2,0,0,1,0,0
2024-09-16T03:54:00.000000,35.944254,14.897037333333,2,0,0,1,0,0
2024-09-16T03:55:00.000000,35.9442565,14.8970355,2,0,0,1,0,0
2024-09-16T03:56:00.000000,35.9442615,14.8970265,2,0,0,1,0,0
2024-09-16T03:57:00.000000,35.944267166667,14.8970145,2,0,0,1,0,0
2024-09-16T03:58:00.000000,35.944275333333,14.896999333333,2,0,0,1,0,0
2024-09-16T03:59:00.000000,35.944280833333,14.8969865,2,0,0,1,0,0
2024-09-16T04:00:00.000000,35.944286,14.896972833333,2,0,0,1,0,0
2024-09-16T04:01:00.000000,35.944286166667,14.89696,2,0,0,1,0,0
2024-09-16T04:02:00.000000,35.944277833333,14.896941833333,2,0,0,1,0,0
2024-09-16T04:03:00.000000,35.9442685,14.896921166667,2,0,0,1,0,0
2024-09-16T04:04:00.000000,35.944260666667,14.8969015,2,0,0,1,0,0
2024-09-16T04:05:00.000000,35.944257333333,14.896887666667,2,0,0,1,0,0
2024-09-16T04:06:00.000000,35.944261333333,14.896878333333,2,0,0,1,0,0
2024-09-16T04:07:00.000000,35.944264666667,14.896874,2,0,0,1,0,0
2024-09-16T04:08:00.000000,35.944270666667,14.8968705,2,0,0,1,0,0
2024-09-16T04:09:00.000000,35.944279666667,14.896866666667,2,0,0,1,0,0
2024-09-16T04:10:00.000000,35.944290666667,14.8968635,2,0,0,1,0,0
2024-09-16T04:11:00.000000,35.944302666667,14.896860833333,2,0,0,1,0,0
2024-09-16T04:12:00.000000,35.944311166667,14.896860833333,2,0,0,1,0,0
2024-09-16T04:13:00.000000,35.944312333333,14.896868166667,2,0,0,1,0,0
2024-09-16T04:14:00.000000,35.944312,14.896882333333,2,0,0,1,0,0
2024-09-16T04:15:00.000000,35.944311833333,14.896904166667,2,0,0,1,0,0
2024-09-16T04:16:00.000000,35.944311,14.896928666667,2,0,0,1,0,0
2024-09-16T04:17:00.000000,35.944308666667,14.896956,2,0,0,1,0,0
2024-09-16T04:18:00.000000,35.944308666667,14.896984166667,2,0,0,1,0,0
2024-09-16T04:19:00.000000,35.944311666667,14.897013166667,2,0,0,1,0,0
2024-09-16T04:20:00.000000,35.9443135,14.897042666667,2,0,0,1,0,0
2024-09-16T04:21:00.000000,35.944312666667,14.897073333333,2,0,0,1,0,0
2024-09-16T04:22:00.000000,35.944306666667,14.897098,2,0,0,1,0,0
2024-09-16T04:23:00.000000,35.944299166667,14.897123,2,0,0,1,0,0
2024-09-16T04:24:00.000000,35.9442915,14.897147166667,2,0,0,1,0,0
2024-09-16T04:25:00.000000,35.944285333333,14.897168666667,2,0,0,1,0,0
2024-09-16T04:26:00.000000,35.944279,14.8971895,2,0,0,1,0,0
2024-09-16T04:27:00.000000,35.944273,14.897209666667,2,0,0,1,0,0
2024-09-16T04:28:00.000000,35.944264833333,14.897232333333,2,0,0,1,0,0
2024-09-16T04:29:00.000000,35.944254,14.897253666667,2,0,0,1,0,0
2024-09-16T04:30:00.000000,35.944240666667,14.897276166667,2,0,0,1,0,0
2024-09-16T04:31:00.000000,35.9442185,14.8972985,2,0,0,1,0,0
2024-09-16T04:32:00.000000,35.944196,14.897317666667,2,0,0,1,0,0
2024-09-16T04:33:00.000000,35.944172166667,14.897336,2,0,0,1,0,0
2024-09-16T04:34:00.000000,35.944147,14.897358333333,2,0,0,1,0,0
2024-09-16T04:35:00.000000,35.944124333333,14.897377833333,2,0,0,1,0,0
2024-09-16T04:36:00.000000,35.944103166667,14.8973935,2,0,0,1,0,0
2024-09-16T04:37:00.000000,35.944089333333,14.897397833333,2,0,0,1,0,0
2024-09-16T04:38:00.000000,35.9440815,14.897395,2,0,0,1,0,0
2024-09-16T04:39:00.000000,35.944075166667,14.897391666667,2,0,0,1,0,0
2024-09-16T04:40:00.000000,35.944063166667,14.897389833333,2,0,0,1,0,0
2024-09-16T04:41:00.000000,35.944051166667,14.897393333333,2,0,0,1,0,0
2024-09-16T04:42:00.000000,35.944051833333,14.897385833333,2,0,0,1,0,0
2024-09-16T04:43:00.000000,35.944054166667,14.897376666667,2,0,0,1,0,0
2024-09-16T04:44:00.000000,35.944058,14.897372,2,0,0,1,0,0
2024-09-16T04:45:00.000000,35.9440535,14.897377166667,2,0,0,1,0,0
2024-09-16T04:46:00.000000,35.9440475,14.897384166667,2,0,0,1,0,0
2024-09-16T04:47:00.000000,35.944037333333,14.8973945,2,0,0,1,0,0
2024-09-16T04:48:00.000000,35.944031,14.897405833333,2,0,0,1,0,0
2024-09-16T04:49:00.000000,35.944028333333,14.897417333333,2,0,0,1,0,0
2024-09-16T04:50:00.000000,35.944022166667,14.897426333333,2,0,0,1,0,0
2024-09-16T04:51:00.000000,35.9440205,14.897430333333,2,0,0,1,0,0
2024-09-16T04:52:00.000000,35.944026833333,14.897433,2,0,0,1,0,0
2024-09-16T04:53:00.000000,35.944032333333,14.897438833333,2,0,0,1,0,0
2024-09-16T04:54:00.000000,35.944040666667,14.8974465,2,0,0,1,0,0
2024-09-16T04:55:00.000000,35.9440585,14.897447166667,2,0,0,1,0,0
2024-09-16T04:56:00.000000,35.944077833333,14.8974495,2,0,0,1,0,0
2024-09-16T04:57:00.000000,35.9440745,14.897459833333,2,0,0,1,0,0
2024-09-16T04:58:00.000000,35.944076,14.8974615,2,0,0,1,0,0
2024-09-16T04:59:00.000000,35.944085333333,14.897454,2,0,0,1,0,0
2024-09-16T05:00:00.000000,35.944102333333,14.8974365,2,0,0,1,0,0
2024-09-16T05:01:00.000000,35.944122333333,14.897415833333,2,0,0,1,0,0
2024-09-16T05:02:00.000000,35.944146166667,14.8973965,2,0,0,1,0,0
2024-09-16T05:03:00.000000,35.944155,14.897391333333,2,0,0,1,0,0
2024-09-16T05:04:00.000000,35.944171666667,14.897378666667,2,0,0,1,0,0
2024-09-16T05:05:00.000000,35.944179666667,14.897372166667,2,0,0,1,0,0
2024-09-16T05:06:00.000000,35.944179666667,14.897372,2,0,0,1,0,0
2024-09-16T05:07:00.000000,35.944168833333,14.897382,2,0,0,1,0,0
2024-09-16T05:08:00.000000,35.944162,14.897389333333,2,0,0,1,0,0
2024-09-16T05:09:00.000000,35.944159,14.897396833333,2,0,0,1,0,0
2024-09-16T05:10:00.000000,35.9441585,14.897403166667,2,0,0,1,0,0
2024-09-16T05:11:00.000000,35.944154166667,14.897412833333,2,0,0,1,0,0
2024-09-16T05:12:00.000000,35.944145,14.897424166667,2,0,0,1,0,0
2024-09-16T05:13:00.000000,35.9441355,14.897436666667,2,0,0,1,0,0
2024-09-16T05:14:00.000000,35.9441255,14.89745,2,0,0,1,0,0
2024-09-16T05:15:00.000000,35.944119833333,14.897458833333,2,0,0,1,0,0
2024-09-16T05:16:00.000000,35.94412,14.897458833333,2,0,0,1,0,0
2024-09-16T05:17:00.000000,35.9441295,14.897444666667,2,0,0,1,0,0
2024-09-16T05:18:00.000000,35.944131166667,14.897440833333,2,0,0,1,0,0
2024-09-16T05:19:00.000000,35.944130333333,14.897433166667,2,0,0,1,0,0
2024-09-16T05:20:00.000000,35.944129833333,14.8974255,2,0,0,1,0,0
2024-09-16T05:21:00.000000,35.944126833333,14.897421,2,0,0,1,0,0
2024-09-16T05:22:00.000000,35.9441215,14.8974215,2,0,0,1,0,0
2024-09-16T05:23:00.000000,35.944113166667,14.897424666667,2,0,0,1,0,0
2024-09-16T05:24:00.000000,35.944101833333,14.897436666667,2,0,0,1,0,0
2024-09-16T05:25:00.000000,35.944088333333,14.897456166667,2,0,0,1,0,0
2024-09-16T05:26:00.000000,35.9440805,14.897474333333,2,0,0,1,0,0
2024-09-16T05:27:00.000000,35.944073833333,14.8974965,2,0,0,1,0,0
2024-09-16T05:28:00.000000,35.944068666667,14.897525333333,2,0,0,1,0,0
2024-09-16T05:29:00.000000,35.9440635,14.8975595,2,0,0,1,0,0
2024-09-16T05:30:00.000000,35.944069666667,14.897582833333,2,0,0,1,0,0
2024-09-16T05:31:00.000000,35.9440815,14.897601166667,2,0,0,1,0,0
2024-09-16T05:32:00.000000,35.944087666667,14.897628666667,2,0,0,1,0,0
2024-09-16T05:33:00.000000,35.944099,14.897655,2,0,0,1,0,0
2024-09-16T05:34:00.000000,35.9441145,14.897674833333,2,0,0,1,0,0
2024-09-16T05:35:00.000000,35.944137166667,14.897678333333,2,0,0,1,0,0
2024-09-16T05:36:00.000000,35.944154,14.8976885,2,0,0,1,0,0
2024-09-16T05:37:00.000000,35.944166666667,14.897713,2,0,0,1,0,0
2024-09-16T05:38:00.000000,35.944178666667,14.897736666667,2,0,0,1,0,0
2024-09-16T05:39:00.000000,35.944183666667,14.897774666667,2,0,0,1,0,0
2024-09-16T05:40:00.000000,35.944184,14.897818166667,2,0,0,1,0,0
2024-09-16T05:41:00.000000,35.944179,14.897858833333,2,0,0,1,0,0
2024-09-16T05:42:00.000000,35.9441765,14.897885833333,2,0,0,1,0,0
2024-09-16T05:43:00.000000,35.944175333333,14.897901833333,2,0,0,1,0,0
2024-09-16T05:44:00.000000,35.944169,14.897908833333,2,0,0,1,0,0
2024-09-16T05:45:00.000000,35.944154333333,14.8979215,2,0,0,1,0,0
2024-09-16T05:46:00.000000,35.944140166667,14.897934666667,2,0,0,1,0,0
2024-09-16T05:47:00.000000,35.944123833333,14.897947333333,2,0,0,1,0,0
2024-09-16T05:48:00.000000,35.944102,14.897962833333,2,0,0,1,0,0
2024-09-16T05:49:00.000000,35.9440805,14.8979665,2,0,0,1,0,0
2024-09-16T05:50:00.000000,35.9440575,14.8979685,2,0,0,1,0,0
2024-09-16T05:51:00.000000,35.944027333333,14.897977,2,0,0,1,0,0
2024-09-16T05:52:00.000000,35.943992,14.8979955,2,0,0,1,0,0
2024-09-16T05:53:00.000000,35.943963,14.897989833333,2,0,0,1,0,0
2024-09-16T05:54:00.000000,35.943930333333,14.8979825,2,0,0,1,0,0
2024-09-16T05:55:00.000000,35.943899166667,14.8979735,2,0,0,1,0,0
2024-09-16T05:56:00.000000,35.943866333333,14.897974166667,2,0,0,1,0,0
2024-09-16T05:57:00.000000,35.943837333333,14.897984166667,2,0,0,1,0,0
2024-09-16T05:58:00.000000,35.9438095,14.897986833333,2,0,0,1,0,0
2024-09-16T05:59:00.000000,35.943784666667,14.897983,2,0,0,1,0,0
2024-09-16T06:00:00.000000,35.943759,14.897985166667,2,0,0,1,0,0
2024-09-16T06:01:00.000000,35.943733833333,14.897997666667,2,0,0,1,0,0
2024-09-16T06:02:00.000000,35.943715,14.898007166667,2,0,0,1,0,0
2024-09-16T06:03:00.000000,35.943708,14.898015,2,0,0,1,0,0
2024-09-16T06:04:00.000000,35.943707833333,14.8980145,2,0,0,1,0,0
2024-09-16T06:05:00.000000,35.943710166667,14.8980085,2,0,0,1,0,0
2024-09-16T06:06:00.000000,35.943715666667,14.897992333333,2,0,0,1,0,0
2024-09-16T06:07:00.000000,35.9437325,14.897985333333,2,0,0,1,0,0
2024-09-16T06:08:00.000000,35.943749666667,14.897977166667,2,0,0,1,0,0
2024-09-16T06:09:00.000000,35.943773666667,14.8979785,2,0,0,1,0,0
2024-09-16T06:10:00.000000,35.943795,14.897991833333,2,0,0,1,0,0
2024-09-16T06:11:00.000000,35.943815666667,14.898022166667,2,0,0,1,0,0
2024-09-16T06:12:00.000000,35.943838333333,14.898067833333,2,0,0,1,0,0
2024-09-16T06:13:00.000000,35.943860833333,14.898128,2,0,0,1,0,0
2024-09-16T06:14:00.000000,35.943889,14.8981905,2,0,0,1,0,0
2024-09-16T06:15:00.000000,35.9439155,14.898255333333,2,0,0,1,0,0
2024-09-16T06:16:00.000000,35.943941,14.898312166667,2,0,0,1,0,0
2024-09-16T06:17:00.000000,35.943962833333,14.898359166667,2,0,0,1,0,0
2024-09-16T06:18:00.000000,35.9439795,14.898418,2,0,0,1,0,0
2024-09-16T06:19:00.000000,35.943989,14.898477833333,2,0,0,1,0,0
2024-09-16T06:20:00.000000,35.943989833333,14.8985345,2,0,0,1,0,0
2024-09-16T06:21:00.000000,35.9439785,14.898585833333,2,0,0,1,0,0
2024-09-16T06:22:00.000000,35.943968166667,14.8986505,2,0,0,1,0,0
2024-09-16T06:23:00.000000,35.943955666667,14.898711833333,2,0,0,1,0,0
2024-09-16T06:24:00.000000,35.943943666667,14.898779166667,2,0,0,1,0,0
2024-09-16T06:25:00.000000,35.943927833333,14.898839,2,0,0,1,0,0
2024-09-16T06:26:00.000000,35.943903833333,14.898888,2,0,0,1,0,0
2024-09-16T06:27:00.000000,35.9438655,14.898907833333,2,0,0,1,0,0
2024-09-16T06:28:00.000000,35.943809333333,14.898896,2,0,0,1,0,0
2024-09-16T06:29:00.000000,35.943752833333,14.898881833333,2,0,0,1,0,0
2024-09-16T06:30:00.000000,35.943700833333,14.898874166667,2,0,0,1,0,0
2024-09-16T06:31:00.000000,35.943651,14.898867333333,2,0,0,1,0,0
2024-09-16T06:32:00.000000,35.943604,14.898860833333,2,0,0,1,0,0
2024-09-16T06:33:00.000000,35.943562,14.8988605,2,0,0,1,0,0
2024-09-16T06:34:00.000000,35.943524166667,14.8988585,2,0,0,1,0,0
2024-09-16T06:35:00.000000,35.943494333333,14.898868666667,2,0,0,1,0,0
2024-09-16T06:36:00.000000,35.943467666667,14.898871166667,2,0,0,1,0,0
2024-09-16T06:37:00.000000,35.943447833333,14.898872166667,2,0,0,1,0,0
2024-09-16T06:38:00.000000,35.943435833333,14.898886833333,2,0,0,1,0,0
2024-09-16T06:39:00.000000,35.943430333333,14.8989035,2,0,0,1,0,0
2024-09-16T06:40:00.000000,35.943432166667,14.898911,2,0,0,1,0,0
2024-09-16T06:41:00.000000,35.943443833333,14.898926833333,2,0,0,1,0,0
2024-09-16T06:42:00.000000,35.943460666667,14.8989265,2,0,0,1,0,0
2024-09-16T06:43:00.000000,35.9434875,14.898934666667,2,0,0,1,0,0
2024-09-16T06:44:00.000000,35.943513333333,14.898931333333,2,0,0,1,0,0
2024-09-16T06:45:00.000000,35.9435365,14.898891,2,0,0,1,0,0
2024-09-16T06:46:00.000000,35.943562666667,14.898834666667,2,0,0,1,0,0
2024-09-16T06:47:00.000000,35.943595,14.8987755,2,0,0,1,0,0
2024-09-16T06:48:00.000000,35.9436285,14.898704666667,2,0,0,1,0,0
2024-09-16T06:49:00.000000,35.943663833333,14.898628,2,0,0,1,0,0
2024-09-16T06:50:00.000000,35.943702666667,14.898576166667,2,0,0,1,0,0
2024-09-16T06:51:00.000000,35.943741333333,14.8985495,2,0,0,1,0,0
2024-09-16T06:52:00.000000,35.943777833333,14.898535333333,2,0,0,1,0,0
2024-09-16T06:53:00.000000,35.943814333333,14.898540166667,2,0,0,1,0,0
2024-09-16T06:54:00.000000,35.943848833333,14.898547333333,2,0,0,1,0,0
2024-09-16T06:55:00.000000,35.943877166667,14.898540166667,2,0,0,1,0,0
2024-09-16T06:56:00.000000,35.943901333333,14.898536,2,0,0,1,0,0
2024-09-16T06:57:00.000000,35.9439215,14.89854,2,0,0,1,0,0
2024-09-16T06:58:00.000000,35.943935666667,14.898540333333,2,0,0,1,0,0
2024-09-16T06:59:00.000000,35.943944,14.898513333333,2,0,0,1,0,0
2024-09-16T07:00:00.000000,35.943945833333,14.898479,2,0,0,1,0,0
2024-09-16T07:01:00.000000,35.9439405,14.898454666667,2,0,0,1,0,0
2024-09-16T07:02:00.000000,35.943928333333,14.898453166667,2,0,0,1,0,0
2024-09-16T07:03:00.000000,35.943912,14.898457666667,2,0,0,1,0,0
2024-09-16T07:04:00.000000,35.943893666667,14.898468,2,0,0,1,0,0
2024-09-16T07:05:00.000000,35.943875666667,14.898473833333,2,0,0,1,0,0
2024-09-16T07:06:00.000000,35.943857166667,14.898482333333,2,0,0,1,0,0
2024-09-16T07:07:00.000000,35.943839666667,14.898497666667,2,0,0,1,0,0
2024-09-16T07:08:00.000000,35.9438255,14.898524,2,0,0,1,0,0
2024-09-16T07:09:00.000000,35.943812333333,14.8985475,2,0,0,1,0,0
2024-09-16T07:10:00.000000,35.943798833333,14.898560666667,2,0,0,1,0,0
2024-09-16T07:11:00.000000,35.943778666667,14.8985345,2,0,0,1,0,0
2024-09-16T07:12:00.000000,35.943756666667,14.898509166667,2,0,0,1,0,0
2024-09-16T07:13:00.000000,35.943731666667,14.898493166667,2,0,0,1,0,0
2024-09-16T07:14:00.000000,35.9437095,14.898478666667,2,0,0,1,0,0
2024-09-16T07:15:00.000000,35.943693166667,14.898457833333,2,0,0,1,0,0
2024-09-16T07:16:00.000000,35.943681833333,14.898423166667,2,0,0,1,0,0
2024-09-16T07:17:00.000000,35.943675333333,14.898405833333,2,0,0,1,0,0
2024-09-16T07:18:00.000000,35.9436695,14.898412666667,2,0,0,1,0,0
2024-09-16T07:19:00.000000,35.943666666667,14.898433333333,2,0,0,1,0,0
2024-09-16T07:20:00.000000,35.943666833333,14.898465333333,2,0,0,1,0,0
2024-09-16T07:21:00.000000,35.943673,14.898498833333,2,0,0,1,0,0
2024-09-16T07:22:00.000000,35.943680833333,14.898538333333,2,0,0,1,0,0
2024-09-16T07:23:00.000000,35.9436885,14.898560833333,2,0,0,1,0,0
2024-09-16T07:24:00.000000,35.943699333333,14.898577666667,2,0,0,1,0,0
2024-09-16T07:25:00.000000,35.943710833333,14.898582,2,0,0,1,0,0
2024-09-16T07:26:00.000000,35.943724333333,14.898569666667,2,0,0,1,0,0
2024-09-16T07:27:00.000000,35.9437385,14.898565166667,2,0,0,1,0,0
2024-09-16T07:28:00.000000,35.943756,14.8985735,2,0,0,1,0,0
2024-09-16T07:29:00.000000,35.943772166667,14.898576,2,0,0,1,0,0
2024-09-16T07:30:00.000000,35.943783833333,14.898565666667,2,0,0,1,0,0
2024-09-16T07:31:00.000000,35.9437905,14.898553666667,2,0,0,1,0,0
2024-09-16T07:32:00.000000,35.943796333333,14.898541666667,2,0,0,1,0,0
2024-09-16T07:33:00.000000,35.943801333333,14.898541,2,0,0,1,0,0
2024-09-16T07:34:00.000000,35.9438045,14.898543166667,2,0,0,1,0,0
2024-09-16T07:35:00.000000,35.943804166667,14.8985355,2,0,0,1,0,0
2024-09-16T07:36:00.000000,35.943801833333,14.898515333333,2,0,0,1,0,0
2024-09-16T07:37:00.000000,35.943797166667,14.898474666667,2,0,0,1,0,0
2024-09-16T07:38:00.000000,35.943794333333,14.898452833333,2,0,0,1,0,0
2024-09-16T07:39:00.000000,35.943793833333,14.8984585,2,0,0,1,0,0
2024-09-16T07:40:00.000000,35.943793833333,14.898479,2,0,0,1,0,0
2024-09-16T07:41:00.000000,35.943797,14.898500166667,2,0,0,1,0,0
2024-09-16T07:42:00.000000,35.943804166667,14.898513666667,2,0,0,1,0,0
2024-09-16T07:43:00.000000,35.943814166667,14.898538333333,2,0,0,1,0,0
2024-09-16T07:44:00.000000,35.9438245,14.898568666667,2,0,0,1,0,0
2024-09-16T07:45:00.000000,35.9438325,14.898595,2,0,0,1,0,0
2024-09-16T07:46:00.000000,35.943833,14.898596166667,2,0,0,1,0,0
2024-09-16T07:47:00.000000,35.943831666667,14.898606666667,2,0,0,1,0,0
2024-09-16T07:48:00.000000,35.943830333333,14.898628833333,2,0,0,1,0,0
2024-09-16T07:49:00.000000,35.943828166667,14.898652833333,2,0,0,1,0,0
2024-09-16T07:50:00.000000,35.9438255,14.898683833333,2,0,0,1,0,0
2024-09-16T07:51:00.000000,35.9438255,14.8987205,2,0,0,1,0,0
2024-09-16T07:52:00.000000,35.943825166667,14.898750833333,2,0,0,1,0,0
2024-09-16T07:53:00.000000,35.943825,14.898768166667,2,0,0,1,0,0
2024-09-16T07:54:00.000000,35.943825166667,14.898784333333,2,0,0,1,0,0
2024-09-16T07:55:00.000000,35.943823666667,14.898789166667,2,0,0,1,0,0
2024-09-16T07:56:00.000000,35.943825166667,14.898802833333,2,0,0,1,0,0
2024-09-16T07:57:00.000000,35.9438325,14.8988375,2,0,0,1,0,0
2024-09-16T07:58:00.000000,35.943846666667,14.898891333333,2,0,0,1,0,0
2024-09-16T07:59:00.000000,35.943866833333,14.898962,2,0,0,1,0,0
2024-09-16T08:00:00.000000,35.943888166667,14.899035,2,0,0,1,0,0
2024-09-16T08:01:00.000000,35.943903166667,14.899092333333,2,0,0,1,0,0
2024-09-16T08:02:00.000000,35.943907833333,14.899124666667,2,0,0,1,0,0
2024-09-16T08:03:00.000000,35.943900666667,14.899142333333,2,0,0,1,0,0
2024-09-16T08:04:00.000000,35.9438855,14.8991615,2,0,0,1,0,0
2024-09-16T08:05:00.000000,35.943870333333,14.8991955,2,0,0,1,0,0
2024-09-16T08:06:00.000000,35.943855666667,14.899240666667,2,0,0,1,0,0
2024-09-16T08:07:00.000000,35.943837333333,14.899289166667,2,0,0,1,0,0
2024-09-16T08:08:00.000000,35.943827166667,14.899354666667,2,0,0,1,0,0
2024-09-16T08:09:00.000000,35.943824,14.899429333333,2,0,0,1,0,0
2024-09-16T08:10:00.000000,35.943824166667,14.899501333333,2,0,0,1,0,0
2024-09-16T08:11:00.000000,35.943823166667,14.8995625,2,0,0,1,0,0
2024-09-16T08:12:00.000000,35.943820666667,14.899600333333,2,0,0,1,0,0
2024-09-16T08:13:00.000000,35.943814166667,14.899629333333,2,0,0,1,0,0
2024-09-16T08:14:00.000000,35.943803333333,14.899650166667,2,0,0,1,0,0
2024-09-16T08:15:00.000000,35.943788833333,14.899665166667,2,0,0,1,0,0
2024-09-16T08:16:00.000000,35.943781166667,14.899679666667,2,0,0,1,0,0
2024-09-16T08:17:00.000000,35.9437725,14.899684,2,0,0,1,0,0
2024-09-16T08:18:00.000000,35.9437655,14.899680666667,2,0,0,1,0,0
2024-09-16T08:19:00.000000,35.9437655,14.899675833333,2,0,0,1,0,0
2024-09-16T08:20:00.000000,35.943768166667,14.899666166667,2,0,0,1,0,0
2024-09-16T08:21:00.000000,35.943775666667,14.8996595,2,0,0,1,0,0
2024-09-16T08:22:00.000000,35.943788833333,14.899668833333,2,0,0,1,0,0
2024-09-16T08:23:00.000000,35.943809833333,14.899694833333,2,0,0,1,0,0
2024-09-16T08:24:00.000000,35.943834,14.899733666667,2,0,0,1,0,0
2024-09-16T08:25:00.000000,35.943851833333,14.899764666667,2,0,0,1,0,0
2024-09-16T08:26:00.000000,35.943870166667,14.899802,2,0,0,1,0,0
2024-09-16T08:27:00.000000,35.943894166667,14.899853,2,0,0,1,0,0
2024-09-16T08:28:00.000000,35.943916166667,14.899890833333,2,0,0,1,0,0
2024-09-16T08:29:00.000000,35.9439305,14.899913,2,0,0,1,0,0
2024-09-16T08:30:00.000000,35.943950333333,14.899949166667,2,0,0,1,0,0
2024-09-16T08:31:00.000000,35.943977333333,14.8999995,2,0,0,1,0,0
2024-09-16T08:32:00.000000,35.943994166667,14.900034166667,2,0,0,1,0,0
2024-09-16T08:33:00.000000,35.9440115,14.9000565,2,0,0,1,0,0
2024-09-16T08:34:00.000000,35.944032833333,14.9000765,2,0,0,1,0,0
2024-09-16T08:35:00.000000,35.944065333333,14.9001025,2,0,0,1,0,0
2024-09-16T08:36:00.000000,35.944101833333,14.900129833333,2,0,0,1,0,0
2024-09-16T08:37:00.000000,35.944142166667,14.900168666667,2,0,0,1,0,0
2024-09-16T08:38:00.000000,35.944168833333,14.9001955,2,0,0,1,0,0
2024-09-16T08:39:00.000000,35.944186666667,14.900208833333,2,0,0,1,0,0
2024-09-16T08:40:00.000000,35.944200833333,14.900215166667,2,0,0,1,0,0
2024-09-16T08:41:00.000000,35.9442135,14.900231166667,2,0,0,1,0,0
2024-09-16T08:42:00.000000,35.944232,14.900253666667,2,0,0,1,0,0
2024-09-16T08:43:00.000000,35.9442475,14.900284,2,0,0,1,0,0
2024-09-16T08:44:00.000000,35.944256,14.9003115,2,0,0,1,0,0
2024-09-16T08:45:00.000000,35.944251,14.900333333333,2,0,0,1,0,0
2024-09-16T08:46:00.000000,35.944245,14.900353166667,2,0,0,1,0,0
2024-09-16T08:47:00.000000,35.944236666667,14.900377333333,2,0,0,1,0,0
2024-09-16T08:48:00.000000,35.9442305,14.900405166667,2,0,0,1,0,0
2024-09-16T08:49:00.000000,35.944223833333,14.900435,2,0,0,1,0,0
2024-09-16T08:50:00.000000,35.944222666667,14.900470166667,2,0,0,1,0,0
2024-09-16T08:51:00.000000,35.944212833333,14.900497666667,2,0,0,1,0,0
2024-09-16T08:52:00.000000,35.944206333333,14.9005265,2,0,0,1,0,0
2024-09-16T08:53:00.000000,35.9442025,14.900561833333,2,0,0,1,0,0
2024-09-16T08:54:00.000000,35.944193666667,14.900591333333,2,0,0,1,0,0
2024-09-16T08:55:00.000000,35.944185166667,14.900618666667,2,0,0,1,0,0
2024-09-16T08:56:00.000000,35.944175833333,14.900642166667,2,0,0,1,0,0
2024-09-16T08:57:00.000000,35.944167,14.9006625,2,0,0,1,0,0
2024-09-16T08:58:00.000000,35.944159833333,14.900678,2,0,0,1,0,0
2024-09-16T08:59:00.000000,35.944162833333,14.900697,2,0,0,1,0,0
2024-09-16T09:00:00.000000,35.944157166667,14.900712166667,2,0,0,1,0,0
2024-09-16T09:01:00.000000,35.944159333333,14.900728166667,2,0,0,1,0,0
2024-09-16T09:02:00.000000,35.944165833333,14.900742666667,2,0,0,1,0,0
2024-09-16T09:03:00.000000,35.944170833333,14.900750833333,2,0,0,1,0,0
2024-09-16T09:04:00.000000,35.944178166667,14.900755833333,2,0,0,1,0,0
2024-09-16T09:05:00.000000,35.9441905,14.900760333333,2,0,0,1,0,0
2024-09-16T09:06:00.000000,35.944207666667,14.900765166667,2,0,0,1,0,0
2024-09-16T09:07:00.000000,35.944229,14.900768166667,2,0,0,1,0,0
2024-09-16T09:08:00.000000,35.944249333333,14.900767833333,2,0,0,1,0,0
2024-09-16T09:09:00.000000,35.944264333333,14.900766833333,2,0,0,1,0,0
2024-09-16T09:10:00.000000,35.944274333333,14.900765333333,2,0,0,1,0,0
2024-09-16T09:11:00.000000,35.944280666667,14.9007615,2,0,0,1,0,0
2024-09-16T09:12:00.000000,35.944284833333,14.900757666667,2,0,0,1,0,0
2024-09-16T09:13:00.000000,35.9442945,14.900760666667,2,0,0,1,0,0
2024-09-16T09:14:00.000000,35.944313333333,14.900773,2,0,0,1,0,0
2024-09-16T09:15:00.000000,35.944338833333,14.900791333333,2,0,0,1,0,0
2024-09-16T09:16:00.000000,35.944365333333,14.900811166667,2,0,0,1,0,0
2024-09-16T09:17:00.000000,35.9443775,14.900816333333,2,0,0,1,0,0
2024-09-16T09:18:00.000000,35.944386666667,14.900822833333,2,0,0,1,0,0
2024-09-16T09:19:00.000000,35.944384333333,14.900831666667,2,0,0,1,0,0
2024-09-16T09:20:00.000000,35.944376833333,14.900843833333,2,0,0,1,0,0
2024-09-16T09:21:00.000000,35.9443615,14.900855166667,2,0,0,1,0,0
2024-09-16T09:22:00.000000,35.944335,14.900861333333,2,0,0,1,0,0
2024-09-16T09:23:00.000000,35.944322333333,14.9008805,2,0,0,1,0,0
2024-09-16T09:24:00.000000,35.944299,14.9008875,2,0,0,1,0,0
2024-09-16T09:25:00.000000,35.944277,14.900889166667,2,0,0,1,0,0
2024-09-16T09:26:00.000000,35.9442555,14.900890166667,2,0,0,1,0,0
2024-09-16T09:27:00.000000,35.944238833333,14.900895833333,2,0,0,1,0,0
2024-09-16T09:28:00.000000,35.9442225,14.9008985,2,0,0,1,0,0
2024-09-16T09:29:00.000000,35.944208833333,14.900898666667,2,0,0,1,0,0
2024-09-16T09:30:00.000000,35.944203,14.900898166667,2,0,0,1,0,0
2024-09-16T09:31:00.000000,35.944194333333,14.900891,2,0,0,1,0,0
2024-09-16T09:32:00.000000,35.944177,14.900868,2,0,0,1,0,0
2024-09-16T09:33:00.000000,35.944178833333,14.900859666667,2,0,0,1,0,0
2024-09-16T09:34:00.000000,35.944172333333,14.9008405,2,0,0,1,0,0
2024-09-16T09:35:00.000000,35.944168833333,14.900823333333,2,0,0,1,0,0
2024-09-16T09:36:00.000000,35.944172666667,14.900811,2,0,0,1,0,0
2024-09-16T09:37:00.000000,35.944170166667,14.900793666667,2,0,0,1,0,0
2024-09-16T09:38:00.000000,35.944160666667,14.9007705,2,0,0,1,0,0
2024-09-16T09:39:00.000000,35.944154,14.900750833333,2,0,0,1,0,0
2024-09-16T09:40:00.000000,35.944163,14.900748833333,2,0,0,1,0,0
2024-09-16T09:41:00.000000,35.944174333333,14.9007475,2,0,0,1,0,0
2024-09-16T09:42:00.000000,35.944177666667,14.900739333333,2,0,0,1,0,0
2024-09-16T09:43:00.000000,35.944179166667,14.900727666667,2,0,0,1,0,0
2024-09-16T09:44:00.000000,35.9441915,14.900729166667,2,0,0,1,0,0
2024-09-16T09:45:00.000000,35.9442045,14.900734333333,2,0,0,1,0,0
2024-09-16T09:46:00.000000,35.944211833333,14.900735833333,2,0,0,1,0,0
2024-09-16T09:47:00.000000,35.944224166667,14.900747333333,2,0,0,1,0,0
2024-09-16T09:48:00.000000,35.9442515,14.900777166667,2,0,0,1,0,0
2024-09-16T09:49:00.000000,35.944264833333,14.900800666667,2,0,0,1,0,0
2024-09-16T09:50:00.000000,35.944295333333,14.900842333333,2,0,0,1,0,0
2024-09-16T09:51:00.000000,35.944315166667,14.900878666667,2,0,0,1,0,0
2024-09-16T09:52:00.000000,35.944328,14.900908833333,2,0,0,1,0,0
2024-09-16T09:53:00.000000,35.944340666667,14.9009375,2,0,0,1,0,0
2024-09-16T09:54:00.000000,35.944351833333,14.9009615,2,0,0,1,0,0
2024-09-16T09:55:00.000000,35.944346333333,14.9009655,2,0,0,1,0,0
2024-09-16T09:56:00.000000,35.9443415,14.900966166667,2,0,0,1,0,0
2024-09-16T09:57:00.000000,35.944347333333,14.9009695,2,0,0,1,0,0
2024-09-16T09:58:00.000000,35.94437,14.9009855,2,0,0,1,0,0
2024-09-16T09:59:00.000000,35.944357833333,14.900982333333,2,0,0,1,0,0
2024-09-16T10:00:00.000000,35.944344333333,14.900977333333,2,0,0,1,0,0
2024-09-16T10:01:00.000000,35.944338166667,14.9009735,2,0,0,1,0,0
2024-09-16T10:02:00.000000,35.944337666667,14.900969166667,2,0,0,1,0,0
2024-09-16T10:03:00.000000,35.944342,14.900965333333,2,0,0,1,0,0
2024-09-16T10:04:00.000000,35.944347,14.90096,2,0,0,1,0,0
2024-09-16T10:05:00.000000,35.9443455,14.900946666667,2,0,0,1,0,0
2024-09-16T10:06:00.000000,35.944346333333,14.900936666667,2,0,0,1,0,0
2024-09-16T10:07:00.000000,35.944339833333,14.900921833333,2,0,0,1,0,0
2024-09-16T10:08:00.000000,35.944329833333,14.900907666667,2,0,0,1,0,0
2024-09-16T10:09:00.000000,35.944307333333,14.900887166667,2,0,0,1,0,0
2024-09-16T10:10:00.000000,35.9442915,14.9008785,2,0,0,1,0,0
2024-09-16T10:11:00.000000,35.944280833333,14.900876833333,2,0,0,1,0,0
2024-09-16T10:12:00.000000,35.944264833333,14.900872666667,2,0,0,1,0,0
2024-09-16T10:13:00.000000,35.944251666667,14.900868666667,2,0,0,1,0,0
2024-09-16T10:14:00.000000,35.944257166667,14.900878166667,2,0,0,1,0,0
2024-09-16T10:15:00.000000,35.944264833333,14.900882,2,0,0,1,0,0
2024-09-16T10:16:00.000000,35.944272666667,14.900887833333,2,0,0,1,0,0
2024-09-16T10:17:00.000000,35.9442865,14.900899833333,2,0,0,1,0,0
2024-09-16T10:18:00.000000,35.944301,14.900910833333,2,0,0,1,0,0
2024-09-16T10:19:00.000000,35.944313333333,14.900918333333,2,0,0,1,0,0
2024-09-16T10:20:00.000000,35.944317333333,14.900919,2,0,0,1,0,0
2024-09-16T10:21:00.000000,35.944317166667,14.900914333333,2,0,0,1,0,0
2024-09-16T10:22:00.000000,35.944309,14.900905666667,2,0,0,1,0,0
2024-09-16T10:23:00.000000,35.9443105,14.900911,2,0,0,1,0,0
2024-09-16T10:24:00.000000,35.9443205,14.900928166667,2,0,0,1,0,0
2024-09-16T10:25:00.000000,35.9443215,14.9009365,2,0,0,1,0,0
2024-09-16T10:26:00.000000,35.944317,14.900931833333,2,0,0,1,0,0
2024-09-16T10:27:00.000000,35.944315666667,14.900929,2,0,0,1,0,0
2024-09-16T10:28:00.000000,35.9443195,14.900930666667,2,0,0,1,0,0
2024-09-16T10:29:00.000000,35.944309333333,14.900921166667,2,0,0,1,0,0
2024-09-16T10:30:00.000000,35.944315,14.900928166667,2,0,0,1,0,0
2024-09-16T10:31:00.000000,35.944332333333,14.900950333333,2,0,0,1,0,0
2024-09-16T10:32:00.000000,35.944347666667,14.900969,2,0,0,1,0,0
2024-09-16T10:33:00.000000,35.944364333333,14.900985666667,2,0,0,1,0,0
2024-09-16T10:34:00.000000,35.94438,14.901003166667,2,0,0,1,0,0
2024-09-16T10:35:00.000000,35.944391833333,14.901018333333,2,0,0,1,0,0
2024-09-16T10:36:00.000000,35.9444045,14.901033166667,2,0,0,1,0,0
2024-09-16T10:37:00.000000,35.944415666667,14.901045833333,2,0,0,1,0,0
2024-09-16T10:38:00.000000,35.944422333333,14.901054333333,2,0,0,1,0,0
2024-09-16T10:39:00.000000,35.944428833333,14.90106,2,0,0,1,0,0
2024-09-16T10:40:00.000000,35.944430333333,14.901058166667,2,0,0,1,0,0
2024-09-16T10:41:00.000000,35.9444305,14.901051,2,0,0,1,0,0
2024-09-16T10:42:00.000000,35.9444285,14.901042166667,2,0,0,1,0,0
2024-09-16T10:43:00.000000,35.944421333333,14.901028333333,2,0,0,1,0,0
2024-09-16T10:44:00.000000,35.944416666667,14.901014166667,2,0,0,1,0,0
2024-09-16T10:45:00.000000,35.944411,14.9009995,2,0,0,1,0,0
2024-09-16T10:46:00.000000,35.944405,14.900978333333,2,0,0,1,0,0
2024-09-16T10:47:00.000000,35.944402833333,14.9009625,2,0,0,1,0,0
2024-09-16T10:48:00.000000,35.9444035,14.900949,2,0,0,1,0,0
2024-09-16T10:49:00.000000,35.944408,14.900943833333,2,0,0,1,0,0
2024-09-16T10:50:00.000000,35.944408666667,14.900939666667,2,0,0,1,0,0
2024-09-16T10:51:00.000000,35.944411166667,14.900937666667,2,0,0,1,0,0
2024-09-16T10:52:00.000000,35.944410333333,14.900935166667,2,0,0,1,0,0
2024-09-16T10:53:00.000000,35.944416333333,14.900934166667,2,0,0,1,0,0
2024-09-16T10:54:00.000000,35.944424833333,14.900933833333,2,0,0,1,0,0
2024-09-16T10:55:00.000000,35.944430833333,14.900929333333,2,0,0,1,0,0
2024-09-16T10:56:00.000000,35.944434333333,14.900928833333,2,0,0,1,0,0
2024-09-16T10:57:00.000000,35.944440166667,14.9009295,2,0,0,1,0,0
2024-09-16T10:58:00.000000,35.944443666667,14.900918166667,2,0,0,1,0,0
2024-09-16T10:59:00.000000,35.944451166667,14.9009245,2,0,0,1,0,0
2024-09-16T11:00:00.000000,35.944458,14.9009355,2,0,0,1,0,0
2024-09-16T11:01:00.000000,35.9444655,14.9009525,2,0,0,1,0,0
2024-09-16T11:02:00.000000,35.944471166667,14.900974666667,2,0,0,1,0,0
2024-09-16T11:03:00.000000,35.944476166667,14.900992666667,2,0,0,1,0,0
2024-09-16T11:04:00.000000,35.944482,14.901014166667,2,0,0,1,0,0
2024-09-16T11:05:00.000000,35.944483833333,14.901037,2,0,0,1,0,0
2024-09-16T11:06:00.000000,35.944478166667,14.901052833333,2,0,0,1,0,0
2024-09-16T11:07:00.000000,35.944466166667,14.901075666667,2,0,0,1,0,0
2024-09-16T11:08:00.000000,35.9444535,14.9010985,2,0,0,1,0,0
2024-09-16T11:09:00.000000,35.944431,14.901105333333,2,0,0,1,0,0
2024-09-16T11:10:00.000000,35.944409,14.901097666667,2,0,0,1,0,0
2024-09-16T11:11:00.000000,35.944390333333,14.901092666667,2,0,0,1,0,0
2024-09-16T11:12:00.000000,35.944363166667,14.9010745,2,0,0,1,0,0
2024-09-16T11:13:00.000000,35.944332833333,14.901047333333,2,0,0,1,0,0
2024-09-16T11:14:00.000000,35.944303666667,14.901019666667,2,0,0,1,0,0
2024-09-16T11:15:00.000000,35.944281,14.9009925,2,0,0,1,0,0
2024-09-16T11:16:00.000000,35.944272833333,14.900972333333,2,0,0,1,0,0
2024-09-16T11:17:00.000000,35.944274833333,14.9009565,2,0,0,1,0,0
2024-09-16T11:18:00.000000,35.944290333333,14.900948833333,2,0,0,1,0,0
2024-09-16T11:19:00.000000,35.944314666667,14.900942666667,2,0,0,1,0,0
2024-09-16T11:20:00.000000,35.944342666667,14.900940166667,2,0,0,1,0,0
2024-09-16T11:21:00.000000,35.944361833333,14.9009315,2,0,0,1,0,0
2024-09-16T11:22:00.000000,35.944372,14.900919833333,2,0,0,1,0,0
2024-09-16T11:23:00.000000,35.944382666667,14.900913333333,2,0,0,1,0,0
2024-09-16T11:24:00.000000,35.944402666667,14.9009125,2,0,0,1,0,0
2024-09-16T11:25:00.000000,35.9444215,14.900909833333,2,0,0,1,0,0
2024-09-16T11:26:00.000000,35.944440333333,14.9009075,2,0,0,1,0,0
2024-09-16T11:27:00.000000,35.9444585,14.900905,2,0,0,1,0,0
2024-09-16T11:28:00.000000,35.944482666667,14.9009215,2,0,0,1,0,0
2024-09-16T11:29:00.000000,35.944495666667,14.9009375,2,0,0,1,0,0
2024-09-16T11:30:00.000000,35.944501333333,14.9009585,2,0,0,1,0,0
2024-09-16T11:31:00.000000,35.9444995,14.900978166667,2,0,0,1,0,0
2024-09-16T11:32:00.000000,35.944495,14.901001333333,2,0,0,1,0,0
2024-09-16T11:33:00.000000,35.944484666667,14.901022,2,0,0,1,0,0
2024-09-16T11:34:00.000000,35.944475166667,14.901042833333,2,0,0,1,0,0
2024-09-16T11:35:00.000000,35.944467166667,14.9010655,2,0,0,1,0,0
2024-09-16T11:36:00.000000,35.9444575,14.901082333333,2,0,0,1,0,0
2024-09-16T11:37:00.000000,35.944443166667,14.901087833333,2,0,0,1,0,0
2024-09-16T11:38:00.000000,35.944416166667,14.901077333333,2,0,0,1,0,0
2024-09-16T11:39:00.000000,35.9443845,14.901053333333,2,0,0,1,0,0
2024-09-16T11:40:00.000000,35.944354666667,14.901029,2,0,0,1,0,0
2024-09-16T11:41:00.000000,35.944332333333,14.9010115,2,0,0,1,0,0
2024-09-16T11:42:00.000000,35.944317666667,14.9009995,2,0,0,1,0,0
2024-09-16T11:43:00.000000,35.944307333333,14.900984666667,2,0,0,1,0,0
2024-09-16T11:44:00.000000,35.944306166667,14.900970333333,2,0,0,1,0,0
2024-09-16T11:45:00.000000,35.944308833333,14.900953833333,2,0,0,1,0,0
2024-09-16T11:46:00.000000,35.944326666667,14.900951666667,2,0,0,1,0,0
2024-09-16T11:47:00.000000,35.944348,14.9009555,2,0,0,1,0,0
2024-09-16T11:48:00.000000,35.944364666667,14.900958333333,2,0,0,1,0,0
2024-09-16T11:49:00.000000,35.944371166667,14.900961,2,0,0,1,0,0
2024-09-16T11:50:00.000000,35.944372833333,14.900955833333,2,0,0,1,0,0
2024-09-16T11:51:00.000000,35.944376166667,14.900973666667,2,0,0,1,0,0
2024-09-16T11:52:00.000000,35.944375666667,14.900978666667,2,0,0,1,0,0
2024-09-16T11:53:00.000000,35.944381833333,14.900995833333,2,0,0,1,0,0
2024-09-16T11:54:00.000000,35.944386666667,14.901003833333,2,0,0,1,0,0
2024-09-16T11:55:00.000000,35.944391333333,14.901010666667,2,0,0,1,0,0
2024-09-16T11:56:00.000000,35.944394333333,14.901015333333,2,0,0,1,0,0
2024-09-16T11:57:00.000000,35.944399166667,14.901023833333,2,0,0,1,0,0
2024-09-16T11:58:00.000000,35.944409,14.901031,2,0,0,1,0,0
2024-09-16T11:59:00.000000,35.9444195,14.901040666667,2,0,0,1,0,0
2024-09-16T12:00:00.000000,35.944427333333,14.901050333333,2,0,0,1,0,0
2024-09-16T12:01:00.000000,35.944429833333,14.9010515,2,0,0,1,0,0
2024-09-16T12:02:00.000000,35.944431833333,14.901050333333,2,0,0,1,0,0
2024-09-16T12:03:00.000000,35.944429166667,14.901039666667,2,0,0,1,0,0
2024-09-16T12:04:00.000000,35.9444265,14.9010265,2,0,0,1,0,0
2024-09-16T12:05:00.000000,35.944424666667,14.901016333333,2,0,0,1,0,0
2024-09-16T12:06:00.000000,35.944423666667,14.901003666667,2,0,0,1,0,0
2024-09-16T12:07:00.000000,35.944422333333,14.900990166667,2,0,0,1,0,0
2024-09-16T12:08:00.000000,35.9444255,14.900982,2,0,0,1,0,0
2024-09-16T12:09:00.000000,35.944430666667,14.900974,2,0,0,1,0,0
2024-09-16T12:10:00.000000,35.944443,14.9009695,2,0,0,1,0,0
2024-09-16T12:11:00.000000,35.944462833333,14.9009695,2,0,0,1,0,0
2024-09-16T12:12:00.000000,35.94449,14.900973833333,2,0,0,1,0,0
2024-09-16T12:13:00.000000,35.944520666667,14.900979166667,2,0,0,1,0,0
2024-09-16T12:14:00.000000,35.944542666667,14.900983,2,0,0,1,0,0
2024-09-16T12:15:00.000000,35.944558166667,14.900980833333,2,0,0,1,0,0
2024-09-16T12:16:00.000000,35.9445735,14.900984166667,2,0,0,1,0,0
2024-09-16T12:17:00.000000,35.944586333333,14.900983,2,0,0,1,0,0
2024-09-16T12:18:00.000000,35.944602666667,14.900991833333,2,0,0,1,0,0
2024-09-16T12:19:00.000000,35.944619833333,14.901006833333,2,0,0,1,0,0
2024-09-16T12:20:00.000000,35.9446315,14.901023666667,2,0,0,1,0,0
2024-09-16T12:21:00.000000,35.9446375,14.9010455,2,0,0,1,0,0
2024-09-16T12:22:00.000000,35.944637666667,14.901062833333,2,0,0,1,0,0
2024-09-16T12:23:00.000000,35.944640166667,14.901085,2,0,0,1,0,0
2024-09-16T12:24:00.000000,35.944635166667,14.901105166667,2,0,0,1,0,0
2024-09-16T12:25:00.000000,35.9446175,14.901122,2,0,0,1,0,0
2024-09-16T12:26:00.000000,35.9445905,14.901132833333,2,0,0,1,0,0
2024-09-16T12:27:00.000000,35.944558666667,14.9011385,2,0,0,1,0,0
2024-09-16T12:28:00.000000,35.944531166667,14.901147,2,0,0,1,0,0
2024-09-16T12:29:00.000000,35.9445045,14.9011485,2,0,0,1,0,0
2024-09-16T12:30:00.000000,35.944490333333,14.901147833333,2,0,0,1,0,0
2024-09-16T12:31:00.000000,35.944480833333,14.9011405,2,0,0,1,0,0
2024-09-16T12:32:00.000000,35.944468666667,14.9011265,2,0,0,1,0,0
2024-09-16T12:33:00.000000,35.9444575,14.901110166667,2,0,0,1,0,0
2024-09-16T12:34:00.000000,35.944453166667,14.9010975,2,0,0,1,0,0
2024-09-16T12:35:00.000000,35.944456,14.901083,2,0,0,1,0,0
2024-09-16T12:36:00.000000,35.9444575,14.901068833333,2,0,0,1,0,0
2024-09-16T12:37:00.000000,35.9444565,14.901055166667,2,0,0,1,0,0
2024-09-16T12:38:00.000000,35.944460666667,14.9010365,2,0,0,1,0,0
2024-09-16T12:39:00.000000,35.944461166667,14.901018333333,2,0,0,1,0,0
2024-09-16T12:40:00.000000,35.944458833333,14.901000166667,2,0,0,1,0,0
2024-09-16T12:41:00.000000,35.944461,14.9009885,2,0,0,1,0,0
2024-09-16T12:42:00.000000,35.944463166667,14.900976833333,2,0,0,1,0,0
2024-09-16T12:43:00.000000,35.944463666667,14.900963,2,0,0,1,0,0
2024-09-16T12:44:00.000000,35.944463333333,14.900950333333,2,0,0,1,0,0
2024-09-16T12:45:00.000000,35.944452833333,14.900939166667,2,0,0,1,0,0
2024-09-16T12:46:00.000000,35.944439,14.90093,2,0,0,1,0,0
2024-09-16T12:47:00.000000,35.944426833333,14.900920833333,2,0,0,1,0,0
2024-09-16T12:48:00.000000,35.944411833333,14.900914,2,0,0,1,0,0
2024-09-16T12:49:00.000000,35.944395333333,14.900911333333,2,0,0,1,0,0
2024-09-16T12:50:00.000000,35.9443765,14.900911166667,2,0,0,1,0,0
2024-09-16T12:51:00.000000,35.944357333333,14.9009145,2,0,0,1,0,0
2024-09-16T12:52:00.000000,35.944335,14.90092,2,0,0,1,0,0
2024-09-16T12:53:00.000000,35.9443185,14.9009285,2,0,0,1,0,0
2024-09-16T12:54:00.000000,35.944308833333,14.900939,2,0,0,1,0,0
2024-09-16T12:55:00.000000,35.944308,14.900953333333,2,0,0,1,0,0
2024-09-16T12:56:00.000000,35.944314333333,14.900968,2,0,0,1,0,0
2024-09-16T12:57:00.000000,35.944324833333,14.900980166667,2,0,0,1,0,0
2024-09-16T12:58:00.000000,35.944340666667,14.900987833333,2,0,0,1,0,0
2024-09-16T12:59:00.000000,35.944364333333,14.900993,2,0,0,1,0,0
2024-09-16T13:00:00.000000,35.944392333333,14.900998666667,2,0,0,1,0,0
2024-09-16T13:01:00.000000,35.944417,14.901004333333,2,0,0,1,0,0
2024-09-16T13:02:00.000000,35.944452333333,14.901012166667,2,0,0,1,0,0
2024-09-16T13:03:00.000000,35.944479666667,14.901016166667,2,0,0,1,0,0
2024-09-16T13:04:00.000000,35.944509833333,14.901026166667,2,0,0,1,0,0
2024-09-16T13:05:00.000000,35.944534833333,14.901039833333,2,0,0,1,0,0
2024-09-16T13:06:00.000000,35.944562333333,14.901060833333,2,0,0,1,0,0
2024-09-16T13:07:00.000000,35.9445925,14.901083166667,2,0,0,1,0,0
2024-09-16T13:08:00.000000,35.944626666667,14.901107,2,0,0,1,0,0
2024-09-16T13:09:00.000000,35.9446575,14.9011275,2,0,0,1,0,0
2024-09-16T13:10:00.000000,35.944690666667,14.9011465,2,0,0,1,0,0
2024-09-16T13:11:00.000000,35.944729333333,14.901164333333,2,0,0,1,0,0
2024-09-16T13:12:00.000000,35.944767666667,14.901178333333,2,0,0,1,0,0
2024-09-16T13:13:00.000000,35.944803833333,14.901188166667,2,0,0,1,0,0
2024-09-16T13:14:00.000000,35.9448365,14.9011905,2,0,0,1,0,0
2024-09-16T13:15:00.000000,35.94487,14.901192,2,0,0,1,0,0
2024-09-16T13:16:00.000000,35.944906833333,14.901197,2,0,0,1,0,0
2024-09-16T13:17:00.000000,35.944935333333,14.901205333333,2,0,0,1,0,0
2024-09-16T13:18:00.000000,35.944952166667,14.901216666667,2,0,0,1,0,0
2024-09-16T13:19:00.000000,35.944964833333,14.901231333333,2,0,0,1,0,0
2024-09-16T13:20:00.000000,35.94497,14.901247166667,2,0,0,1,0,0
2024-09-16T13:21:00.000000,35.944971833333,14.901262,2,0,0,1,0,0
2024-09-16T13:22:00.000000,35.94497,14.901273333333,2,0,0,1,0,0
2024-09-16T13:23:00.000000,35.944973666667,14.901280333333,2,0,0,1,0,0
2024-09-16T13:24:00.000000,35.944987666667,14.901285166667,2,0,0,1,0,0
2024-09-16T13:25:00.000000,35.9450105,14.901286166667,2,0,0,1,0,0
2024-09-16T13:26:00.000000,35.9450375,14.901280666667,2,0,0,1,0,0
2024-09-16T13:27:00.000000,35.945064666667,14.901271,2,0,0,1,0,0
2024-09-16T13:28:00.000000,35.945089333333,14.901257666667,2,0,0,1,0,0
2024-09-16T13:29:00.000000,35.9451095,14.9012415,2,0,0,1,0,0
2024-09-16T13:30:00.000000,35.945124833333,14.901221833333,2,0,0,1,0,0
2024-09-16T13:31:00.000000,35.945137166667,14.9012,2,0,0,1,0,0
2024-09-16T13:32:00.000000,35.945143666667,14.901176833333,2,0,0,1,0,0
2024-09-16T13:33:00.000000,35.945144333333,14.9011545,2,0,0,1,0,0
2024-09-16T13:34:00.000000,35.945139166667,14.901132,2,0,0,1,0,0
2024-09-16T13:35:00.000000,35.945132166667,14.901115666667,2,0,0,1,0,0
2024-09-16T13:36:00.000000,35.945120666667,14.901107,2,0,0,1,0,0
2024-09-16T13:37:00.000000,35.945107666667,14.901107166667,2,0,0,1,0,0
2024-09-16T13:38:00.000000,35.945097333333,14.901114333333,2,0,0,1,0,0
2024-09-16T13:39:00.000000,35.945092333333,14.901127,2,0,0,1,0,0
2024-09-16T13:40:00.000000,35.945091333333,14.90114,2,0,0,1,0,0
2024-09-16T13:41:00.000000,35.945098333333,14.901158166667,2,0,0,1,0,0
2024-09-16T13:42:00.000000,35.945106833333,14.901176666667,2,0,0,1,0,0
2024-09-16T13:43:00.000000,35.945117833333,14.901195333333,2,0,0,1,0,0
2024-09-16T13:44:00.000000,35.945133833333,14.901215333333,2,0,0,1,0,0
2024-09-16T13:45:00.000000,35.945154,14.901235,2,0,0,1,0,0
2024-09-16T13:46:00.000000,35.945170166667,14.9012565,2,0,0,1,0,0
2024-09-16T13:47:00.000000,35.945181833333,14.901279,2,0,0,1,0,0
2024-09-16T13:48:00.000000,35.945197166667,14.9013015,2,0,0,1,0,0
2024-09-16T13:49:00.000000,35.945212166667,14.901321333333,2,0,0,1,0,0
2024-09-16T13:50:00.000000,35.9452245,14.901335333333,2,0,0,1,0,0
2024-09-16T13:51:00.000000,35.945235666667,14.901340833333,2,0,0,1,0,0
2024-09-16T13:52:00.000000,35.945245,14.901338,2,0,0,1,0,0
2024-09-16T13:53:00.000000,35.945257,14.901330166667,2,0,0,1,0,0
2024-09-16T13:54:00.000000,35.945267833333,14.901321333333,2,0,0,1,0,0
2024-09-16T13:55:00.000000,35.945271,14.901315166667,2,0,0,1,0,0
2024-09-16T13:56:00.000000,35.945266833333,14.901311666667,2,0,0,1,0,0
2024-09-16T13:57:00.000000,35.945258833333,14.901308166667,2,0,0,1,0,0
2024-09-16T13:58:00.000000,35.945247166667,14.901302833333,2,0,0,1,0,0
2024-09-16T13:59:00.000000,35.945236333333,14.901296666667,2,0,0,1,0,0
2024-09-16T14:00:00.000000,35.945223833333,14.901288,2,0,0,1,0,0
2024-09-16T14:01:00.000000,35.945208833333,14.901275,2,0,0,1,0,0
2024-09-16T14:02:00.000000,35.945192333333,14.901259833333,2,0,0,1,0,0
2024-09-16T14:03:00.000000,35.945175333333,14.901243666667,2,0,0,1,0,0
2024-09-16T14:04:00.000000,35.945160833333,14.901228166667,2,0,0,1,0,0
2024-09-16T14:05:00.000000,35.945149166667,14.9012165,2,0,0,1,0,0
2024-09-16T14:06:00.000000,35.945143333333,14.901208666667,2,0,0,1,0,0
2024-09-16T14:07:00.000000,35.9451365,14.901203666667,2,0,0,1,0,0
2024-09-16T14:08:00.000000,35.945125666667,14.901200666667,2,0,0,1,0,0
2024-09-16T14:09:00.000000,35.9451135,14.901200166667,2,0,0,1,0,0
2024-09-16T14:10:00.000000,35.945100833333,14.901201333333,2,0,0,1,0,0
2024-09-16T14:11:00.000000,35.945091333333,14.901205333333,2,0,0,1,0,0
2024-09-16T14:12:00.000000,35.945088,14.901217833333,2,0,0,1,0,0
2024-09-16T14:13:00.000000,35.945086333333,14.901235333333,2,0,0,1,0,0
2024-09-16T14:14:00.000000,35.945084166667,14.901255666667,2,0,0,1,0,0
2024-09-16T14:15:00.000000,35.945080333333,14.901277833333,2,0,0,1,0,0
2024-09-16T14:16:00.000000,35.945074,14.901297333333,2,0,0,1,0,0
2024-09-16T14:17:00.000000,35.945066333333,14.901312833333,2,0,0,1,0,0
2024-09-16T14:18:00.000000,35.945061666667,14.901324166667,2,0,0,1,0,0
2024-09-16T14:19:00.000000,35.945055333333,14.901331666667,2,0,0,1,0,0
2024-09-16T14:20:00.000000,35.945054166667,14.901338,2,0,0,1,0,0
2024-09-16T14:21:00.000000,35.945056833333,14.901340833333,2,0,0,1,0,0
2024-09-16T14:22:00.000000,35.945059833333,14.9013395,2,0,0,1,0,0
2024-09-16T14:23:00.000000,35.945061833333,14.901335,2,0,0,1,0,0
2024-09-16T14:24:00.000000,35.945064,14.901330333333,2,0,0,1,0,0
2024-09-16T14:25:00.000000,35.945068833333,14.901322666667,2,0,0,1,0,0
2024-09-16T14:26:00.000000,35.945068833333,14.901312833333,2,0,0,1,0,0
2024-09-16T14:27:00.000000,35.945066833333,14.901306333333,2,0,0,1,0,0
2024-09-16T14:28:00.000000,35.945065333333,14.901300666667,2,0,0,1,0,0
2024-09-16T14:29:00.000000,35.945063,14.901293166667,2,0,0,1,0,0
2024-09-16T14:30:00.000000,35.945069,14.901284333333,2,0,0,1,0,0
2024-09-16T14:31:00.000000,35.945083833333,14.901276333333,2,0,0,1,0,0
2024-09-16T14:32:00.000000,35.9450955,14.901267,2,0,0,1,0,0
2024-09-16T14:33:00.000000,35.945112166667,14.901256833333,2,0,0,1,0,0
2024-09-16T14:34:00.000000,35.945130333333,14.901248166667,2,0,0,1,0,0
2024-09-16T14:35:00.000000,35.945145333333,14.9012425,2,0,0,1,0,0
2024-09-16T14:36:00.000000,35.945156,14.9012375,2,0,0,1,0,0
2024-09-16T14:37:00.000000,35.945159833333,14.901232,2,0,0,1,0,0
2024-09-16T14:38:00.000000,35.945160666667,14.901227166667,2,0,0,1,0,0
2024-09-16T14:39:00.000000,35.945162833333,14.901226166667,2,0,0,1,0,0
2024-09-16T14:40:00.000000,35.945164833333,14.901228,2,0,0,1,0,0
2024-09-16T14:41:00.000000,35.9451625,14.901233333333,2,0,0,1,0,0
2024-09-16T14:42:00.000000,35.9451575,14.901242833333,2,0,0,1,0,0
2024-09-16T14:43:00.000000,35.9451525,14.901257166667,2,0,0,1,0,0
2024-09-16T14:44:00.000000,35.945144833333,14.901273166667,2,0,0,1,0,0
2024-09-16T14:45:00.000000,35.945136333333,14.901285166667,2,0,0,1,0,0
2024-09-16T14:46:00.000000,35.945126833333,14.901295166667,2,0,0,1,0,0
2024-09-16T14:47:00.000000,35.945116333333,14.901300666667,2,0,0,1,0,0
2024-09-16T14:48:00.000000,35.945105833333,14.901303,2,0,0,1,0,0
2024-09-16T14:49:00.000000,35.945089,14.901303833333,2,0,0,1,0,0
2024-09-16T14:50:00.000000,35.94507,14.901302833333,2,0,0,1,0,0
2024-09-16T14:51:00.000000,35.945046333333,14.901300333333,2,0,0,1,0,0
2024-09-16T14:52:00.000000,35.945023,14.9013005,2,0,0,1,0,0
2024-09-16T14:53:00.000000,35.945001,14.9013035,2,0,0,1,0,0
2024-09-16T14:54:00.000000,35.944981166667,14.9013095,2,0,0,1,0,0
2024-09-16T14:55:00.000000,35.944965833333,14.9013195,2,0,0,1,0,0
2024-09-16T14:56:00.000000,35.9449565,14.9013345,2,0,0,1,0,0
2024-09-16T14:57:00.000000,35.944955166667,14.901351666667,2,0,0,1,0,0
2024-09-16T14:58:00.000000,35.944959833333,14.901368833333,2,0,0,1,0,0
2024-09-16T14:59:00.000000,35.9449705,14.901384833333,2,0,0,1,0,0
2024-09-16T15:00:00.000000,35.9449855,14.9013985,2,0,0,1,0,0
2024-09-16T15:01:00.000000,35.945001666667,14.901407666667,2,0,0,1,0,0
2024-09-16T15:02:00.000000,35.945021166667,14.901410666667,2,0,0,1,0,0
2024-09-16T15:03:00.000000,35.945043833333,14.901409,2,0,0,1,0,0
2024-09-16T15:04:00.000000,35.945070166667,14.901408666667,2,0,0,1,0,0
2024-09-16T15:05:00.000000,35.9450975,14.901410666667,2,0,0,1,0,0
2024-09-16T15:06:00.000000,35.945127166667,14.901418166667,2,0,0,1,0,0
2024-09-16T15:07:00.000000,35.945154666667,14.901433,2,0,0,1,0,0
2024-09-16T15:08:00.000000,35.945175166667,14.901452833333,2,0,0,1,0,0
2024-09-16T15:09:00.000000,35.945192666667,14.901474666667,2,0,0,1,0,0
2024-09-16T15:10:00.000000,35.945213,14.901496833333,2,0,0,1,0,0
2024-09-16T15:11:00.000000,35.945233333333,14.901522666667,2,0,0,1,0,0
2024-09-16T15:12:00.000000,35.945250166667,14.901550166667,2,0,0,1,0,0
2024-09-16T15:13:00.000000,35.9452715,14.90158,2,0,0,1,0,0
2024-09-16T15:14:00.000000,35.945286833333,14.9016095,2,0,0,1,0,0
2024-09-16T15:15:00.000000,35.945294333333,14.901635333333,2,0,0,1,0,0
2024-09-16T15:16:00.000000,35.945295166667,14.901658,2,0,0,1,0,0
2024-09-16T15:17:00.000000,35.9452915,14.9016755,2,0,0,1,0,0
2024-09-16T15:18:00.000000,35.945282166667,14.9016855,2,0,0,1,0,0
2024-09-16T15:19:00.000000,35.945280333333,14.901692,2,0,0,1,0,0
2024-09-16T15:20:00.000000,35.945281,14.901696833333,2,0,0,1,0,0
2024-09-16T15:21:00.000000,35.9452835,14.901700333333,2,0,0,1,0,0
2024-09-16T15:22:00.000000,35.945289166667,14.901701166667,2,0,0,1,0,0
2024-09-16T15:23:00.000000,35.945296833333,14.901698833333,2,0,0,1,0,0
2024-09-16T15:24:00.000000,35.9453005,14.901694833333,2,0,0,1,0,0
2024-09-16T15:25:00.000000,35.945301833333,14.901688333333,2,0,0,1,0,0
2024-09-16T15:26:00.000000,35.945305833333,14.901679666667,2,0,0,1,0,0
2024-09-16T15:27:00.000000,35.945313666667,14.901671166667,2,0,0,1,0,0
2024-09-16T15:28:00.000000,35.9453245,14.901664833333,2,0,0,1,0,0
2024-09-16T15:29:00.000000,35.945338333333,14.9016595,2,0,0,1,0,0
2024-09-16T15:30:00.000000,35.945355166667,14.901655333333,2,0,0,1,0,0
2024-09-16T15:31:00.000000,35.9453735,14.901651833333,2,0,0,1,0,0
2024-09-16T15:32:00.000000,35.945393166667,14.90165,2,0,0,1,0,0
2024-09-16T15:33:00.000000,35.945417666667,14.9016465,2,0,0,1,0,0
2024-09-16T15:34:00.000000,35.945442833333,14.901641333333,2,0,0,1,0,0
2024-09-16T15:35:00.000000,35.9454645,14.901637333333,2,0,0,1,0,0
2024-09-16T15:36:00.000000,35.945484666667,14.901637,2,0,0,1,0,0
2024-09-16T15:37:00.000000,35.945504666667,14.901641,2,0,0,1,0,0
2024-09-16T15:38:00.000000,35.9455245,14.901645666667,2,0,0,1,0,0
2024-09-16T15:39:00.000000,35.945541333333,14.901648333333,2,0,0,1,0,0
2024-09-16T15:40:00.000000,35.945552166667,14.901653,2,0,0,1,0,0
2024-09-16T15:41:00.000000,35.945562833333,14.901658333333,2,0,0,1,0,0
2024-09-16T15:42:00.000000,35.945573666667,14.9016615,2,0,0,1,0,0
2024-09-16T15:43:00.000000,35.9455825,14.901660333333,2,0,0,1,0,0
2024-09-16T15:44:00.000000,35.9455865,14.901654166667,2,0,0,1,0,0
2024-09-16T15:45:00.000000,35.945584833333,14.901642833333,2,0,0,1,0,0
2024-09-16T15:46:00.000000,35.9455785,14.901627333333,2,0,0,1,0,0
2024-09-16T15:47:00.000000,35.945568833333,14.901607166667,2,0,0,1,0,0
2024-09-16T15:48:00.000000,35.945556666667,14.901585833333,2,0,0,1,0,0
2024-09-16T15:49:00.000000,35.945540333333,14.901567166667,2,0,0,1,0,0
2024-09-16T15:50:00.000000,35.945519333333,14.9015515,2,0,0,1,0,0
2024-09-16T15:51:00.000000,35.945494666667,14.901542333333,2,0,0,1,0,0
2024-09-16T15:52:00.000000,35.9454695,14.901541833333,2,0,0,1,0,0
2024-09-16T15:53:00.000000,35.945452,14.9015435,2,0,0,1,0,0
2024-09-16T15:54:00.000000,35.945439833333,14.901545333333,2,0,0,1,0,0
2024-09-16T15:55:00.000000,35.945432166667,14.901548166667,2,0,0,1,0,0
2024-09-16T15:56:00.000000,35.945427666667,14.901552833333,2,0,0,1,0,0
2024-09-16T15:57:00.000000,35.945428333333,14.901557166667,2,0,0,1,0,0
2024-09-16T15:58:00.000000,35.945437,14.9015625,2,0,0,1,0,0
2024-09-16T15:59:00.000000,35.945454,14.901567333333,2,0,0,1,0,0
2024-09-16T16:00:00.000000,35.945475833333,14.90157,2,0,0,1,0,0
2024-09-16T16:01:00.000000,35.945502,14.901571333333,2,0,0,1,0,0
2024-09-16T16:02:00.000000,35.945533333333,14.901572166667,2,0,0,1,0,0
2024-09-16T16:03:00.000000,35.9455685,14.901573333333,2,0,0,1,0,0
2024-09-16T16:04:00.000000,35.945607833333,14.901571,2,0,0,1,0,0
2024-09-16T16:05:00.000000,35.945646333333,14.901568166667,2,0,0,1,0,0
2024-09-16T16:06:00.000000,35.9456845,14.901564666667,2,0,0,1,0,0
2024-09-16T16:07:00.000000,35.94572,14.901558,2,0,0,1,0,0
2024-09-16T16:08:00.000000,35.945754333333,14.901546333333,2,0,0,1,0,0
2024-09-16T16:09:00.000000,35.945787333333,14.901535166667,2,0,0,1,0,0
2024-09-16T16:10:00.000000,35.945819833333,14.901524833333,2,0,0,1,0,0
2024-09-16T16:11:00.000000,35.945853166667,14.901512666667,2,0,0,1,0,0
2024-09-16T16:12:00.000000,35.945876333333,14.901509,2,0,0,1,0,0
2024-09-16T16:13:00.000000,35.945893,14.901510166667,2,0,0,1,0,0
2024-09-16T16:14:00.000000,35.945910833333,14.901510666667,2,0,0,1,0,0
2024-09-16T16:15:00.000000,35.9459275,14.901507833333,2,0,0,1,0,0
2024-09-16T16:16:00.000000,35.945943833333,14.901502833333,2,0,0,1,0,0
2024-09-16T16:17:00.000000,35.945957333333,14.901494666667,2,0,0,1,0,0
2024-09-16T16:18:00.000000,35.945969333333,14.901484833333,2,0,0,1,0,0
2024-09-16T16:19:00.000000,35.945978333333,14.901472666667,2,0,0,1,0,0
2024-09-16T16:20:00.000000,35.945990833333,14.901456833333,2,0,0,1,0,0
2024-09-16T16:21:00.000000,35.9460045,14.901437666667,2,0,0,1,0,0
2024-09-16T16:22:00.000000,35.946017166667,14.9014195,2,0,0,1,0,0
2024-09-16T16:23:00.000000,35.9460285,14.901400833333,2,0,0,1,0,0
2024-09-16T16:24:00.000000,35.946038,14.901383833333,2,0,0,1,0,0
2024-09-16T16:25:00.000000,35.9460465,14.901368666667,2,0,0,1,0,0
2024-09-16T16:26:00.000000,35.946053166667,14.901351666667,2,0,0,1,0,0
2024-09-16T16:27:00.000000,35.946057,14.901342333333,2,0,0,1,0,0
2024-09-16T16:28:00.000000,35.946064,14.901340833333,2,0,0,1,0,0
2024-09-16T16:29:00.000000,35.9460725,14.901351666667,2,0,0,1,0,0
2024-09-16T16:30:00.000000,35.946083,14.901373666667,2,0,0,1,0,0
2024-09-16T16:31:00.000000,35.946095833333,14.9014025,2,0,0,1,0,0
2024-09-16T16:32:00.000000,35.946112666667,14.901429833333,2,0,0,1,0,0
2024-09-16T16:33:00.000000,35.946133166667,14.901457166667,2,0,0,1,0,0
2024-09-16T16:34:00.000000,35.946159666667,14.901483833333,2,0,0,1,0,0
2024-09-16T16:35:00.000000,35.946188166667,14.901507166667,2,0,0,1,0,0
2024-09-16T16:36:00.000000,35.946219666667,14.901527833333,2,0,0,1,0,0
2024-09-16T16:37:00.000000,35.946252166667,14.9015415,2,0,0,1,0,0
2024-09-16T16:38:00.000000,35.946279333333,14.901548333333,2,0,0,1,0,0
2024-09-16T16:39:00.000000,35.946296333333,14.901550166667,2,0,0,1,0,0
2024-09-16T16:40:00.000000,35.9463065,14.9015445,2,0,0,1,0,0
2024-09-16T16:41:00.000000,35.9463145,14.901532333333,2,0,0,1,0,0
2024-09-16T16:42:00.000000,35.946324,14.901510333333,2,0,0,1,0,0
2024-09-16T16:43:00.000000,35.946330166667,14.901484666667,2,0,0,1,0,0
2024-09-16T16:44:00.000000,35.9463305,14.901463833333,2,0,0,1,0,0
2024-09-16T16:45:00.000000,35.946329,14.901447666667,2,0,0,1,0,0
2024-09-16T16:46:00.000000,35.946328333333,14.901432666667,2,0,0,1,0,0
2024-09-16T16:47:00.000000,35.946329833333,14.9014215,2,0,0,1,0,0
2024-09-16T16:48:00.000000,35.946333,14.901416666667,2,0,0,1,0,0
2024-09-16T16:49:00.000000,35.946339833333,14.901416,2,0,0,1,0,0
2024-09-16T16:50:00.000000,35.946354333333,14.9014175,2,0,0,1,0,0
2024-09-16T16:51:00.000000,35.946374333333,14.901420833333,2,0,0,1,0,0
2024-09-16T16:52:00.000000,35.946398666667,14.9014235,2,0,0,1,0,0
2024-09-16T16:53:00.000000,35.946423166667,14.901426666667,2,0,0,1,0,0
2024-09-16T16:54:00.000000,35.9464475,14.901428166667,2,0,0,1,0,0
2024-09-16T16:55:00.000000,35.946470333333,14.901425,2,0,0,1,0,0
2024-09-16T16:56:00.000000,35.946486666667,14.901417333333,2,0,0,1,0,0
2024-09-16T16:57:00.000000,35.946496833333,14.901405666667,2,0,0,1,0,0
2024-09-16T16:58:00.000000,35.946500166667,14.901397833333,2,0,0,1,0,0
2024-09-16T16:59:00.000000,35.946500666667,14.9013905,2,0,0,1,0,0
2024-09-16T17:00:00.000000,35.946498,14.901386666667,2,0,0,1,0,0
2024-09-16T17:01:00.000000,35.946494,14.901380833333,2,0,0,1,0,0
2024-09-16T17:02:00.000000,35.946493,14.901373,2,0,0,1,0,0
2024-09-16T17:03:00.000000,35.946490333333,14.901371333333,2,0,0,1,0,0
2024-09-16T17:04:00.000000,35.946494166667,14.901360666667,2,0,0,1,0,0
2024-09-16T17:05:00.000000,35.9465045,14.901350166667,2,0,0,1,0,0
2024-09-16T17:06:00.000000,35.9465185,14.901345166667,2,0,0,1,0,0
2024-09-16T17:07:00.000000,35.946536166667,14.9013345,2,0,0,1,0,0
2024-09-16T17:08:00.000000,35.9465535,14.901322666667,2,0,0,1,0,0
2024-09-16T17:09:00.000000,35.946568333333,14.901311166667,2,0,0,1,0,0
2024-09-16T17:10:00.000000,35.946581166667,14.901294333333,2,0,0,1,0,0
2024-09-16T17:11:00.000000,35.946584666667,14.901284333333,2,0,0,1,0,0
2024-09-16T17:12:00.000000,35.946585333333,14.901268333333,2,0,0,1,0,0
2024-09-16T17:13:00.000000,35.9465855,14.9012515,2,0,0,1,0,0
2024-09-16T17:14:00.000000,35.946585,14.9012415,2,0,0,1,0,0
2024-09-16T17:15:00.000000,35.946585833333,14.901239,2,0,0,1,0,0
2024-09-16T17:16:00.000000,35.946583333333,14.901247,2,0,0,1,0,0
2024-09-16T17:17:00.000000,35.946584833333,14.901257666667,2,0,0,1,0,0
2024-09-16T17:18:00.000000,35.946593666667,14.901269833333,2,0,0,1,0,0
2024-09-16T17:19:00.000000,35.946605,14.901284166667,2,0,0,1,0,0
2024-09-16T17:20:00.000000,35.946619166667,14.9012985,2,0,0,1,0,0
2024-09-16T17:21:00.000000,35.946633333333,14.901306666667,2,0,0,1,0,0
2024-09-16T17:22:00.000000,35.946648,14.901300166667,2,0,0,1,0,0
2024-09-16T17:23:00.000000,35.9466655,14.901283833333,2,0,0,1,0,0
2024-09-16T17:24:00.000000,35.946684833333,14.901257166667,2,0,0,1,0,0
2024-09-16T17:25:00.000000,35.946695833333,14.90123,2,0,0,1,0,0
2024-09-16T17:26:00.000000,35.946706833333,14.9012165,2,0,0,1,0,0
2024-09-16T17:27:00.000000,35.946718166667,14.901197666667,2,0,0,1,0,0
2024-09-16T17:28:00.000000,35.946726166667,14.901191,2,0,0,1,0,0
2024-09-16T17:29:00.000000,35.946741666667,14.901184333333,2,0,0,1,0,0
2024-09-16T17:30:00.000000,35.946754833333,14.901183833333,2,0,0,1,0,0
2024-09-16T17:31:00.000000,35.946772333333,14.901176666667,2,0,0,1,0,0
2024-09-16T17:32:00.000000,35.946786833333,14.901171333333,2,0,0,1,0,0
2024-09-16T17:33:00.000000,35.946796,14.901168833333,2,0,0,1,0,0
2024-09-16T17:34:00.000000,35.946805,14.901164833333,2,0,0,1,0,0
2024-09-16T17:35:00.000000,35.946811333333,14.901163333333,2,0,0,1,0,0
2024-09-16T17:36:00.000000,35.9468185,14.901165333333,2,0,0,1,0,0
2024-09-16T17:37:00.000000,35.946822,14.901163,2,0,0,1,0,0
2024-09-16T17:38:00.000000,35.946825666667,14.9011585,2,0,0,1,0,0
2024-09-16T17:39:00.000000,35.946825666667,14.901158833333,2,0,0,1,0,0
2024-09-16T17:40:00.000000,35.946827,14.901159166667,2,0,0,1,0,0
2024-09-16T17:41:00.000000,35.946826333333,14.901164333333,2,0,0,1,0,0
2024-09-16T17:42:00.000000,35.9468225,14.901174333333,2,0,0,1,0,0
2024-09-16T17:43:00.000000,35.946814,14.9011865,2,0,0,1,0,0
2024-09-16T17:44:00.000000,35.946804833333,14.901202,2,0,0,1,0,0
2024-09-16T17:45:00.000000,35.9467925,14.901218166667,2,0,0,1,0,0
2024-09-16T17:46:00.000000,35.9467795,14.9012305,2,0,0,1,0,0
2024-09-16T17:47:00.000000,35.946772,14.901236333333,2,0,0,1,0,0
2024-09-16T17:48:00.000000,35.946765666667,14.901237,2,0,0,1,0,0
2024-09-16T17:49:00.000000,35.946768166667,14.901236333333,2,0,0,1,0,0
2024-09-16T17:50:00.000000,35.946774666667,14.901239,2,0,0,1,0,0
2024-09-16T17:51:00.000000,35.946781833333,14.901251333333,2,0,0,1,0,0
2024-09-16T17:52:00.000000,35.946798833333,14.901266333333,2,0,0,1,0,0
2024-09-16T17:53:00.000000,35.946821666667,14.901285166667,2,0,0,1,0,0
2024-09-16T17:54:00.000000,35.9468555,14.901306166667,2,0,0,1,0,0
2024-09-16T17:55:00.000000,35.946896333333,14.901324833333,2,0,0,1,0,0
2024-09-16T17:56:00.000000,35.946947166667,14.901337166667,2,0,0,1,0,0
2024-09-16T17:57:00.000000,35.946997666667,14.901347,2,0,0,1,0,0
2024-09-16T17:58:00.000000,35.947050166667,14.901355,2,0,0,1,0,0
2024-09-16T17:59:00.000000,35.947102333333,14.901357833333,2,0,0,1,0,0
2024-09-16T18:00:00.000000,35.947145,14.901363333333,2,0,0,1,0,0
2024-09-16T18:01:00.000000,35.947186333333,14.901370333333,2,0,0,1,0,0
2024-09-16T18:02:00.000000,35.947211,14.901382166667,2,0,0,1,0,0
2024-09-16T18:03:00.000000,35.947231166667,14.901392833333,2,0,0,1,0,0
2024-09-16T18:04:00.000000,35.947246666667,14.901401833333,2,0,0,1,0,0
2024-09-16T18:05:00.000000,35.947260333333,14.901405,2,0,0,1,0,0
2024-09-16T18:06:00.000000,35.94727,14.901406333333,2,0,0,1,0,0
2024-09-16T18:07:00.000000,35.947268,14.901406,2,0,0,1,0,0
2024-09-16T18:08:00.000000,35.947256,14.901405,2,0,0,1,0,0
2024-09-16T18:09:00.000000,35.947248,14.9014015,2,0,0,1,0,0
2024-09-16T18:10:00.000000,35.947238,14.901399,2,0,0,1,0,0
2024-09-16T18:11:00.000000,35.947233833333,14.901397333333,2,0,0,1,0,0
2024-09-16T18:12:00.000000,35.947217166667,14.901408166667,2,0,0,1,0,0
2024-09-16T18:13:00.000000,35.947211166667,14.901423,2,0,0,1,0,0
2024-09-16T18:14:00.000000,35.947196,14.901446,2,0,0,1,0,0
2024-09-16T18:15:00.000000,35.947184833333,14.901471166667,2,0,0,1,0,0
2024-09-16T18:16:00.000000,35.947173666667,14.901495,2,0,0,1,0,0
2024-09-16T18:17:00.000000,35.947165833333,14.901508,2,0,0,1,0,0
2024-09-16T18:18:00.000000,35.947161666667,14.901512666667,2,0,0,1,0,0
2024-09-16T18:19:00.000000,35.947153666667,14.901513333333,2,0,0,1,0,0
2024-09-16T18:20:00.000000,35.9471475,14.901509,2,0,0,1,0,0
2024-09-16T18:21:00.000000,35.947143833333,14.901505833333,2,0,0,1,0,0
2024-09-16T18:22:00.000000,35.947147166667,14.901503333333,2,0,0,1,0,0
2024-09-16T18:23:00.000000,35.947156833333,14.9014985,2,0,0,1,0,0
2024-09-16T18:24:00.000000,35.947169333333,14.901494,2,0,0,1,0,0
2024-09-16T18:25:00.000000,35.947184166667,14.901486333333,2,0,0,1,0,0
2024-09-16T18:26:00.000000,35.947209333333,14.9014805,2,0,0,1,0,0
2024-09-16T18:27:00.000000,35.947241666667,14.901474666667,2,0,0,1,0,0
2024-09-16T18:28:00.000000,35.947273833333,14.901467833333,2,0,0,1,0,0
2024-09-16T18:29:00.000000,35.947306666667,14.901460666667,2,0,0,1,0,0
2024-09-16T18:30:00.000000,35.947336166667,14.901454666667,2,0,0,1,0,0
2024-09-16T18:31:00.000000,35.9473625,14.901447833333,2,0,0,1,0,0
2024-09-16T18:32:00.000000,35.947382333333,14.901446,2,0,0,1,0,0
2024-09-16T18:33:00.000000,35.9474005,14.9014495,2,0,0,1,0,0
2024-09-16T18:34:00.000000,35.947417666667,14.9014555,2,0,0,1,0,0
2024-09-16T18:35:00.000000,35.94743,14.901459666667,2,0,0,1,0,0
2024-09-16T18:36:00.000000,35.947444,14.901461333333,2,0,0,1,0,0
2024-09-16T18:37:00.000000,35.947459666667,14.901460166667,2,0,0,1,0,0
2024-09-16T18:38:00.000000,35.947471166667,14.901458833333,2,0,0,1,0,0
2024-09-16T18:39:00.000000,35.947486,14.9014505,2,0,0,1,0,0
2024-09-16T18:40:00.000000,35.9474975,14.901442,2,0,0,1,0,0
2024-09-16T18:41:00.000000,35.9475095,14.901436,2,0,0,1,0,0
2024-09-16T18:42:00.000000,35.9475255,14.901432,2,0,0,1,0,0
2024-09-16T18:43:00.000000,35.947537333333,14.901436833333,2,0,0,1,0,0
2024-09-16T18:44:00.000000,35.9475475,14.9014475,2,0,0,1,0,0
2024-09-16T18:45:00.000000,35.947555,14.9014595,2,0,0,1,0,0
2024-09-16T18:46:00.000000,35.947556166667,14.901472333333,2,0,0,1,0,0
2024-09-16T18:47:00.000000,35.947550833333,14.901483333333,2,0,0,1,0,0
2024-09-16T18:48:00.000000,35.947541666667,14.901488166667,2,0,0,1,0,0
2024-09-16T18:49:00.000000,35.947525166667,14.9014945,2,0,0,1,0,0
2024-09-16T18:50:00.000000,35.947504833333,14.901507166667,2,0,0,1,0,0
2024-09-16T18:51:00.000000,35.9474845,14.9015275,2,0,0,1,0,0
2024-09-16T18:52:00.000000,35.947466333333,14.901554166667,2,0,0,1,0,0
2024-09-16T18:53:00.000000,35.947449833333,14.901585,2,0,0,1,0,0
2024-09-16T18:54:00.000000,35.947430333333,14.9016165,2,0,0,1,0,0
2024-09-16T18:55:00.000000,35.947410833333,14.901644833333,2,0,0,1,0,0
2024-09-16T18:56:00.000000,35.947393833333,14.901677333333,2,0,0,1,0,0
2024-09-16T18:57:00.000000,35.9473825,14.901709333333,2,0,0,1,0,0
2024-09-16T18:58:00.000000,35.947374833333,14.9017415,2,0,0,1,0,0
2024-09-16T18:59:00.000000,35.947372333333,14.901766666667,2,0,0,1,0,0
2024-09-16T19:00:00.000000,35.947372,14.901780666667,2,0,0,1,0,0
2024-09-16T19:01:00.000000,35.947372166667,14.901779166667,2,0,0,1,0,0
2024-09-16T19:02:00.000000,35.947372333333,14.901769,2,0,0,1,0,0
2024-09-16T19:03:00.000000,35.947366333333,14.901761833333,2,0,0,1,0,0
2024-09-16T19:04:00.000000,35.947358166667,14.901759333333,2,0,0,1,0,0
2024-09-16T19:05:00.000000,35.9473455,14.901765166667,2,0,0,1,0,0
2024-09-16T19:06:00.000000,35.947329666667,14.901773166667,2,0,0,1,0,0
2024-09-16T19:07:00.000000,35.9473105,14.901780333333,2,0,0,1,0,0
2024-09-16T19:08:00.000000,35.9472885,14.901789833333,2,0,0,1,0,0
2024-09-16T19:09:00.000000,35.947273166667,14.9018015,2,0,0,1,0,0
2024-09-16T19:10:00.000000,35.947269166667,14.901815333333,2,0,0,1,0,0
2024-09-16T19:11:00.000000,35.947271833333,14.9018355,2,0,0,1,0,0
2024-09-16T19:12:00.000000,35.947281333333,14.901856333333,2,0,0,1,0,0
2024-09-16T19:13:00.000000,35.9472955,14.9018685,2,0,0,1,0,0
2024-09-16T19:14:00.000000,35.947316166667,14.901874,2,0,0,1,0,0
2024-09-16T19:15:00.000000,35.947338166667,14.901875,2,0,0,1,0,0
2024-09-16T19:16:00.000000,35.9473575,14.901872,2,0,0,1,0,0
2024-09-16T19:17:00.000000,35.947380666667,14.901863333333,2,0,0,1,0,0
2024-09-16T19:18:00.000000,35.947404,14.901847166667,2,0,0,1,0,0
2024-09-16T19:19:00.000000,35.947421833333,14.9018265,2,0,0,1,0,0
2024-09-16T19:20:00.000000,35.947435,14.901804166667,2,0,0,1,0,0
2024-09-16T19:21:00.000000,35.947443,14.9017865,2,0,0,1,0,0
2024-09-16T19:22:00.000000,35.947445833333,14.901773,2,0,0,1,0,0
2024-09-16T19:23:00.000000,35.947446333333,14.90176,2,0,0,1,0,0
2024-09-16T19:24:00.000000,35.947443833333,14.901754833333,2,0,0,1,0,0
2024-09-16T19:25:00.000000,35.947436166667,14.9017605,2,0,0,1,0,0
2024-09-16T19:26:00.000000,35.9474215,14.9017725,2,0,0,1,0,0
2024-09-16T19:27:00.000000,35.947404833333,14.90179,2,0,0,1,0,0
2024-09-16T19:28:00.000000,35.947386666667,14.901810166667,2,0,0,1,0,0
2024-09-16T19:29:00.000000,35.947364833333,14.901831833333,2,0,0,1,0,0
2024-09-16T19:30:00.000000,35.947345166667,14.901848833333,2,0,0,1,0,0
2024-09-16T19:31:00.000000,35.947328666667,14.901865,2,0,0,1,0,0
2024-09-16T19:32:00.000000,35.947312833333,14.9018785,2,0,0,1,0,0
2024-09-16T19:33:00.000000,35.947298666667,14.901894666667,2,0,0,1,0,0
2024-09-16T19:34:00.000000,35.947287,14.9019105,2,0,0,1,0,0
2024-09-16T19:35:00.000000,35.947283833333,14.901922666667,2,0,0,1,0,0
2024-09-16T19:36:00.000000,35.947291166667,14.901927833333,2,0,0,1,0,0
2024-09-16T19:37:00.000000,35.947302666667,14.9019235,2,0,0,1,0,0
2024-09-16T19:38:00.000000,35.947307,14.901913,2,0,0,1,0,0
2024-09-16T19:39:00.000000,35.9473195,14.901899,2,0,0,1,0,0
2024-09-16T19:40:00.000000,35.947331833333,14.901880666667,2,0,0,1,0,0
2024-09-16T19:41:00.000000,35.9473425,14.901860166667,2,0,0,1,0,0
2024-09-16T19:42:00.000000,35.947350833333,14.901844166667,2,0,0,1,0,0
2024-09-16T19:43:00.000000,35.947357833333,14.901830166667,2,0,0,1,0,0
2024-09-16T19:44:00.000000,35.947360333333,14.901817666667,2,0,0,1,0,0
2024-09-16T19:45:00.000000,35.947355,14.901812333333,2,0,0,1,0,0
2024-09-16T19:46:00.000000,35.947352,14.9018195,2,0,0,1,0,0
2024-09-16T19:47:00.000000,35.947352666667,14.901835,2,0,0,1,0,0
2024-09-16T19:48:00.000000,35.947356166667,14.9018455,2,0,0,1,0,0
2024-09-16T19:49:00.000000,35.947358666667,14.901854833333,2,0,0,1,0,0
2024-09-16T19:50:00.000000,35.947359,14.9018555,2,0,0,1,0,0
2024-09-16T19:51:00.000000,35.947356166667,14.9018555,2,0,0,1,0,0
2024-09-16T19:52:00.000000,35.947358833333,14.901850666667,2,0,0,1,0,0
2024-09-16T19:53:00.000000,35.94736,14.901846333333,2,0,0,1,0,0
2024-09-16T19:54:00.000000,35.947358833333,14.901840833333,2,0,0,1,0,0
2024-09-16T19:55:00.000000,35.947355,14.901836,2,0,0,1,0,0
2024-09-16T19:56:00.000000,35.947351666667,14.901833166667,2,0,0,1,0,0
2024-09-16T19:57:00.000000,35.947348666667,14.901836,2,0,0,1,0,0
2024-09-16T19:58:00.000000,35.947335833333,14.901850833333,2,0,0,1,0,0
2024-09-16T19:59:00.000000,35.947324833333,14.901869166667,2,0,0,1,0,0
2024-09-16T20:00:00.000000,35.947310666667,14.9018925,2,0,0,1,0,0
2024-09-16T20:01:00.000000,35.947292833333,14.9019175,2,0,0,1,0,0
2024-09-16T20:02:00.000000,35.947272666667,14.901945666667,2,0,0,1,0,0
2024-09-16T20:03:00.000000,35.947251166667,14.9019725,2,0,0,1,0,0
2024-09-16T20:04:00.000000,35.947224333333,14.901994833333,2,0,0,1,0,0
2024-09-16T20:05:00.000000,35.947197,14.902004833333,2,0,0,1,0,0
2024-09-16T20:06:00.000000,35.947171833333,14.902004166667,2,0,0,1,0,0
2024-09-16T20:07:00.000000,35.947149166667,14.901997333333,2,0,0,1,0,0
2024-09-16T20:08:00.000000,35.947131,14.901997833333,2,0,0,1,0,0
2024-09-16T20:09:00.000000,35.947129833333,14.901996,2,0,0,1,0,0
2024-09-16T20:10:00.000000,35.947126166667,14.902013666667,2,0,0,1,0,0
2024-09-16T20:11:00.000000,35.947135333333,14.902029833333,2,0,0,1,0,0
2024-09-16T20:12:00.000000,35.947147666667,14.902050666667,2,0,0,1,0,0
2024-09-16T20:13:00.000000,35.947165,14.902069,2,0,0,1,0,0
2024-09-16T20:14:00.000000,35.947189,14.902074666667,2,0,0,1,0,0
2024-09-16T20:15:00.000000,35.947218,14.902068833333,2,0,0,1,0,0
2024-09-16T20:16:00.000000,35.947248666667,14.902044333333,2,0,0,1,0,0
2024-09-16T20:17:00.000000,35.9472785,14.902006666667,2,0,0,1,0,0
2024-09-16T20:18:00.000000,35.9472965,14.901956833333,2,0,0,1,0,0
2024-09-16T20:19:00.000000,35.947305333333,14.901914833333,2,0,0,1,0,0
2024-09-16T20:20:00.000000,35.947302333333,14.901878666667,2,0,0,1,0,0
2024-09-16T20:21:00.000000,35.947294833333,14.9018625,2,0,0,1,0,0
2024-09-16T20:22:00.000000,35.947284,14.901862166667,2,0,0,1,0,0
2024-09-16T20:23:00.000000,35.9472725,14.9018765,2,0,0,1,0,0
2024-09-16T20:24:00.000000,35.947258833333,14.901901,2,0,0,1,0,0
2024-09-16T20:25:00.000000,35.947245333333,14.901926333333,2,0,0,1,0,0
2024-09-16T20:26:00.000000,35.947234833333,14.901957333333,2,0,0,1,0,0
2024-09-16T20:27:00.000000,35.947227166667,14.901995166667,2,0,0,1,0,0
2024-09-16T20:28:00.000000,35.947221166667,14.902035333333,2,0,0,1,0,0
2024-09-16T20:29:00.000000,35.947213166667,14.902072166667,2,0,0,1,0,0
2024-09-16T20:30:00.000000,35.947198166667,14.902100833333,2,0,0,1,0,0
2024-09-16T20:31:00.000000,35.947173166667,14.9021215,2,0,0,1,0,0
2024-09-16T20:32:00.000000,35.947139,14.902133166667,2,0,0,1,0,0
2024-09-16T20:33:00.000000,35.947094666667,14.902135666667,2,0,0,1,0,0
2024-09-16T20:34:00.000000,35.9470505,14.902137333333,2,0,0,1,0,0
2024-09-16T20:35:00.000000,35.947013666667,14.902143166667,2,0,0,1,0,0
2024-09-16T20:36:00.000000,35.946987,14.9021605,2,0,0,1,0,0
2024-09-16T20:37:00.000000,35.946969333333,14.902185333333,2,0,0,1,0,0
2024-09-16T20:38:00.000000,35.9469585,14.902212666667,2,0,0,1,0,0
2024-09-16T20:39:00.000000,35.946954,14.902238,2,0,0,1,0,0
2024-09-16T20:40:00.000000,35.946952833333,14.902257833333,2,0,0,1,0,0
2024-09-16T20:41:00.000000,35.946951833333,14.9022705,2,0,0,1,0,0
2024-09-16T20:42:00.000000,35.946952666667,14.9022675,2,0,0,1,0,0
2024-09-16T20:43:00.000000,35.946951333333,14.9022595,2,0,0,1,0,0
2024-09-16T20:44:00.000000,35.946947166667,14.902247333333,2,0,0,1,0,0
2024-09-16T20:45:00.000000,35.946937833333,14.9022335,2,0,0,1,0,0
2024-09-16T20:46:00.000000,35.946930666667,14.902215666667,2,0,0,1,0,0
2024-09-16T20:47:00.000000,35.946922666667,14.902204333333,2,0,0,1,0,0
2024-09-16T20:48:00.000000,35.946917166667,14.902206,2,0,0,1,0,0
2024-09-16T20:49:00.000000,35.946914166667,14.902215,2,0,0,1,0,0
2024-09-16T20:50:00.000000,35.946912,14.9022285,2,0,0,1,0,0
2024-09-16T20:51:00.000000,35.946910333333,14.9022465,2,0,0,1,0,0
2024-09-16T20:52:00.000000,35.946912833333,14.902266166667,2,0,0,1,0,0
2024-09-16T20:53:00.000000,35.946915666667,14.902291,2,0,0,1,0,0
2024-09-16T20:54:00.000000,35.946919833333,14.902303166667,2,0,0,1,0,0
2024-09-16T20:55:00.000000,35.946916166667,14.902303833333,2,0,0,1,0,0
2024-09-16T20:56:00.000000,35.946905166667,14.902295666667,2,0,0,1,0,0
2024-09-16T20:57:00.000000,35.946885833333,14.902283333333,2,0,0,1,0,0
2024-09-16T20:58:00.000000,35.9468615,14.902272,2,0,0,1,0,0
2024-09-16T20:59:00.000000,35.9468315,14.9022645,2,0,0,1,0,0
2024-09-16T21:00:00.000000,35.946802333333,14.902261333333,2,0,0,1,0,0
2024-09-16T21:01:00.000000,35.9467755,14.902260333333,2,0,0,1,0,0
2024-09-16T21:02:00.000000,35.946754,14.902267666667,2,0,0,1,0,0
2024-09-16T21:03:00.000000,35.946742,14.902277,2,0,0,1,0,0
2024-09-16T21:04:00.000000,35.946735666667,14.902296166667,2,0,0,1,0,0
2024-09-16T21:05:00.000000,35.946738,14.902322833333,2,0,0,1,0,0
2024-09-16T21:06:00.000000,35.946752,14.902349,2,0,0,1,0,0
2024-09-16T21:07:00.000000,35.946776666667,14.9023685,2,0,0,1,0,0
2024-09-16T21:08:00.000000,35.946807666667,14.902377,2,0,0,1,0,0
2024-09-16T21:09:00.000000,35.946837666667,14.902372,2,0,0,1,0,0
2024-09-16T21:10:00.000000,35.946861833333,14.902355333333,2,0,0,1,0,0
2024-09-16T21:11:00.000000,35.946880833333,14.902325333333,2,0,0,1,0,0
2024-09-16T21:12:00.000000,35.946888,14.902293666667,2,0,0,1,0,0
2024-09-16T21:13:00.000000,35.946887666667,14.902268333333,2,0,0,1,0,0
2024-09-16T21:14:00.000000,35.946881833333,14.902249666667,2,0,0,1,0,0
2024-09-16T21:15:00.000000,35.946874,14.902238333333,2,0,0,1,0,0
2024-09-16T21:16:00.000000,35.946866833333,14.902235333333,2,0,0,1,0,0
2024-09-16T21:17:00.000000,35.946864166667,14.902233333333,2,0,0,1,0,0
2024-09-16T21:18:00.000000,35.946864666667,14.902232833333,2,0,0,1,0,0
2024-09-16T21:19:00.000000,35.946873333333,14.902235,2,0,0,1,0,0
2024-09-16T21:20:00.000000,35.9468865,14.902241666667,2,0,0,1,0,0
2024-09-16T21:21:00.000000,35.946899666667,14.902249333333,2,0,0,1,0,0
2024-09-16T21:22:00.000000,35.946916,14.902254333333,2,0,0,1,0,0
2024-09-16T21:23:00.000000,35.946931666667,14.902258333333,2,0,0,1,0,0
2024-09-16T21:24:00.000000,35.946947333333,14.9022585,2,0,0,1,0,0
2024-09-16T21:25:00.000000,35.9469625,14.902258833333,2,0,0,1,0,0
2024-09-16T21:26:00.000000,35.946974333333,14.90226,2,0,0,1,0,0
2024-09-16T21:27:00.000000,35.946983166667,14.902257666667,2,0,0,1,0,0
2024-09-16T21:28:00.000000,35.946990166667,14.902248333333,2,0,0,1,0,0
2024-09-16T21:29:00.000000,35.946992666667,14.902230833333,2,0,0,1,0,0
2024-09-16T21:30:00.000000,35.9469875,14.902212,2,0,0,1,0,0
2024-09-16T21:31:00.000000,35.946976833333,14.902194333333,2,0,0,1,0,0
2024-09-16T21:32:00.000000,35.946971,14.902183166667,2,0,0,1,0,0
2024-09-16T21:33:00.000000,35.946968333333,14.902175166667,2,0,0,1,0,0
2024-09-16T21:34:00.000000,35.946969333333,14.902172333333,2,0,0,1,0,0
2024-09-16T21:35:00.000000,35.9469845,14.9021765,2,0,0,1,0,0
2024-09-16T21:36:00.000000,35.947003333333,14.902181666667,2,0,0,1,0,0
2024-09-16T21:37:00.000000,35.947026,14.9021915,2,0,0,1,0,0
2024-09-16T21:38:00.000000,35.947046833333,14.9021985,2,0,0,1,0,0
2024-09-16T21:39:00.000000,35.9470755,14.902202666667,2,0,0,1,0,0
2024-09-16T21:40:00.000000,35.947101,14.902196,2,0,0,1,0,0
2024-09-16T21:41:00.000000,35.947115166667,14.902181166667,2,0,0,1,0,0
2024-09-16T21:42:00.000000,35.947118666667,14.9021715,2,0,0,1,0,0
2024-09-16T21:43:00.000000,35.947108666667,14.902161666667,2,0,0,1,0,0
2024-09-16T21:44:00.000000,35.947086333333,14.9021525,2,0,0,1,0,0
2024-09-16T21:45:00.000000,35.947061333333,14.902147833333,2,0,0,1,0,0
2024-09-16T21:46:00.000000,35.947033666667,14.902147333333,2,0,0,1,0,0
2024-09-16T21:47:00.000000,35.9470055,14.9021555,2,0,0,1,0,0
2024-09-16T21:48:00.000000,35.946981333333,14.902167166667,2,0,0,1,0,0
2024-09-16T21:49:00.000000,35.946963,14.9021845,2,0,0,1,0,0
2024-09-16T21:50:00.000000,35.946949166667,14.902206333333,2,0,0,1,0,0
2024-09-16T21:51:00.000000,35.946944166667,14.902229666667,2,0,0,1,0,0
2024-09-16T21:52:00.000000,35.946945,14.9022505,2,0,0,1,0,0
2024-09-16T21:53:00.000000,35.946947666667,14.902268833333,2,0,0,1,0,0
2024-09-16T21:54:00.000000,35.946955166667,14.902277666667,2,0,0,1,0,0
2024-09-16T21:55:00.000000,35.946966,14.902271333333,2,0,0,1,0,0
2024-09-16T21:56:00.000000,35.946973833333,14.902256333333,2,0,0,1,0,0
2024-09-16T21:57:00.000000,35.946978,14.902242166667,2,0,0,1,0,0
2024-09-16T21:58:00.000000,35.9469805,14.902232333333,2,0,0,1,0,0
2024-09-16T21:59:00.000000,35.946985333333,14.902222166667,2,0,0,1,0,0
2024-09-16T22:00:00.000000,35.946990333333,14.902214666667,2,0,0,1,0,0
2024-09-16T22:01:00.000000,35.946998333333,14.9022085,2,0,0,1,0,0
2024-09-16T22:02:00.000000,35.947007333333,14.9022045,2,0,0,1,0,0
2024-09-16T22:03:00.000000,35.947014333333,14.902202166667,2,0,0,1,0,0
2024-09-16T22:04:00.000000,35.947026333333,14.902198166667,2,0,0,1,0,0
2024-09-16T22:05:00.000000,35.947039,14.902191333333,2,0,0,1,0,0
2024-09-16T22:06:00.000000,35.947049166667,14.9021855,2,0,0,1,0,0
2024-09-16T22:07:00.000000,35.9470535,14.902179666667,2,0,0,1,0,0
2024-09-16T22:08:00.000000,35.947049333333,14.902176666667,2,0,0,1,0,0
2024-09-16T22:09:00.000000,35.9470385,14.902176166667,2,0,0,1,0,0
2024-09-16T22:10:00.000000,35.947025333333,14.9021805,2,0,0,1,0,0
2024-09-16T22:11:00.000000,35.9470115,14.902189833333,2,0,0,1,0,0
2024-09-16T22:12:00.000000,35.947003666667,14.902198333333,2,0,0,1,0,0
2024-09-16T22:13:00.000000,35.947005166667,14.902204666667,2,0,0,1,0,0
2024-09-16T22:14:00.000000,35.947005833333,14.902216,2,0,0,1,0,0
2024-09-16T22:15:00.000000,35.947007,14.902228166667,2,0,0,1,0,0
2024-09-16T22:16:00.000000,35.947006833333,14.902236833333,2,0,0,1,0,0
2024-09-16T22:17:00.000000,35.947007166667,14.902239666667,2,0,0,1,0,0
2024-09-16T22:18:00.000000,35.9470045,14.90224,2,0,0,1,0,0
2024-09-16T22:19:00.000000,35.946998833333,14.902238333333,2,0,0,1,0,0
2024-09-16T22:20:00.000000,35.946984833333,14.902236,2,0,0,1,0,0
2024-09-16T22:21:00.000000,35.946968,14.902232166667,2,0,0,1,0,0
2024-09-16T22:22:00.000000,35.946955333333,14.902227833333,2,0,0,1,0,0
2024-09-16T22:23:00.000000,35.946950166667,14.902225666667,2,0,0,1,0,0
2024-09-16T22:24:00.000000,35.946951833333,14.902220833333,2,0,0,1,0,0
2024-09-16T22:25:00.000000,35.946952166667,14.902215166667,2,0,0,1,0,0
2024-09-16T22:26:00.000000,35.9469515,14.9022105,2,0,0,1,0,0
2024-09-16T22:27:00.000000,35.946953,14.9022125,2,0,0,1,0,0
2024-09-16T22:28:00.000000,35.9469425,14.902219,2,0,0,1,0,0
2024-09-16T22:29:00.000000,35.946939166667,14.902227666667,2,0,0,1,0,0
2024-09-16T22:30:00.000000,35.946934333333,14.902239,2,0,0,1,0,0
2024-09-16T22:31:00.000000,35.946934166667,14.902249833333,2,0,0,1,0,0
2024-09-16T22:32:00.000000,35.946936833333,14.9022575,2,0,0,1,0,0
2024-09-16T22:33:00.000000,35.946943,14.902262,2,0,0,1,0,0
2024-09-16T22:34:00.000000,35.946956333333,14.9022575,2,0,0,1,0,0
2024-09-16T22:35:00.000000,35.946973166667,14.902246333333,2,0,0,1,0,0
2024-09-16T22:36:00.000000,35.946983,14.902234333333,2,0,0,1,0,0
2024-09-16T22:37:00.000000,35.946985833333,14.902223,2,0,0,1,0,0
2024-09-16T22:38:00.000000,35.946980833333,14.9022185,2,0,0,1,0,0
2024-09-16T22:39:00.000000,35.946976333333,14.9022215,2,0,0,1,0,0
2024-09-16T22:40:00.000000,35.946970333333,14.902229666667,2,0,0,1,0,0
2024-09-16T22:41:00.000000,35.9469635,14.902238166667,2,0,0,1,0,0
2024-09-16T22:42:00.000000,35.946957,14.902244666667,2,0,0,1,0,0
2024-09-16T22:43:00.000000,35.946953833333,14.902252166667,2,0,0,1,0,0
2024-09-16T22:44:00.000000,35.9469635,14.902260333333,2,0,0,1,0,0
2024-09-16T22:45:00.000000,35.946974,14.902262166667,2,0,0,1,0,0
2024-09-16T22:46:00.000000,35.946984,14.902257333333,2,0,0,1,0,0
2024-09-16T22:47:00.000000,35.946999666667,14.902248,2,0,0,1,0,0
2024-09-16T22:48:00.000000,35.947009833333,14.902238333333,2,0,0,1,0,0
2024-09-16T22:49:00.000000,35.947015,14.902230333333,2,0,0,1,0,0
2024-09-16T22:50:00.000000,35.947023333333,14.902223,2,0,0,1,0,0
2024-09-16T22:51:00.000000,35.947023666667,14.902211666667,2,0,0,1,0,0
2024-09-16T22:52:00.000000,35.9470185,14.902201333333,2,0,0,1,0,0
2024-09-16T22:53:00.000000,35.9470035,14.902191166667,2,0,0,1,0,0
2024-09-16T22:54:00.000000,35.946990333333,14.902188166667,2,0,0,1,0,0
2024-09-16T22:55:00.000000,35.946980166667,14.902189833333,2,0,0,1,0,0
2024-09-16T22:56:00.000000,35.946968166667,14.902187166667,2,0,0,1,0,0
2024-09-16T22:57:00.000000,35.9469615,14.902193166667,2,0,0,1,0,0
2024-09-16T22:58:00.000000,35.946961,14.902203166667,2,0,0,1,0,0
2024-09-16T22:59:00.000000,35.946965833333,14.902216166667,2,0,0,1,0,0
2024-09-16T23:00:00.000000,35.946976833333,14.902231333333,2,0,0,1,0,0
2024-09-16T23:01:00.000000,35.946993166667,14.902248333333,2,0,0,1,0,0
2024-09-16T23:02:00.000000,35.947007833333,14.902262833333,2,0,0,1,0,0
2024-09-16T23:03:00.000000,35.947017333333,14.902259333333,2,0,0,1,0,0
2024-09-16T23:04:00.000000,35.94703,14.902241,2,0,0,1,0,0
2024-09-16T23:05:00.000000,35.947038833333,14.902207,2,0,0,1,0,0
2024-09-16T23:06:00.000000,35.947043833333,14.902163,2,0,0,1,0,0
2024-09-16T23:07:00.000000,35.947041166667,14.902116333333,2,0,0,1,0,0
2024-09-16T23:08:00.000000,35.947038166667,14.902070166667,2,0,0,1,0,0
2024-09-16T23:09:00.000000,35.947038166667,14.902029833333,2,0,0,1,0,0
2024-09-16T23:10:00.000000,35.947037833333,14.902005833333,2,0,0,1,0,0
2024-09-16T23:11:00.000000,35.947041166667,14.901999333333,2,0,0,1,0,0
2024-09-16T23:12:00.000000,35.947052833333,14.902008166667,2,0,0,1,0,0
2024-09-16T23:13:00.000000,35.947069833333,14.902031,2,0,0,1,0,0
2024-09-16T23:14:00.000000,35.947091666667,14.902059333333,2,0,0,1,0,0
2024-09-16T23:15:00.000000,35.947112,14.902085333333,2,0,0,1,0,0
2024-09-16T23:16:00.000000,35.947127,14.902109166667,2,0,0,1,0,0
2024-09-16T23:17:00.000000,35.947134,14.902123666667,2,0,0,1,0,0
2024-09-16T23:18:00.000000,35.947129166667,14.902126666667,2,0,0,1,0,0
2024-09-16T23:19:00.000000,35.947114,14.902120333333,2,0,0,1,0,0
2024-09-16T23:20:00.000000,35.947090333333,14.9021115,2,0,0,1,0,0
2024-09-16T23:21:00.000000,35.9470595,14.902105333333,2,0,0,1,0,0
2024-09-16T23:22:00.000000,35.947023333333,14.902105666667,2,0,0,1,0,0
2024-09-16T23:23:00.000000,35.946989333333,14.9021105,2,0,0,1,0,0
2024-09-16T23:24:00.000000,35.946958,14.9021185,2,0,0,1,0,0
2024-09-16T23:25:00.000000,35.946930166667,14.902131166667,2,0,0,1,0,0
2024-09-16T23:26:00.000000,35.946905666667,14.902149666667,2,0,0,1,0,0
2024-09-16T23:27:00.000000,35.946887166667,14.902169,2,0,0,1,0,0
2024-09-16T23:28:00.000000,35.946878166667,14.902183166667,2,0,0,1,0,0
2024-09-16T23:29:00.000000,35.946877833333,14.902192333333,2,0,0,1,0,0
2024-09-16T23:30:00.000000,35.9468835,14.902195833333,2,0,0,1,0,0
2024-09-16T23:31:00.000000,35.946897,14.9021935,2,0,0,1,0,0
2024-09-16T23:32:00.000000,35.946914333333,14.902184833333,2,0,0,1,0,0
2024-09-16T23:33:00.000000,35.946934,14.902173833333,2,0,0,1,0,0
2024-09-16T23:34:00.000000,35.946955166667,14.9021605,2,0,0,1,0,0
2024-09-16T23:35:00.000000,35.9469795,14.9021435,2,0,0,1,0,0
2024-09-16T23:36:00.000000,35.947003333333,14.902129166667,2,0,0,1,0,0
2024-09-16T23:37:00.000000,35.947027166667,14.902117166667,2,0,0,1,0,0
2024-09-16T23:38:00.000000,35.947040333333,14.9021135,2,0,0,1,0,0
2024-09-16T23:39:00.000000,35.9470445,14.902115833333,2,0,0,1,0,0
2024-09-16T23:40:00.000000,35.947043,14.902121333333,2,0,0,1,0,0
2024-09-16T23:41:00.000000,35.947033833333,14.902132666667,2,0,0,1,0,0
2024-09-16T23:42:00.000000,35.947021166667,14.902145,2,0,0,1,0,0
2024-09-16T23:43:00.000000,35.947001166667,14.902162166667,2,0,0,1,0,0
2024-09-16T23:44:00.000000,35.946977666667,14.90218,2,0,0,1,0,0
2024-09-16T23:45:00.000000,35.946954,14.902195666667,2,0,0,1,0,0
2024-09-16T23:46:00.000000,35.946931,14.902206333333,2,0,0,1,0,0
2024-09-16T23:47:00.000000,35.946914166667,14.902209333333,2,0,0,1,0,0
2024-09-16T23:48:00.000000,35.9469005,14.902211166667,2,0,0,1,0,0
2024-09-16T23:49:00.000000,35.946887333333,14.902212333333,2,0,0,1,0,0
2024-09-16T23:50:00.000000,35.946880333333,14.9022125,2,0,0,1,0,0
2024-09-16T23:51:00.000000,35.946874,14.902212833333,2,0,0,1,0,0
2024-09-16T23:52:00.000000,35.946871833333,14.902209833333,2,0,0,1,0,0
2024-09-16T23:53:00.000000,35.946874,14.902206166667,2,0,0,1,0,0
2024-09-16T23:54:00.000000,35.9468735,14.902205833333,2,0,0,1,0,0
2024-09-16T23:55:00.000000,35.946873333333,14.902203333333,2,0,0,1,0,0
2024-09-16T23:56:00.000000,35.946870333333,14.902201333333,2,0,0,1,0,0
2024-09-16T23:57:00.000000,35.946866,14.902197833333,2,0,0,1,0,0
2024-09-16T23:58:00.000000,35.9468605,14.902192833333,2,0,0,1,0,0
2024-09-16T23:59:00.000000,35.946850166667,14.902189666667,2,0,0,1,0,0
2024-09-17T00:00:00.000000,35.946841,14.902186833333,2,0,0,1,0,0
2024-09-17T00:01:00.000000,35.946832,14.9021855,2,0,0,1,0,0
2024-09-17T00:02:00.000000,35.946822666667,14.902191333333,2,0,0,1,0,0
2024-09-17T00:03:00.000000,35.9468155,14.902200333333,2,0,0,1,0,0
2024-09-17T00:04:00.000000,35.946809666667,14.902207833333,2,0,0,1,0,0
2024-09-17T00:05:00.000000,35.946806666667,14.902223,2,0,0,1,0,0
2024-09-17T00:06:00.000000,35.946809833333,14.902235666667,2,0,0,1,0,0
2024-09-17T00:07:00.000000,35.946814166667,14.90225,2,0,0,1,0,0
2024-09-17T00:08:00.000000,35.9468235,14.902258666667,2,0,0,1,0,0
2024-09-17T00:09:00.000000,35.946836,14.902259333333,2,0,0,1,0,0
2024-09-17T00:10:00.000000,35.946850333333,14.902254166667,2,0,0,1,0,0
2024-09-17T00:11:00.000000,35.94686,14.902245333333,2,0,0,1,0,0
2024-09-17T00:12:00.000000,35.9468685,14.902235333333,2,0,0,1,0,0
2024-09-17T00:13:00.000000,35.946874,14.902223333333,2,0,0,1,0,0
2024-09-17T00:14:00.000000,35.946874333333,14.9022155,2,0,0,1,0,0
2024-09-17T00:15:00.000000,35.946872333333,14.902209666667,2,0,0,1,0,0
2024-09-17T00:16:00.000000,35.946868666667,14.902204833333,2,0,0,1,0,0
2024-09-17T00:17:00.000000,35.9468625,14.9022005,2,0,0,1,0,0
2024-09-17T00:18:00.000000,35.946852666667,14.902201333333,2,0,0,1,0,0
2024-09-17T00:19:00.000000,35.946848166667,14.9021995,2,0,0,1,0,0
2024-09-17T00:20:00.000000,35.946841833333,14.902202,2,0,0,1,0,0
2024-09-17T00:21:00.000000,35.9468385,14.902208666667,2,0,0,1,0,0
2024-09-17T00:22:00.000000,35.946835833333,14.902212,2,0,0,1,0,0
2024-09-17T00:23:00.000000,35.9468465,14.902224333333,2,0,0,1,0,0
2024-09-17T00:24:00.000000,35.9468485,14.9022325,2,0,0,1,0,0
2024-09-17T00:25:00.000000,35.9468545,14.902240166667,2,0,0,1,0,0
2024-09-17T00:26:00.000000,35.9468615,14.902243333333,2,0,0,1,0,0
2024-09-17T00:27:00.000000,35.9468565,14.902237833333,2,0,0,1,0,0
2024-09-17T00:28:00.000000,35.9468545,14.902229166667,2,0,0,1,0,0
2024-09-17T00:29:00.000000,35.946864333333,14.902228333333,2,0,0,1,0,0
2024-09-17T00:30:00.000000,35.946874666667,14.902226,2,0,0,1,0,0
2024-09-17T00:31:00.000000,35.946887333333,14.902217833333,2,0,0,1,0,0
2024-09-17T00:32:00.000000,35.9469075,14.902216166667,2,0,0,1,0,0
2024-09-17T00:33:00.000000,35.946901666667,14.902201833333,2,0,0,1,0,0
2024-09-17T00:34:00.000000,35.946905,14.902202166667,2,0,0,1,0,0
2024-09-17T00:35:00.000000,35.9468995,14.902206333333,2,0,0,1,0,0
2024-09-17T00:36:00.000000,35.946889333333,14.9022145,2,0,0,1,0,0
2024-09-17T00:37:00.000000,35.946875333333,14.902228166667,2,0,0,1,0,0
2024-09-17T00:38:00.000000,35.946859666667,14.902250166667,2,0,0,1,0,0
2024-09-17T00:39:00.000000,35.946846333333,14.9022745,2,0,0,1,0,0
2024-09-17T00:40:00.000000,35.946835,14.902294333333,2,0,0,1,0,0
2024-09-17T00:41:00.000000,35.946822666667,14.902306166667,2,0,0,1,0,0
2024-09-17T00:42:00.000000,35.946807,14.902310166667,2,0,0,1,0,0
2024-09-17T00:43:00.000000,35.946792,14.902313,2,0,0,1,0,0
2024-09-17T00:44:00.000000,35.946779666667,14.902309333333,2,0,0,1,0,0
2024-09-17T00:45:00.000000,35.946771333333,14.9023045,2,0,0,1,0,0
2024-09-17T00:46:00.000000,35.946761,14.902298833333,2,0,0,1,0,0
2024-09-17T00:47:00.000000,35.946745666667,14.902296833333,2,0,0,1,0,0
2024-09-17T00:48:00.000000,35.946729166667,14.9023005,2,0,0,1,0,0
2024-09-17T00:49:00.000000,35.9467115,14.902307166667,2,0,0,1,0,0
2024-09-17T00:50:00.000000,35.9466925,14.902318666667,2,0,0,1,0,0
2024-09-17T00:51:00.000000,35.946675333333,14.902335666667,2,0,0,1,0,0
2024-09-17T00:52:00.000000,35.946661666667,14.902352666667,2,0,0,1,0,0
2024-09-17T00:53:00.000000,35.9466535,14.902363666667,2,0,0,1,0,0
2024-09-17T00:54:00.000000,35.946650333333,14.902369666667,2,0,0,1,0,0
2024-09-17T00:55:00.000000,35.9466535,14.902372666667,2,0,0,1,0,0
2024-09-17T00:56:00.000000,35.946659166667,14.9023745,2,0,0,1,0,0
2024-09-17T00:57:00.000000,35.946661833333,14.902374,2,0,0,1,0,0
2024-09-17T00:58:00.000000,35.946662833333,14.902370166667,2,0,0,1,0,0
2024-09-17T00:59:00.000000,35.946663833333,14.902366833333,2,0,0,1,0,0
2024-09-17T01:00:00.000000,35.946658166667,14.902361833333,2,0,0,1,0,0
2024-09-17T01:01:00.000000,35.946649833333,14.9023575,2,0,0,1,0,0
2024-09-17T01:02:00.000000,35.946641333333,14.902356166667,2,0,0,1,0,0
2024-09-17T01:03:00.000000,35.946635,14.902356,2,0,0,1,0,0
2024-09-17T01:04:00.000000,35.946630666667,14.902356166667,2,0,0,1,0,0
2024-09-17T01:05:00.000000,35.946626833333,14.902358166667,2,0,0,1,0,0
2024-09-17T01:06:00.000000,35.9466235,14.902361833333,2,0,0,1,0,0
2024-09-17T01:07:00.000000,35.946622333333,14.902367333333,2,0,0,1,0,0
2024-09-17T01:08:00.000000,35.946620666667,14.902374333333,2,0,0,1,0,0
2024-09-17T01:09:00.000000,35.9466165,14.902384666667,2,0,0,1,0,0
2024-09-17T01:10:00.000000,35.946611,14.902393833333,2,0,0,1,0,0
2024-09-17T01:11:00.000000,35.9466025,14.902401166667,2,0,0,1,0,0
2024-09-17T01:12:00.000000,35.946598,14.902405833333,2,0,0,1,0,0
2024-09-17T01:13:00.000000,35.946593166667,14.902406833333,2,0,0,1,0,0
2024-09-17T01:14:00.000000,35.946588666667,14.9024065,2,0,0,1,0,0
2024-09-17T01:15:00.000000,35.9465835,14.902405,2,0,0,1,0,0
2024-09-17T01:16:00.000000,35.946579,14.9024055,2,0,0,1,0,0
2024-09-17T01:17:00.000000,35.946578833333,14.902405666667,2,0,0,1,0,0
2024-09-17T01:18:00.000000,35.946582333333,14.902405166667,2,0,0,1,0,0
2024-09-17T01:19:00.000000,35.946582666667,14.9024055,2,0,0,1,0,0
2024-09-17T01:20:00.000000,35.946578333333,14.902409,2,0,0,1,0,0
2024-09-17T01:21:00.000000,35.946568166667,14.90242,2,0,0,1,0,0
2024-09-17T01:22:00.000000,35.946558,14.902423833333,2,0,0,1,0,0
2024-09-17T01:23:00.000000,35.9465505,14.902425666667,2,0,0,1,0,0
2024-09-17T01:24:00.000000,35.946547166667,14.902427833333,2,0,0,1,0,0
2024-09-17T01:25:00.000000,35.946546166667,14.9024275,2,0,0,1,0,0
2024-09-17T01:26:00.000000,35.946546166667,14.902421166667,2,0,0,1,0,0
2024-09-17T01:27:00.000000,35.9465475,14.902411,2,0,0,1,0,0
2024-09-17T01:28:00.000000,35.946551333333,14.902397833333,2,0,0,1,0,0
2024-09-17T01:29:00.000000,35.946555333333,14.902383,2,0,0,1,0,0
2024-09-17T01:30:00.000000,35.946556,14.902369166667,2,0,0,1,0,0
2024-09-17T01:31:00.000000,35.946556666667,14.9023585,2,0,0,1,0,0
2024-09-17T01:32:00.000000,35.946556,14.902352833333,2,0,0,1,0,0
2024-09-17T01:33:00.000000,35.946556,14.9023525,2,0,0,1,0,0
2024-09-17T01:34:00.000000,35.946552166667,14.902357666667,2,0,0,1,0,0
2024-09-17T01:35:00.000000,35.946547,14.902366666667,2,0,0,1,0,0
2024-09-17T01:36:00.000000,35.946542333333,14.902378333333,2,0,0,1,0,0
2024-09-17T01:37:00.000000,35.946535666667,14.9023935,2,0,0,1,0,0
2024-09-17T01:38:00.000000,35.946529,14.902409666667,2,0,0,1,0,0
2024-09-17T01:39:00.000000,35.946520333333,14.902422833333,2,0,0,1,0,0
2024-09-17T01:40:00.000000,35.946516,14.902430833333,2,0,0,1,0,0
2024-09-17T01:41:00.000000,35.9465125,14.902431666667,2,0,0,1,0,0
2024-09-17T01:42:00.000000,35.946507833333,14.9024265,2,0,0,1,0,0
2024-09-17T01:43:00.000000,35.946505666667,14.902417,2,0,0,1,0,0
2024-09-17T01:44:00.000000,35.946503333333,14.902406833333,2,0,0,1,0,0
2024-09-17T01:45:00.000000,35.946497166667,14.902399333333,2,0,0,1,0,0
2024-09-17T01:46:00.000000,35.946484833333,14.902396333333,2,0,0,1,0,0
2024-09-17T01:47:00.000000,35.946475166667,14.902396333333,2,0,0,1,0,0
2024-09-17T01:48:00.000000,35.9464715,14.902401666667,2,0,0,1,0,0
2024-09-17T01:49:00.000000,35.9464675,14.902408166667,2,0,0,1,0,0
2024-09-17T01:50:00.000000,35.946466833333,14.902415833333,2,0,0,1,0,0
2024-09-17T01:51:00.000000,35.946471333333,14.902422333333,2,0,0,1,0,0
2024-09-17T01:52:00.000000,35.946479,14.902426,2,0,0,1,0,0
2024-09-17T01:53:00.000000,35.946489833333,14.9024255,2,0,0,1,0,0
2024-09-17T01:54:00.000000,35.946501666667,14.902421,2,0,0,1,0,0
2024-09-17T01:55:00.000000,35.9465115,14.902412333333,2,0,0,1,0,0
2024-09-17T01:56:00.000000,35.9465235,14.902402666667,2,0,0,1,0,0
2024-09-17T01:57:00.000000,35.946531166667,14.902393333333,2,0,0,1,0,0
2024-09-17T01:58:00.000000,35.946537,14.902384333333,2,0,0,1,0,0
2024-09-17T01:59:00.000000,35.946538166667,14.902377833333,2,0,0,1,0,0
2024-09-17T02:00:00.000000,35.9465355,14.902374,2,0,0,1,0,0
2024-09-17T02:01:00.000000,35.946528666667,14.902371833333,2,0,0,1,0,0
2024-09-17T02:02:00.000000,35.946523166667,14.902372833333,2,0,0,1,0,0
2024-09-17T02:03:00.000000,35.9465175,14.902377666667,2,0,0,1,0,0
2024-09-17T02:04:00.000000,35.946507666667,14.902385333333,2,0,0,1,0,0
2024-09-17T02:05:00.000000,35.946497666667,14.902395333333,2,0,0,1,0,0
2024-09-17T02:06:00.000000,35.946488333333,14.902404,2,0,0,1,0,0
2024-09-17T02:07:00.000000,35.946480833333,14.902410833333,2,0,0,1,0,0
2024-09-17T02:08:00.000000,35.946475333333,14.902416166667,2,0,0,1,0,0
2024-09-17T02:09:00.000000,35.946470333333,14.9024185,2,0,0,1,0,0
2024-09-17T02:10:00.000000,35.946466166667,14.90242,2,0,0,1,0,0
2024-09-17T02:11:00.000000,35.946463666667,14.902417666667,2,0,0,1,0,0
2024-09-17T02:12:00.000000,35.94646,14.902414333333,2,0,0,1,0,0
2024-09-17T02:13:00.000000,35.946458,14.902408,2,0,0,1,0,0
2024-09-17T02:14:00.000000,35.946456833333,14.902403666667,2,0,0,1,0,0
2024-09-17T02:15:00.000000,35.946454166667,14.902400666667,2,0,0,1,0,0
2024-09-17T02:16:00.000000,35.946448333333,14.9023985,2,0,0,1,0,0
2024-09-17T02:17:00.000000,35.946440666667,14.9023975,2,0,0,1,0,0
2024-09-17T02:18:00.000000,35.946435,14.9023945,2,0,0,1,0,0
2024-09-17T02:19:00.000000,35.946431666667,14.9023905,2,0,0,1,0,0
2024-09-17T02:20:00.000000,35.946428666667,14.9023865,2,0,0,1,0,0
2024-09-17T02:21:00.000000,35.9464245,14.902382,2,0,0,1,0,0
2024-09-17T02:22:00.000000,35.946416833333,14.902378666667,2,0,0,1,0,0
2024-09-17T02:23:00.000000,35.946408333333,14.902373333333,2,0,0,1,0,0
2024-09-17T02:24:00.000000,35.946398,14.902368333333,2,0,0,1,0,0
2024-09-17T02:25:00.000000,35.946385166667,14.9023645,2,0,0,1,0,0
2024-09-17T02:26:00.000000,35.946374166667,14.9023615,2,0,0,1,0,0
2024-09-17T02:27:00.000000,35.946360333333,14.902363,2,0,0,1,0,0
2024-09-17T02:28:00.000000,35.946346166667,14.902367,2,0,0,1,0,0
2024-09-17T02:29:00.000000,35.946334833333,14.902373666667,2,0,0,1,0,0
2024-09-17T02:30:00.000000,35.9463265,14.902380166667,2,0,0,1,0,0
2024-09-17T02:31:00.000000,35.946324,14.902385166667,2,0,0,1,0,0
2024-09-17T02:32:00.000000,35.94633,14.902386333333,2,0,0,1,0,0
2024-09-17T02:33:00.000000,35.946337666667,14.902386,2,0,0,1,0,0
2024-09-17T02:34:00.000000,35.9463465,14.9023825,2,0,0,1,0,0
2024-09-17T02:35:00.000000,35.946360333333,14.902376666667,2,0,0,1,0,0
2024-09-17T02:36:00.000000,35.946366,14.902371666667,2,0,0,1,0,0
2024-09-17T02:37:00.000000,35.946368166667,14.902366666667,2,0,0,1,0,0
2024-09-17T02:38:00.000000,35.946365333333,14.902362833333,2,0,0,1,0,0
2024-09-17T02:39:00.000000,35.946358166667,14.90236,2,0,0,1,0,0
2024-09-17T02:40:00.000000,35.946349166667,14.9023585,2,0,0,1,0,0
2024-09-17T02:41:00.000000,35.9463365,14.902359,2,0,0,1,0,0
2024-09-17T02:42:00.000000,35.946321,14.902362166667,2,0,0,1,0,0
2024-09-17T02:43:00.000000,35.946306,14.9023675,2,0,0,1,0,0
2024-09-17T02:44:00.000000,35.946294833333,14.902373666667,2,0,0,1,0,0
2024-09-17T02:45:00.000000,35.946284833333,14.902380833333,2,0,0,1,0,0
2024-09-17T02:46:00.000000,35.946277166667,14.902385833333,2,0,0,1,0,0
2024-09-17T02:47:00.000000,35.946269833333,14.90239,2,0,0,1,0,0
2024-09-17T02:48:00.000000,35.946260833333,14.902391333333,2,0,0,1,0,0
2024-09-17T02:49:00.000000,35.946248333333,14.902389166667,2,0,0,1,0,0
2024-09-17T02:50:00.000000,35.9462325,14.902381666667,2,0,0,1,0,0
2024-09-17T02:51:00.000000,35.946219,14.902369666667,2,0,0,1,0,0
2024-09-17T02:52:00.000000,35.946205,14.902357333333,2,0,0,1,0,0
2024-09-17T02:53:00.000000,35.946194333333,14.902345333333,2,0,0,1,0,0
2024-09-17T02:54:00.000000,35.946186666667,14.902335333333,2,0,0,1,0,0
2024-09-17T02:55:00.000000,35.946178833333,14.902329666667,2,0,0,1,0,0
2024-09-17T02:56:00.000000,35.9461785,14.902327333333,2,0,0,1,0,0
2024-09-17T02:57:00.000000,35.946170333333,14.902330833333,2,0,0,1,0,0
2024-09-17T02:58:00.000000,35.946162833333,14.902337166667,2,0,0,1,0,0
2024-09-17T02:59:00.000000,35.946159833333,14.902343333333,2,0,0,1,0,0
2024-09-17T03:00:00.000000,35.946153166667,14.902348833333,2,0,0,1,0,0
2024-09-17T03:01:00.000000,35.9461395,14.9023565,2,0,0,1,0,0
2024-09-17T03:02:00.000000,35.9461295,14.902360166667,2,0,0,1,0,0
2024-09-17T03:03:00.000000,35.946115833333,14.9023625,2,0,0,1,0,0
2024-09-17T03:04:00.000000,35.946097,14.902362166667,2,0,0,1,0,0
2024-09-17T03:05:00.000000,35.946092,14.902358333333,2,0,0,1,0,0
2024-09-17T03:06:00.000000,35.946083,14.902353,2,0,0,1,0,0
2024-09-17T03:07:00.000000,35.946072,14.9023485,2,0,0,1,0,0
2024-09-17T03:08:00.000000,35.946117,14.902354666667,2,0,0,1,0,0
2024-09-17T03:09:00.000000,35.946119166667,14.9023485,2,0,0,1,0,0
2024-09-17T03:10:00.000000,35.946100666667,14.902339333333,2,0,0,1,0,0
2024-09-17T03:11:00.000000,35.946092166667,14.902343166667,2,0,0,1,0,0
2024-09-17T03:12:00.000000,35.9460825,14.902342333333,2,0,0,1,0,0
2024-09-17T03:13:00.000000,35.946081333333,14.902348666667,2,0,0,1,0,0
2024-09-17T03:14:00.000000,35.946081833333,14.902356833333,2,0,0,1,0,0
2024-09-17T03:15:00.000000,35.9460875,14.902364666667,2,0,0,1,0,0
2024-09-17T03:16:00.000000,35.946093666667,14.902369,2,0,0,1,0,0
2024-09-17T03:17:00.000000,35.946098333333,14.902373666667,2,0,0,1,0,0
2024-09-17T03:18:00.000000,35.946099833333,14.902378,2,0,0,1,0,0
2024-09-17T03:19:00.000000,35.946100333333,14.902378666667,2,0,0,1,0,0
2024-09-17T03:20:00.000000,35.946099166667,14.9023755,2,0,0,1,0,0
2024-09-17T03:21:00.000000,35.946096333333,14.902372666667,2,0,0,1,0,0
2024-09-17T03:22:00.000000,35.9460895,14.902370666667,2,0,0,1,0,0
2024-09-17T03:23:00.000000,35.946081666667,14.902367833333,2,0,0,1,0,0
2024-09-17T03:24:00.000000,35.946073166667,14.902366,2,0,0,1,0,0
2024-09-17T03:25:00.000000,35.946065333333,14.902365833333,2,0,0,1,0,0
2024-09-17T03:26:00.000000,35.946059833333,14.902368166667,2,0,0,1,0,0
2024-09-17T03:27:00.000000,35.946056333333,14.902372666667,2,0,0,1,0,0
2024-09-17T03:28:00.000000,35.9460525,14.90238,2,0,0,1,0,0
2024-09-17T03:29:00.000000,35.946057,14.902390666667,2,0,0,1,0,0
2024-09-17T03:30:00.000000,35.946057166667,14.902397,2,0,0,1,0,0
2024-09-17T03:31:00.000000,35.946054,14.902402666667,2,0,0,1,0,0
2024-09-17T03:32:00.000000,35.946052166667,14.902403666667,2,0,0,1,0,0
2024-09-17T03:33:00.000000,35.9460545,14.9024055,2,0,0,1,0,0
2024-09-17T03:34:00.000000,35.946056166667,14.9024035,2,0,0,1,0,0
2024-09-17T03:35:00.000000,35.946055166667,14.902399,2,0,0,1,0,0
2024-09-17T03:36:00.000000,35.946057666667,14.902393333333,2,0,0,1,0,0
2024-09-17T03:37:00.000000,35.946061833333,14.9023845,2,0,0,1,0,0
2024-09-17T03:38:00.000000,35.946070666667,14.902378666667,2,0,0,1,0,0
2024-09-17T03:39:00.000000,35.946087166667,14.902374166667,2,0,0,1,0,0
2024-09-17T03:40:00.000000,35.946108333333,14.902370666667,2,0,0,1,0,0
2024-09-17T03:41:00.000000,35.946134833333,14.902374166667,2,0,0,1,0,0
2024-09-17T03:42:00.000000,35.946162,14.902378833333,2,0,0,1,0,0
2024-09-17T03:43:00.000000,35.946184833333,14.902381666667,2,0,0,1,0,0
2024-09-17T03:44:00.000000,35.946201666667,14.902379666667,2,0,0,1,0,0
2024-09-17T03:45:00.000000,35.946225666667,14.902381166667,2,0,0,1,0,0
2024-09-17T03:46:00.000000,35.946252833333,14.902382333333,2,0,0,1,0,0
2024-09-17T03:47:00.000000,35.946273,14.902384666667,2,0,0,1,0,0
2024-09-17T03:48:00.000000,35.946284666667,14.902386666667,2,0,0,1,0,0
2024-09-17T03:49:00.000000,35.9462945,14.902387,2,0,0,1,0,0
2024-09-17T03:50:00.000000,35.946299166667,14.902386666667,2,0,0,1,0,0
2024-09-17T03:51:00.000000,35.946300833333,14.9023855,2,0,0,1,0,0
2024-09-17T03:52:00.000000,35.946307666667,14.902387833333,2,0,0,1,0,0
2024-09-17T03:53:00.000000,35.946313666667,14.9023905,2,0,0,1,0,0
2024-09-17T03:54:00.000000,35.946321833333,14.902394666667,2,0,0,1,0,0
2024-09-17T03:55:00.000000,35.9463355,14.902397833333,2,0,0,1,0,0
2024-09-17T03:56:00.000000,35.946350833333,14.9023975,2,0,0,1,0,0
2024-09-17T03:57:00.000000,35.946368333333,14.902393333333,2,0,0,1,0,0
2024-09-17T03:58:00.000000,35.946384833333,14.902386166667,2,0,0,1,0,0
2024-09-17T03:59:00.000000,35.9464,14.902374166667,2,0,0,1,0,0
2024-09-17T04:00:00.000000,35.946411166667,14.902360666667,2,0,0,1,0,0
2024-09-17T04:01:00.000000,35.946417833333,14.9023485,2,0,0,1,0,0
2024-09-17T04:02:00.000000,35.946423333333,14.9023395,2,0,0,1,0,0
2024-09-17T04:03:00.000000,35.94643,14.902332166667,2,0,0,1,0,0
2024-09-17T04:04:00.000000,35.946437666667,14.902328,2,0,0,1,0,0
2024-09-17T04:05:00.000000,35.946447666667,14.9023265,2,0,0,1,0,0
2024-09-17T04:06:00.000000,35.946456833333,14.902326666667,2,0,0,1,0,0
2024-09-17T04:07:00.000000,35.946466166667,14.902327333333,2,0,0,1,0,0
2024-09-17T04:08:00.000000,35.946477666667,14.902331166667,2,0,0,1,0,0
2024-09-17T04:09:00.000000,35.9464885,14.902339833333,2,0,0,1,0,0
2024-09-17T04:10:00.000000,35.9465005,14.9023445,2,0,0,1,0,0
2024-09-17T04:11:00.000000,35.9465075,14.902347833333,2,0,0,1,0,0
2024-09-17T04:12:00.000000,35.946510833333,14.902348166667,2,0,0,1,0,0
2024-09-17T04:13:00.000000,35.946511333333,14.902345833333,2,0,0,1,0,0
2024-09-17T04:14:00.000000,35.946516666667,14.902339166667,2,0,0,1,0,0
2024-09-17T04:15:00.000000,35.946519833333,14.902330833333,2,0,0,1,0,0
2024-09-17T04:16:00.000000,35.946519666667,14.902321333333,2,0,0,1,0,0
2024-09-17T04:17:00.000000,35.946519333333,14.902312333333,2,0,0,1,0,0
2024-09-17T04:18:00.000000,35.9465165,14.902305666667,2,0,0,1,0,0
2024-09-17T04:19:00.000000,35.9465125,14.902301166667,2,0,0,1,0,0
2024-09-17T04:20:00.000000,35.946510666667,14.9022995,2,0,0,1,0,0
2024-09-17T04:21:00.000000,35.946508666667,14.902300833333,2,0,0,1,0,0
2024-09-17T04:22:00.000000,35.946503333333,14.902305,2,0,0,1,0,0
2024-09-17T04:23:00.000000,35.9464975,14.902309833333,2,0,0,1,0,0
2024-09-17T04:24:00.000000,35.946486,14.902317333333,2,0,0,1,0,0
2024-09-17T04:25:00.000000,35.946474666667,14.902324166667,2,0,0,1,0,0
2024-09-17T04:26:00.000000,35.946460666667,14.902329666667,2,0,0,1,0,0
2024-09-17T04:27:00.000000,35.946455166667,14.902332833333,2,0,0,1,0,0
2024-09-17T04:28:00.000000,35.946451333333,14.902334833333,2,0,0,1,0,0
2024-09-17T04:29:00.000000,35.946448333333,14.902338,2,0,0,1,0,0
2024-09-17T04:30:00.000000,35.946445333333,14.902341166667,2,0,0,1,0,0
2024-09-17T04:31:00.000000,35.946437333333,14.902345833333,2,0,0,1,0,0
2024-09-17T04:32:00.000000,35.946431666667,14.90235,2,0,0,1,0,0
2024-09-17T04:33:00.000000,35.946425333333,14.902355833333,2,0,0,1,0,0
2024-09-17T04:34:00.000000,35.946415666667,14.902363,2,0,0,1,0,0
2024-09-17T04:35:00.000000,35.946407666667,14.902369166667,2,0,0,1,0,0
2024-09-17T04:36:00.000000,35.946402833333,14.902371666667,2,0,0,1,0,0
2024-09-17T04:37:00.000000,35.946396,14.902371,2,0,0,1,0,0
2024-09-17T04:38:00.000000,35.946391666667,14.902366666667,2,0,0,1,0,0
2024-09-17T04:39:00.000000,35.946385166667,14.902360333333,2,0,0,1,0,0
2024-09-17T04:40:00.000000,35.946375833333,14.902354,2,0,0,1,0,0
2024-09-17T04:41:00.000000,35.946364833333,14.9023485,2,0,0,1,0,0
2024-09-17T04:42:00.000000,35.946353833333,14.902345,2,0,0,1,0,0
2024-09-17T04:43:00.000000,35.946343,14.9023445,2,0,0,1,0,0
2024-09-17T04:44:00.000000,35.946330833333,14.902345666667,2,0,0,1,0,0
2024-09-17T04:45:00.000000,35.946317666667,14.902347333333,2,0,0,1,0,0
2024-09-17T04:46:00.000000,35.946305333333,14.902348166667,2,0,0,1,0,0
2024-09-17T04:47:00.000000,35.946307666667,14.902351,2,0,0,1,0,0
2024-09-17T04:48:00.000000,35.946297833333,14.902349333333,2,0,0,1,0,0
2024-09-17T04:49:00.000000,35.946289166667,14.9023475,2,0,0,1,0,0
2024-09-17T04:50:00.000000,35.946284166667,14.9023465,2,0,0,1,0,0
2024-09-17T04:51:00.000000,35.9462815,14.902343833333,2,0,0,1,0,0
2024-09-17T04:52:00.000000,35.946282,14.902341166667,2,0,0,1,0,0
2024-09-17T04:53:00.000000,35.946276,14.902337166667,2,0,0,1,0,0
2024-09-17T04:54:00.000000,35.946277166667,14.902333166667,2,0,0,1,0,0
2024-09-17T04:55:00.000000,35.946279666667,14.902330666667,2,0,0,1,0,0
2024-09-17T04:56:00.000000,35.946282833333,14.902327666667,2,0,0,1,0,0
2024-09-17T04:57:00.000000,35.946283833333,14.902324,2,0,0,1,0,0
2024-09-17T04:58:00.000000,35.946285166667,14.902319666667,2,0,0,1,0,0
2024-09-17T04:59:00.000000,35.946288833333,14.902316,2,0,0,1,0,0
2024-09-17T05:00:00.000000,35.946291833333,14.902313666667,2,0,0,1,0,0
2024-09-17T05:01:00.000000,35.946293,14.9023125,2,0,0,1,0,0
2024-09-17T05:02:00.000000,35.946292333333,14.902312333333,2,0,0,1,0,0
2024-09-17T05:03:00.000000,35.946288166667,14.902315,2,0,0,1,0,0
2024-09-17T05:04:00.000000,35.9462835,14.902320166667,2,0,0,1,0,0
2024-09-17T05:05:00.000000,35.946281333333,14.902327,2,0,0,1,0,0
2024-09-17T05:06:00.000000,35.94628,14.902335333333,2,0,0,1,0,0
2024-09-17T05:07:00.000000,35.946273,14.9023445,2,0,0,1,0,0
2024-09-17T05:08:00.000000,35.9462625,14.902352666667,2,0,0,1,0,0
2024-09-17T05:09:00.000000,35.946255166667,14.902358666667,2,0,0,1,0,0
2024-09-17T05:10:00.000000,35.946251666667,14.902362833333,2,0,0,1,0,0
2024-09-17T05:11:00.000000,35.946249833333,14.902365666667,2,0,0,1,0,0
2024-09-17T05:12:00.000000,35.946245666667,14.902365833333,2,0,0,1,0,0
2024-09-17T05:13:00.000000,35.946239333333,14.9023645,2,0,0,1,0,0
2024-09-17T05:14:00.000000,35.946233833333,14.902362666667,2,0,0,1,0,0
2024-09-17T05:15:00.000000,35.946228666667,14.902360833333,2,0,0,1,0,0
2024-09-17T05:16:00.000000,35.946223666667,14.902362,2,0,0,1,0,0
2024-09-17T05:17:00.000000,35.946217666667,14.902360166667,2,0,0,1,0,0
2024-09-17T05:18:00.000000,35.9462115,14.902359666667,2,0,0,1,0,0
2024-09-17T05:19:00.000000,35.946206166667,14.902358333333,2,0,0,1,0,0
2024-09-17T05:20:00.000000,35.946202333333,14.902355333333,2,0,0,1,0,0
2024-09-17T05:21:00.000000,35.946197,14.90235,2,0,0,1,0,0
2024-09-17T05:22:00.000000,35.946192833333,14.902343,2,0,0,1,0,0
2024-09-17T05:23:00.000000,35.946192,14.902335166667,2,0,0,1,0,0
2024-09-17T05:24:00.000000,35.946187833333,14.902329,2,0,0,1,0,0
2024-09-17T05:25:00.000000,35.946180833333,14.902325,2,0,0,1,0,0
2024-09-17T05:26:00.000000,35.946166,14.902323,2,0,0,1,0,0
2024-09-17T05:27:00.000000,35.9461475,14.902320833333,2,0,0,1,0,0
2024-09-17T05:28:00.000000,35.946125,14.902318833333,2,0,0,1,0,0
2024-09-17T05:29:00.000000,35.946100333333,14.902319666667,2,0,0,1,0,0
2024-09-17T05:30:00.000000,35.946076,14.902320166667,2,0,0,1,0,0
2024-09-17T05:31:00.000000,35.9460515,14.902320333333,2,0,0,1,0,0
2024-09-17T05:32:00.000000,35.94603,14.90232,2,0,0,1,0,0
2024-09-17T05:33:00.000000,35.9460185,14.902321,2,0,0,1,0,0
2024-09-17T05:34:00.000000,35.946013,14.9023225,2,0,0,1,0,0
2024-09-17T05:35:00.000000,35.946014333333,14.902325833333,2,0,0,1,0,0
2024-09-17T05:36:00.000000,35.9460195,14.902328166667,2,0,0,1,0,0
2024-09-17T05:37:00.000000,35.946032333333,14.902331333333,2,0,0,1,0,0
2024-09-17T05:38:00.000000,35.946050833333,14.902332833333,2,0,0,1,0,0
2024-09-17T05:39:00.000000,35.946070833333,14.902329333333,2,0,0,1,0,0
2024-09-17T05:40:00.000000,35.946087166667,14.902321,2,0,0,1,0,0
2024-09-17T05:41:00.000000,35.946099666667,14.902310166667,2,0,0,1,0,0
2024-09-17T05:42:00.000000,35.946110166667,14.902297666667,2,0,0,1,0,0
2024-09-17T05:43:00.000000,35.946116333333,14.902284166667,2,0,0,1,0,0
2024-09-17T05:44:00.000000,35.946116833333,14.902274666667,2,0,0,1,0,0
2024-09-17T05:45:00.000000,35.946110333333,14.902269,2,0,0,1,0,0
2024-09-17T05:46:00.000000,35.946103,14.9022665,2,0,0,1,0,0
2024-09-17T05:47:00.000000,35.946096833333,14.9022685,2,0,0,1,0,0
2024-09-17T05:48:00.000000,35.946092166667,14.902279,2,0,0,1,0,0
2024-09-17T05:49:00.000000,35.946088333333,14.902293333333,2,0,0,1,0,0
2024-09-17T05:50:00.000000,35.946084833333,14.902309666667,2,0,0,1,0,0
2024-09-17T05:51:00.000000,35.9460875,14.902328833333,2,0,0,1,0,0
2024-09-17T05:52:00.000000,35.946088333333,14.9023455,2,0,0,1,0,0
2024-09-17T05:53:00.000000,35.946091,14.902360333333,2,0,0,1,0,0
2024-09-17T05:54:00.000000,35.946097,14.902372166667,2,0,0,1,0,0
2024-09-17T05:55:00.000000,35.946104666667,14.902381,2,0,0,1,0,0
2024-09-17T05:56:00.000000,35.946110666667,14.902383166667,2,0,0,1,0,0
2024-09-17T05:57:00.000000,35.946117833333,14.902382166667,2,0,0,1,0,0
2024-09-17T05:58:00.000000,35.946134333333,14.902376333333,2,0,0,1,0,0
2024-09-17T05:59:00.000000,35.946139,14.902369333333,2,0,0,1,0,0
2024-09-17T06:00:00.000000,35.9461425,14.902360166667,2,0,0,1,0,0
2024-09-17T06:01:00.000000,35.946145333333,14.902349166667,2,0,0,1,0,0
2024-09-17T06:02:00.000000,35.946149666667,14.902336666667,2,0,0,1,0,0
2024-09-17T06:03:00.000000,35.946156166667,14.9023245,2,0,0,1,0,0
2024-09-17T06:04:00.000000,35.946161833333,14.902314,2,0,0,1,0,0
2024-09-17T06:05:00.000000,35.946169166667,14.902304,2,0,0,1,0,0
2024-09-17T06:06:00.000000,35.946171666667,14.902296166667,2,0,0,1,0,0
2024-09-17T06:07:00.000000,35.946173333333,14.902292166667,2,0,0,1,0,0
2024-09-17T06:08:00.000000,35.9461755,14.902292666667,2,0,0,1,0,0
2024-09-17T06:09:00.000000,35.9461755,14.902296666667,2,0,0,1,0,0
2024-09-17T06:10:00.000000,35.946171833333,14.902304166667,2,0,0,1,0,0
2024-09-17T06:11:00.000000,35.9461715,14.902312833333,2,0,0,1,0,0
2024-09-17T06:12:00.000000,35.9461735,14.9023205,2,0,0,1,0,0
2024-09-17T06:13:00.000000,35.946182166667,14.9023265,2,0,0,1,0,0
2024-09-17T06:14:00.000000,35.946194333333,14.902331666667,2,0,0,1,0,0
2024-09-17T06:15:00.000000,35.946206333333,14.902336166667,2,0,0,1,0,0
2024-09-17T06:16:00.000000,35.946215666667,14.902341666667,2,0,0,1,0,0
2024-09-17T06:17:00.000000,35.946223166667,14.902347,2,0,0,1,0,0
2024-09-17T06:18:00.000000,35.946228666667,14.902353333333,2,0,0,1,0,0
2024-09-17T06:19:00.000000,35.946237833333,14.902361333333,2,0,0,1,0,0
2024-09-17T06:20:00.000000,35.9462435,14.9023685,2,0,0,1,0,0
2024-09-17T06:21:00.000000,35.9462415,14.902372166667,2,0,0,1,0,0
2024-09-17T06:22:00.000000,35.946235,14.902371,2,0,0,1,0,0
2024-09-17T06:23:00.000000,35.946231,14.90237,2,0,0,1,0,0
2024-09-17T06:24:00.000000,35.946225833333,14.902365166667,2,0,0,1,0,0
2024-09-17T06:25:00.000000,35.946221333333,14.9023585,2,0,0,1,0,0
2024-09-17T06:26:00.000000,35.946214,14.902352666667,2,0,0,1,0,0
2024-09-17T06:27:00.000000,35.946204666667,14.9023495,2,0,0,1,0,0
2024-09-17T06:28:00.000000,35.946193833333,14.902351333333,2,0,0,1,0,0
2024-09-17T06:29:00.000000,35.946186,14.902355833333,2,0,0,1,0,0
2024-09-17T06:30:00.000000,35.9461825,14.902363,2,0,0,1,0,0
2024-09-17T06:31:00.000000,35.946182166667,14.902372,2,0,0,1,0,0
2024-09-17T06:32:00.000000,35.946182166667,14.902381666667,2,0,0,1,0,0
2024-09-17T06:33:00.000000,35.946179833333,14.90239,2,0,0,1,0,0
2024-09-17T06:34:00.000000,35.946179166667,14.902394833333,2,0,0,1,0,0
2024-09-17T06:35:00.000000,35.946178,14.902396833333,2,0,0,1,0,0
2024-09-17T06:36:00.000000,35.946170666667,14.902395166667,2,0,0,1,0,0
2024-09-17T06:37:00.000000,35.946167166667,14.9023895,2,0,0,1,0,0
2024-09-17T06:38:00.000000,35.946167333333,14.902379666667,2,0,0,1,0,0
2024-09-17T06:39:00.000000,35.946171166667,14.902368166667,2,0,0,1,0,0
2024-09-17T06:40:00.000000,35.946173666667,14.902355833333,2,0,0,1,0,0
2024-09-17T06:41:00.000000,35.946175666667,14.902348,2,0,0,1,0,0
2024-09-17T06:42:00.000000,35.946179166667,14.902342333333,2,0,0,1,0,0
2024-09-17T06:43:00.000000,35.946182333333,14.9023395,2,0,0,1,0,0
2024-09-17T06:44:00.000000,35.946184833333,14.9023415,2,0,0,1,0,0
2024-09-17T06:45:00.000000,35.946187833333,14.902345666667,2,0,0,1,0,0
2024-09-17T06:46:00.000000,35.946191,14.902350166667,2,0,0,1,0,0
2024-09-17T06:47:00.000000,35.946198666667,14.902359,2,0,0,1,0,0
2024-09-17T06:48:00.000000,35.9462035,14.902368,2,0,0,1,0,0
2024-09-17T06:49:00.000000,35.946205333333,14.9023775,2,0,0,1,0,0
2024-09-17T06:50:00.000000,35.9462055,14.902384166667,2,0,0,1,0,0
2024-09-17T06:51:00.000000,35.946205333333,14.902383666667,2,0,0,1,0,0
2024-09-17T06:52:00.000000,35.946204166667,14.902381333333,2,0,0,1,0,0
2024-09-17T06:53:00.000000,35.946200166667,14.9023745,2,0,0,1,0,0
2024-09-17T06:54:00.000000,35.946193166667,14.902367666667,2,0,0,1,0,0
2024-09-17T06:55:00.000000,35.946183333333,14.902358,2,0,0,1,0,0
2024-09-17T06:56:00.000000,35.946173333333,14.9023485,2,0,0,1,0,0
2024-09-17T06:57:00.000000,35.946164833333,14.902341666667,2,0,0,1,0,0
2024-09-17T06:58:00.000000,35.946156,14.902337333333,2,0,0,1,0,0
2024-09-17T06:59:00.000000,35.946150666667,14.9023345,2,0,0,1,0,0
2024-09-17T07:00:00.000000,35.946145333333,14.902335166667,2,0,0,1,0,0
2024-09-17T07:01:00.000000,35.946141,14.9023355,2,0,0,1,0,0
2024-09-17T07:02:00.000000,35.946139833333,14.902342833333,2,0,0,1,0,0
2024-09-17T07:03:00.000000,35.946135833333,14.902348,2,0,0,1,0,0
2024-09-17T07:04:00.000000,35.946130833333,14.902352666667,2,0,0,1,0,0
2024-09-17T07:05:00.000000,35.946124833333,14.902358,2,0,0,1,0,0
2024-09-17T07:06:00.000000,35.946119,14.902367833333,2,0,0,1,0,0
2024-09-17T07:07:00.000000,35.946115833333,14.902379333333,2,0,0,1,0,0
2024-09-17T07:08:00.000000,35.9461165,14.9023885,2,0,0,1,0,0
2024-09-17T07:09:00.000000,35.946119833333,14.902395333333,2,0,0,1,0,0
2024-09-17T07:10:00.000000,35.946118833333,14.902399166667,2,0,0,1,0,0
2024-09-17T07:11:00.000000,35.946113833333,14.902400166667,2,0,0,1,0,0
2024-09-17T07:12:00.000000,35.946111666667,14.902401166667,2,0,0,1,0,0
2024-09-17T07:13:00.000000,35.946098333333,14.902402833333,2,0,0,1,0,0
2024-09-17T07:14:00.000000,35.9460845,14.902402,2,0,0,1,0,0
2024-09-17T07:15:00.000000,35.946068666667,14.902400666667,2,0,0,1,0,0
2024-09-17T07:16:00.000000,35.946053,14.902401166667,2,0,0,1,0,0
2024-09-17T07:17:00.000000,35.946039,14.9023975,2,0,0,1,0,0
2024-09-17T07:18:00.000000,35.946033,14.902394,2,0,0,1,0,0
2024-09-17T07:19:00.000000,35.946026666667,14.902388166667,2,0,0,1,0,0
2024-09-17T07:20:00.000000,35.946025333333,14.90238,2,0,0,1,0,0
2024-09-17T07:21:00.000000,35.946025,14.902370833333,2,0,0,1,0,0
2024-09-17T07:22:00.000000,35.946028833333,14.902361,2,0,0,1,0,0
2024-09-17T07:23:00.000000,35.9460335,14.902349333333,2,0,0,1,0,0
2024-09-17T07:24:00.000000,35.946036666667,14.902340333333,2,0,0,1,0,0
2024-09-17T07:25:00.000000,35.946037333333,14.902338833333,2,0,0,1,0,0
2024-09-17T07:26:00.000000,35.946034,14.902334333333,2,0,0,1,0,0
2024-09-17T07:27:00.000000,35.946026166667,14.902330166667,2,0,0,1,0,0
2024-09-17T07:28:00.000000,35.946020166667,14.902332666667,2,0,0,1,0,0
2024-09-17T07:29:00.000000,35.946011833333,14.902340166667,2,0,0,1,0,0
2024-09-17T07:30:00.000000,35.946002666667,14.902346166667,2,0,0,1,0,0
2024-09-17T07:31:00.000000,35.945994166667,14.9023525,2,0,0,1,0,0
2024-09-17T07:32:00.000000,35.945985833333,14.902359666667,2,0,0,1,0,0
2024-09-17T07:33:00.000000,35.945978833333,14.902368666667,2,0,0,1,0,0
2024-09-17T07:34:00.000000,35.945971333333,14.902374666667,2,0,0,1,0,0
2024-09-17T07:35:00.000000,35.945970166667,14.902379333333,2,0,0,1,0,0
2024-09-17T07:36:00.000000,35.9459745,14.902383333333,2,0,0,1,0,0
2024-09-17T07:37:00.000000,35.945981666667,14.902384333333,2,0,0,1,0,0
2024-09-17T07:38:00.000000,35.945992666667,14.902384166667,2,0,0,1,0,0
2024-09-17T07:39:00.000000,35.946007666667,14.902382166667,2,0,0,1,0,0
2024-09-17T07:40:00.000000,35.946027,14.90238,2,0,0,1,0,0
2024-09-17T07:41:00.000000,35.946042666667,14.902376,2,0,0,1,0,0
2024-09-17T07:42:00.000000,35.946058833333,14.902369333333,2,0,0,1,0,0
2024-09-17T07:43:00.000000,35.946077166667,14.902361,2,0,0,1,0,0
2024-09-17T07:44:00.000000,35.946091833333,14.902353666667,2,0,0,1,0,0
2024-09-17T07:45:00.000000,35.946106666667,14.902345666667,2,0,0,1,0,0
2024-09-17T07:46:00.000000,35.946121833333,14.902338666667,2,0,0,1,0,0
2024-09-17T07:47:00.000000,35.946136,14.902336,2,0,0,1,0,0
2024-09-17T07:48:00.000000,35.9461465,14.902333666667,2,0,0,1,0,0
2024-09-17T07:49:00.000000,35.946157,14.902331833333,2,0,0,1,0,0
2024-09-17T07:50:00.000000,35.946164,14.902328166667,2,0,0,1,0,0
2024-09-17T07:51:00.000000,35.946173166667,14.902323333333,2,0,0,1,0,0
2024-09-17T07:52:00.000000,35.946184666667,14.9023175,2,0,0,1,0,0
2024-09-17T07:53:00.000000,35.946196166667,14.90231,2,0,0,1,0,0
2024-09-17T07:54:00.000000,35.9462025,14.902303333333,2,0,0,1,0,0
2024-09-17T07:55:00.000000,35.946203833333,14.902295666667,2,0,0,1,0,0
2024-09-17T07:56:00.000000,35.9462035,14.902289833333,2,0,0,1,0,0
2024-09-17T07:57:00.000000,35.946203833333,14.902285666667,2,0,0,1,0,0
2024-09-17T07:58:00.000000,35.946201833333,14.9022855,2,0,0,1,0,0
2024-09-17T07:59:00.000000,35.946205166667,14.902287166667,2,0,0,1,0,0
2024-09-17T08:00:00.000000,35.946215166667,14.902290833333,2,0,0,1,0,0
2024-09-17T08:01:00.000000,35.946226166667,14.9022975,2,0,0,1,0,0
2024-09-17T08:02:00.000000,35.946238666667,14.902303333333,2,0,0,1,0,0
2024-09-17T08:03:00.000000,35.946249,14.902310166667,2,0,0,1,0,0
2024-09-17T08:04:00.000000,35.946257166667,14.902319166667,2,0,0,1,0,0
2024-09-17T08:05:00.000000,35.946263166667,14.902329166667,2,0,0,1,0,0
2024-09-17T08:06:00.000000,35.946264333333,14.902339833333,2,0,0,1,0,0
2024-09-17T08:07:00.000000,35.946264333333,14.902350666667,2,0,0,1,0,0
2024-09-17T08:08:00.000000,35.946263833333,14.902360666667,2,0,0,1,0,0
2024-09-17T08:09:00.000000,35.946268333333,14.902369333333,2,0,0,1,0,0
2024-09-17T08:10:00.000000,35.946275833333,14.9023795,2,0,0,1,0,0
2024-09-17T08:11:00.000000,35.946286333333,14.902386666667,2,0,0,1,0,0
2024-09-17T08:12:00.000000,35.9462995,14.902389333333,2,0,0,1,0,0
2024-09-17T08:13:00.000000,35.946314,14.902388833333,2,0,0,1,0,0
2024-09-17T08:14:00.000000,35.9463225,14.902384833333,2,0,0,1,0,0
2024-09-17T08:15:00.000000,35.9463235,14.902382666667,2,0,0,1,0,0
2024-09-17T08:16:00.000000,35.946316166667,14.902386,2,0,0,1,0,0
2024-09-17T08:17:00.000000,35.946308666667,14.902392666667,2,0,0,1,0,0
2024-09-17T08:18:00.000000,35.946301666667,14.902402166667,2,0,0,1,0,0
2024-09-17T08:19:00.000000,35.946297166667,14.902412,2,0,0,1,0,0
2024-09-17T08:20:00.000000,35.946293333333,14.902420833333,2,0,0,1,0,0
2024-09-17T08:21:00.000000,35.946289,14.902430833333,2,0,0,1,0,0
2024-09-17T08:22:00.000000,35.946280666667,14.902442333333,2,0,0,1,0,0
2024-09-17T08:23:00.000000,35.9462735,14.902454333333,2,0,0,1,0,0
2024-09-17T08:24:00.000000,35.946264166667,14.9024675,2,0,0,1,0,0
2024-09-17T08:25:00.000000,35.946249,14.902480833333,2,0,0,1,0,0
2024-09-17T08:26:00.000000,35.946231166667,14.902490833333,2,0,0,1,0,0
2024-09-17T08:27:00.000000,35.946214833333,14.902496666667,2,0,0,1,0,0
2024-09-17T08:28:00.000000,35.946198333333,14.902496666667,2,0,0,1,0,0
2024-09-17T08:29:00.000000,35.946179666667,14.902489166667,2,0,0,1,0,0
2024-09-17T08:30:00.000000,35.946163666667,14.902481166667,2,0,0,1,0,0
2024-09-17T08:31:00.000000,35.946149833333,14.902472666667,2,0,0,1,0,0
2024-09-17T08:32:00.000000,35.9461345,14.902464,2,0,0,1,0,0
2024-09-17T08:33:00.000000,35.946120333333,14.902457,2,0,0,1,0,0
2024-09-17T08:34:00.000000,35.946111333333,14.9024535,2,0,0,1,0,0
2024-09-17T08:35:00.000000,35.9461025,14.902453833333,2,0,0,1,0,0
2024-09-17T08:36:00.000000,35.946097166667,14.902458833333,2,0,0,1,0,0
2024-09-17T08:37:00.000000,35.946091333333,14.902467,2,0,0,1,0,0
2024-09-17T08:38:00.000000,35.946091,14.902474166667,2,0,0,1,0,0
2024-09-17T08:39:00.000000,35.9460945,14.902481166667,2,0,0,1,0,0
2024-09-17T08:40:00.000000,35.946100666667,14.902485,2,0,0,1,0,0
2024-09-17T08:41:00.000000,35.946109166667,14.902486166667,2,0,0,1,0,0
2024-09-17T08:42:00.000000,35.946115666667,14.902483833333,2,0,0,1,0,0
2024-09-17T08:43:00.000000,35.946119666667,14.9024805,2,0,0,1,0,0
2024-09-17T08:44:00.000000,35.946121166667,14.902476833333,2,0,0,1,0,0
2024-09-17T08:45:00.000000,35.946119666667,14.902475,2,0,0,1,0,0
2024-09-17T08:46:00.000000,35.946119333333,14.902474,2,0,0,1,0,0
2024-09-17T08:47:00.000000,35.946122166667,14.902472666667,2,0,0,1,0,0
2024-09-17T08:48:00.000000,35.946125833333,14.902471333333,2,0,0,1,0,0
2024-09-17T08:49:00.000000,35.946128166667,14.902470666667,2,0,0,1,0,0
2024-09-17T08:50:00.000000,35.9461295,14.9024705,2,0,0,1,0,0
2024-09-17T08:51:00.000000,35.946125833333,14.902473166667,2,0,0,1,0,0
2024-09-17T08:52:00.000000,35.946115666667,14.902481166667,2,0,0,1,0,0
2024-09-17T08:53:00.000000,35.946102166667,14.902490666667,2,0,0,1,0,0
2024-09-17T08:54:00.000000,35.946089333333,14.902501833333,2,0,0,1,0,0
2024-09-17T08:55:00.000000,35.946083166667,14.902509833333,2,0,0,1,0,0
2024-09-17T08:56:00.000000,35.9460785,14.902513666667,2,0,0,1,0,0
2024-09-17T08:57:00.000000,35.946074166667,14.902513666667,2,0,0,1,0,0
2024-09-17T08:58:00.000000,35.9460695,14.902509,2,0,0,1,0,0
2024-09-17T08:59:00.000000,35.946066666667,14.902501166667,2,0,0,1,0,0
2024-09-17T09:00:00.000000,35.946065833333,14.902489333333,2,0,0,1,0,0
2024-09-17T09:01:00.000000,35.9460675,14.902473833333,2,0,0,1,0,0
2024-09-17T09:02:00.000000,35.946074166667,14.902457333333,2,0,0,1,0,0
2024-09-17T09:03:00.000000,35.946087666667,14.902442333333,2,0,0,1,0,0
2024-09-17T09:04:00.000000,35.9461045,14.9024315,2,0,0,1,0,0
2024-09-17T09:05:00.000000,35.946122333333,14.902424666667,2,0,0,1,0,0
2024-09-17T09:06:00.000000,35.946145333333,14.9024245,2,0,0,1,0,0
2024-09-17T09:07:00.000000,35.946174833333,14.902425666667,2,0,0,1,0,0
2024-09-17T09:08:00.000000,35.946207166667,14.902425666667,2,0,0,1,0,0
2024-09-17T09:09:00.000000,35.946234333333,14.902424166667,2,0,0,1,0,0
2024-09-17T09:10:00.000000,35.946257833333,14.902423333333,2,0,0,1,0,0
2024-09-17T09:11:00.000000,35.946277333333,14.902422833333,2,0,0,1,0,0
2024-09-17T09:12:00.000000,35.94629,14.902422833333,2,0,0,1,0,0
2024-09-17T09:13:00.000000,35.946300833333,14.902424166667,2,0,0,1,0,0
2024-09-17T09:14:00.000000,35.946312,14.902426333333,2,0,0,1,0,0
2024-09-17T09:15:00.000000,35.946322666667,14.902427666667,2,0,0,1,0,0
2024-09-17T09:16:00.000000,35.946336,14.9024285,2,0,0,1,0,0
2024-09-17T09:17:00.000000,35.946350166667,14.902428333333,2,0,0,1,0,0
2024-09-17T09:18:00.000000,35.946365166667,14.902428166667,2,0,0,1,0,0
2024-09-17T09:19:00.000000,35.946380333333,14.902428166667,2,0,0,1,0,0
2024-09-17T09:20:00.000000,35.946396833333,14.902427833333,2,0,0,1,0,0
2024-09-17T09:21:00.000000,35.946409333333,14.9024285,2,0,0,1,0,0
2024-09-17T09:22:00.000000,35.946418,14.902430166667,2,0,0,1,0,0
2024-09-17T09:23:00.000000,35.946423833333,14.9024305,2,0,0,1,0,0
2024-09-17T09:24:00.000000,35.9464255,14.902429166667,2,0,0,1,0,0
2024-09-17T09:25:00.000000,35.946423,14.902428166667,2,0,0,1,0,0
2024-09-17T09:26:00.000000,35.9464185,14.90243,2,0,0,1,0,0
2024-09-17T09:27:00.000000,35.9464125,14.902437333333,2,0,0,1,0,0
2024-09-17T09:28:00.000000,35.946405333333,14.902444666667,2,0,0,1,0,0
2024-09-17T09:29:00.000000,35.9463985,14.902450666667,2,0,0,1,0,0
2024-09-17T09:30:00.000000,35.946392,14.902457666667,2,0,0,1,0,0
2024-09-17T09:31:00.000000,35.946383666667,14.902468166667,2,0,0,1,0,0
2024-09-17T09:32:00.000000,35.9463765,14.9024765,2,0,0,1,0,0
2024-09-17T09:33:00.000000,35.946371666667,14.902481833333,2,0,0,1,0,0
2024-09-17T09:34:00.000000,35.9463645,14.9024785,2,0,0,1,0,0
2024-09-17T09:35:00.000000,35.946354166667,14.90247,2,0,0,1,0,0
2024-09-17T09:36:00.000000,35.946336166667,14.902460166667,2,0,0,1,0,0
2024-09-17T09:37:00.000000,35.946313,14.902451166667,2,0,0,1,0,0
2024-09-17T09:38:00.000000,35.946284333333,14.902449166667,2,0,0,1,0,0
2024-09-17T09:39:00.000000,35.9462505,14.902455166667,2,0,0,1,0,0
2024-09-17T09:40:00.000000,35.946213166667,14.902466833333,2,0,0,1,0,0
2024-09-17T09:41:00.000000,35.946175333333,14.902479,2,0,0,1,0,0
2024-09-17T09:42:00.000000,35.946138333333,14.902490166667,2,0,0,1,0,0
2024-09-17T09:43:00.000000,35.946095666667,14.902502333333,2,0,0,1,0,0
2024-09-17T09:44:00.000000,35.946048666667,14.902515333333,2,0,0,1,0,0
2024-09-17T09:45:00.000000,35.946002,14.902528,2,0,0,1,0,0
2024-09-17T09:46:00.000000,35.945958333333,14.902538166667,2,0,0,1,0,0
2024-09-17T09:47:00.000000,35.945919333333,14.902546,2,0,0,1,0,0
2024-09-17T09:48:00.000000,35.945876666667,14.902544666667,2,0,0,1,0,0
2024-09-17T09:49:00.000000,35.945845333333,14.902546666667,2,0,0,1,0,0
2024-09-17T09:50:00.000000,35.945796833333,14.9025315,2,0,0,1,0,0
2024-09-17T09:51:00.000000,35.9457615,14.90252,2,0,0,1,0,0
2024-09-17T09:52:00.000000,35.9457365,14.9025125,2,0,0,1,0,0
2024-09-17T09:53:00.000000,35.945719166667,14.902504166667,2,0,0,1,0,0
2024-09-17T09:54:00.000000,35.945709166667,14.9024935,2,0,0,1,0,0
2024-09-17T09:55:00.000000,35.945707833333,14.902483666667,2,0,0,1,0,0
2024-09-17T09:56:00.000000,35.945713666667,14.902476666667,2,0,0,1,0,0
2024-09-17T09:57:00.000000,35.945727333333,14.902472666667,2,0,0,1,0,0
2024-09-17T09:58:00.000000,35.945751,14.902477333333,2,0,0,1,0,0
2024-09-17T09:59:00.000000,35.945778,14.902477,2,0,0,1,0,0
2024-09-17T10:00:00.000000,35.945814,14.902477333333,2,0,0,1,0,0
2024-09-17T10:01:00.000000,35.945854833333,14.902480666667,2,0,0,1,0,0
2024-09-17T10:02:00.000000,35.945890833333,14.902479833333,2,0,0,1,0,0
2024-09-17T10:03:00.000000,35.945919166667,14.902479333333,2,0,0,1,0,0
2024-09-17T10:04:00.000000,35.945941166667,14.902483333333,2,0,0,1,0,0
2024-09-17T10:05:00.000000,35.9459585,14.902489,2,0,0,1,0,0
2024-09-17T10:06:00.000000,35.945978666667,14.902493833333,2,0,0,1,0,0
2024-09-17T10:07:00.000000,35.945999,14.902495833333,2,0,0,1,0,0
2024-09-17T10:08:00.000000,35.9460205,14.902496833333,2,0,0,1,0,0
2024-09-17T10:09:00.000000,35.946038833333,14.902497333333,2,0,0,1,0,0
2024-09-17T10:10:00.000000,35.946051166667,14.902497833333,2,0,0,1,0,0
2024-09-17T10:11:00.000000,35.946057833333,14.9024995,2,0,0,1,0,0
2024-09-17T10:12:00.000000,35.946058,14.902507,2,0,0,1,0,0
2024-09-17T10:13:00.000000,35.946050833333,14.902513333333,2,0,0,1,0,0
2024-09-17T10:14:00.000000,35.94604,14.902519,2,0,0,1,0,0
2024-09-17T10:15:00.000000,35.946022833333,14.902524666667,2,0,0,1,0,0
2024-09-17T10:16:00.000000,35.946001666667,14.9025305,2,0,0,1,0,0
2024-09-17T10:17:00.000000,35.945980833333,14.902535333333,2,0,0,1,0,0
2024-09-17T10:18:00.000000,35.945959333333,14.902535,2,0,0,1,0,0
2024-09-17T10:19:00.000000,35.945938833333,14.902530666667,2,0,0,1,0,0
2024-09-17T10:20:00.000000,35.945916,14.902522833333,2,0,0,1,0,0
2024-09-17T10:21:00.000000,35.945889833333,14.902516,2,0,0,1,0,0
2024-09-17T10:22:00.000000,35.945863166667,14.902507833333,2,0,0,1,0,0
2024-09-17T10:23:00.000000,35.945839166667,14.9025,2,0,0,1,0,0
2024-09-17T10:24:00.000000,35.9458235,14.902491666667,2,0,0,1,0,0
2024-09-17T10:25:00.000000,35.945809666667,14.902483666667,2,0,0,1,0,0
2024-09-17T10:26:00.000000,35.9457965,14.902476166667,2,0,0,1,0,0
2024-09-17T10:27:00.000000,35.945789166667,14.902469833333,2,0,0,1,0,0
2024-09-17T10:28:00.000000,35.945782666667,14.902465833333,2,0,0,1,0,0
2024-09-17T10:29:00.000000,35.9457805,14.902467,2,0,0,1,0,0
2024-09-17T10:30:00.000000,35.9457775,14.902473333333,2,0,0,1,0,0
2024-09-17T10:31:00.000000,35.9457805,14.902480666667,2,0,0,1,0,0
2024-09-17T10:32:00.000000,35.945786333333,14.902487,2,0,0,1,0,0
2024-09-17T10:33:00.000000,35.945794333333,14.902490666667,2,0,0,1,0,0
2024-09-17T10:34:00.000000,35.945803833333,14.902487833333,2,0,0,1,0,0
2024-09-17T10:35:00.000000,35.945813166667,14.902478333333,2,0,0,1,0,0
2024-09-17T10:36:00.000000,35.945818,14.902464333333,2,0,0,1,0,0
2024-09-17T10:37:00.000000,35.945819333333,14.902446166667,2,0,0,1,0,0
2024-09-17T10:38:00.000000,35.9458165,14.902428833333,2,0,0,1,0,0
2024-09-17T10:39:00.000000,35.945810333333,14.902414,2,0,0,1,0,0
2024-09-17T10:40:00.000000,35.945802166667,14.902404666667,2,0,0,1,0,0
2024-09-17T10:41:00.000000,35.945791666667,14.9024005,2,0,0,1,0,0
2024-09-17T10:42:00.000000,35.945780666667,14.902399,2,0,0,1,0,0
2024-09-17T10:43:00.000000,35.945766666667,14.902401166667,2,0,0,1,0,0
2024-09-17T10:44:00.000000,35.945751666667,14.902406833333,2,0,0,1,0,0
2024-09-17T10:45:00.000000,35.9457405,14.902412333333,2,0,0,1,0,0
2024-09-17T10:46:00.000000,35.945734,14.9024195,2,0,0,1,0,0
2024-09-17T10:47:00.000000,35.945730833333,14.902426333333,2,0,0,1,0,0
2024-09-17T10:48:00.000000,35.9457315,14.902432333333,2,0,0,1,0,0
2024-09-17T10:49:00.000000,35.945732,14.9024355,2,0,0,1,0,0
2024-09-17T10:50:00.000000,35.945731166667,14.9024345,2,0,0,1,0,0
2024-09-17T10:51:00.000000,35.9457275,14.902431333333,2,0,0,1,0,0
2024-09-17T10:52:00.000000,35.945725666667,14.902424,2,0,0,1,0,0
2024-09-17T10:53:00.000000,35.945726333333,14.902413833333,2,0,0,1,0,0
2024-09-17T10:54:00.000000,35.945729333333,14.902403166667,2,0,0,1,0,0
2024-09-17T10:55:00.000000,35.945735333333,14.902393333333,2,0,0,1,0,0
2024-09-17T10:56:00.000000,35.94574,14.902384166667,2,0,0,1,0,0
2024-09-17T10:57:00.000000,35.945745833333,14.902377666667,2,0,0,1,0,0
2024-09-17T10:58:00.000000,35.945747333333,14.9023735,2,0,0,1,0,0
2024-09-17T10:59:00.000000,35.9457435,14.902375,2,0,0,1,0,0
2024-09-17T11:00:00.000000,35.945743166667,14.902379,2,0,0,1,0,0
2024-09-17T11:01:00.000000,35.9457485,14.902387,2,0,0,1,0,0
2024-09-17T11:02:00.000000,35.945759833333,14.9023975,2,0,0,1,0,0
2024-09-17T11:03:00.000000,35.945780166667,14.902405333333,2,0,0,1,0,0
2024-09-17T11:04:00.000000,35.945805666667,14.902415666667,2,0,0,1,0,0
2024-09-17T11:05:00.000000,35.945839666667,14.902423666667,2,0,0,1,0,0
2024-09-17T11:06:00.000000,35.945877333333,14.9024275,2,0,0,1,0,0
2024-09-17T11:07:00.000000,35.945916666667,14.902428833333,2,0,0,1,0,0
2024-09-17T11:08:00.000000,35.945956333333,14.902427166667,2,0,0,1,0,0
2024-09-17T11:09:00.000000,35.945995333333,14.902422833333,2,0,0,1,0,0
2024-09-17T11:10:00.000000,35.9460295,14.902417,2,0,0,1,0,0
2024-09-17T11:11:00.000000,35.946054,14.902411833333,2,0,0,1,0,0
2024-09-17T11:12:00.000000,35.946073666667,14.902405833333,2,0,0,1,0,0
2024-09-17T11:13:00.000000,35.946088166667,14.902402,2,0,0,1,0,0
2024-09-17T11:14:00.000000,35.946098166667,14.902399666667,2,0,0,1,0,0
2024-09-17T11:15:00.000000,35.946102833333,14.902398666667,2,0,0,1,0,0
2024-09-17T11:16:00.000000,35.9461035,14.902396333333,2,0,0,1,0,0
2024-09-17T11:17:00.000000,35.946108333333,14.902395,2,0,0,1,0,0
2024-09-17T11:18:00.000000,35.946108666667,14.902397166667,2,0,0,1,0,0
2024-09-17T11:19:00.000000,35.946107333333,14.9024025,2,0,0,1,0,0
2024-09-17T11:20:00.000000,35.946104333333,14.902410166667,2,0,0,1,0,0
2024-09-17T11:21:00.000000,35.946101833333,14.902417333333,2,0,0,1,0,0
2024-09-17T11:22:00.000000,35.9461015,14.902419833333,2,0,0,1,0,0
2024-09-17T11:23:00.000000,35.9460985,14.9024215,2,0,0,1,0,0
2024-09-17T11:24:00.000000,35.946092666667,14.902422166667,2,0,0,1,0,0
2024-09-17T11:25:00.000000,35.946088,14.902419,2,0,0,1,0,0
2024-09-17T11:26:00.000000,35.946085833333,14.902413666667,2,0,0,1,0,0
2024-09-17T11:27:00.000000,35.946082,14.902411,2,0,0,1,0,0
2024-09-17T11:28:00.000000,35.946076666667,14.902410833333,2,0,0,1,0,0
2024-09-17T11:29:00.000000,35.946069666667,14.902415833333,2,0,0,1,0,0
2024-09-17T11:30:00.000000,35.946068166667,14.902416666667,2,0,0,1,0,0
2024-09-17T11:31:00.000000,35.946063,14.902421333333,2,0,0,1,0,0
2024-09-17T11:32:00.000000,35.946052833333,14.9024255,2,0,0,1,0,0
2024-09-17T11:33:00.000000,35.94604,14.902425333333,2,0,0,1,0,0
2024-09-17T11:34:00.000000,35.946028666667,14.902419333333,2,0,0,1,0,0
2024-09-17T11:35:00.000000,35.946013166667,14.902413666667,2,0,0,1,0,0
2024-09-17T11:36:00.000000,35.945991166667,14.902409166667,2,0,0,1,0,0
2024-09-17T11:37:00.000000,35.945967166667,14.902408333333,2,0,0,1,0,0
2024-09-17T11:38:00.000000,35.945938,14.90241,2,0,0,1,0,0
2024-09-17T11:39:00.000000,35.945911,14.902410333333,2,0,0,1,0,0
2024-09-17T11:40:00.000000,35.945884666667,14.902417,2,0,0,1,0,0
2024-09-17T11:41:00.000000,35.9458695,14.902422166667,2,0,0,1,0,0
2024-09-17T11:42:00.000000,35.94586,14.902429,2,0,0,1,0,0
2024-09-17T11:43:00.000000,35.945857166667,14.902436833333,2,0,0,1,0,0
2024-09-17T11:44:00.000000,35.945868333333,14.902441,2,0,0,1,0,0
2024-09-17T11:45:00.000000,35.945887333333,14.9024445,2,0,0,1,0,0
2024-09-17T11:46:00.000000,35.945912666667,14.9024405,2,0,0,1,0,0
2024-09-17T11:47:00.000000,35.945942333333,14.9024375,2,0,0,1,0,0
2024-09-17T11:48:00.000000,35.9459735,14.902438333333,2,0,0,1,0,0
2024-09-17T11:49:00.000000,35.9460085,14.902438,2,0,0,1,0,0
2024-09-17T11:50:00.000000,35.9460485,14.902432666667,2,0,0,1,0,0
2024-09-17T11:51:00.000000,35.946086666667,14.902424166667,2,0,0,1,0,0
2024-09-17T11:52:00.000000,35.9461225,14.902419333333,2,0,0,1,0,0
2024-09-17T11:53:00.000000,35.946161333333,14.9024095,2,0,0,1,0,0
2024-09-17T11:54:00.000000,35.946198666667,14.902401166667,2,0,0,1,0,0
2024-09-17T11:55:00.000000,35.9462345,14.9023925,2,0,0,1,0,0
2024-09-17T11:56:00.000000,35.946264166667,14.902382,2,0,0,1,0,0
2024-09-17T11:57:00.000000,35.946290666667,14.902369166667,2,0,0,1,0,0
2024-09-17T11:58:00.000000,35.946313333333,14.9023535,2,0,0,1,0,0
2024-09-17T11:59:00.000000,35.946328833333,14.9023385,2,0,0,1,0,0
2024-09-17T12:00:00.000000,35.946335,14.902328166667,2,0,0,1,0,0
2024-09-17T12:01:00.000000,35.9463335,14.902321166667,2,0,0,1,0,0
2024-09-17T12:02:00.000000,35.946322666667,14.902318833333,2,0,0,1,0,0
2024-09-17T12:03:00.000000,35.946305333333,14.902324,2,0,0,1,0,0
2024-09-17T12:04:00.000000,35.946282166667,14.902332333333,2,0,0,1,0,0
2024-09-17T12:05:00.000000,35.946256166667,14.9023475,2,0,0,1,0,0
2024-09-17T12:06:00.000000,35.946227166667,14.902365833333,2,0,0,1,0,0
2024-09-17T12:07:00.000000,35.946197666667,14.902384333333,2,0,0,1,0,0
2024-09-17T12:08:00.000000,35.946168,14.902404666667,2,0,0,1,0,0
2024-09-17T12:09:00.000000,35.946138833333,14.902423,2,0,0,1,0,0
2024-09-17T12:10:00.000000,35.946114166667,14.902436666667,2,0,0,1,0,0
2024-09-17T12:11:00.000000,35.9460985,14.902446333333,2,0,0,1,0,0
2024-09-17T12:12:00.000000,35.946091,14.902451,2,0,0,1,0,0
2024-09-17T12:13:00.000000,35.946092666667,14.902449166667,2,0,0,1,0,0
2024-09-17T12:14:00.000000,35.946100333333,14.9024395,2,0,0,1,0,0
2024-09-17T12:15:00.000000,35.946110833333,14.902425333333,2,0,0,1,0,0
2024-09-17T12:16:00.000000,35.946122166667,14.902405,2,0,0,1,0,0
2024-09-17T12:17:00.000000,35.946129666667,14.902382333333,2,0,0,1,0,0
2024-09-17T12:18:00.000000,35.946134833333,14.902360333333,2,0,0,1,0,0
2024-09-17T12:19:00.000000,35.946139833333,14.902339333333,2,0,0,1,0,0
2024-09-17T12:20:00.000000,35.946141333333,14.902321,2,0,0,1,0,0
2024-09-17T12:21:00.000000,35.946139666667,14.902312833333,2,0,0,1,0,0
2024-09-17T12:22:00.000000,35.946133833333,14.902304,2,0,0,1,0,0
2024-09-17T12:23:00.000000,35.9461235,14.9023005,2,0,0,1,0,0
2024-09-17T12:24:00.000000,35.94611,14.902304333333,2,0,0,1,0,0
2024-09-17T12:25:00.000000,35.9460925,14.902317333333,2,0,0,1,0,0
2024-09-17T12:26:00.000000,35.946071333333,14.9023365,2,0,0,1,0,0
2024-09-17T12:27:00.000000,35.946049833333,14.902359833333,2,0,0,1,0,0
2024-09-17T12:28:00.000000,35.946031333333,14.902384333333,2,0,0,1,0,0
2024-09-17T12:29:00.000000,35.9460095,14.902407833333,2,0,0,1,0,0
2024-09-17T12:30:00.000000,35.945991333333,14.9024305,2,0,0,1,0,0
2024-09-17T12:31:00.000000,35.945975833333,14.902445166667,2,0,0,1,0,0
2024-09-17T12:32:00.000000,35.945963833333,14.902456166667,2,0,0,1,0,0
2024-09-17T12:33:00.000000,35.945953833333,14.90246,2,0,0,1,0,0
2024-09-17T12:34:00.000000,35.945948833333,14.902456,2,0,0,1,0,0
2024-09-17T12:35:00.000000,35.945945666667,14.902446333333,2,0,0,1,0,0
2024-09-17T12:36:00.000000,35.945942333333,14.902431,2,0,0,1,0,0
2024-09-17T12:37:00.000000,35.945942166667,14.9024105,2,0,0,1,0,0
2024-09-17T12:38:00.000000,35.945942833333,14.902389166667,2,0,0,1,0,0
2024-09-17T12:39:00.000000,35.945945333333,14.902367833333,2,0,0,1,0,0
2024-09-17T12:40:00.000000,35.945946166667,14.902348666667,2,0,0,1,0,0
2024-09-17T12:41:00.000000,35.9459415,14.902334833333,2,0,0,1,0,0
2024-09-17T12:42:00.000000,35.9459395,14.902326333333,2,0,0,1,0,0
2024-09-17T12:43:00.000000,35.9459355,14.902324833333,2,0,0,1,0,0
2024-09-17T12:44:00.000000,35.945933333333,14.902329333333,2,0,0,1,0,0
2024-09-17T12:45:00.000000,35.945934,14.902341833333,2,0,0,1,0,0
2024-09-17T12:46:00.000000,35.945943666667,14.902359833333,2,0,0,1,0,0
2024-09-17T12:47:00.000000,35.945954666667,14.902381666667,2,0,0,1,0,0
2024-09-17T12:48:00.000000,35.945975666667,14.902407,2,0,0,1,0,0
2024-09-17T12:49:00.000000,35.945999333333,14.902429,2,0,0,1,0,0
2024-09-17T12:50:00.000000,35.946021666667,14.902445333333,2,0,0,1,0,0
2024-09-17T12:51:00.000000,35.946041666667,14.902452666667,2,0,0,1,0,0
2024-09-17T12:52:00.000000,35.9460595,14.902452166667,2,0,0,1,0,0
2024-09-17T12:53:00.000000,35.946067166667,14.902444166667,2,0,0,1,0,0
2024-09-17T12:54:00.000000,35.946062833333,14.902432666667,2,0,0,1,0,0
2024-09-17T12:55:00.000000,35.946051333333,14.902415833333,2,0,0,1,0,0
2024-09-17T12:56:00.000000,35.946037166667,14.902395,2,0,0,1,0,0
2024-09-17T12:57:00.000000,35.946015666667,14.9023735,2,0,0,1,0,0
2024-09-17T12:58:00.000000,35.9459875,14.902355666667,2,0,0,1,0,0
2024-09-17T12:59:00.000000,35.9459555,14.9023415,2,0,0,1,0,0
2024-09-17T13:00:00.000000,35.945918833333,14.902333166667,2,0,0,1,0,0
2024-09-17T13:01:00.000000,35.945884333333,14.902332666667,2,0,0,1,0,0
2024-09-17T13:02:00.000000,35.945854666667,14.9023365,2,0,0,1,0,0
2024-09-17T13:03:00.000000,35.945830833333,14.902349833333,2,0,0,1,0,0
2024-09-17T13:04:00.000000,35.945812,14.9023665,2,0,0,1,0,0
2024-09-17T13:05:00.000000,35.945802166667,14.902386666667,2,0,0,1,0,0
2024-09-17T13:06:00.000000,35.945803333333,14.902408,2,0,0,1,0,0
2024-09-17T13:07:00.000000,35.945817,14.902428666667,2,0,0,1,0,0
2024-09-17T13:08:00.000000,35.945841666667,14.902446166667,2,0,0,1,0,0
2024-09-17T13:09:00.000000,35.945874,14.902457166667,2,0,0,1,0,0
2024-09-17T13:10:00.000000,35.945909166667,14.902461166667,2,0,0,1,0,0
2024-09-17T13:11:00.000000,35.9459405,14.902459666667,2,0,0,1,0,0
2024-09-17T13:12:00.000000,35.945962333333,14.902453166667,2,0,0,1,0,0
2024-09-17T13:13:00.000000,35.945977666667,14.902444,2,0,0,1,0,0
2024-09-17T13:14:00.000000,35.945982166667,14.902434166667,2,0,0,1,0,0
2024-09-17T13:15:00.000000,35.9459785,14.902423833333,2,0,0,1,0,0
2024-09-17T13:16:00.000000,35.9459695,14.9024125,2,0,0,1,0,0
2024-09-17T13:17:00.000000,35.945956333333,14.902400166667,2,0,0,1,0,0
2024-09-17T13:18:00.000000,35.945945,14.902388333333,2,0,0,1,0,0
2024-09-17T13:19:00.000000,35.9459345,14.902373833333,2,0,0,1,0,0
2024-09-17T13:20:00.000000,35.945920833333,14.9023575,2,0,0,1,0,0
2024-09-17T13:21:00.000000,35.945906833333,14.902342833333,2,0,0,1,0,0
2024-09-17T13:22:00.000000,35.945889333333,14.902329,2,0,0,1,0,0
2024-09-17T13:23:00.000000,35.9458685,14.902316,2,0,0,1,0,0
2024-09-17T13:24:00.000000,35.945844166667,14.9023055,2,0,0,1,0,0
2024-09-17T13:25:00.000000,35.945816833333,14.902298166667,2,0,0,1,0,0
2024-09-17T13:26:00.000000,35.945788,14.902293833333,2,0,0,1,0,0
2024-09-17T13:27:00.000000,35.9457605,14.902292,2,0,0,1,0,0
2024-09-17T13:28:00.000000,35.9457325,14.902292833333,2,0,0,1,0,0
2024-09-17T13:29:00.000000,35.945703166667,14.902295666667,2,0,0,1,0,0
2024-09-17T13:30:00.000000,35.945673166667,14.9022995,2,0,0,1,0,0
2024-09-17T13:31:00.000000,35.945646166667,14.9023055,2,0,0,1,0,0
2024-09-17T13:32:00.000000,35.945619333333,14.902313333333,2,0,0,1,0,0
2024-09-17T13:33:00.000000,35.945594666667,14.902322666667,2,0,0,1,0,0
2024-09-17T13:34:00.000000,35.945572833333,14.902333666667,2,0,0,1,0,0
2024-09-17T13:35:00.000000,35.945555166667,14.9023445,2,0,0,1,0,0
2024-09-17T13:36:00.000000,35.945541166667,14.902353,2,0,0,1,0,0
2024-09-17T13:37:00.000000,35.945532833333,14.902357833333,2,0,0,1,0,0
2024-09-17T13:38:00.000000,35.945528833333,14.902361666667,2,0,0,1,0,0
2024-09-17T13:39:00.000000,35.945528333333,14.902362666667,2,0,0,1,0,0
2024-09-17T13:40:00.000000,35.945531,14.902360333333,2,0,0,1,0,0
2024-09-17T13:41:00.000000,35.945535333333,14.902354833333,2,0,0,1,0,0
2024-09-17T13:42:00.000000,35.945540666667,14.902347,2,0,0,1,0,0
2024-09-17T13:43:00.000000,35.9455485,14.902335833333,2,0,0,1,0,0
2024-09-17T13:44:00.000000,35.945557333333,14.902323,2,0,0,1,0,0
2024-09-17T13:45:00.000000,35.945567666667,14.902308333333,2,0,0,1,0,0
2024-09-17T13:46:00.000000,35.945576833333,14.902295,2,0,0,1,0,0
2024-09-17T13:47:00.000000,35.945585833333,14.902284,2,0,0,1,0,0
2024-09-17T13:48:00.000000,35.9455955,14.902274166667,2,0,0,1,0,0
2024-09-17T13:49:00.000000,35.945605666667,14.9022655,2,0,0,1,0,0
2024-09-17T13:50:00.000000,35.945616,14.902259166667,2,0,0,1,0,0
2024-09-17T13:51:00.000000,35.945626,14.902254333333,2,0,0,1,0,0
2024-09-17T13:52:00.000000,35.945637166667,14.902253166667,2,0,0,1,0,0
2024-09-17T13:53:00.000000,35.945647833333,14.902254666667,2,0,0,1,0,0
2024-09-17T13:54:00.000000,35.945658666667,14.902259166667,2,0,0,1,0,0
2024-09-17T13:55:00.000000,35.945669166667,14.902268666667,2,0,0,1,0,0
2024-09-17T13:56:00.000000,35.9456805,14.902284,2,0,0,1,0,0
2024-09-17T13:57:00.000000,35.945692666667,14.9023025,2,0,0,1,0,0
2024-09-17T13:58:00.000000,35.945702333333,14.902321166667,2,0,0,1,0,0
2024-09-17T13:59:00.000000,35.9457115,14.9023395,2,0,0,1,0,0
2024-09-17T14:00:00.000000,35.945720166667,14.902357166667,2,0,0,1,0,0
2024-09-17T14:01:00.000000,35.945729666667,14.902374166667,2,0,0,1,0,0
2024-09-17T14:02:00.000000,35.9457385,14.9023905,2,0,0,1,0,0
2024-09-17T14:03:00.000000,35.945746666667,14.902404333333,2,0,0,1,0,0
2024-09-17T14:04:00.000000,35.945752666667,14.902413166667,2,0,0,1,0,0
2024-09-17T14:05:00.000000,35.945756833333,14.902416,2,0,0,1,0,0
2024-09-17T14:06:00.000000,35.945759666667,14.902410666667,2,0,0,1,0,0
2024-09-17T14:07:00.000000,35.945760666667,14.902400166667,2,0,0,1,0,0
2024-09-17T14:08:00.000000,35.945761,14.9023855,2,0,0,1,0,0
2024-09-17T14:09:00.000000,35.945762,14.902367333333,2,0,0,1,0,0
2024-09-17T14:10:00.000000,35.945762,14.902346,2,0,0,1,0,0
2024-09-17T14:11:00.000000,35.945759666667,14.902324833333,2,0,0,1,0,0
2024-09-17T14:12:00.000000,35.945757666667,14.9023055,2,0,0,1,0,0
2024-09-17T14:13:00.000000,35.945754666667,14.9022915,2,0,0,1,0,0
2024-09-17T14:14:00.000000,35.945753666667,14.902284166667,2,0,0,1,0,0
2024-09-17T14:15:00.000000,35.9457535,14.902282833333,2,0,0,1,0,0
2024-09-17T14:16:00.000000,35.945750666667,14.902286333333,2,0,0,1,0,0
2024-09-17T14:17:00.000000,35.945747166667,14.9022935,2,0,0,1,0,0
2024-09-17T14:18:00.000000,35.9457465,14.902304166667,2,0,0,1,0,0
2024-09-17T14:19:00.000000,35.945747,14.902319333333,2,0,0,1,0,0
2024-09-17T14:20:00.000000,35.9457455,14.902335,2,0,0,1,0,0
2024-09-17T14:21:00.000000,35.945745333333,14.902353,2,0,0,1,0,0
2024-09-17T14:22:00.000000,35.945745333333,14.902370833333,2,0,0,1,0,0
2024-09-17T14:23:00.000000,35.9457475,14.902387666667,2,0,0,1,0,0
2024-09-17T14:24:00.000000,35.945750666667,14.902401833333,2,0,0,1,0,0
2024-09-17T14:25:00.000000,35.9457565,14.902410333333,2,0,0,1,0,0
2024-09-17T14:26:00.000000,35.945766166667,14.902411333333,2,0,0,1,0,0
2024-09-17T14:27:00.000000,35.9457785,14.902406166667,2,0,0,1,0,0
2024-09-17T14:28:00.000000,35.945793666667,14.9023965,2,0,0,1,0,0
2024-09-17T14:29:00.000000,35.945809833333,14.902382833333,2,0,0,1,0,0
2024-09-17T14:30:00.000000,35.9458275,14.902366666667,2,0,0,1,0,0
2024-09-17T14:31:00.000000,35.945848,14.9023495,2,0,0,1,0,0
2024-09-17T14:32:00.000000,35.945869833333,14.902332166667,2,0,0,1,0,0
2024-09-17T14:33:00.000000,35.945891,14.902317833333,2,0,0,1,0,0
2024-09-17T14:34:00.000000,35.945913333333,14.902305166667,2,0,0,1,0,0
2024-09-17T14:35:00.000000,35.945938,14.9022955,2,0,0,1,0,0
2024-09-17T14:36:00.000000,35.945963666667,14.902289,2,0,0,1,0,0
2024-09-17T14:37:00.000000,35.945992666667,14.902285166667,2,0,0,1,0,0
2024-09-17T14:38:00.000000,35.9460205,14.902285333333,2,0,0,1,0,0
2024-09-17T14:39:00.000000,35.946048166667,14.902288666667,2,0,0,1,0,0
2024-09-17T14:40:00.000000,35.946073666667,14.902295333333,2,0,0,1,0,0
2024-09-17T14:41:00.000000,35.946098666667,14.902305833333,2,0,0,1,0,0
2024-09-17T14:42:00.000000,35.946124666667,14.9023195,2,0,0,1,0,0
2024-09-17T14:43:00.000000,35.946149833333,14.902336666667,2,0,0,1,0,0
2024-09-17T14:44:00.000000,35.946172166667,14.9023565,2,0,0,1,0,0
2024-09-17T14:45:00.000000,35.9461925,14.902376333333,2,0,0,1,0,0
2024-09-17T14:46:00.000000,35.946212833333,14.902393333333,2,0,0,1,0,0
2024-09-17T14:47:00.000000,35.946228333333,14.902408833333,2,0,0,1,0,0
2024-09-17T14:48:00.000000,35.946237833333,14.90242,2,0,0,1,0,0
2024-09-17T14:49:00.000000,35.946245333333,14.902423166667,2,0,0,1,0,0
2024-09-17T14:50:00.000000,35.946248666667,14.902420166667,2,0,0,1,0,0
2024-09-17T14:51:00.000000,35.9462475,14.902411833333,2,0,0,1,0,0
2024-09-17T14:52:00.000000,35.9462415,14.9024,2,0,0,1,0,0
2024-09-17T14:53:00.000000,35.946232333333,14.902383666667,2,0,0,1,0,0
2024-09-17T14:54:00.000000,35.946222166667,14.902365,2,0,0,1,0,0
2024-09-17T14:55:00.000000,35.946211833333,14.902346833333,2,0,0,1,0,0
2024-09-17T14:56:00.000000,35.946197833333,14.902329666667,2,0,0,1,0,0
2024-09-17T14:57:00.000000,35.9461855,14.902317,2,0,0,1,0,0
2024-09-17T14:58:00.000000,35.946174166667,14.902309,2,0,0,1,0,0
2024-09-17T14:59:00.000000,35.946163833333,14.902306666667,2,0,0,1,0,0
2024-09-17T15:00:00.000000,35.946156,14.9023105,2,0,0,1,0,0
2024-09-17T15:01:00.000000,35.946151166667,14.902322,2,0,0,1,0,0
2024-09-17T15:02:00.000000,35.946148833333,14.902340333333,2,0,0,1,0,0
2024-09-17T15:03:00.000000,35.9461505,14.902365,2,0,0,1,0,0
2024-09-17T15:04:00.000000,35.946161166667,14.902394666667,2,0,0,1,0,0
2024-09-17T15:05:00.000000,35.946172666667,14.902425833333,2,0,0,1,0,0
2024-09-17T15:06:00.000000,35.9461945,14.902454666667,2,0,0,1,0,0
2024-09-17T15:07:00.000000,35.9462355,14.902478166667,2,0,0,1,0,0
2024-09-17T15:08:00.000000,35.9462635,14.902488833333,2,0,0,1,0,0
2024-09-17T15:09:00.000000,35.946295333333,14.902489666667,2,0,0,1,0,0
2024-09-17T15:10:00.000000,35.946331333333,14.902481,2,0,0,1,0,0
2024-09-17T15:11:00.000000,35.946363,14.902459666667,2,0,0,1,0,0
2024-09-17T15:12:00.000000,35.946376166667,14.902430666667,2,0,0,1,0,0
2024-09-17T15:13:00.000000,35.946383166667,14.902399333333,2,0,0,1,0,0
2024-09-17T15:14:00.000000,35.9463865,14.902368666667,2,0,0,1,0,0
2024-09-17T15:15:00.000000,35.946388166667,14.9023415,2,0,0,1,0,0
2024-09-17T15:16:00.000000,35.9463845,14.902320833333,2,0,0,1,0,0
2024-09-17T15:17:00.000000,35.946375833333,14.9023065,2,0,0,1,0,0
2024-09-17T15:18:00.000000,35.946363666667,14.902299666667,2,0,0,1,0,0
2024-09-17T15:19:00.000000,35.946348166667,14.9023025,2,0,0,1,0,0
2024-09-17T15:20:00.000000,35.946330666667,14.902315166667,2,0,0,1,0,0
2024-09-17T15:21:00.000000,35.946312333333,14.902331166667,2,0,0,1,0,0
2024-09-17T15:22:00.000000,35.946292833333,14.902348,2,0,0,1,0,0
2024-09-17T15:23:00.000000,35.9462745,14.902366333333,2,0,0,1,0,0
2024-09-17T15:24:00.000000,35.946258666667,14.902383833333,2,0,0,1,0,0
2024-09-17T15:25:00.000000,35.9462445,14.9024005,2,0,0,1,0,0
2024-09-17T15:26:00.000000,35.9462305,14.902415,2,0,0,1,0,0
2024-09-17T15:27:00.000000,35.946216833333,14.902428833333,2,0,0,1,0,0
2024-09-17T15:28:00.000000,35.9462035,14.902439333333,2,0,0,1,0,0
2024-09-17T15:29:00.000000,35.946191333333,14.902445166667,2,0,0,1,0,0
2024-09-17T15:30:00.000000,35.946179833333,14.902445666667,2,0,0,1,0,0
2024-09-17T15:31:00.000000,35.9461685,14.902440833333,2,0,0,1,0,0
2024-09-17T15:32:00.000000,35.946156666667,14.902429833333,2,0,0,1,0,0
2024-09-17T15:33:00.000000,35.946146,14.902416166667,2,0,0,1,0,0
2024-09-17T15:34:00.000000,35.946138166667,14.902399166667,2,0,0,1,0,0
2024-09-17T15:35:00.000000,35.946130833333,14.902379166667,2,0,0,1,0,0
2024-09-17T15:36:00.000000,35.946125666667,14.902364,2,0,0,1,0,0
2024-09-17T15:37:00.000000,35.946117666667,14.902349,2,0,0,1,0,0
2024-09-17T15:38:00.000000,35.9461055,14.902338833333,2,0,0,1,0,0
2024-09-17T15:39:00.000000,35.946094,14.902332166667,2,0,0,1,0,0
2024-09-17T15:40:00.000000,35.9460855,14.902332833333,2,0,0,1,0,0
2024-09-17T15:41:00.000000,35.946079166667,14.902338,2,0,0,1,0,0
2024-09-17T15:42:00.000000,35.946075,14.902348833333,2,0,0,1,0,0
2024-09-17T15:43:00.000000,35.946071666667,14.902367833333,2,0,0,1,0,0
2024-09-17T15:44:00.000000,35.946070333333,14.902392,2,0,0,1,0,0
2024-09-17T15:45:00.000000,35.946071833333,14.9024195,2,0,0,1,0,0
2024-09-17T15:46:00.000000,35.946079166667,14.902447,2,0,0,1,0,0
2024-09-17T15:47:00.000000,35.946091166667,14.902472166667,2,0,0,1,0,0
2024-09-17T15:48:00.000000,35.946107166667,14.9024915,2,0,0,1,0,0
2024-09-17T15:49:00.000000,35.946127,14.902501833333,2,0,0,1,0,0
2024-09-17T15:50:00.000000,35.9461485,14.902503333333,2,0,0,1,0,0
2024-09-17T15:51:00.000000,35.946167166667,14.902495,2,0,0,1,0,0
2024-09-17T15:52:00.000000,35.946179333333,14.902480166667,2,0,0,1,0,0
2024-09-17T15:53:00.000000,35.946183333333,14.902463,2,0,0,1,0,0
2024-09-17T15:54:00.000000,35.946181666667,14.902442333333,2,0,0,1,0,0
2024-09-17T15:55:00.000000,35.9461725,14.9024195,2,0,0,1,0,0
2024-09-17T15:56:00.000000,35.9461575,14.902396,2,0,0,1,0,0
2024-09-17T15:57:00.000000,35.946139333333,14.902373,2,0,0,1,0,0
2024-09-17T15:58:00.000000,35.946117666667,14.902355,2,0,0,1,0,0
2024-09-17T15:59:00.000000,35.9460895,14.902344666667,2,0,0,1,0,0
2024-09-17T16:00:00.000000,35.946055666667,14.9023425,2,0,0,1,0,0
2024-09-17T16:01:00.000000,35.946014833333,14.902347666667,2,0,0,1,0,0
2024-09-17T16:02:00.000000,35.945967666667,14.902361166667,2,0,0,1,0,0
2024-09-17T16:03:00.000000,35.945915,14.902380833333,2,0,0,1,0,0
2024-09-17T16:04:00.000000,35.9458575,14.9024045,2,0,0,1,0,0
2024-09-17T16:05:00.000000,35.945798833333,14.902427666667,2,0,0,1,0,0
2024-09-17T16:06:00.000000,35.945739833333,14.902449666667,2,0,0,1,0,0
2024-09-17T16:07:00.000000,35.945683,14.902461,2,0,0,1,0,0
2024-09-17T16:08:00.000000,35.945635166667,14.902465,2,0,0,1,0,0
2024-09-17T16:09:00.000000,35.945595833333,14.902455833333,2,0,0,1,0,0
2024-09-17T16:10:00.000000,35.945566166667,14.902439666667,2,0,0,1,0,0
2024-09-17T16:11:00.000000,35.945543666667,14.902411833333,2,0,0,1,0,0
2024-09-17T16:12:00.000000,35.945535833333,14.902387166667,2,0,0,1,0,0
2024-09-17T16:13:00.000000,35.945535333333,14.902366666667,2,0,0,1,0,0
2024-09-17T16:14:00.000000,35.945536833333,14.902342666667,2,0,0,1,0,0
2024-09-17T16:15:00.000000,35.945541166667,14.902320166667,2,0,0,1,0,0
2024-09-17T16:16:00.000000,35.945548,14.902304333333,2,0,0,1,0,0
2024-09-17T16:17:00.000000,35.9455555,14.902295833333,2,0,0,1,0,0
2024-09-17T16:18:00.000000,35.945561166667,14.902295666667,2,0,0,1,0,0
2024-09-17T16:19:00.000000,35.945565666667,14.902302833333,2,0,0,1,0,0
2024-09-17T16:20:00.000000,35.945570333333,14.902316666667,2,0,0,1,0,0
2024-09-17T16:21:00.000000,35.945575666667,14.902334,2,0,0,1,0,0
2024-09-17T16:22:00.000000,35.945584666667,14.902354666667,2,0,0,1,0,0
2024-09-17T16:23:00.000000,35.945597,14.902377166667,2,0,0,1,0,0
2024-09-17T16:24:00.000000,35.945615166667,14.9024,2,0,0,1,0,0
2024-09-17T16:25:00.000000,35.945634833333,14.902423333333,2,0,0,1,0,0
2024-09-17T16:26:00.000000,35.9456555,14.9024405,2,0,0,1,0,0
2024-09-17T16:27:00.000000,35.945675,14.9024505,2,0,0,1,0,0
2024-09-17T16:28:00.000000,35.945694166667,14.902453333333,2,0,0,1,0,0
2024-09-17T16:29:00.000000,35.945713,14.902448833333,2,0,0,1,0,0
2024-09-17T16:30:00.000000,35.945732,14.902439833333,2,0,0,1,0,0
2024-09-17T16:31:00.000000,35.945741666667,14.9024225,2,0,0,1,0,0
2024-09-17T16:32:00.000000,35.945751333333,14.902403166667,2,0,0,1,0,0
2024-09-17T16:33:00.000000,35.9457585,14.902384,2,0,0,1,0,0
2024-09-17T16:34:00.000000,35.945761333333,14.902366833333,2,0,0,1,0,0
2024-09-17T16:35:00.000000,35.945761333333,14.902353333333,2,0,0,1,0,0
2024-09-17T16:36:00.000000,35.945759,14.902345333333,2,0,0,1,0,0
2024-09-17T16:37:00.000000,35.945753666667,14.902341,2,0,0,1,0,0
2024-09-17T16:38:00.000000,35.945745833333,14.902339833333,2,0,0,1,0,0
2024-09-17T16:39:00.000000,35.945736166667,14.902342666667,2,0,0,1,0,0
2024-09-17T16:40:00.000000,35.945731666667,14.902348333333,2,0,0,1,0,0
2024-09-17T16:41:00.000000,35.945730166667,14.902355666667,2,0,0,1,0,0
2024-09-17T16:42:00.000000,35.94573,14.902364666667,2,0,0,1,0,0
2024-09-17T16:43:00.000000,35.945732333333,14.902374333333,2,0,0,1,0,0
2024-09-17T16:44:00.000000,35.945737833333,14.902385,2,0,0,1,0,0
2024-09-17T16:45:00.000000,35.945746166667,14.902393333333,2,0,0,1,0,0
2024-09-17T16:46:00.000000,35.945755166667,14.902401166667,2,0,0,1,0,0
2024-09-17T16:47:00.000000,35.945766666667,14.902407,2,0,0,1,0,0
2024-09-17T16:48:00.000000,35.945778833333,14.9024085,2,0,0,1,0,0
2024-09-17T16:49:00.000000,35.945793666667,14.902403833333,2,0,0,1,0,0
2024-09-17T16:50:00.000000,35.945806833333,14.902401666667,2,0,0,1,0,0
2024-09-17T16:51:00.000000,35.945816166667,14.902403166667,2,0,0,1,0,0
2024-09-17T16:52:00.000000,35.9458345,14.902395833333,2,0,0,1,0,0
2024-09-17T16:53:00.000000,35.945844166667,14.9023995,2,0,0,1,0,0
2024-09-17T16:54:00.000000,35.945859333333,14.902400666667,2,0,0,1,0,0
2024-09-17T16:55:00.000000,35.945876,14.9024025,2,0,0,1,0,0
2024-09-17T16:56:00.000000,35.945883333333,14.9024125,2,0,0,1,0,0
2024-09-17T16:57:00.000000,35.9458855,14.902425166667,2,0,0,1,0,0
2024-09-17T16:58:00.000000,35.94588,14.902442833333,2,0,0,1,0,0
2024-09-17T16:59:00.000000,35.945881166667,14.902455166667,2,0,0,1,0,0
2024-09-17T17:00:00.000000,35.945883,14.902464166667,2,0,0,1,0,0
2024-09-17T17:01:00.000000,35.945882,14.902473666667,2,0,0,1,0,0
2024-09-17T17:02:00.000000,35.945883,14.902477833333,2,0,0,1,0,0
2024-09-17T17:03:00.000000,35.945879,14.902483,2,0,0,1,0,0
2024-09-17T17:04:00.000000,35.9458785,14.9024775,2,0,0,1,0,0
2024-09-17T17:05:00.000000,35.945873333333,14.902468166667,2,0,0,1,0,0
2024-09-17T17:06:00.000000,35.945863833333,14.902455666667,2,0,0,1,0,0
2024-09-17T17:07:00.000000,35.945853,14.902438166667,2,0,0,1,0,0
2024-09-17T17:08:00.000000,35.945839833333,14.902418833333,2,0,0,1,0,0
2024-09-17T17:09:00.000000,35.945825,14.902400666667,2,0,0,1,0,0
2024-09-17T17:10:00.000000,35.945807166667,14.902386,2,0,0,1,0,0
2024-09-17T17:11:00.000000,35.945790166667,14.902375166667,2,0,0,1,0,0
2024-09-17T17:12:00.000000,35.9457725,14.902368666667,2,0,0,1,0,0
2024-09-17T17:13:00.000000,35.9457555,14.902366,2,0,0,1,0,0
2024-09-17T17:14:00.000000,35.945740166667,14.902368166667,2,0,0,1,0,0
2024-09-17T17:15:00.000000,35.9457275,14.9023755,2,0,0,1,0,0
2024-09-17T17:16:00.000000,35.945727333333,14.902381333333,2,0,0,1,0,0
2024-09-17T17:17:00.000000,35.945727666667,14.902392833333,2,0,0,1,0,0
2024-09-17T17:18:00.000000,35.945728833333,14.902394166667,2,0,0,1,0,0
2024-09-17T17:19:00.000000,35.945732333333,14.902405333333,2,0,0,1,0,0
2024-09-17T17:20:00.000000,35.945737,14.902415333333,2,0,0,1,0,0
2024-09-17T17:21:00.000000,35.945743,14.902421833333,2,0,0,1,0,0
2024-09-17T17:22:00.000000,35.9457485,14.902425833333,2,0,0,1,0,0
2024-09-17T17:23:00.000000,35.9457525,14.902429166667,2,0,0,1,0,0
2024-09-17T17:24:00.000000,35.945754166667,14.902420666667,2,0,0,1,0,0
2024-09-17T17:25:00.000000,35.945756833333,14.902414,2,0,0,1,0,0
2024-09-17T17:26:00.000000,35.945754166667,14.902409,2,0,0,1,0,0
2024-09-17T17:27:00.000000,35.945755,14.902403833333,2,0,0,1,0,0
2024-09-17T17:28:00.000000,35.945748833333,14.9024015,2,0,0,1,0,0
2024-09-17T17:29:00.000000,35.945731333333,14.902407,2,0,0,1,0,0
2024-09-17T17:30:00.000000,35.9457245,14.902401333333,2,0,0,1,0,0
2024-09-17T17:31:00.000000,35.945711833333,14.9023955,2,0,0,1,0,0
2024-09-17T17:32:00.000000,35.945700666667,14.902389,2,0,0,1,0,0
2024-09-17T17:33:00.000000,35.945687666667,14.902383166667,2,0,0,1,0,0
2024-09-17T17:34:00.000000,35.945676666667,14.902375666667,2,0,0,1,0,0
2024-09-17T17:35:00.000000,35.945668333333,14.902365333333,2,0,0,1,0,0
2024-09-17T17:36:00.000000,35.945656333333,14.902361166667,2,0,0,1,0,0
2024-09-17T17:37:00.000000,35.945640166667,14.902357833333,2,0,0,1,0,0
2024-09-17T17:38:00.000000,35.945625333333,14.9023555,2,0,0,1,0,0
2024-09-17T17:39:00.000000,35.945608333333,14.902354166667,2,0,0,1,0,0
2024-09-17T17:40:00.000000,35.945591333333,14.902353166667,2,0,0,1,0,0
2024-09-17T17:41:00.000000,35.9455695,14.902352333333,2,0,0,1,0,0
2024-09-17T17:42:00.000000,35.945545833333,14.902352333333,2,0,0,1,0,0
2024-09-17T17:43:00.000000,35.945524333333,14.902351,2,0,0,1,0,0
2024-09-17T17:44:00.000000,35.945504333333,14.902353666667,2,0,0,1,0,0
2024-09-17T17:45:00.000000,35.945490333333,14.902354,2,0,0,1,0,0
2024-09-17T17:46:00.000000,35.945482833333,14.902351166667,2,0,0,1,0,0
2024-09-17T17:47:00.000000,35.945477166667,14.902347333333,2,0,0,1,0,0
2024-09-17T17:48:00.000000,35.945475,14.902346166667,2,0,0,1,0,0
2024-09-17T17:49:00.000000,35.9454755,14.902345666667,2,0,0,1,0,0
2024-09-17T17:50:00.000000,35.945477,14.902345666667,2,0,0,1,0,0
2024-09-17T17:51:00.000000,35.945479833333,14.902346166667,2,0,0,1,0,0
2024-09-17T17:52:00.000000,35.945484833333,14.902347666667,2,0,0,1,0,0
2024-09-17T17:53:00.000000,35.945487,14.902351333333,2,0,0,1,0,0
2024-09-17T17:54:00.000000,35.945489333333,14.902352833333,2,0,0,1,0,0
2024-09-17T17:55:00.000000,35.9454915,14.902353333333,2,0,0,1,0,0
2024-09-17T17:56:00.000000,35.945496333333,14.902352166667,2,0,0,1,0,0
2024-09-17T17:57:00.000000,35.9455025,14.902348166667,2,0,0,1,0,0
2024-09-17T17:58:00.000000,35.945509333333,14.902340333333,2,0,0,1,0,0
2024-09-17T17:59:00.000000,35.945510166667,14.902333666667,2,0,0,1,0,0
2024-09-17T18:00:00.000000,35.945508666667,14.9023245,2,0,0,1,0,0
2024-09-17T18:01:00.000000,35.945504,14.902315333333,2,0,0,1,0,0
2024-09-17T18:02:00.000000,35.945499833333,14.9023035,2,0,0,1,0,0
2024-09-17T18:03:00.000000,35.945493166667,14.902291666667,2,0,0,1,0,0
2024-09-17T18:04:00.000000,35.945484166667,14.9022815,2,0,0,1,0,0
2024-09-17T18:05:00.000000,35.945477,14.9022725,2,0,0,1,0,0
2024-09-17T18:06:00.000000,35.945471833333,14.902264,2,0,0,1,0,0
2024-09-17T18:07:00.000000,35.945462666667,14.902258,2,0,0,1,0,0
2024-09-17T18:08:00.000000,35.945453166667,14.902251166667,2,0,0,1,0,0
2024-09-17T18:09:00.000000,35.945447666667,14.902245,2,0,0,1,0,0
2024-09-17T18:10:00.000000,35.9454385,14.9022405,2,0,0,1,0,0
2024-09-17T18:11:00.000000,35.9454275,14.902241333333,2,0,0,1,0,0
2024-09-17T18:12:00.000000,35.945413666667,14.9022465,2,0,0,1,0,0
2024-09-17T18:13:00.000000,35.945408,14.902251166667,2,0,0,1,0,0
2024-09-17T18:14:00.000000,35.945398333333,14.902259666667,2,0,0,1,0,0
2024-09-17T18:15:00.000000,35.945383333333,14.902269333333,2,0,0,1,0,0
2024-09-17T18:16:00.000000,35.945374,14.902275833333,2,0,0,1,0,0
2024-09-17T18:17:00.000000,35.945361,14.902282166667,2,0,0,1,0,0
2024-09-17T18:18:00.000000,35.945347,14.9022835,2,0,0,1,0,0
2024-09-17T18:19:00.000000,35.945333666667,14.902282333333,2,0,0,1,0,0
2024-09-17T18:20:00.000000,35.945321333333,14.902279,2,0,0,1,0,0
2024-09-17T18:21:00.000000,35.945312333333,14.902273,2,0,0,1,0,0
2024-09-17T18:22:00.000000,35.945306666667,14.902266833333,2,0,0,1,0,0
2024-09-17T18:23:00.000000,35.945305666667,14.902260833333,2,0,0,1,0,0
2024-09-17T18:24:00.000000,35.945309333333,14.902256,2,0,0,1,0,0
2024-09-17T18:25:00.000000,35.945314833333,14.902252666667,2,0,0,1,0,0
2024-09-17T18:26:00.000000,35.945320166667,14.902249666667,2,0,0,1,0,0
2024-09-17T18:27:00.000000,35.945328833333,14.902247333333,2,0,0,1,0,0
2024-09-17T18:28:00.000000,35.945334833333,14.902245666667,2,0,0,1,0,0
2024-09-17T18:29:00.000000,35.945340166667,14.902244166667,2,0,0,1,0,0
2024-09-17T18:30:00.000000,35.945344333333,14.9022435,2,0,0,1,0,0
2024-09-17T18:31:00.000000,35.945348833333,14.902243,2,0,0,1,0,0
2024-09-17T18:32:00.000000,35.945349833333,14.902241,2,0,0,1,0,0
2024-09-17T18:33:00.000000,35.945351,14.902240833333,2,0,0,1,0,0
2024-09-17T18:34:00.000000,35.945356333333,14.902246333333,2,0,0,1,0,0
2024-09-17T18:35:00.000000,35.9453585,14.9022475,2,0,0,1,0,0
2024-09-17T18:36:00.000000,35.945357166667,14.902249333333,2,0,0,1,0,0
2024-09-17T18:37:00.000000,35.945356333333,14.902251833333,2,0,0,1,0,0
2024-09-17T18:38:00.000000,35.9453555,14.902254666667,2,0,0,1,0,0
2024-09-17T18:39:00.000000,35.945355666667,14.902256833333,2,0,0,1,0,0
2024-09-17T18:40:00.000000,35.945357833333,14.90226,2,0,0,1,0,0
2024-09-17T18:41:00.000000,35.945362166667,14.9022625,2,0,0,1,0,0
2024-09-17T18:42:00.000000,35.945368833333,14.902264333333,2,0,0,1,0,0
2024-09-17T18:43:00.000000,35.9453775,14.9022655,2,0,0,1,0,0
2024-09-17T18:44:00.000000,35.945387166667,14.9022635,2,0,0,1,0,0
2024-09-17T18:45:00.000000,35.945396166667,14.902261166667,2,0,0,1,0,0
2024-09-17T18:46:00.000000,35.945404166667,14.902257833333,2,0,0,1,0,0
2024-09-17T18:47:00.000000,35.945410333333,14.902254166667,2,0,0,1,0,0
2024-09-17T18:48:00.000000,35.9454145,14.902251,2,0,0,1,0,0
2024-09-17T18:49:00.000000,35.945419,14.902249166667,2,0,0,1,0,0
2024-09-17T18:50:00.000000,35.945422166667,14.902246666667,2,0,0,1,0,0
2024-09-17T18:51:00.000000,35.945421833333,14.902244166667,2,0,0,1,0,0
2024-09-17T18:52:00.000000,35.945419333333,14.902241,2,0,0,1,0,0
2024-09-17T18:53:00.000000,35.9454155,14.902239666667,2,0,0,1,0,0
2024-09-17T18:54:00.000000,35.945409,14.9022375,2,0,0,1,0,0
2024-09-17T18:55:00.000000,35.945402166667,14.902235166667,2,0,0,1,0,0
2024-09-17T18:56:00.000000,35.945395333333,14.902232166667,2,0,0,1,0,0
2024-09-17T18:57:00.000000,35.9453875,14.902228,2,0,0,1,0,0
2024-09-17T18:58:00.000000,35.9453805,14.902223833333,2,0,0,1,0,0
2024-09-17T18:59:00.000000,35.945375,14.902219333333,2,0,0,1,0,0
2024-09-17T19:00:00.000000,35.9453685,14.902215,2,0,0,1,0,0
2024-09-17T19:01:00.000000,35.9453625,14.902212833333,2,0,0,1,0,0
2024-09-17T19:02:00.000000,35.945357333333,14.902212666667,2,0,0,1,0,0
2024-09-17T19:03:00.000000,35.945350666667,14.902214333333,2,0,0,1,0,0
2024-09-17T19:04:00.000000,35.945342666667,14.9022195,2,0,0,1,0,0
2024-09-17T19:05:00.000000,35.945333333333,14.902224833333,2,0,0,1,0,0
2024-09-17T19:06:00.000000,35.945324833333,14.902232333333,2,0,0,1,0,0
2024-09-17T19:07:00.000000,35.9453165,14.902239666667,2,0,0,1,0,0
2024-09-17T19:08:00.000000,35.9453095,14.90225,2,0,0,1,0,0
2024-09-17T19:09:00.000000,35.945305,14.902257666667,2,0,0,1,0,0
2024-09-17T19:10:00.000000,35.945304,14.902263333333,2,0,0,1,0,0
2024-09-17T19:11:00.000000,35.9453035,14.902266833333,2,0,0,1,0,0
2024-09-17T19:12:00.000000,35.945305166667,14.902266333333,2,0,0,1,0,0
2024-09-17T19:13:00.000000,35.945307833333,14.9022635,2,0,0,1,0,0
2024-09-17T19:14:00.000000,35.94531,14.902258333333,2,0,0,1,0,0
2024-09-17T19:15:00.000000,35.945313333333,14.902254833333,2,0,0,1,0,0
2024-09-17T19:16:00.000000,35.9453135,14.902241166667,2,0,0,1,0,0
2024-09-17T19:17:00.000000,35.945311166667,14.902228833333,2,0,0,1,0,0
2024-09-17T19:18:00.000000,35.945308666667,14.902219666667,2,0,0,1,0,0
2024-09-17T19:19:00.000000,35.9452995,14.902205666667,2,0,0,1,0,0
2024-09-17T19:20:00.000000,35.945293166667,14.902201,2,0,0,1,0,0
2024-09-17T19:21:00.000000,35.945285666667,14.902199666667,2,0,0,1,0,0
2024-09-17T19:22:00.000000,35.945279166667,14.902200833333,2,0,0,1,0,0
2024-09-17T19:23:00.000000,35.945271833333,14.902202,2,0,0,1,0,0
2024-09-17T19:24:00.000000,35.945261833333,14.902201333333,2,0,0,1,0,0
2024-09-17T19:25:00.000000,35.945255,14.902199166667,2,0,0,1,0,0
2024-09-17T19:26:00.000000,35.9452495,14.902196,2,0,0,1,0,0
2024-09-17T19:27:00.000000,35.945243833333,14.902195,2,0,0,1,0,0
2024-09-17T19:28:00.000000,35.9452365,14.902195666667,2,0,0,1,0,0
2024-09-17T19:29:00.000000,35.945228666667,14.902196333333,2,0,0,1,0,0
2024-09-17T19:30:00.000000,35.945220666667,14.902201,2,0,0,1,0,0
2024-09-17T19:31:00.000000,35.945209333333,14.902204,2,0,0,1,0,0
2024-09-17T19:32:00.000000,35.9452025,14.902211,2,0,0,1,0,0
2024-09-17T19:33:00.000000,35.945196333333,14.9022165,2,0,0,1,0,0
2024-09-17T19:34:00.000000,35.945194833333,14.902225333333,2,0,0,1,0,0
2024-09-17T19:35:00.000000,35.945193333333,14.902229,2,0,0,1,0,0
2024-09-17T19:36:00.000000,35.945194,14.902230333333,2,0,0,1,0,0
2024-09-17T19:37:00.000000,35.9451965,14.9022295,2,0,0,1,0,0
2024-09-17T19:38:00.000000,35.945201333333,14.902225833333,2,0,0,1,0,0
2024-09-17T19:39:00.000000,35.945208,14.902221166667,2,0,0,1,0,0
2024-09-17T19:40:00.000000,35.945215666667,14.902212833333,2,0,0,1,0,0
2024-09-17T19:41:00.000000,35.945223,14.902202333333,2,0,0,1,0,0
2024-09-17T19:42:00.000000,35.945229666667,14.9021905,2,0,0,1,0,0
2024-09-17T19:43:00.000000,35.945235333333,14.902177666667,2,0,0,1,0,0
2024-09-17T19:44:00.000000,35.945239833333,14.9021645,2,0,0,1,0,0
2024-09-17T19:45:00.000000,35.945243,14.902153166667,2,0,0,1,0,0
2024-09-17T19:46:00.000000,35.945247,14.9021455,2,0,0,1,0,0
2024-09-17T19:47:00.000000,35.945250666667,14.902141166667,2,0,0,1,0,0
2024-09-17T19:48:00.000000,35.9452525,14.902141,2,0,0,1,0,0
2024-09-17T19:49:00.000000,35.9452525,14.902142833333,2,0,0,1,0,0
2024-09-17T19:50:00.000000,35.945249166667,14.902147166667,2,0,0,1,0,0
2024-09-17T19:51:00.000000,35.945244666667,14.9021535,2,0,0,1,0,0
2024-09-17T19:52:00.000000,35.945235833333,14.902163166667,2,0,0,1,0,0
2024-09-17T19:53:00.000000,35.9452235,14.9021725,2,0,0,1,0,0
2024-09-17T19:54:00.000000,35.9452105,14.902179166667,2,0,0,1,0,0
2024-09-17T19:55:00.000000,35.945197333333,14.902185333333,2,0,0,1,0,0
2024-09-17T19:56:00.000000,35.945183833333,14.902193666667,2,0,0,1,0,0
2024-09-17T19:57:00.000000,35.945176,14.902198666667,2,0,0,1,0,0
2024-09-17T19:58:00.000000,35.945172166667,14.902201333333,2,0,0,1,0,0
2024-09-17T19:59:00.000000,35.9451735,14.902201166667,2,0,0,1,0,0
2024-09-17T20:00:00.000000,35.945176833333,14.902197833333,2,0,0,1,0,0
2024-09-17T20:01:00.000000,35.9451835,14.902191666667,2,0,0,1,0,0
2024-09-17T20:02:00.000000,35.945198,14.9021795,2,0,0,1,0,0
2024-09-17T20:03:00.000000,35.945205,14.902171,2,0,0,1,0,0
2024-09-17T20:04:00.000000,35.945210833333,14.902165,2,0,0,1,0,0
2024-09-17T20:05:00.000000,35.9452155,14.902161833333,2,0,0,1,0,0
2024-09-17T20:06:00.000000,35.945219833333,14.90216,2,0,0,1,0,0
2024-09-17T20:07:00.000000,35.945223,14.902159166667,2,0,0,1,0,0
2024-09-17T20:08:00.000000,35.945223,14.902157,2,0,0,1,0,0
2024-09-17T20:09:00.000000,35.9452215,14.902151666667,2,0,0,1,0,0
2024-09-17T20:10:00.000000,35.945216833333,14.902146833333,2,0,0,1,0,0
2024-09-17T20:11:00.000000,35.9452085,14.902146,2,0,0,1,0,0
2024-09-17T20:12:00.000000,35.9452025,14.902146333333,2,0,0,1,0,0
2024-09-17T20:13:00.000000,35.945199333333,14.902143833333,2,0,0,1,0,0
2024-09-17T20:14:00.000000,35.945198333333,14.902141,2,0,0,1,0,0
2024-09-17T20:15:00.000000,35.945193333333,14.902145,2,0,0,1,0,0
2024-09-17T20:16:00.000000,35.945188833333,14.902151166667,2,0,0,1,0,0
2024-09-17T20:17:00.000000,35.9451905,14.902153166667,2,0,0,1,0,0
2024-09-17T20:18:00.000000,35.945189166667,14.9021525,2,0,0,1,0,0
2024-09-17T20:19:00.000000,35.945192833333,14.902155,2,0,0,1,0,0
2024-09-17T20:20:00.000000,35.945198333333,14.90216,2,0,0,1,0,0
2024-09-17T20:21:00.000000,35.945207,14.902164,2,0,0,1,0,0
2024-09-17T20:22:00.000000,35.9452175,14.902168333333,2,0,0,1,0,0
2024-09-17T20:23:00.000000,35.945231166667,14.902172,2,0,0,1,0,0
2024-09-17T20:24:00.000000,35.945248666667,14.902176166667,2,0,0,1,0,0
2024-09-17T20:25:00.000000,35.945267333333,14.902181833333,2,0,0,1,0,0
2024-09-17T20:26:00.000000,35.945282833333,14.9021865,2,0,0,1,0,0
2024-09-17T20:27:00.000000,35.945297,14.902188166667,2,0,0,1,0,0
2024-09-17T20:28:00.000000,35.9453105,14.902192833333,2,0,0,1,0,0
2024-09-17T20:29:00.000000,35.94532,14.902196666667,2,0,0,1,0,0
2024-09-17T20:30:00.000000,35.94533,14.902202833333,2,0,0,1,0,0
2024-09-17T20:31:00.000000,35.945337666667,14.902210166667,2,0,0,1,0,0
2024-09-17T20:32:00.000000,35.945342333333,14.902222833333,2,0,0,1,0,0
2024-09-17T20:33:00.000000,35.945346833333,14.902233666667,2,0,0,1,0,0
2024-09-17T20:34:00.000000,35.945353,14.9022415,2,0,0,1,0,0
2024-09-17T20:35:00.000000,35.945360333333,14.902248,2,0,0,1,0,0
2024-09-17T20:36:00.000000,35.945362666667,14.902252333333,2,0,0,1,0,0
2024-09-17T20:37:00.000000,35.945364333333,14.902256166667,2,0,0,1,0,0
2024-09-17T20:38:00.000000,35.945366833333,14.902256166667,2,0,0,1,0,0
2024-09-17T20:39:00.000000,35.9453685,14.9022495,2,0,0,1,0,0
2024-09-17T20:40:00.000000,35.945367333333,14.902242833333,2,0,0,1,0,0
2024-09-17T20:41:00.000000,35.945361833333,14.902233833333,2,0,0,1,0,0
2024-09-17T20:42:00.000000,35.945355166667,14.9022235,2,0,0,1,0,0
2024-09-17T20:43:00.000000,35.9453505,14.902212833333,2,0,0,1,0,0
2024-09-17T20:44:00.000000,35.945346166667,14.902201666667,2,0,0,1,0,0
2024-09-17T20:45:00.000000,35.9453425,14.9021895,2,0,0,1,0,0
2024-09-17T20:46:00.000000,35.9453375,14.902177666667,2,0,0,1,0,0
2024-09-17T20:47:00.000000,35.945330333333,14.902167,2,0,0,1,0,0
2024-09-17T20:48:00.000000,35.945320833333,14.902160166667,2,0,0,1,0,0
2024-09-17T20:49:00.000000,35.945308166667,14.902157166667,2,0,0,1,0,0
2024-09-17T20:50:00.000000,35.945291833333,14.902152333333,2,0,0,1,0,0
2024-09-17T20:51:00.000000,35.945273,14.902146666667,2,0,0,1,0,0
2024-09-17T20:52:00.000000,35.945253833333,14.902141,2,0,0,1,0,0
2024-09-17T20:53:00.000000,35.945238166667,14.9021305,2,0,0,1,0,0
2024-09-17T20:54:00.000000,35.945222166667,14.902118833333,2,0,0,1,0,0
2024-09-17T20:55:00.000000,35.945206666667,14.902108,2,0,0,1,0,0
2024-09-17T20:56:00.000000,35.945191666667,14.902098166667,2,0,0,1,0,0
2024-09-17T20:57:00.000000,35.945179333333,14.9020895,2,0,0,1,0,0
2024-09-17T20:58:00.000000,35.945167666667,14.902083833333,2,0,0,1,0,0
2024-09-17T20:59:00.000000,35.945156,14.902082833333,2,0,0,1,0,0
2024-09-17T21:00:00.000000,35.9451455,14.902086,2,0,0,1,0,0
2024-09-17T21:01:00.000000,35.945134666667,14.902093,2,0,0,1,0,0
2024-09-17T21:02:00.000000,35.945126833333,14.902101166667,2,0,0,1,0,0
2024-09-17T21:03:00.000000,35.945119,14.9021105,2,0,0,1,0,0
2024-09-17T21:04:00.000000,35.945112166667,14.902122833333,2,0,0,1,0,0
2024-09-17T21:05:00.000000,35.945109833333,14.902135333333,2,0,0,1,0,0
2024-09-17T21:06:00.000000,35.945110833333,14.902147833333,2,0,0,1,0,0
2024-09-17T21:07:00.000000,35.9451145,14.902157333333,2,0,0,1,0,0
2024-09-17T21:08:00.000000,35.945116666667,14.9021645,2,0,0,1,0,0
2024-09-17T21:09:00.000000,35.9451275,14.902166666667,2,0,0,1,0,0
2024-09-17T21:10:00.000000,35.945139166667,14.9021635,2,0,0,1,0,0
2024-09-17T21:11:00.000000,35.9451545,14.902158333333,2,0,0,1,0,0
2024-09-17T21:12:00.000000,35.945161333333,14.902146833333,2,0,0,1,0,0
2024-09-17T21:13:00.000000,35.945161666667,14.902129,2,0,0,1,0,0
2024-09-17T21:14:00.000000,35.945171833333,14.902112333333,2,0,0,1,0,0
2024-09-17T21:15:00.000000,35.945179666667,14.902095,2,0,0,1,0,0
2024-09-17T21:16:00.000000,35.945186333333,14.902078166667,2,0,0,1,0,0
2024-09-17T21:17:00.000000,35.945193,14.9020595,2,0,0,1,0,0
2024-09-17T21:18:00.000000,35.945199833333,14.902040166667,2,0,0,1,0,0
2024-09-17T21:19:00.000000,35.945205166667,14.902022666667,2,0,0,1,0,0
2024-09-17T21:20:00.000000,35.945206833333,14.9020075,2,0,0,1,0,0
2024-09-17T21:21:00.000000,35.9452035,14.901994666667,2,0,0,1,0,0
2024-09-17T21:22:00.000000,35.9451975,14.901984833333,2,0,0,1,0,0
2024-09-17T21:23:00.000000,35.945186166667,14.901975833333,2,0,0,1,0,0
2024-09-17T21:24:00.000000,35.945173833333,14.9019675,2,0,0,1,0,0
2024-09-17T21:25:00.000000,35.9451605,14.901962166667,2,0,0,1,0,0
2024-09-17T21:26:00.000000,35.9451515,14.90196,2,0,0,1,0,0
2024-09-17T21:27:00.000000,35.945137833333,14.901961,2,0,0,1,0,0
2024-09-17T21:28:00.000000,35.9451235,14.9019645,2,0,0,1,0,0
2024-09-17T21:29:00.000000,35.9451135,14.901971166667,2,0,0,1,0,0
2024-09-17T21:30:00.000000,35.9450885,14.901978166667,2,0,0,1,0,0
2024-09-17T21:31:00.000000,35.945073,14.901985333333,2,0,0,1,0,0
2024-09-17T21:32:00.000000,35.94506,14.901994333333,2,0,0,1,0,0
2024-09-17T21:33:00.000000,35.945054666667,14.902006333333,2,0,0,1,0,0
2024-09-17T21:34:00.000000,35.945029833333,14.902009166667,2,0,0,1,0,0
2024-09-17T21:35:00.000000,35.945002833333,14.902014666667,2,0,0,1,0,0
2024-09-17T21:36:00.000000,35.944993,14.902025,2,0,0,1,0,0
2024-09-17T21:37:00.000000,35.945001333333,14.902044666667,2,0,0,1,0,0
2024-09-17T21:38:00.000000,35.944996333333,14.902056666667,2,0,0,1,0,0
2024-09-17T21:39:00.000000,35.944999333333,14.902074166667,2,0,0,1,0,0
2024-09-17T21:40:00.000000,35.945000333333,14.902090666667,2,0,0,1,0,0
2024-09-17T21:41:00.000000,35.945014333333,14.9021125,2,0,0,1,0,0
2024-09-17T21:42:00.000000,35.945025333333,14.902128,2,0,0,1,0,0
2024-09-17T21:43:00.000000,35.945039,14.902139666667,2,0,0,1,0,0
2024-09-17T21:44:00.000000,35.945053166667,14.902146166667,2,0,0,1,0,0
2024-09-17T21:45:00.000000,35.945066333333,14.902148833333,2,0,0,1,0,0
2024-09-17T21:46:00.000000,35.9450685,14.902143,2,0,0,1,0,0
2024-09-17T21:47:00.000000,35.945071666667,14.902136333333,2,0,0,1,0,0
2024-09-17T21:48:00.000000,35.945077,14.902128166667,2,0,0,1,0,0
2024-09-17T21:49:00.000000,35.9450835,14.902121833333,2,0,0,1,0,0
2024-09-17T21:50:00.000000,35.945082833333,14.902114333333,2,0,0,1,0,0
2024-09-17T21:51:00.000000,35.945077333333,14.902108166667,2,0,0,1,0,0
2024-09-17T21:52:00.000000,35.9450685,14.902102166667,2,0,0,1,0,0
2024-09-17T21:53:00.000000,35.945058833333,14.902095666667,2,0,0,1,0,0
2024-09-17T21:54:00.000000,35.945047833333,14.9020865,2,0,0,1,0,0
2024-09-17T21:55:00.000000,35.945038333333,14.902075333333,2,0,0,1,0,0
2024-09-17T21:56:00.000000,35.945032833333,14.9020635,2,0,0,1,0,0
2024-09-17T21:57:00.000000,35.945026166667,14.902051666667,2,0,0,1,0,0
2024-09-17T21:58:00.000000,35.9450215,14.902042833333,2,0,0,1,0,0
2024-09-17T21:59:00.000000,35.945013666667,14.9020345,2,0,0,1,0,0
2024-09-17T22:00:00.000000,35.9450115,14.9020305,2,0,0,1,0,0
2024-09-17T22:01:00.000000,35.9450175,14.902033833333,2,0,0,1,0,0
2024-09-17T22:02:00.000000,35.945012666667,14.9020405,2,0,0,1,0,0
2024-09-17T22:03:00.000000,35.9450135,14.9020445,2,0,0,1,0,0
2024-09-17T22:04:00.000000,35.945024833333,14.902052333333,2,0,0,1,0,0
2024-09-17T22:05:00.000000,35.9450275,14.902058333333,2,0,0,1,0,0
2024-09-17T22:06:00.000000,35.945027833333,14.902066,2,0,0,1,0,0
2024-09-17T22:07:00.000000,35.945029666667,14.902070833333,2,0,0,1,0,0
2024-09-17T22:08:00.000000,35.945030166667,14.902080166667,2,0,0,1,0,0
2024-09-17T22:09:00.000000,35.945025,14.902090666667,2,0,0,1,0,0
2024-09-17T22:10:00.000000,35.945020833333,14.902105333333,2,0,0,1,0,0
2024-09-17T22:11:00.000000,35.945012166667,14.902122333333,2,0,0,1,0,0
2024-09-17T22:12:00.000000,35.945000166667,14.9021425,2,0,0,1,0,0
2024-09-17T22:13:00.000000,35.944993166667,14.902166833333,2,0,0,1,0,0
2024-09-17T22:14:00.000000,35.944989,14.902195833333,2,0,0,1,0,0
2024-09-17T22:15:00.000000,35.944973666667,14.902217833333,2,0,0,1,0,0
2024-09-17T22:16:00.000000,35.944968,14.902238333333,2,0,0,1,0,0
2024-09-17T22:17:00.000000,35.9449785,14.902260333333,2,0,0,1,0,0
2024-09-17T22:18:00.000000,35.945001166667,14.902280666667,2,0,0,1,0,0
2024-09-17T22:19:00.000000,35.945005833333,14.902286666667,2,0,0,1,0,0
2024-09-17T22:20:00.000000,35.945004166667,14.902282666667,2,0,0,1,0,0
2024-09-17T22:21:00.000000,35.945000833333,14.902272,2,0,0,1,0,0
2024-09-17T22:22:00.000000,35.945020333333,14.902265666667,2,0,0,1,0,0
2024-09-17T22:23:00.000000,35.945023833333,14.902248666667,2,0,0,1,0,0
2024-09-17T22:24:00.000000,35.945016333333,14.902228166667,2,0,0,1,0,0
2024-09-17T22:25:00.000000,35.9450135,14.902212666667,2,0,0,1,0,0
2024-09-17T22:26:00.000000,35.9450015,14.902197833333,2,0,0,1,0,0
2024-09-17T22:27:00.000000,35.944984666667,14.902187,2,0,0,1,0,0
2024-09-17T22:28:00.000000,35.944961666667,14.902179166667,2,0,0,1,0,0
2024-09-17T22:29:00.000000,35.944930666667,14.902173833333,2,0,0,1,0,0
2024-09-17T22:30:00.000000,35.944897333333,14.902164833333,2,0,0,1,0,0
2024-09-17T22:31:00.000000,35.944865,14.902152166667,2,0,0,1,0,0
2024-09-17T22:32:00.000000,35.9448375,14.9021395,2,0,0,1,0,0
2024-09-17T22:33:00.000000,35.944812666667,14.902120833333,2,0,0,1,0,0
2024-09-17T22:34:00.000000,35.944794333333,14.902105833333,2,0,0,1,0,0
2024-09-17T22:35:00.000000,35.9447815,14.902092833333,2,0,0,1,0,0
2024-09-17T22:36:00.000000,35.944774333333,14.902079833333,2,0,0,1,0,0
2024-09-17T22:37:00.000000,35.944773166667,14.902075666667,2,0,0,1,0,0
2024-09-17T22:38:00.000000,35.9447705,14.902068,2,0,0,1,0,0
2024-09-17T22:39:00.000000,35.944778166667,14.902067333333,2,0,0,1,0,0
2024-09-17T22:40:00.000000,35.944779833333,14.902062833333,2,0,0,1,0,0
2024-09-17T22:41:00.000000,35.9447825,14.9020595,2,0,0,1,0,0
2024-09-17T22:42:00.000000,35.944781333333,14.902057166667,2,0,0,1,0,0
2024-09-17T22:43:00.000000,35.944777833333,14.902056666667,2,0,0,1,0,0
2024-09-17T22:44:00.000000,35.9447775,14.902062,2,0,0,1,0,0
2024-09-17T22:45:00.000000,35.944768166667,14.902065,2,0,0,1,0,0
2024-09-17T22:46:00.000000,35.944768166667,14.9020775,2,0,0,1,0,0
2024-09-17T22:47:00.000000,35.9447635,14.902083333333,2,0,0,1,0,0
2024-09-17T22:48:00.000000,35.9447605,14.9020915,2,0,0,1,0,0
2024-09-17T22:49:00.000000,35.944764333333,14.902101666667,2,0,0,1,0,0
2024-09-17T22:50:00.000000,35.944769166667,14.902115333333,2,0,0,1,0,0
2024-09-17T22:51:00.000000,35.944775166667,14.902126166667,2,0,0,1,0,0
2024-09-17T22:52:00.000000,35.944784833333,14.9021405,2,0,0,1,0,0
2024-09-17T22:53:00.000000,35.944793,14.9021505,2,0,0,1,0,0
2024-09-17T22:54:00.000000,35.944806333333,14.902161333333,2,0,0,1,0,0
2024-09-17T22:55:00.000000,35.944821666667,14.902170666667,2,0,0,1,0,0
2024-09-17T22:56:00.000000,35.944837,14.902178,2,0,0,1,0,0
2024-09-17T22:57:00.000000,35.9448515,14.902183166667,2,0,0,1,0,0
2024-09-17T22:58:00.000000,35.9448625,14.9021865,2,0,0,1,0,0
2024-09-17T22:59:00.000000,35.944868166667,14.902183333333,2,0,0,1,0,0
2024-09-17T23:00:00.000000,35.9448805,14.902185833333,2,0,0,1,0,0
2024-09-17T23:01:00.000000,35.9448915,14.902187333333,2,0,0,1,0,0
2024-09-17T23:02:00.000000,35.944897166667,14.902182166667,2,0,0,1,0,0
2024-09-17T23:03:00.000000,35.944899166667,14.902173,2,0,0,1,0,0
2024-09-17T23:04:00.000000,35.944904833333,14.902167833333,2,0,0,1,0,0
2024-09-17T23:05:00.000000,35.944908666667,14.902158833333,2,0,0,1,0,0
2024-09-17T23:06:00.000000,35.944914833333,14.902153166667,2,0,0,1,0,0
2024-09-17T23:07:00.000000,35.944920833333,14.902149833333,2,0,0,1,0,0
2024-09-17T23:08:00.000000,35.944926,14.902149833333,2,0,0,1,0,0
2024-09-17T23:09:00.000000,35.944929333333,14.902152666667,2,0,0,1,0,0
2024-09-17T23:10:00.000000,35.944933,14.902159166667,2,0,0,1,0,0
2024-09-17T23:11:00.000000,35.944935666667,14.9021715,2,0,0,1,0,0
2024-09-17T23:12:00.000000,35.944935833333,14.9021865,2,0,0,1,0,0
2024-09-17T23:13:00.000000,35.944932,14.902203166667,2,0,0,1,0,0
2024-09-17T23:14:00.000000,35.944928,14.9022205,2,0,0,1,0,0
2024-09-17T23:15:00.000000,35.9449275,14.9022345,2,0,0,1,0,0
2024-09-17T23:16:00.000000,35.9449265,14.9022445,2,0,0,1,0,0
2024-09-17T23:17:00.000000,35.944928333333,14.9022495,2,0,0,1,0,0
2024-09-17T23:18:00.000000,35.944935666667,14.902251833333,2,0,0,1,0,0
2024-09-17T23:19:00.000000,35.944944333333,14.902251333333,2,0,0,1,0,0
2024-09-17T23:20:00.000000,35.944956166667,14.902249166667,2,0,0,1,0,0
2024-09-17T23:21:00.000000,35.9449685,14.902243833333,2,0,0,1,0,0
2024-09-17T23:22:00.000000,35.944977166667,14.902234666667,2,0,0,1,0,0
2024-09-17T23:23:00.000000,35.9449835,14.902224333333,2,0,0,1,0,0
2024-09-17T23:24:00.000000,35.944990333333,14.902217333333,2,0,0,1,0,0
2024-09-17T23:25:00.000000,35.944995666667,14.902214833333,2,0,0,1,0,0
2024-09-17T23:26:00.000000,35.944999,14.9022195,2,0,0,1,0,0
2024-09-17T23:27:00.000000,35.944992166667,14.902231333333,2,0,0,1,0,0
2024-09-17T23:28:00.000000,35.94498,14.902250833333,2,0,0,1,0,0
2024-09-17T23:29:00.000000,35.944960333333,14.902278666667,2,0,0,1,0,0
2024-09-17T23:30:00.000000,35.9449355,14.902309833333,2,0,0,1,0,0
2024-09-17T23:31:00.000000,35.944910666667,14.902337666667,2,0,0,1,0,0
2024-09-17T23:32:00.000000,35.944888666667,14.9023575,2,0,0,1,0,0
2024-09-17T23:33:00.000000,35.944874666667,14.902365833333,2,0,0,1,0,0
2024-09-17T23:34:00.000000,35.944866666667,14.902364166667,2,0,0,1,0,0
2024-09-17T23:35:00.000000,35.944872,14.902351333333,2,0,0,1,0,0
2024-09-17T23:36:00.000000,35.944887333333,14.902324166667,2,0,0,1,0,0
2024-09-17T23:37:00.000000,35.944909166667,14.902289833333,2,0,0,1,0,0
2024-09-17T23:38:00.000000,35.944941666667,14.902254666667,2,0,0,1,0,0
2024-09-17T23:39:00.000000,35.944978,14.902220666667,2,0,0,1,0,0
2024-09-17T23:40:00.000000,35.9450035,14.902180333333,2,0,0,1,0,0
2024-09-17T23:41:00.000000,35.945021666667,14.902141333333,2,0,0,1,0,0
2024-09-17T23:42:00.000000,35.9450355,14.902110666667,2,0,0,1,0,0
2024-09-17T23:43:00.000000,35.9450495,14.902082666667,2,0,0,1,0,0
2024-09-17T23:44:00.000000,35.945060833333,14.902063833333,2,0,0,1,0,0
2024-09-17T23:45:00.000000,35.94507,14.902054666667,2,0,0,1,0,0
2024-09-17T23:46:00.000000,35.9450775,14.902054666667,2,0,0,1,0,0
2024-09-17T23:47:00.000000,35.945079333333,14.902063,2,0,0,1,0,0
2024-09-17T23:48:00.000000,35.945076,14.902082166667,2,0,0,1,0,0
2024-09-17T23:49:00.000000,35.945074166667,14.902104666667,2,0,0,1,0,0
2024-09-17T23:50:00.000000,35.9450715,14.902138,2,0,0,1,0,0
2024-09-17T23:51:00.000000,35.945063,14.902178,2,0,0,1,0,0
2024-09-17T23:52:00.000000,35.9450505,14.902219833333,2,0,0,1,0,0
2024-09-17T23:53:00.000000,35.945028333333,14.902258666667,2,0,0,1,0,0
2024-09-17T23:54:00.000000,35.945011,14.902292333333,2,0,0,1,0,0
2024-09-17T23:55:00.000000,35.945006666667,14.9023285,2,0,0,1,0,0
2024-09-17T23:56:00.000000,35.945013333333,14.902357,2,0,0,1,0,0
2024-09-17T23:57:00.000000,35.945020333333,14.902375166667,2,0,0,1,0,0
2024-09-17T23:58:00.000000,35.945028333333,14.9023805,2,0,0,1,0,0
2024-09-17T23:59:00.000000,35.945049,14.902382,2,0,0,1,0,0
2024-09-18T00:00:00.000000,35.945043333333,14.902363833333,2,0,0,1,0,0
2024-09-18T00:01:00.000000,35.9450295,14.902337,2,0,0,1,0,0
2024-09-18T00:02:00.000000,35.9450395,14.902316333333,2,0,0,1,0,0
2024-09-18T00:03:00.000000,35.9450505,14.902306833333,2,0,0,1,0,0
2024-09-18T00:04:00.000000,35.945055166667,14.9022835,2,0,0,1,0,0
2024-09-18T00:05:00.000000,35.945065166667,14.902265666667,2,0,0,1,0,0
2024-09-18T00:06:00.000000,35.9450695,14.902255333333,2,0,0,1,0,0
2024-09-18T00:07:00.000000,35.9450615,14.902245,2,0,0,1,0,0
2024-09-18T00:08:00.000000,35.945054333333,14.902246833333,2,0,0,1,0,0
2024-09-18T00:09:00.000000,35.945043,14.9022475,2,0,0,1,0,0
2024-09-18T00:10:00.000000,35.945015,14.902253666667,2,0,0,1,0,0
2024-09-18T00:11:00.000000,35.945007166667,14.902270833333,2,0,0,1,0,0
2024-09-18T00:12:00.000000,35.945012166667,14.9023115,2,0,0,1,0,0
2024-09-18T00:13:00.000000,35.944995833333,14.902333,2,0,0,1,0,0
2024-09-18T00:14:00.000000,35.944978333333,14.902361,2,0,0,1,0,0
2024-09-18T00:15:00.000000,35.944964333333,14.902370333333,2,0,0,1,0,0
2024-09-18T00:16:00.000000,35.9449585,14.9023705,2,0,0,1,0,0
2024-09-18T00:17:00.000000,35.944957,14.902355833333,2,0,0,1,0,0
2024-09-18T00:18:00.000000,35.944961833333,14.902330333333,2,0,0,1,0,0
2024-09-18T00:19:00.000000,35.9449705,14.902299833333,2,0,0,1,0,0
2024-09-18T00:20:00.000000,35.944974666667,14.9022655,2,0,0,1,0,0
2024-09-18T00:21:00.000000,35.9449905,14.902237833333,2,0,0,1,0,0
2024-09-18T00:22:00.000000,35.945013333333,14.9022225,2,0,0,1,0,0
2024-09-18T00:23:00.000000,35.945027666667,14.90221,2,0,0,1,0,0
2024-09-18T00:24:00.000000,35.945047666667,14.902217,2,0,0,1,0,0
2024-09-18T00:25:00.000000,35.945053333333,14.902218833333,2,0,0,1,0,0
2024-09-18T00:26:00.000000,35.945056666667,14.902227666667,2,0,0,1,0,0
2024-09-18T00:27:00.000000,35.945061333333,14.902247833333,2,0,0,1,0,0
2024-09-18T00:28:00.000000,35.945064333333,14.902271166667,2,0,0,1,0,0
2024-09-18T00:29:00.000000,35.945067666667,14.902292666667,2,0,0,1,0,0
2024-09-18T00:30:00.000000,35.945063,14.902315333333,2,0,0,1,0,0
2024-09-18T00:31:00.000000,35.945064166667,14.9023355,2,0,0,1,0,0
2024-09-18T00:32:00.000000,35.945072833333,14.902350833333,2,0,0,1,0,0
2024-09-18T00:33:00.000000,35.945077833333,14.902359666667,2,0,0,1,0,0
2024-09-18T00:34:00.000000,35.945079666667,14.902360666667,2,0,0,1,0,0
2024-09-18T00:35:00.000000,35.945082166667,14.9023535,2,0,0,1,0,0
2024-09-18T00:36:00.000000,35.945078,14.902338,2,0,0,1,0,0
2024-09-18T00:37:00.000000,35.945072,14.902318833333,2,0,0,1,0,0
2024-09-18T00:38:00.000000,35.945061833333,14.9022985,2,0,0,1,0,0
2024-09-18T00:39:00.000000,35.945052833333,14.902277666667,2,0,0,1,0,0
2024-09-18T00:40:00.000000,35.945043166667,14.902256833333,2,0,0,1,0,0
2024-09-18T00:41:00.000000,35.945031666667,14.902241833333,2,0,0,1,0,0
2024-09-18T00:42:00.000000,35.945004166667,14.9022265,2,0,0,1,0,0
2024-09-18T00:43:00.000000,35.944989333333,14.902214,2,0,0,1,0,0
2024-09-18T00:44:00.000000,35.944981333333,14.902206833333,2,0,0,1,0,0
2024-09-18T00:45:00.000000,35.944977166667,14.902207166667,2,0,0,1,0,0
2024-09-18T00:46:00.000000,35.944982,14.902214,2,0,0,1,0,0
2024-09-18T00:47:00.000000,35.944983,14.902224666667,2,0,0,1,0,0
2024-09-18T00:48:00.000000,35.944980666667,14.902239666667,2,0,0,1,0,0
2024-09-18T00:49:00.000000,35.944979333333,14.9022615,2,0,0,1,0,0
2024-09-18T00:50:00.000000,35.944978833333,14.902286333333,2,0,0,1,0,0
2024-09-18T00:51:00.000000,35.944975333333,14.902311833333,2,0,0,1,0,0
2024-09-18T00:52:00.000000,35.944962,14.902332,2,0,0,1,0,0
2024-09-18T00:53:00.000000,35.944948833333,14.902346833333,2,0,0,1,0,0
2024-09-18T00:54:00.000000,35.9449405,14.902357833333,2,0,0,1,0,0
2024-09-18T00:55:00.000000,35.944934,14.902359,2,0,0,1,0,0
2024-09-18T00:56:00.000000,35.944931,14.902351666667,2,0,0,1,0,0
2024-09-18T00:57:00.000000,35.944927666667,14.902336666667,2,0,0,1,0,0
2024-09-18T00:58:00.000000,35.944937,14.902319,2,0,0,1,0,0
2024-09-18T00:59:00.000000,35.944940833333,14.902296666667,2,0,0,1,0,0
2024-09-18T01:00:00.000000,35.944944333333,14.9022775,2,0,0,1,0,0
2024-09-18T01:01:00.000000,35.944946,14.902261166667,2,0,0,1,0,0
2024-09-18T01:02:00.000000,35.9449475,14.902255666667,2,0,0,1,0,0
2024-09-18T01:03:00.000000,35.944943,14.902256833333,2,0,0,1,0,0
2024-09-18T01:04:00.000000,35.944940333333,14.902270166667,2,0,0,1,0,0
2024-09-18T01:05:00.000000,35.944933333333,14.902291666667,2,0,0,1,0,0
2024-09-18T01:06:00.000000,35.944926833333,14.9023215,2,0,0,1,0,0
2024-09-18T01:07:00.000000,35.944919666667,14.902352166667,2,0,0,1,0,0
2024-09-18T01:08:00.000000,35.944915833333,14.902379333333,2,0,0,1,0,0
2024-09-18T01:09:00.000000,35.944922333333,14.9024005,2,0,0,1,0,0
2024-09-18T01:10:00.000000,35.9449355,14.9024075,2,0,0,1,0,0
2024-09-18T01:11:00.000000,35.9449465,14.902401166667,2,0,0,1,0,0
2024-09-18T01:12:00.000000,35.944954166667,14.902382166667,2,0,0,1,0,0
2024-09-18T01:13:00.000000,35.944958,14.902357833333,2,0,0,1,0,0
2024-09-18T01:14:00.000000,35.944956833333,14.9023325,2,0,0,1,0,0
2024-09-18T01:15:00.000000,35.944949666667,14.902309833333,2,0,0,1,0,0
2024-09-18T01:16:00.000000,35.9449425,14.902292,2,0,0,1,0,0
2024-09-18T01:17:00.000000,35.944936666667,14.9022815,2,0,0,1,0,0
2024-09-18T01:18:00.000000,35.9449285,14.902276,2,0,0,1,0,0
2024-09-18T01:19:00.000000,35.944917166667,14.902278333333,2,0,0,1,0,0
2024-09-18T01:20:00.000000,35.944902833333,14.902284333333,2,0,0,1,0,0
2024-09-18T01:21:00.000000,35.944892333333,14.902300166667,2,0,0,1,0,0
2024-09-18T01:22:00.000000,35.944885166667,14.9023175,2,0,0,1,0,0
2024-09-18T01:23:00.000000,35.944883166667,14.902330666667,2,0,0,1,0,0
2024-09-18T01:24:00.000000,35.944888,14.902336833333,2,0,0,1,0,0
2024-09-18T01:25:00.000000,35.944900666667,14.902333166667,2,0,0,1,0,0
2024-09-18T01:26:00.000000,35.9449225,14.902319833333,2,0,0,1,0,0
2024-09-18T01:27:00.000000,35.944952,14.902301166667,2,0,0,1,0,0
2024-09-18T01:28:00.000000,35.944985666667,14.902281166667,2,0,0,1,0,0
2024-09-18T01:29:00.000000,35.945014833333,14.9022605,2,0,0,1,0,0
2024-09-18T01:30:00.000000,35.9450355,14.902244166667,2,0,0,1,0,0
2024-09-18T01:31:00.000000,35.945048166667,14.902236166667,2,0,0,1,0,0
2024-09-18T01:32:00.000000,35.9450675,14.902242666667,2,0,0,1,0,0
2024-09-18T01:33:00.000000,35.945078166667,14.9022575,2,0,0,1,0,0
2024-09-18T01:34:00.000000,35.9450845,14.90228,2,0,0,1,0,0
2024-09-18T01:35:00.000000,35.945080333333,14.902308333333,2,0,0,1,0,0
2024-09-18T01:36:00.000000,35.945074,14.902339,2,0,0,1,0,0
2024-09-18T01:37:00.000000,35.945063833333,14.902366666667,2,0,0,1,0,0
2024-09-18T01:38:00.000000,35.945050166667,14.9023905,2,0,0,1,0,0
2024-09-18T01:39:00.000000,35.945040833333,14.9024095,2,0,0,1,0,0
2024-09-18T01:40:00.000000,35.945037,14.902421666667,2,0,0,1,0,0
2024-09-18T01:41:00.000000,35.945025666667,14.902425833333,2,0,0,1,0,0
2024-09-18T01:42:00.000000,35.9450135,14.902419666667,2,0,0,1,0,0
2024-09-18T01:43:00.000000,35.945000333333,14.9024045,2,0,0,1,0,0
2024-09-18T01:44:00.000000,35.944992,14.902385833333,2,0,0,1,0,0
2024-09-18T01:45:00.000000,35.944991166667,14.902366666667,2,0,0,1,0,0
2024-09-18T01:46:00.000000,35.944993333333,14.902348833333,2,0,0,1,0,0
2024-09-18T01:47:00.000000,35.944994333333,14.9023335,2,0,0,1,0,0
2024-09-18T01:48:00.000000,35.9449945,14.902323333333,2,0,0,1,0,0
2024-09-18T01:49:00.000000,35.944992833333,14.90232,2,0,0,1,0,0
2024-09-18T01:50:00.000000,35.944994166667,14.902323833333,2,0,0,1,0,0
2024-09-18T01:51:00.000000,35.9450035,14.902337333333,2,0,0,1,0,0
2024-09-18T01:52:00.000000,35.9450185,14.902357,2,0,0,1,0,0
2024-09-18T01:53:00.000000,35.9450355,14.9023785,2,0,0,1,0,0
2024-09-18T01:54:00.000000,35.945053333333,14.902400666667,2,0,0,1,0,0
2024-09-18T01:55:00.000000,35.945074833333,14.9024215,2,0,0,1,0,0
2024-09-18T01:56:00.000000,35.945095,14.902434166667,2,0,0,1,0,0
2024-09-18T01:57:00.000000,35.945123,14.902443666667,2,0,0,1,0,0
2024-09-18T01:58:00.000000,35.945149,14.902444833333,2,0,0,1,0,0
2024-09-18T01:59:00.000000,35.945172833333,14.902439833333,2,0,0,1,0,0
2024-09-18T02:00:00.000000,35.945187666667,14.902428,2,0,0,1,0,0
2024-09-18T02:01:00.000000,35.945190666667,14.902410833333,2,0,0,1,0,0
2024-09-18T02:02:00.000000,35.9451915,14.902396,2,0,0,1,0,0
2024-09-18T02:03:00.000000,35.9451825,14.902381333333,2,0,0,1,0,0
2024-09-18T02:04:00.000000,35.945165666667,14.902365666667,2,0,0,1,0,0
2024-09-18T02:05:00.000000,35.945143666667,14.902350666667,2,0,0,1,0,0
2024-09-18T02:06:00.000000,35.945126,14.902341666667,2,0,0,1,0,0
2024-09-18T02:07:00.000000,35.945111166667,14.902335833333,2,0,0,1,0,0
2024-09-18T02:08:00.000000,35.945102833333,14.902332833333,2,0,0,1,0,0
2024-09-18T02:09:00.000000,35.945096666667,14.902332,2,0,0,1,0,0
2024-09-18T02:10:00.000000,35.945080166667,14.9023315,2,0,0,1,0,0
2024-09-18T02:11:00.000000,35.945067166667,14.902333833333,2,0,0,1,0,0
2024-09-18T02:12:00.000000,35.945054166667,14.902338333333,2,0,0,1,0,0
2024-09-18T02:13:00.000000,35.945048166667,14.902343833333,2,0,0,1,0,0
2024-09-18T02:14:00.000000,35.945053,14.902353666667,2,0,0,1,0,0
2024-09-18T02:15:00.000000,35.9450625,14.902364666667,2,0,0,1,0,0
2024-09-18T02:16:00.000000,35.945060833333,14.902370833333,2,0,0,1,0,0
2024-09-18T02:17:00.000000,35.945055166667,14.9023755,2,0,0,1,0,0
2024-09-18T02:18:00.000000,35.945049,14.902377833333,2,0,0,1,0,0
2024-09-18T02:19:00.000000,35.945042,14.902375833333,2,0,0,1,0,0
2024-09-18T02:20:00.000000,35.945035333333,14.902369333333,2,0,0,1,0,0
2024-09-18T02:21:00.000000,35.9450295,14.902359833333,2,0,0,1,0,0
2024-09-18T02:22:00.000000,35.945022166667,14.9023505,2,0,0,1,0,0
2024-09-18T02:23:00.000000,35.945013333333,14.902342666667,2,0,0,1,0,0
2024-09-18T02:24:00.000000,35.944994333333,14.902335666667,2,0,0,1,0,0
2024-09-18T02:25:00.000000,35.944969166667,14.902331,2,0,0,1,0,0
2024-09-18T02:26:00.000000,35.944939833333,14.902327,2,0,0,1,0,0
2024-09-18T02:27:00.000000,35.944906833333,14.9023215,2,0,0,1,0,0
2024-09-18T02:28:00.000000,35.944871333333,14.902312166667,2,0,0,1,0,0
2024-09-18T02:29:00.000000,35.9448385,14.902299833333,2,0,0,1,0,0
2024-09-18T02:30:00.000000,35.944806833333,14.902282166667,2,0,0,1,0,0
2024-09-18T02:31:00.000000,35.944783333333,14.902266,2,0,0,1,0,0
2024-09-18T02:32:00.000000,35.9447655,14.902250833333,2,0,0,1,0,0
2024-09-18T02:33:00.000000,35.944754833333,14.902238833333,2,0,0,1,0,0
2024-09-18T02:34:00.000000,35.9447435,14.902221666667,2,0,0,1,0,0
2024-09-18T02:35:00.000000,35.944735666667,14.902202333333,2,0,0,1,0,0
2024-09-18T02:36:00.000000,35.944722333333,14.902190166667,2,0,0,1,0,0
2024-09-18T02:37:00.000000,35.944708666667,14.9021805,2,0,0,1,0,0
2024-09-18T02:38:00.000000,35.944711833333,14.902163166667,2,0,0,1,0,0
2024-09-18T02:39:00.000000,35.944703833333,14.902153666667,2,0,0,1,0,0
2024-09-18T02:40:00.000000,35.944693333333,14.9021495,2,0,0,1,0,0
2024-09-18T02:41:00.000000,35.944685,14.902155166667,2,0,0,1,0,0
2024-09-18T02:42:00.000000,35.9446795,14.902154333333,2,0,0,1,0,0
2024-09-18T02:43:00.000000,35.944663333333,14.902144,2,0,0,1,0,0
2024-09-18T02:44:00.000000,35.944646333333,14.902133333333,2,0,0,1,0,0
2024-09-18T02:45:00.000000,35.944606833333,14.9021195,2,0,0,1,0,0
2024-09-18T02:46:00.000000,35.944610166667,14.9020915,2,0,0,1,0,0
2024-09-18T02:47:00.000000,35.94462,14.902071,2,0,0,1,0,0
2024-09-18T02:48:00.000000,35.944633333333,14.902056666667,2,0,0,1,0,0
2024-09-18T02:49:00.000000,35.9446355,14.902048333333,2,0,0,1,0,0
2024-09-18T02:50:00.000000,35.944642333333,14.902042833333,2,0,0,1,0,0
2024-09-18T02:51:00.000000,35.9446385,14.902042333333,2,0,0,1,0,0
2024-09-18T02:52:00.000000,35.944625333333,14.902048333333,2,0,0,1,0,0
2024-09-18T02:53:00.000000,35.94462,14.902058333333,2,0,0,1,0,0
2024-09-18T02:54:00.000000,35.944608666667,14.902069666667,2,0,0,1,0,0
2024-09-18T02:55:00.000000,35.944590333333,14.902080666667,2,0,0,1,0,0
2024-09-18T02:56:00.000000,35.944571666667,14.902095,2,0,0,1,0,0
2024-09-18T02:57:00.000000,35.9445525,14.902107,2,0,0,1,0,0
2024-09-18T02:58:00.000000,35.944536166667,14.902108166667,2,0,0,1,0,0
2024-09-18T02:59:00.000000,35.944526166667,14.902099166667,2,0,0,1,0,0
2024-09-18T03:00:00.000000,35.944519666667,14.902082333333,2,0,0,1,0,0
2024-09-18T03:01:00.000000,35.944514666667,14.902057666667,2,0,0,1,0,0
2024-09-18T03:02:00.000000,35.944515,14.902029166667,2,0,0,1,0,0
2024-09-18T03:03:00.000000,35.944516333333,14.902002,2,0,0,1,0,0
2024-09-18T03:04:00.000000,35.944514333333,14.901978166667,2,0,0,1,0,0
2024-09-18T03:05:00.000000,35.944516166667,14.901967166667,2,0,0,1,0,0
2024-09-18T03:06:00.000000,35.944513333333,14.901962833333,2,0,0,1,0,0
2024-09-18T03:07:00.000000,35.944537166667,14.901965333333,2,0,0,1,0,0
2024-09-18T03:08:00.000000,35.9445335,14.901978666667,2,0,0,1,0,0
2024-09-18T03:09:00.000000,35.9445185,14.901994666667,2,0,0,1,0,0
2024-09-18T03:10:00.000000,35.9445,14.902010166667,2,0,0,1,0,0
2024-09-18T03:11:00.000000,35.944473,14.902025,2,0,0,1,0,0
2024-09-18T03:12:00.000000,35.944461333333,14.9020465,2,0,0,1,0,0
2024-09-18T03:13:00.000000,35.944459166667,14.9020645,2,0,0,1,0,0
2024-09-18T03:14:00.000000,35.9444655,14.902079333333,2,0,0,1,0,0
2024-09-18T03:15:00.000000,35.944476833333,14.902092166667,2,0,0,1,0,0
2024-09-18T03:16:00.000000,35.944485,14.9021,2,0,0,1,0,0
2024-09-18T03:17:00.000000,35.944494833333,14.902104666667,2,0,0,1,0,0
2024-09-18T03:18:00.000000,35.944506,14.902103666667,2,0,0,1,0,0
2024-09-18T03:19:00.000000,35.944522333333,14.902103333333,2,0,0,1,0,0
2024-09-18T03:20:00.000000,35.944539333333,14.902098,2,0,0,1,0,0
2024-09-18T03:21:00.000000,35.944559166667,14.9021,2,0,0,1,0,0
2024-09-18T03:22:00.000000,35.944573666667,14.902099666667,2,0,0,1,0,0
2024-09-18T03:23:00.000000,35.944574833333,14.902082,2,0,0,1,0,0
2024-09-18T03:24:00.000000,35.94457,14.902054833333,2,0,0,1,0,0
2024-09-18T03:25:00.000000,35.944565666667,14.9020295,2,0,0,1,0,0
2024-09-18T03:26:00.000000,35.944558333333,14.902004,2,0,0,1,0,0
2024-09-18T03:27:00.000000,35.944551,14.901988,2,0,0,1,0,0
2024-09-18T03:28:00.000000,35.944534166667,14.901966666667,2,0,0,1,0,0
2024-09-18T03:29:00.000000,35.944516,14.901959666667,2,0,0,1,0,0
2024-09-18T03:30:00.000000,35.944501,14.901951666667,2,0,0,1,0,0
2024-09-18T03:31:00.000000,35.944486,14.901944666667,2,0,0,1,0,0
2024-09-18T03:32:00.000000,35.944480166667,14.901944333333,2,0,0,1,0,0
2024-09-18T03:33:00.000000,35.944472333333,14.9019415,2,0,0,1,0,0
2024-09-18T03:34:00.000000,35.944467166667,14.901941666667,2,0,0,1,0,0
2024-09-18T03:35:00.000000,35.944467833333,14.901945333333,2,0,0,1,0,0
2024-09-18T03:36:00.000000,35.944464,14.901944833333,2,0,0,1,0,0
2024-09-18T03:37:00.000000,35.944456,14.901942166667,2,0,0,1,0,0
2024-09-18T03:38:00.000000,35.9444475,14.901939,2,0,0,1,0,0
2024-09-18T03:39:00.000000,35.944430666667,14.901935333333,2,0,0,1,0,0
2024-09-18T03:40:00.000000,35.944413666667,14.901932166667,2,0,0,1,0,0
2024-09-18T03:41:00.000000,35.944404833333,14.901931,2,0,0,1,0,0
2024-09-18T03:42:00.000000,35.944400666667,14.901928666667,2,0,0,1,0,0
2024-09-18T03:43:00.000000,35.944403333333,14.901927166667,2,0,0,1,0,0
2024-09-18T03:44:00.000000,35.944409833333,14.9019245,2,0,0,1,0,0
2024-09-18T03:45:00.000000,35.944417666667,14.901920833333,2,0,0,1,0,0
2024-09-18T03:46:00.000000,35.944418833333,14.901914833333,2,0,0,1,0,0
2024-09-18T03:47:00.000000,35.944423833333,14.901918333333,2,0,0,1,0,0
2024-09-18T03:48:00.000000,35.944422,14.90192,2,0,0,1,0,0
2024-09-18T03:49:00.000000,35.944415833333,14.901920833333,2,0,0,1,0,0
2024-09-18T03:50:00.000000,35.944411333333,14.901924333333,2,0,0,1,0,0
2024-09-18T03:51:00.000000,35.944408333333,14.901929,2,0,0,1,0,0
2024-09-18T03:52:00.000000,35.944403666667,14.901932333333,2,0,0,1,0,0
2024-09-18T03:53:00.000000,35.944402333333,14.901937333333,2,0,0,1,0,0
2024-09-18T03:54:00.000000,35.944401666667,14.901939166667,2,0,0,1,0,0
2024-09-18T03:55:00.000000,35.944403333333,14.901940166667,2,0,0,1,0,0
2024-09-18T03:56:00.000000,35.944405166667,14.9019405,2,0,0,1,0,0
2024-09-18T03:57:00.000000,35.944405833333,14.9019365,2,0,0,1,0,0
2024-09-18T03:58:00.000000,35.944402,14.9019265,2,0,0,1,0,0
2024-09-18T03:59:00.000000,35.9443935,14.901913,2,0,0,1,0,0
2024-09-18T04:00:00.000000,35.9443855,14.901901333333,2,0,0,1,0,0
2024-09-18T04:01:00.000000,35.944379166667,14.901891,2,0,0,1,0,0
2024-09-18T04:02:00.000000,35.944371666667,14.901881333333,2,0,0,1,0,0
2024-09-18T04:03:00.000000,35.944371166667,14.901872,2,0,0,1,0,0
2024-09-18T04:04:00.000000,35.944374833333,14.901866,2,0,0,1,0,0
2024-09-18T04:05:00.000000,35.944378833333,14.901861166667,2,0,0,1,0,0
2024-09-18T04:06:00.000000,35.944382166667,14.901856333333,2,0,0,1,0,0
2024-09-18T04:07:00.000000,35.944384166667,14.9018545,2,0,0,1,0,0
2024-09-18T04:08:00.000000,35.9443815,14.901854166667,2,0,0,1,0,0
2024-09-18T04:09:00.000000,35.944376833333,14.901853833333,2,0,0,1,0,0
2024-09-18T04:10:00.000000,35.944371833333,14.901853666667,2,0,0,1,0,0
2024-09-18T04:11:00.000000,35.944363833333,14.901851166667,2,0,0,1,0,0
2024-09-18T04:12:00.000000,35.944360333333,14.901852833333,2,0,0,1,0,0
2024-09-18T04:13:00.000000,35.944356,14.901852833333,2,0,0,1,0,0
2024-09-18T04:14:00.000000,35.944350833333,14.901851833333,2,0,0,1,0,0
2024-09-18T04:15:00.000000,35.944346166667,14.901853333333,2,0,0,1,0,0
2024-09-18T04:16:00.000000,35.944345,14.901861833333,2,0,0,1,0,0
2024-09-18T04:17:00.000000,35.944348666667,14.901876,2,0,0,1,0,0
2024-09-18T04:18:00.000000,35.944359833333,14.9018955,2,0,0,1,0,0
2024-09-18T04:19:00.000000,35.944367833333,14.9019075,2,0,0,1,0,0
2024-09-18T04:20:00.000000,35.944381,14.901919666667,2,0,0,1,0,0
2024-09-18T04:21:00.000000,35.9443955,14.901925333333,2,0,0,1,0,0
2024-09-18T04:22:00.000000,35.944402333333,14.901920333333,2,0,0,1,0,0
2024-09-18T04:23:00.000000,35.944399666667,14.901905833333,2,0,0,1,0,0
2024-09-18T04:24:00.000000,35.944391,14.9018865,2,0,0,1,0,0
2024-09-18T04:25:00.000000,35.944380833333,14.9018635,2,0,0,1,0,0
2024-09-18T04:26:00.000000,35.944369666667,14.901841333333,2,0,0,1,0,0
2024-09-18T04:27:00.000000,35.944355,14.901818833333,2,0,0,1,0,0
2024-09-18T04:28:00.000000,35.944337,14.901798666667,2,0,0,1,0,0
2024-09-18T04:29:00.000000,35.9443205,14.9017835,2,0,0,1,0,0
2024-09-18T04:30:00.000000,35.944305666667,14.901770666667,2,0,0,1,0,0
2024-09-18T04:31:00.000000,35.944294,14.901761666667,2,0,0,1,0,0
2024-09-18T04:32:00.000000,35.944284666667,14.901757833333,2,0,0,1,0,0
2024-09-18T04:33:00.000000,35.944276,14.901756833333,2,0,0,1,0,0
2024-09-18T04:34:00.000000,35.944267333333,14.9017595,2,0,0,1,0,0
2024-09-18T04:35:00.000000,35.944268,14.901769166667,2,0,0,1,0,0
2024-09-18T04:36:00.000000,35.944255,14.901761666667,2,0,0,1,0,0
2024-09-18T04:37:00.000000,35.944255166667,14.901758666667,2,0,0,1,0,0
2024-09-18T04:38:00.000000,35.944250833333,14.9017475,2,0,0,1,0,0
2024-09-18T04:39:00.000000,35.9442595,14.9017415,2,0,0,1,0,0
2024-09-18T04:40:00.000000,35.944263833333,14.9017305,2,0,0,1,0,0
2024-09-18T04:41:00.000000,35.944262166667,14.901712666667,2,0,0,1,0,0
2024-09-18T04:42:00.000000,35.9442585,14.9016955,2,0,0,1,0,0
2024-09-18T04:43:00.000000,35.944254833333,14.901679666667,2,0,0,1,0,0
2024-09-18T04:44:00.000000,35.944250166667,14.901664333333,2,0,0,1,0,0
2024-09-18T04:45:00.000000,35.944236166667,14.901646833333,2,0,0,1,0,0
2024-09-18T04:46:00.000000,35.944220833333,14.901634833333,2,0,0,1,0,0
2024-09-18T04:47:00.000000,35.944212,14.901638666667,2,0,0,1,0,0
2024-09-18T04:48:00.000000,35.9442,14.9016455,2,0,0,1,0,0
2024-09-18T04:49:00.000000,35.944189166667,14.901650333333,2,0,0,1,0,0
2024-09-18T04:50:00.000000,35.944172333333,14.901658166667,2,0,0,1,0,0
2024-09-18T04:51:00.000000,35.944168666667,14.9016645,2,0,0,1,0,0
2024-09-18T04:52:00.000000,35.944174,14.901671166667,2,0,0,1,0,0
2024-09-18T04:53:00.000000,35.944174333333,14.901666333333,2,0,0,1,0,0
2024-09-18T04:54:00.000000,35.944187,14.901668166667,2,0,0,1,0,0
2024-09-18T04:55:00.000000,35.9442085,14.901666666667,2,0,0,1,0,0
2024-09-18T04:56:00.000000,35.944227166667,14.901666166667,2,0,0,1,0,0
2024-09-18T04:57:00.000000,35.9442425,14.901665166667,2,0,0,1,0,0
2024-09-18T04:58:00.000000,35.944257666667,14.901661166667,2,0,0,1,0,0
2024-09-18T04:59:00.000000,35.944271833333,14.901657333333,2,0,0,1,0,0
2024-09-18T05:00:00.000000,35.944276,14.9016505,2,0,0,1,0,0
2024-09-18T05:01:00.000000,35.9442785,14.9016435,2,0,0,1,0,0
2024-09-18T05:02:00.000000,35.944275666667,14.9016365,2,0,0,1,0,0
2024-09-18T05:03:00.000000,35.9442665,14.9016385,2,0,0,1,0,0
2024-09-18T05:04:00.000000,35.944250333333,14.901638666667,2,0,0,1,0,0
2024-09-18T05:05:00.000000,35.944224333333,14.901642666667,2,0,0,1,0,0
2024-09-18T05:06:00.000000,35.944212666667,14.901658,2,0,0,1,0,0
2024-09-18T05:07:00.000000,35.944201333333,14.9016815,2,0,0,1,0,0
2024-09-18T05:08:00.000000,35.944195333333,14.901710166667,2,0,0,1,0,0
2024-09-18T05:09:00.000000,35.944198666667,14.901742666667,2,0,0,1,0,0
2024-09-18T05:10:00.000000,35.944204166667,14.901764333333,2,0,0,1,0,0
2024-09-18T05:11:00.000000,35.944210333333,14.901776666667,2,0,0,1,0,0
2024-09-18T05:12:00.000000,35.944221166667,14.901783833333,2,0,0,1,0,0
2024-09-18T05:13:00.000000,35.944236166667,14.9017865,2,0,0,1,0,0
2024-09-18T05:14:00.000000,35.944247333333,14.901784166667,2,0,0,1,0,0
2024-09-18T05:15:00.000000,35.944251333333,14.9017715,2,0,0,1,0,0
2024-09-18T05:16:00.000000,35.944256166667,14.901761666667,2,0,0,1,0,0
2024-09-18T05:17:00.000000,35.944262,14.901755666667,2,0,0,1,0,0
2024-09-18T05:18:00.000000,35.944267666667,14.901752333333,2,0,0,1,0,0
2024-09-18T05:19:00.000000,35.944267166667,14.901750666667,2,0,0,1,0,0
2024-09-18T05:20:00.000000,35.944257166667,14.901749833333,2,0,0,1,0,0
2024-09-18T05:21:00.000000,35.944241666667,14.9017535,2,0,0,1,0,0
2024-09-18T05:22:00.000000,35.9442235,14.901762166667,2,0,0,1,0,0
2024-09-18T05:23:00.000000,35.944209833333,14.901783166667,2,0,0,1,0,0
2024-09-18T05:24:00.000000,35.944204166667,14.901799333333,2,0,0,1,0,0
2024-09-18T05:25:00.000000,35.944196,14.901805833333,2,0,0,1,0,0
2024-09-18T05:26:00.000000,35.944192333333,14.901805,2,0,0,1,0,0
2024-09-18T05:27:00.000000,35.944195333333,14.901805166667,2,0,0,1,0,0
2024-09-18T05:28:00.000000,35.9442085,14.901800666667,2,0,0,1,0,0
2024-09-18T05:29:00.000000,35.944218833333,14.901779833333,2,0,0,1,0,0
2024-09-18T05:30:00.000000,35.944229166667,14.901760833333,2,0,0,1,0,0
2024-09-18T05:31:00.000000,35.944237333333,14.9017455,2,0,0,1,0,0
2024-09-18T05:32:00.000000,35.944246166667,14.901732666667,2,0,0,1,0,0
2024-09-18T05:33:00.000000,35.944246,14.901720166667,2,0,0,1,0,0
2024-09-18T05:34:00.000000,35.944235166667,14.901717666667,2,0,0,1,0,0
2024-09-18T05:35:00.000000,35.94422,14.9017135,2,0,0,1,0,0
2024-09-18T05:36:00.000000,35.944208333333,14.901712,2,0,0,1,0,0
2024-09-18T05:37:00.000000,35.944197666667,14.901708,2,0,0,1,0,0
2024-09-18T05:38:00.000000,35.944183,14.901701,2,0,0,1,0,0
2024-09-18T05:39:00.000000,35.944165166667,14.901701,2,0,0,1,0,0
2024-09-18T05:40:00.000000,35.944164166667,14.901710833333,2,0,0,1,0,0
2024-09-18T05:41:00.000000,35.9441645,14.901721166667,2,0,0,1,0,0
2024-09-18T05:42:00.000000,35.944170166667,14.901728833333,2,0,0,1,0,0
2024-09-18T05:43:00.000000,35.944173166667,14.901739333333,2,0,0,1,0,0
2024-09-18T05:44:00.000000,35.9441805,14.901742333333,2,0,0,1,0,0
2024-09-18T05:45:00.000000,35.944189,14.901744333333,2,0,0,1,0,0
2024-09-18T05:46:00.000000,35.944191,14.901741166667,2,0,0,1,0,0
2024-09-18T05:47:00.000000,35.944191833333,14.901731833333,2,0,0,1,0,0
2024-09-18T05:48:00.000000,35.944193833333,14.901724166667,2,0,0,1,0,0
2024-09-18T05:49:00.000000,35.944193666667,14.901714666667,2,0,0,1,0,0
2024-09-18T05:50:00.000000,35.944193166667,14.901701833333,2,0,0,1,0,0
2024-09-18T05:51:00.000000,35.9441915,14.9016875,2,0,0,1,0,0
2024-09-18T05:52:00.000000,35.944193333333,14.901675666667,2,0,0,1,0,0
2024-09-18T05:53:00.000000,35.944195,14.901661166667,2,0,0,1,0,0
2024-09-18T05:54:00.000000,35.944192333333,14.901639666667,2,0,0,1,0,0
2024-09-18T05:55:00.000000,35.944189833333,14.901622833333,2,0,0,1,0,0
2024-09-18T05:56:00.000000,35.944184333333,14.901606666667,2,0,0,1,0,0
2024-09-18T05:57:00.000000,35.944181166667,14.901598,2,0,0,1,0,0
2024-09-18T05:58:00.000000,35.944177333333,14.901593333333,2,0,0,1,0,0
2024-09-18T05:59:00.000000,35.944172333333,14.901589,2,0,0,1,0,0
2024-09-18T06:00:00.000000,35.944167,14.901588166667,2,0,0,1,0,0
2024-09-18T06:01:00.000000,35.9441595,14.901585833333,2,0,0,1,0,0
2024-09-18T06:02:00.000000,35.944152666667,14.901582166667,2,0,0,1,0,0
2024-09-18T06:03:00.000000,35.944146666667,14.901582333333,2,0,0,1,0,0
2024-09-18T06:04:00.000000,35.9441415,14.901582333333,2,0,0,1,0,0
2024-09-18T06:05:00.000000,35.944142,14.901583,2,0,0,1,0,0
2024-09-18T06:06:00.000000,35.9441455,14.901582333333,2,0,0,1,0,0
2024-09-18T06:07:00.000000,35.944149333333,14.901576666667,2,0,0,1,0,0
2024-09-18T06:08:00.000000,35.944155833333,14.9015695,2,0,0,1,0,0
2024-09-18T06:09:00.000000,35.944164,14.901563166667,2,0,0,1,0,0
2024-09-18T06:10:00.000000,35.944174,14.901555666667,2,0,0,1,0,0
2024-09-18T06:11:00.000000,35.944182333333,14.901544333333,2,0,0,1,0,0
2024-09-18T06:12:00.000000,35.944190166667,14.901533333333,2,0,0,1,0,0
2024-09-18T06:13:00.000000,35.944195166667,14.901524833333,2,0,0,1,0,0
2024-09-18T06:14:00.000000,35.944199,14.901520333333,2,0,0,1,0,0
2024-09-18T06:15:00.000000,35.944194833333,14.901516333333,2,0,0,1,0,0
2024-09-18T06:16:00.000000,35.944189,14.901518,2,0,0,1,0,0
2024-09-18T06:17:00.000000,35.944183666667,14.901529166667,2,0,0,1,0,0
2024-09-18T06:18:00.000000,35.944176,14.901542333333,2,0,0,1,0,0
2024-09-18T06:19:00.000000,35.944164666667,14.901549666667,2,0,0,1,0,0
2024-09-18T06:20:00.000000,35.9441485,14.901551166667,2,0,0,1,0,0
2024-09-18T06:21:00.000000,35.9441365,14.901553166667,2,0,0,1,0,0
2024-09-18T06:22:00.000000,35.9441285,14.901553166667,2,0,0,1,0,0
2024-09-18T06:23:00.000000,35.944122,14.901553,2,0,0,1,0,0
2024-09-18T06:24:00.000000,35.944116833333,14.9015495,2,0,0,1,0,0
2024-09-18T06:25:00.000000,35.944115833333,14.901547166667,2,0,0,1,0,0
2024-09-18T06:26:00.000000,35.944119166667,14.901547833333,2,0,0,1,0,0
2024-09-18T06:27:00.000000,35.944123,14.901547166667,2,0,0,1,0,0
2024-09-18T06:28:00.000000,35.944129166667,14.9015525,2,0,0,1,0,0
2024-09-18T06:29:00.000000,35.944135166667,14.901564666667,2,0,0,1,0,0
2024-09-18T06:30:00.000000,35.944141666667,14.9015845,2,0,0,1,0,0
2024-09-18T06:31:00.000000,35.944150666667,14.901609,2,0,0,1,0,0
2024-09-18T06:32:00.000000,35.9441615,14.901637,2,0,0,1,0,0
2024-09-18T06:33:00.000000,35.944180333333,14.901674833333,2,0,0,1,0,0
2024-09-18T06:34:00.000000,35.944207333333,14.9017155,2,0,0,1,0,0
2024-09-18T06:35:00.000000,35.944228833333,14.901739666667,2,0,0,1,0,0
2024-09-18T06:36:00.000000,35.944244166667,14.9017515,2,0,0,1,0,0
2024-09-18T06:37:00.000000,35.944255166667,14.9017525,2,0,0,1,0,0
2024-09-18T06:38:00.000000,35.944259666667,14.901745,2,0,0,1,0,0
2024-09-18T06:39:00.000000,35.944263333333,14.901735,2,0,0,1,0,0
2024-09-18T06:40:00.000000,35.944266,14.901725,2,0,0,1,0,0
2024-09-18T06:41:00.000000,35.9442755,14.901726166667,2,0,0,1,0,0
2024-09-18T06:42:00.000000,35.944284166667,14.901731333333,2,0,0,1,0,0
2024-09-18T06:43:00.000000,35.944298666667,14.9017455,2,0,0,1,0,0
2024-09-18T06:44:00.000000,35.9443165,14.901764833333,2,0,0,1,0,0
2024-09-18T06:45:00.000000,35.9443295,14.901784333333,2,0,0,1,0,0
2024-09-18T06:46:00.000000,35.944337166667,14.9018015,2,0,0,1,0,0
2024-09-18T06:47:00.000000,35.944343,14.901818333333,2,0,0,1,0,0
2024-09-18T06:48:00.000000,35.944350333333,14.901835333333,2,0,0,1,0,0
2024-09-18T06:49:00.000000,35.944359166667,14.901849166667,2,0,0,1,0,0
2024-09-18T06:50:00.000000,35.944378333333,14.9018685,2,0,0,1,0,0
2024-09-18T06:51:00.000000,35.944399833333,14.901882333333,2,0,0,1,0,0
2024-09-18T06:52:00.000000,35.944423666667,14.901893333333,2,0,0,1,0,0
2024-09-18T06:53:00.000000,35.9444485,14.901903,2,0,0,1,0,0
2024-09-18T06:54:00.000000,35.944469333333,14.901908666667,2,0,0,1,0,0
2024-09-18T06:55:00.000000,35.944480833333,14.9019045,2,0,0,1,0,0
2024-09-18T06:56:00.000000,35.944502166667,14.901915333333,2,0,0,1,0,0
2024-09-18T06:57:00.000000,35.944518833333,14.901926333333,2,0,0,1,0,0
2024-09-18T06:58:00.000000,35.944534166667,14.901940166667,2,0,0,1,0,0
2024-09-18T06:59:00.000000,35.944543333333,14.901953333333,2,0,0,1,0,0
2024-09-18T07:00:00.000000,35.944553666667,14.9019725,2,0,0,1,0,0
2024-09-18T07:01:00.000000,35.944566166667,14.9019975,2,0,0,1,0,0
2024-09-18T07:02:00.000000,35.9445795,14.902023,2,0,0,1,0,0
2024-09-18T07:03:00.000000,35.944595666667,14.9020555,2,0,0,1,0,0
2024-09-18T07:04:00.000000,35.944606333333,14.902082833333,2,0,0,1,0,0
2024-09-18T07:05:00.000000,35.944614333333,14.9021055,2,0,0,1,0,0
2024-09-18T07:06:00.000000,35.9446235,14.902123333333,2,0,0,1,0,0
2024-09-18T07:07:00.000000,35.944632666667,14.902136333333,2,0,0,1,0,0
2024-09-18T07:08:00.000000,35.944639166667,14.9021365,2,0,0,1,0,0
2024-09-18T07:09:00.000000,35.944635666667,14.9021205,2,0,0,1,0,0
2024-09-18T07:10:00.000000,35.944643333333,14.902107,2,0,0,1,0,0
2024-09-18T07:11:00.000000,35.9446455,14.902082333333,2,0,0,1,0,0
2024-09-18T07:12:00.000000,35.944648166667,14.902056333333,2,0,0,1,0,0
2024-09-18T07:13:00.000000,35.944652833333,14.902033333333,2,0,0,1,0,0
2024-09-18T07:14:00.000000,35.944651166667,14.902014166667,2,0,0,1,0,0
2024-09-18T07:15:00.000000,35.9446365,14.902,2,0,0,1,0,0
2024-09-18T07:16:00.000000,35.944619833333,14.901997166667,2,0,0,1,0,0
2024-09-18T07:17:00.000000,35.944603333333,14.901997833333,2,0,0,1,0,0
2024-09-18T07:18:00.000000,35.944596333333,14.902016333333,2,0,0,1,0,0
2024-09-18T07:19:00.000000,35.944584,14.902031333333,2,0,0,1,0,0
2024-09-18T07:20:00.000000,35.944563833333,14.9020395,2,0,0,1,0,0
2024-09-18T07:21:00.000000,35.944542333333,14.902046166667,2,0,0,1,0,0
2024-09-18T07:22:00.000000,35.944524166667,14.902051833333,2,0,0,1,0,0
2024-09-18T07:23:00.000000,35.944509833333,14.902052833333,2,0,0,1,0,0
2024-09-18T07:24:00.000000,35.944506833333,14.902054166667,2,0,0,1,0,0
2024-09-18T07:25:00.000000,35.9445135,14.9020505,2,0,0,1,0,0
2024-09-18T07:26:00.000000,35.944521333333,14.902036333333,2,0,0,1,0,0
2024-09-18T07:27:00.000000,35.9445285,14.9020085,2,0,0,1,0,0
2024-09-18T07:28:00.000000,35.944542333333,14.901993333333,2,0,0,1,0,0
2024-09-18T07:29:00.000000,35.944552166667,14.901975833333,2,0,0,1,0,0
2024-09-18T07:30:00.000000,35.944560166667,14.901968666667,2,0,0,1,0,0
2024-09-18T07:31:00.000000,35.944564833333,14.901961833333,2,0,0,1,0,0
2024-09-18T07:32:00.000000,35.944566,14.901959833333,2,0,0,1,0,0
2024-09-18T07:33:00.000000,35.9445675,14.901969166667,2,0,0,1,0,0
2024-09-18T07:34:00.000000,35.944577166667,14.9019925,2,0,0,1,0,0
2024-09-18T07:35:00.000000,35.944584833333,14.90202,2,0,0,1,0,0
2024-09-18T07:36:00.000000,35.944588166667,14.902043166667,2,0,0,1,0,0
2024-09-18T07:37:00.000000,35.944586333333,14.902054,2,0,0,1,0,0
2024-09-18T07:38:00.000000,35.944586666667,14.902061666667,2,0,0,1,0,0
2024-09-18T07:39:00.000000,35.944593666667,14.9020675,2,0,0,1,0,0
2024-09-18T07:40:00.000000,35.944603333333,14.902062666667,2,0,0,1,0,0
2024-09-18T07:41:00.000000,35.944612166667,14.902052833333,2,0,0,1,0,0
2024-09-18T07:42:00.000000,35.944612166667,14.9020365,2,0,0,1,0,0
2024-09-18T07:43:00.000000,35.944603,14.902016333333,2,0,0,1,0,0
2024-09-18T07:44:00.000000,35.9445855,14.901990666667,2,0,0,1,0,0
2024-09-18T07:45:00.000000,35.94457,14.901968833333,2,0,0,1,0,0
2024-09-18T07:46:00.000000,35.944554666667,14.901949166667,2,0,0,1,0,0
2024-09-18T07:47:00.000000,35.9445435,14.901938666667,2,0,0,1,0,0
2024-09-18T07:48:00.000000,35.944538666667,14.901934166667,2,0,0,1,0,0
2024-09-18T07:49:00.000000,35.944534666667,14.901935666667,2,0,0,1,0,0
2024-09-18T07:50:00.000000,35.944531833333,14.901935666667,2,0,0,1,0,0
2024-09-18T07:51:00.000000,35.944530333333,14.9019365,2,0,0,1,0,0
2024-09-18T07:52:00.000000,35.944531666667,14.901948833333,2,0,0,1,0,0
2024-09-18T07:53:00.000000,35.944528333333,14.901952833333,2,0,0,1,0,0
2024-09-18T07:54:00.000000,35.944516333333,14.901943333333,2,0,0,1,0,0
2024-09-18T07:55:00.000000,35.944496333333,14.901923,2,0,0,1,0,0
2024-09-18T07:56:00.000000,35.944478833333,14.9019115,2,0,0,1,0,0
2024-09-18T07:57:00.000000,35.944463833333,14.901900333333,2,0,0,1,0,0
2024-09-18T07:58:00.000000,35.9444535,14.901904333333,2,0,0,1,0,0
2024-09-18T07:59:00.000000,35.9444415,14.901900666667,2,0,0,1,0,0
2024-09-18T08:00:00.000000,35.9444285,14.9018835,2,0,0,1,0,0
2024-09-18T08:01:00.000000,35.944414666667,14.901842333333,2,0,0,1,0,0
2024-09-18T08:02:00.000000,35.944418166667,14.901847,2,0,0,1,0,0
2024-09-18T08:03:00.000000,35.9444215,14.901849166667,2,0,0,1,0,0
2024-09-18T08:04:00.000000,35.9444245,14.901858833333,2,0,0,1,0,0
2024-09-18T08:05:00.000000,35.944428166667,14.901861166667,2,0,0,1,0,0
2024-09-18T08:06:00.000000,35.944440166667,14.901885,2,0,0,1,0,0
2024-09-18T08:07:00.000000,35.944445166667,14.9019035,2,0,0,1,0,0
2024-09-18T08:08:00.000000,35.944437,14.901903833333,2,0,0,1,0,0
2024-09-18T08:09:00.000000,35.944441166667,14.901920833333,2,0,0,1,0,0
2024-09-18T08:10:00.000000,35.9444465,14.9019345,2,0,0,1,0,0
2024-09-18T08:11:00.000000,35.944448333333,14.901937333333,2,0,0,1,0,0
2024-09-18T08:12:00.000000,35.944463166667,14.901950666667,2,0,0,1,0,0
2024-09-18T08:13:00.000000,35.9444935,14.901991666667,2,0,0,1,0,0
2024-09-18T08:14:00.000000,35.9445045,14.901992,2,0,0,1,0,0
2024-09-18T08:15:00.000000,35.944513333333,14.901996,2,0,0,1,0,0
2024-09-18T08:16:00.000000,35.944514166667,14.902007166667,2,0,0,1,0,0
2024-09-18T08:17:00.000000,35.944519166667,14.902009,2,0,0,1,0,0
2024-09-18T08:18:00.000000,35.944521333333,14.9020125,2,0,0,1,0,0
2024-09-18T08:19:00.000000,35.944520833333,14.902014333333,2,0,0,1,0,0
2024-09-18T08:20:00.000000,35.944516333333,14.902018,2,0,0,1,0,0
2024-09-18T08:21:00.000000,35.944513333333,14.902025,2,0,0,1,0,0
2024-09-18T08:22:00.000000,35.944508666667,14.90203,2,0,0,1,0,0
2024-09-18T08:23:00.000000,35.944497166667,14.902032166667,2,0,0,1,0,0
2024-09-18T08:24:00.000000,35.9444875,14.902038333333,2,0,0,1,0,0
2024-09-18T08:25:00.000000,35.944481333333,14.902049,2,0,0,1,0,0
2024-09-18T08:26:00.000000,35.944470166667,14.9020555,2,0,0,1,0,0
2024-09-18T08:27:00.000000,35.944457166667,14.902056333333,2,0,0,1,0,0
2024-09-18T08:28:00.000000,35.944440333333,14.902049333333,2,0,0,1,0,0
2024-09-18T08:29:00.000000,35.9444195,14.902027333333,2,0,0,1,0,0
2024-09-18T08:30:00.000000,35.944424833333,14.902024333333,2,0,0,1,0,0
2024-09-18T08:31:00.000000,35.944435833333,14.9020225,2,0,0,1,0,0
2024-09-18T08:32:00.000000,35.9444435,14.902014,2,0,0,1,0,0
2024-09-18T08:33:00.000000,35.944442166667,14.9019965,2,0,0,1,0,0
2024-09-18T08:34:00.000000,35.944436333333,14.901980833333,2,0,0,1,0,0
2024-09-18T08:35:00.000000,35.944432333333,14.9019725,2,0,0,1,0,0
2024-09-18T08:36:00.000000,35.944430166667,14.90197,2,0,0,1,0,0
2024-09-18T08:37:00.000000,35.944425833333,14.901965166667,2,0,0,1,0,0
2024-09-18T08:38:00.000000,35.944422,14.9019605,2,0,0,1,0,0
2024-09-18T08:39:00.000000,35.944414333333,14.90196,2,0,0,1,0,0
2024-09-18T08:40:00.000000,35.944408166667,14.901954,2,0,0,1,0,0
2024-09-18T08:41:00.000000,35.944401333333,14.901945666667,2,0,0,1,0,0
2024-09-18T08:42:00.000000,35.944397166667,14.901937666667,2,0,0,1,0,0
2024-09-18T08:43:00.000000,35.944397,14.901932333333,2,0,0,1,0,0
2024-09-18T08:44:00.000000,35.944401,14.9019315,2,0,0,1,0,0
2024-09-18T08:45:00.000000,35.9444145,14.901935,2,0,0,1,0,0
2024-09-18T08:46:00.000000,35.944429333333,14.901938,2,0,0,1,0,0
2024-09-18T08:47:00.000000,35.944442333333,14.901935166667,2,0,0,1,0,0
2024-09-18T08:48:00.000000,35.944449333333,14.901923666667,2,0,0,1,0,0
2024-09-18T08:49:00.000000,35.9444605,14.901911833333,2,0,0,1,0,0
2024-09-18T08:50:00.000000,35.944463666667,14.90189,2,0,0,1,0,0
2024-09-18T08:51:00.000000,35.944464333333,14.901867,2,0,0,1,0,0
2024-09-18T08:52:00.000000,35.944460333333,14.901839166667,2,0,0,1,0,0
2024-09-18T08:53:00.000000,35.944458666667,14.901813166667,2,0,0,1,0,0
2024-09-18T08:54:00.000000,35.944455666667,14.901789166667,2,0,0,1,0,0
2024-09-18T08:55:00.000000,35.944440833333,14.901765333333,2,0,0,1,0,0
2024-09-18T08:56:00.000000,35.9444255,14.901739333333,2,0,0,1,0,0
2024-09-18T08:57:00.000000,35.944409666667,14.9017205,2,0,0,1,0,0
2024-09-18T08:58:00.000000,35.944394666667,14.901708333333,2,0,0,1,0,0
2024-09-18T08:59:00.000000,35.944380333333,14.901708166667,2,0,0,1,0,0
2024-09-18T09:00:00.000000,35.944361166667,14.901716666667,2,0,0,1,0,0
2024-09-18T09:01:00.000000,35.944345333333,14.9017265,2,0,0,1,0,0
2024-09-18T09:02:00.000000,35.944326333333,14.901732833333,2,0,0,1,0,0
2024-09-18T09:03:00.000000,35.944301,14.9017425,2,0,0,1,0,0
2024-09-18T09:04:00.000000,35.944283666667,14.901754166667,2,0,0,1,0,0
2024-09-18T09:05:00.000000,35.944268666667,14.901764,2,0,0,1,0,0
2024-09-18T09:06:00.000000,35.9442575,14.9017715,2,0,0,1,0,0
2024-09-18T09:07:00.000000,35.944247,14.901773666667,2,0,0,1,0,0
2024-09-18T09:08:00.000000,35.944237666667,14.901772333333,2,0,0,1,0,0
2024-09-18T09:09:00.000000,35.944235,14.901766166667,2,0,0,1,0,0
2024-09-18T09:10:00.000000,35.9442385,14.901753833333,2,0,0,1,0,0
2024-09-18T09:11:00.000000,35.944242,14.901732333333,2,0,0,1,0,0
2024-09-18T09:12:00.000000,35.944241833333,14.901702666667,2,0,0,1,0,0
2024-09-18T09:13:00.000000,35.944239666667,14.9016705,2,0,0,1,0,0
2024-09-18T09:14:00.000000,35.944232333333,14.901639666667,2,0,0,1,0,0
2024-09-18T09:15:00.000000,35.944222333333,14.9016095,2,0,0,1,0,0
2024-09-18T09:16:00.000000,35.944213166667,14.901583166667,2,0,0,1,0,0
2024-09-18T09:17:00.000000,35.944199666667,14.9015555,2,0,0,1,0,0
2024-09-18T09:18:00.000000,35.944185333333,14.901532666667,2,0,0,1,0,0
2024-09-18T09:19:00.000000,35.944167,14.901508833333,2,0,0,1,0,0
2024-09-18T09:20:00.000000,35.9441505,14.901488166667,2,0,0,1,0,0
2024-09-18T09:21:00.000000,35.944136333333,14.901477166667,2,0,0,1,0,0
2024-09-18T09:22:00.000000,35.944127166667,14.9014745,2,0,0,1,0,0
2024-09-18T09:23:00.000000,35.944117666667,14.9014785,2,0,0,1,0,0
2024-09-18T09:24:00.000000,35.9441055,14.901484333333,2,0,0,1,0,0
2024-09-18T09:25:00.000000,35.944091333333,14.901495666667,2,0,0,1,0,0
2024-09-18T09:26:00.000000,35.944076166667,14.901506833333,2,0,0,1,0,0
2024-09-18T09:27:00.000000,35.944064333333,14.901515166667,2,0,0,1,0,0
2024-09-18T09:28:00.000000,35.944060333333,14.901526833333,2,0,0,1,0,0
2024-09-18T09:29:00.000000,35.9440635,14.901536333333,2,0,0,1,0,0
2024-09-18T09:30:00.000000,35.944073833333,14.901544166667,2,0,0,1,0,0
2024-09-18T09:31:00.000000,35.9440885,14.901547,2,0,0,1,0,0
2024-09-18T09:32:00.000000,35.944102333333,14.901542,2,0,0,1,0,0
2024-09-18T09:33:00.000000,35.944116,14.9015305,2,0,0,1,0,0
2024-09-18T09:34:00.000000,35.944125833333,14.901510333333,2,0,0,1,0,0
2024-09-18T09:35:00.000000,35.944130333333,14.901484,2,0,0,1,0,0
2024-09-18T09:36:00.000000,35.944129666667,14.901453333333,2,0,0,1,0,0
2024-09-18T09:37:00.000000,35.944122666667,14.901419166667,2,0,0,1,0,0
2024-09-18T09:38:00.000000,35.944112,14.901383166667,2,0,0,1,0,0
2024-09-18T09:39:00.000000,35.944103,14.901353166667,2,0,0,1,0,0
2024-09-18T09:40:00.000000,35.944094166667,14.901331,2,0,0,1,0,0
2024-09-18T09:41:00.000000,35.944084666667,14.901316833333,2,0,0,1,0,0
2024-09-18T09:42:00.000000,35.944081333333,14.901315166667,2,0,0,1,0,0
2024-09-18T09:43:00.000000,35.944081,14.901322666667,2,0,0,1,0,0
2024-09-18T09:44:00.000000,35.944085,14.901341666667,2,0,0,1,0,0
2024-09-18T09:45:00.000000,35.944093166667,14.901371,2,0,0,1,0,0
2024-09-18T09:46:00.000000,35.944108666667,14.901413166667,2,0,0,1,0,0
2024-09-18T09:47:00.000000,35.9441285,14.901464666667,2,0,0,1,0,0
2024-09-18T09:48:00.000000,35.944155666667,14.901524,2,0,0,1,0,0
2024-09-18T09:49:00.000000,35.94419,14.901586166667,2,0,0,1,0,0
2024-09-18T09:50:00.000000,35.944226,14.901644166667,2,0,0,1,0,0
2024-09-18T09:51:00.000000,35.9442625,14.901695,2,0,0,1,0,0
2024-09-18T09:52:00.000000,35.944300333333,14.901743166667,2,0,0,1,0,0
2024-09-18T09:53:00.000000,35.944333166667,14.901784,2,0,0,1,0,0
2024-09-18T09:54:00.000000,35.944360666667,14.901818166667,2,0,0,1,0,0
2024-09-18T09:55:00.000000,35.944380833333,14.9018485,2,0,0,1,0,0
2024-09-18T09:56:00.000000,35.944399166667,14.901881,2,0,0,1,0,0
2024-09-18T09:57:00.000000,35.944413166667,14.9019125,2,0,0,1,0,0
2024-09-18T09:58:00.000000,35.944423833333,14.901940666667,2,0,0,1,0,0
2024-09-18T09:59:00.000000,35.944431,14.9019615,2,0,0,1,0,0
2024-09-18T10:00:00.000000,35.944432333333,14.901971833333,2,0,0,1,0,0
2024-09-18T10:01:00.000000,35.944436666667,14.901976833333,2,0,0,1,0,0
2024-09-18T10:02:00.000000,35.944449,14.901974666667,2,0,0,1,0,0
2024-09-18T10:03:00.000000,35.944457166667,14.901961166667,2,0,0,1,0,0
2024-09-18T10:04:00.000000,35.9444515,14.901925833333,2,0,0,1,0,0
2024-09-18T10:05:00.000000,35.944457333333,14.9018975,2,0,0,1,0,0
2024-09-18T10:06:00.000000,35.944462666667,14.901867666667,2,0,0,1,0,0
2024-09-18T10:07:00.000000,35.944453833333,14.9018275,2,0,0,1,0,0
2024-09-18T10:08:00.000000,35.944439666667,14.901779,2,0,0,1,0,0
2024-09-18T10:09:00.000000,35.944420833333,14.901726166667,2,0,0,1,0,0
2024-09-18T10:10:00.000000,35.944420666667,14.901693166667,2,0,0,1,0,0
2024-09-18T10:11:00.000000,35.9444065,14.901651333333,2,0,0,1,0,0
2024-09-18T10:12:00.000000,35.944375166667,14.901603166667,2,0,0,1,0,0
2024-09-18T10:13:00.000000,35.944368833333,14.901580833333,2,0,0,1,0,0
2024-09-18T10:14:00.000000,35.944346666667,14.901551833333,2,0,0,1,0,0
2024-09-18T10:15:00.000000,35.944322,14.901525333333,2,0,0,1,0,0
2024-09-18T10:16:00.000000,35.944299833333,14.901507666667,2,0,0,1,0,0
2024-09-18T10:17:00.000000,35.944277333333,14.901494166667,2,0,0,1,0,0
2024-09-18T10:18:00.000000,35.944254333333,14.90149,2,0,0,1,0,0
2024-09-18T10:19:00.000000,35.944232833333,14.9014945,2,0,0,1,0,0
2024-09-18T10:20:00.000000,35.944216333333,14.901508666667,2,0,0,1,0,0
2024-09-18T10:21:00.000000,35.944207333333,14.901533166667,2,0,0,1,0,0
2024-09-18T10:22:00.000000,35.944205,14.9015715,2,0,0,1,0,0
2024-09-18T10:23:00.000000,35.9442105,14.901613166667,2,0,0,1,0,0
2024-09-18T10:24:00.000000,35.944223333333,14.901655166667,2,0,0,1,0,0
2024-09-18T10:25:00.000000,35.944243166667,14.901696666667,2,0,0,1,0,0
2024-09-18T10:26:00.000000,35.944268333333,14.901734333333,2,0,0,1,0,0
2024-09-18T10:27:00.000000,35.944293833333,14.901765666667,2,0,0,1,0,0
2024-09-18T10:28:00.000000,35.944319666667,14.9017895,2,0,0,1,0,0
2024-09-18T10:29:00.000000,35.944347,14.901807,2,0,0,1,0,0
2024-09-18T10:30:00.000000,35.9443725,14.901821666667,2,0,0,1,0,0
2024-09-18T10:31:00.000000,35.944395833333,14.901837166667,2,0,0,1,0,0
2024-09-18T10:32:00.000000,35.944421166667,14.901856,2,0,0,1,0,0
2024-09-18T10:33:00.000000,35.944444833333,14.901875666667,2,0,0,1,0,0
2024-09-18T10:34:00.000000,35.944464833333,14.901893666667,2,0,0,1,0,0
2024-09-18T10:35:00.000000,35.944481833333,14.901908666667,2,0,0,1,0,0
2024-09-18T10:36:00.000000,35.944497,14.901922,2,0,0,1,0,0
2024-09-18T10:37:00.000000,35.944507666667,14.901931833333,2,0,0,1,0,0
2024-09-18T10:38:00.000000,35.944519,14.901941833333,2,0,0,1,0,0
2024-09-18T10:39:00.000000,35.944530833333,14.901952333333,2,0,0,1,0,0
2024-09-18T10:40:00.000000,35.944543,14.901962,2,0,0,1,0,0
2024-09-18T10:41:00.000000,35.944556,14.901968666667,2,0,0,1,0,0
2024-09-18T10:42:00.000000,35.944574,14.901984,2,0,0,1,0,0
2024-09-18T10:43:00.000000,35.944595833333,14.902002833333,2,0,0,1,0,0
2024-09-18T10:44:00.000000,35.944612166667,14.902017666667,2,0,0,1,0,0
2024-09-18T10:45:00.000000,35.944621666667,14.9020225,2,0,0,1,0,0
2024-09-18T10:46:00.000000,35.9446285,14.902029666667,2,0,0,1,0,0
2024-09-18T10:47:00.000000,35.944639833333,14.902049666667,2,0,0,1,0,0
2024-09-18T10:48:00.000000,35.944652333333,14.902066666667,2,0,0,1,0,0
2024-09-18T10:49:00.000000,35.944665333333,14.902081,2,0,0,1,0,0
2024-09-18T10:50:00.000000,35.944681666667,14.902097833333,2,0,0,1,0,0
2024-09-18T10:51:00.000000,35.944699333333,14.9021155,2,0,0,1,0,0
2024-09-18T10:52:00.000000,35.944713,14.902128833333,2,0,0,1,0,0
2024-09-18T10:53:00.000000,35.944728666667,14.902144,2,0,0,1,0,0
2024-09-18T10:54:00.000000,35.944748166667,14.902163666667,2,0,0,1,0,0
2024-09-18T10:55:00.000000,35.944762333333,14.90218,2,0,0,1,0,0
2024-09-18T10:56:00.000000,35.944766833333,14.902189,2,0,0,1,0,0
2024-09-18T10:57:00.000000,35.944765,14.902195333333,2,0,0,1,0,0
2024-09-18T10:58:00.000000,35.944758333333,14.902198166667,2,0,0,1,0,0
2024-09-18T10:59:00.000000,35.944748,14.902195,2,0,0,1,0,0
2024-09-18T11:00:00.000000,35.944735166667,14.9021865,2,0,0,1,0,0
2024-09-18T11:01:00.000000,35.944720666667,14.902173833333,2,0,0,1,0,0
2024-09-18T11:02:00.000000,35.944711833333,14.902158,2,0,0,1,0,0
2024-09-18T11:03:00.000000,35.944705833333,14.902144666667,2,0,0,1,0,0
2024-09-18T11:04:00.000000,35.944706666667,14.9021335,2,0,0,1,0,0
2024-09-18T11:05:00.000000,35.944715833333,14.902123166667,2,0,0,1,0,0
2024-09-18T11:06:00.000000,35.944726833333,14.902121833333,2,0,0,1,0,0
2024-09-18T11:07:00.000000,35.94474,14.902121833333,2,0,0,1,0,0
2024-09-18T11:08:00.000000,35.944758333333,14.902133166667,2,0,0,1,0,0
2024-09-18T11:09:00.000000,35.944777333333,14.902150833333,2,0,0,1,0,0
2024-09-18T11:10:00.000000,35.944793666667,14.902169833333,2,0,0,1,0,0
2024-09-18T11:11:00.000000,35.9448145,14.9021925,2,0,0,1,0,0
2024-09-18T11:12:00.000000,35.944835666667,14.902213833333,2,0,0,1,0,0
2024-09-18T11:13:00.000000,35.944852666667,14.902222166667,2,0,0,1,0,0
2024-09-18T11:14:00.000000,35.944876333333,14.9022385,2,0,0,1,0,0
2024-09-18T11:15:00.000000,35.944893833333,14.902240333333,2,0,0,1,0,0
2024-09-18T11:16:00.000000,35.944903833333,14.902235833333,2,0,0,1,0,0
2024-09-18T11:17:00.000000,35.944909666667,14.902225333333,2,0,0,1,0,0
2024-09-18T11:18:00.000000,35.944916,14.902226166667,2,0,0,1,0,0
2024-09-18T11:19:00.000000,35.944917166667,14.902231333333,2,0,0,1,0,0
2024-09-18T11:20:00.000000,35.944915166667,14.902234166667,2,0,0,1,0,0
2024-09-18T11:21:00.000000,35.9449165,14.902239,2,0,0,1,0,0
2024-09-18T11:22:00.000000,35.944914666667,14.902247,2,0,0,1,0,0
2024-09-18T11:23:00.000000,35.944911,14.902259166667,2,0,0,1,0,0
2024-09-18T11:24:00.000000,35.94491,14.902275666667,2,0,0,1,0,0
2024-09-18T11:25:00.000000,35.944913166667,14.902291333333,2,0,0,1,0,0
2024-09-18T11:26:00.000000,35.9449235,14.902308833333,2,0,0,1,0,0
2024-09-18T11:27:00.000000,35.9449335,14.902322333333,2,0,0,1,0,0
2024-09-18T11:28:00.000000,35.944944833333,14.902334333333,2,0,0,1,0,0
2024-09-18T11:29:00.000000,35.944963166667,14.902344833333,2,0,0,1,0,0
2024-09-18T11:30:00.000000,35.944983833333,14.902349166667,2,0,0,1,0,0
2024-09-18T11:31:00.000000,35.945004333333,14.902347833333,2,0,0,1,0,0
2024-09-18T11:32:00.000000,35.9450155,14.9023355,2,0,0,1,0,0
2024-09-18T11:33:00.000000,35.9450275,14.9023255,2,0,0,1,0,0
2024-09-18T11:34:00.000000,35.945042,14.902320333333,2,0,0,1,0,0
2024-09-18T11:35:00.000000,35.945056,14.902322166667,2,0,0,1,0,0
2024-09-18T11:36:00.000000,35.945078333333,14.902326833333,2,0,0,1,0,0
2024-09-18T11:37:00.000000,35.945102666667,14.902327333333,2,0,0,1,0,0
2024-09-18T11:38:00.000000,35.945129833333,14.902331166667,2,0,0,1,0,0
2024-09-18T11:39:00.000000,35.9451535,14.9023355,2,0,0,1,0,0
2024-09-18T11:40:00.000000,35.945181,14.902340333333,2,0,0,1,0,0
2024-09-18T11:41:00.000000,35.9452035,14.902345166667,2,0,0,1,0,0
2024-09-18T11:42:00.000000,35.945219666667,14.9023515,2,0,0,1,0,0
2024-09-18T11:43:00.000000,35.945233666667,14.902365333333,2,0,0,1,0,0
2024-09-18T11:44:00.000000,35.945233166667,14.902376,2,0,0,1,0,0
2024-09-18T11:45:00.000000,35.945230833333,14.902389166667,2,0,0,1,0,0
2024-09-18T11:46:00.000000,35.945228166667,14.9024035,2,0,0,1,0,0
2024-09-18T11:47:00.000000,35.945224666667,14.902417833333,2,0,0,1,0,0
2024-09-18T11:48:00.000000,35.945224666667,14.902432833333,2,0,0,1,0,0
2024-09-18T11:49:00.000000,35.945224166667,14.902443666667,2,0,0,1,0,0
2024-09-18T11:50:00.000000,35.945228166667,14.902448666667,2,0,0,1,0,0
2024-09-18T11:51:00.000000,35.945235833333,14.902449166667,2,0,0,1,0,0
2024-09-18T11:52:00.000000,35.9452455,14.902444166667,2,0,0,1,0,0
2024-09-18T11:53:00.000000,35.9452535,14.902433666667,2,0,0,1,0,0
2024-09-18T11:54:00.000000,35.945263166667,14.902417666667,2,0,0,1,0,0
2024-09-18T11:55:00.000000,35.945270833333,14.902399666667,2,0,0,1,0,0
2024-09-18T11:56:00.000000,35.945274833333,14.902381833333,2,0,0,1,0,0
2024-09-18T11:57:00.000000,35.9452775,14.9023635,2,0,0,1,0,0
2024-09-18T11:58:00.000000,35.945278666667,14.902348833333,2,0,0,1,0,0
2024-09-18T11:59:00.000000,35.9452745,14.902338,2,0,0,1,0,0
2024-09-18T12:00:00.000000,35.945271166667,14.902331833333,2,0,0,1,0,0
2024-09-18T12:01:00.000000,35.945263333333,14.902327166667,2,0,0,1,0,0
2024-09-18T12:02:00.000000,35.945250666667,14.902324833333,2,0,0,1,0,0
2024-09-18T12:03:00.000000,35.945239166667,14.902331333333,2,0,0,1,0,0
2024-09-18T12:04:00.000000,35.945225,14.902339833333,2,0,0,1,0,0
2024-09-18T12:05:00.000000,35.945208,14.902347,2,0,0,1,0,0
2024-09-18T12:06:00.000000,35.9451895,14.902360666667,2,0,0,1,0,0
2024-09-18T12:07:00.000000,35.945173833333,14.9023625,2,0,0,1,0,0
2024-09-18T12:08:00.000000,35.945166833333,14.9023725,2,0,0,1,0,0
2024-09-18T12:09:00.000000,35.945166,14.902382333333,2,0,0,1,0,0
2024-09-18T12:10:00.000000,35.945169,14.902384166667,2,0,0,1,0,0
2024-09-18T12:11:00.000000,35.945175333333,14.9023805,2,0,0,1,0,0
2024-09-18T12:12:00.000000,35.9451845,14.902372,2,0,0,1,0,0
2024-09-18T12:13:00.000000,35.9451965,14.902361333333,2,0,0,1,0,0
2024-09-18T12:14:00.000000,35.945209,14.902348666667,2,0,0,1,0,0
2024-09-18T12:15:00.000000,35.945217833333,14.902334833333,2,0,0,1,0,0
2024-09-18T12:16:00.000000,35.945229,14.902324,2,0,0,1,0,0
2024-09-18T12:17:00.000000,35.9452375,14.902315666667,2,0,0,1,0,0
2024-09-18T12:18:00.000000,35.945247833333,14.902314166667,2,0,0,1,0,0
2024-09-18T12:19:00.000000,35.945259,14.902316833333,2,0,0,1,0,0
2024-09-18T12:20:00.000000,35.945269166667,14.902323166667,2,0,0,1,0,0
2024-09-18T12:21:00.000000,35.9452795,14.902335166667,2,0,0,1,0,0
2024-09-18T12:22:00.000000,35.945286666667,14.902350666667,2,0,0,1,0,0
2024-09-18T12:23:00.000000,35.9452895,14.902369833333,2,0,0,1,0,0
2024-09-18T12:24:00.000000,35.945288833333,14.902394,2,0,0,1,0,0
2024-09-18T12:25:00.000000,35.945285833333,14.902417,2,0,0,1,0,0
2024-09-18T12:26:00.000000,35.945283166667,14.902438166667,2,0,0,1,0,0
2024-09-18T12:27:00.000000,35.9452855,14.902460166667,2,0,0,1,0,0
2024-09-18T12:28:00.000000,35.945287666667,14.902480333333,2,0,0,1,0,0
2024-09-18T12:29:00.000000,35.945290166667,14.902494833333,2,0,0,1,0,0
2024-09-18T12:30:00.000000,35.945294166667,14.902499,2,0,0,1,0,0
2024-09-18T12:31:00.000000,35.9452985,14.902496333333,2,0,0,1,0,0
2024-09-18T12:32:00.000000,35.945303,14.902485333333,2,0,0,1,0,0
2024-09-18T12:33:00.000000,35.945311833333,14.9024715,2,0,0,1,0,0
2024-09-18T12:34:00.000000,35.945320833333,14.902454833333,2,0,0,1,0,0
2024-09-18T12:35:00.000000,35.945330833333,14.902439833333,2,0,0,1,0,0
2024-09-18T12:36:00.000000,35.945339833333,14.902427833333,2,0,0,1,0,0
2024-09-18T12:37:00.000000,35.945346,14.90242,2,0,0,1,0,0
2024-09-18T12:38:00.000000,35.9453465,14.902418,2,0,0,1,0,0
2024-09-18T12:39:00.000000,35.945345166667,14.902423833333,2,0,0,1,0,0
2024-09-18T12:40:00.000000,35.9453415,14.902432333333,2,0,0,1,0,0
2024-09-18T12:41:00.000000,35.945334833333,14.902444666667,2,0,0,1,0,0
2024-09-18T12:42:00.000000,35.945325666667,14.902459,2,0,0,1,0,0
2024-09-18T12:43:00.000000,35.945314666667,14.902474166667,2,0,0,1,0,0
2024-09-18T12:44:00.000000,35.945306166667,14.902488833333,2,0,0,1,0,0
2024-09-18T12:45:00.000000,35.945301666667,14.902505,2,0,0,1,0,0
2024-09-18T12:46:00.000000,35.945297166667,14.902516833333,2,0,0,1,0,0
2024-09-18T12:47:00.000000,35.945294666667,14.902522166667,2,0,0,1,0,0
2024-09-18T12:48:00.000000,35.945302833333,14.90252,2,0,0,1,0,0
2024-09-18T12:49:00.000000,35.945321166667,14.902511166667,2,0,0,1,0,0
2024-09-18T12:50:00.000000,35.945343666667,14.902497333333,2,0,0,1,0,0
2024-09-18T12:51:00.000000,35.945365833333,14.902482333333,2,0,0,1,0,0
2024-09-18T12:52:00.000000,35.945382333333,14.902471833333,2,0,0,1,0,0
2024-09-18T12:53:00.000000,35.945392666667,14.9024645,2,0,0,1,0,0
2024-09-18T12:54:00.000000,35.945397666667,14.902459833333,2,0,0,1,0,0
2024-09-18T12:55:00.000000,35.945400166667,14.90246,2,0,0,1,0,0
2024-09-18T12:56:00.000000,35.945403833333,14.902466666667,2,0,0,1,0,0
2024-09-18T12:57:00.000000,35.945399333333,14.9024775,2,0,0,1,0,0
2024-09-18T12:58:00.000000,35.9453975,14.9024925,2,0,0,1,0,0
2024-09-18T12:59:00.000000,35.945398,14.9025115,2,0,0,1,0,0
2024-09-18T13:00:00.000000,35.945401166667,14.902532666667,2,0,0,1,0,0
2024-09-18T13:01:00.000000,35.945412166667,14.902548666667,2,0,0,1,0,0
2024-09-18T13:02:00.000000,35.945428166667,14.902560166667,2,0,0,1,0,0
2024-09-18T13:03:00.000000,35.945449666667,14.902564833333,2,0,0,1,0,0
2024-09-18T13:04:00.000000,35.945474166667,14.902561166667,2,0,0,1,0,0
2024-09-18T13:05:00.000000,35.945495,14.9025505,2,0,0,1,0,0
2024-09-18T13:06:00.000000,35.945513333333,14.902537333333,2,0,0,1,0,0
2024-09-18T13:07:00.000000,35.945527833333,14.9025245,2,0,0,1,0,0
2024-09-18T13:08:00.000000,35.9455435,14.902515,2,0,0,1,0,0
2024-09-18T13:09:00.000000,35.945564333333,14.902512,2,0,0,1,0,0
2024-09-18T13:10:00.000000,35.9455935,14.902515666667,2,0,0,1,0,0
2024-09-18T13:11:00.000000,35.9456255,14.902523333333,2,0,0,1,0,0
2024-09-18T13:12:00.000000,35.9456635,14.902531166667,2,0,0,1,0,0
2024-09-18T13:13:00.000000,35.945698833333,14.902537833333,2,0,0,1,0,0
2024-09-18T13:14:00.000000,35.945732833333,14.902543833333,2,0,0,1,0,0
2024-09-18T13:15:00.000000,35.945761333333,14.902551666667,2,0,0,1,0,0
2024-09-18T13:16:00.000000,35.945786666667,14.902557166667,2,0,0,1,0,0
2024-09-18T13:17:00.000000,35.945810166667,14.902558333333,2,0,0,1,0,0
2024-09-18T13:18:00.000000,35.9458265,14.902557,2,0,0,1,0,0
2024-09-18T13:19:00.000000,35.9458375,14.902553833333,2,0,0,1,0,0
2024-09-18T13:20:00.000000,35.945842,14.902553166667,2,0,0,1,0,0
2024-09-18T13:21:00.000000,35.945841833333,14.902551166667,2,0,0,1,0,0
2024-09-18T13:22:00.000000,35.945835666667,14.902549333333,2,0,0,1,0,0
2024-09-18T13:23:00.000000,35.945820833333,14.902548,2,0,0,1,0,0
2024-09-18T13:24:00.000000,35.945800666667,14.902549666667,2,0,0,1,0,0
2024-09-18T13:25:00.000000,35.945776666667,14.902559666667,2,0,0,1,0,0
2024-09-18T13:26:00.000000,35.945757666667,14.902575333333,2,0,0,1,0,0
2024-09-18T13:27:00.000000,35.945744,14.902593833333,2,0,0,1,0,0
2024-09-18T13:28:00.000000,35.945741,14.9026155,2,0,0,1,0,0
2024-09-18T13:29:00.000000,35.945748,14.9026345,2,0,0,1,0,0
2024-09-18T13:30:00.000000,35.9457615,14.902646833333,2,0,0,1,0,0
2024-09-18T13:31:00.000000,35.945784166667,14.902650833333,2,0,0,1,0,0
2024-09-18T13:32:00.000000,35.945813833333,14.902649166667,2,0,0,1,0,0
2024-09-18T13:33:00.000000,35.945839666667,14.902638833333,2,0,0,1,0,0
2024-09-18T13:34:00.000000,35.945866333333,14.902621,2,0,0,1,0,0
2024-09-18T13:35:00.000000,35.945893666667,14.902604833333,2,0,0,1,0,0
2024-09-18T13:36:00.000000,35.9459125,14.902594666667,2,0,0,1,0,0
2024-09-18T13:37:00.000000,35.945928333333,14.902594166667,2,0,0,1,0,0
2024-09-18T13:38:00.000000,35.945941,14.9026015,2,0,0,1,0,0
2024-09-18T13:39:00.000000,35.945957,14.902613166667,2,0,0,1,0,0
2024-09-18T13:40:00.000000,35.945971166667,14.902625,2,0,0,1,0,0
2024-09-18T13:41:00.000000,35.945985,14.902632333333,2,0,0,1,0,0
2024-09-18T13:42:00.000000,35.946002,14.902634333333,2,0,0,1,0,0
2024-09-18T13:43:00.000000,35.946020666667,14.9026315,2,0,0,1,0,0
2024-09-18T13:44:00.000000,35.946041166667,14.902624,2,0,0,1,0,0
2024-09-18T13:45:00.000000,35.946060333333,14.902613666667,2,0,0,1,0,0
2024-09-18T13:46:00.000000,35.9460815,14.902596333333,2,0,0,1,0,0
2024-09-18T13:47:00.000000,35.946102166667,14.902579,2,0,0,1,0,0
2024-09-18T13:48:00.000000,35.946122166667,14.902560666667,2,0,0,1,0,0
2024-09-18T13:49:00.000000,35.946137,14.902545833333,2,0,0,1,0,0
2024-09-18T13:50:00.000000,35.946139666667,14.9025415,2,0,0,1,0,0
2024-09-18T13:51:00.000000,35.946136,14.902546833333,2,0,0,1,0,0
2024-09-18T13:52:00.000000,35.946130833333,14.9025575,2,0,0,1,0,0
2024-09-18T13:53:00.000000,35.946125166667,14.902571333333,2,0,0,1,0,0
2024-09-18T13:54:00.000000,35.946119,14.902588,2,0,0,1,0,0
2024-09-18T13:55:00.000000,35.946115666667,14.902605166667,2,0,0,1,0,0
2024-09-18T13:56:00.000000,35.946114166667,14.902619166667,2,0,0,1,0,0
2024-09-18T13:57:00.000000,35.946114166667,14.9026275,2,0,0,1,0,0
2024-09-18T13:58:00.000000,35.946113666667,14.902631833333,2,0,0,1,0,0
2024-09-18T13:59:00.000000,35.946108666667,14.902632666667,2,0,0,1,0,0
2024-09-18T14:00:00.000000,35.946096666667,14.9026275,2,0,0,1,0,0
2024-09-18T14:01:00.000000,35.946082,14.902618,2,0,0,1,0,0
2024-09-18T14:02:00.000000,35.946066166667,14.9026095,2,0,0,1,0,0
2024-09-18T14:03:00.000000,35.946048,14.9026015,2,0,0,1,0,0
2024-09-18T14:04:00.000000,35.946028333333,14.9025945,2,0,0,1,0,0
2024-09-18T14:05:00.000000,35.946007833333,14.902582666667,2,0,0,1,0,0
2024-09-18T14:06:00.000000,35.945984166667,14.902568833333,2,0,0,1,0,0
2024-09-18T14:07:00.000000,35.945957833333,14.9025575,2,0,0,1,0,0
2024-09-18T14:08:00.000000,35.945933166667,14.902548833333,2,0,0,1,0,0
2024-09-18T14:09:00.000000,35.945910666667,14.9025505,2,0,0,1,0,0
2024-09-18T14:10:00.000000,35.945885833333,14.902568,2,0,0,1,0,0
2024-09-18T14:11:00.000000,35.945863166667,14.902593,2,0,0,1,0,0
2024-09-18T14:12:00.000000,35.945846833333,14.9026175,2,0,0,1,0,0
2024-09-18T14:13:00.000000,35.945837166667,14.902634,2,0,0,1,0,0
2024-09-18T14:14:00.000000,35.945833666667,14.902641833333,2,0,0,1,0,0
2024-09-18T14:15:00.000000,35.945844166667,14.9026455,2,0,0,1,0,0
2024-09-18T14:16:00.000000,35.945868,14.902652833333,2,0,0,1,0,0
2024-09-18T14:17:00.000000,35.945901166667,14.902670166667,2,0,0,1,0,0
2024-09-18T14:18:00.000000,35.945941333333,14.902702833333,2,0,0,1,0,0
2024-09-18T14:19:00.000000,35.945986833333,14.902743833333,2,0,0,1,0,0
2024-09-18T14:20:00.000000,35.946030833333,14.902801,2,0,0,1,0,0
2024-09-18T14:21:00.000000,35.946069333333,14.902861833333,2,0,0,1,0,0
2024-09-18T14:22:00.000000,35.946098833333,14.902935333333,2,0,0,1,0,0
2024-09-18T14:23:00.000000,35.946098333333,14.903032166667,2,0,0,1,0,0
2024-09-18T14:24:00.000000,35.946052333333,14.903156833333,2,0,0,1,0,0
2024-09-18T14:25:00.000000,35.9459475,14.9033085,2,0,0,1,0,0
2024-09-18T14:26:00.000000,35.945793166667,14.903479,2,0,0,1,0,0
2024-09-18T14:27:00.000000,35.9455925,14.903651166667,2,0,0,1,0,0
2024-09-18T14:28:00.000000,35.945362,14.903795166667,2,0,0,1,0,0
2024-09-18T14:29:00.000000,35.945125333333,14.903895166667,2,0,0,1,0,0
2024-09-18T14:30:00.000000,35.944885166667,14.90395,2,0,0,1,0,0
2024-09-18T14:31:00.000000,35.944659833333,14.903949166667,2,0,0,1,0,0
2024-09-18T14:32:00.000000,35.944472666667,14.9038965,2,0,0,1,0,0
2024-09-18T14:33:00.000000,35.9443395,14.903802833333,2,0,0,1,0,0
2024-09-18T14:34:00.000000,35.944259166667,14.903696833333,2,0,0,1,0,0
2024-09-18T14:35:00.000000,35.9442165,14.903602,2,0,0,1,0,0
2024-09-18T14:36:00.000000,35.9441925,14.903530333333,2,0,0,1,0,0
2024-09-18T14:37:00.000000,35.9441755,14.903478333333,2,0,0,1,0,0
2024-09-18T14:38:00.000000,35.944162333333,14.903447166667,2,0,0,1,0,0
2024-09-18T14:39:00.000000,35.944152,14.9034405,2,0,0,1,0,0
2024-09-18T14:40:00.000000,35.9441445,14.9034555,2,0,0,1,0,0
2024-09-18T14:41:00.000000,35.944139833333,14.903492833333,2,0,0,1,0,0
2024-09-18T14:42:00.000000,35.944136833333,14.903541333333,2,0,0,1,0,0
2024-09-18T14:43:00.000000,35.944137666667,14.903591,2,0,0,1,0,0
2024-09-18T14:44:00.000000,35.944147666667,14.903627,2,0,0,1,0,0
2024-09-18T14:45:00.000000,35.944171333333,14.903640166667,2,0,0,1,0,0
2024-09-18T14:46:00.000000,35.944200333333,14.903620333333,2,0,0,1,0,0
2024-09-18T14:47:00.000000,35.944232833333,14.903584,2,0,0,1,0,0
2024-09-18T14:48:00.000000,35.9442725,14.903560166667,2,0,0,1,0,0
2024-09-18T14:49:00.000000,35.944300666667,14.903543166667,2,0,0,1,0,0
2024-09-18T14:50:00.000000,35.944323,14.903547166667,2,0,0,1,0,0
2024-09-18T14:51:00.000000,35.944328333333,14.903567666667,2,0,0,1,0,0
2024-09-18T14:52:00.000000,35.944314,14.903595333333,2,0,0,1,0,0
2024-09-18T14:53:00.000000,35.944289833333,14.903626333333,2,0,0,1,0,0
2024-09-18T14:54:00.000000,35.944254,14.903649666667,2,0,0,1,0,0
2024-09-18T14:55:00.000000,35.944204833333,14.903649333333,2,0,0,1,0,0
2024-09-18T14:56:00.000000,35.944152666667,14.903635333333,2,0,0,1,0,0
2024-09-18T14:57:00.000000,35.944104666667,14.903610333333,2,0,0,1,0,0
2024-09-18T14:58:00.000000,35.9440665,14.903577666667,2,0,0,1,0,0
2024-09-18T14:59:00.000000,35.944044166667,14.903537833333,2,0,0,1,0,0
2024-09-18T15:00:00.000000,35.944032,14.903501833333,2,0,0,1,0,0
2024-09-18T15:01:00.000000,35.944024166667,14.9034755,2,0,0,1,0,0
2024-09-18T15:02:00.000000,35.944017,14.903453833333,2,0,0,1,0,0
2024-09-18T15:03:00.000000,35.944004833333,14.903431833333,2,0,0,1,0,0
2024-09-18T15:04:00.000000,35.943984666667,14.903414166667,2,0,0,1,0,0
2024-09-18T15:05:00.000000,35.943968333333,14.903404333333,2,0,0,1,0,0
2024-09-18T15:06:00.000000,35.943937833333,14.903394,2,0,0,1,0,0
2024-09-18T15:07:00.000000,35.943908,14.903379333333,2,0,0,1,0,0
2024-09-18T15:08:00.000000,35.943870333333,14.903356,2,0,0,1,0,0
2024-09-18T15:09:00.000000,35.943834666667,14.903323166667,2,0,0,1,0,0
2024-09-18T15:10:00.000000,35.943809333333,14.9032835,2,0,0,1,0,0
2024-09-18T15:11:00.000000,35.943792666667,14.903241666667,2,0,0,1,0,0
2024-09-18T15:12:00.000000,35.9437855,14.903208833333,2,0,0,1,0,0
2024-09-18T15:13:00.000000,35.943786166667,14.9031935,2,0,0,1,0,0
2024-09-18T15:14:00.000000,35.9437945,14.903193333333,2,0,0,1,0,0
2024-09-18T15:15:00.000000,35.943815666667,14.903204333333,2,0,0,1,0,0
2024-09-18T15:16:00.000000,35.943844333333,14.903228166667,2,0,0,1,0,0
2024-09-18T15:17:00.000000,35.943876666667,14.903256333333,2,0,0,1,0,0
2024-09-18T15:18:00.000000,35.943907,14.903283833333,2,0,0,1,0,0
2024-09-18T15:19:00.000000,35.9439335,14.9033185,2,0,0,1,0,0
2024-09-18T15:20:00.000000,35.943957,14.903359166667,2,0,0,1,0,0
2024-09-18T15:21:00.000000,35.943979666667,14.903408833333,2,0,0,1,0,0
2024-09-18T15:22:00.000000,35.9439985,14.903452333333,2,0,0,1,0,0
2024-09-18T15:23:00.000000,35.944015833333,14.903492,2,0,0,1,0,0
2024-09-18T15:24:00.000000,35.9440265,14.903518166667,2,0,0,1,0,0
2024-09-18T15:25:00.000000,35.944035166667,14.903517166667,2,0,0,1,0,0
2024-09-18T15:26:00.000000,35.944058166667,14.9035035,2,0,0,1,0,0
2024-09-18T15:27:00.000000,35.944087,14.9034875,2,0,0,1,0,0
2024-09-18T15:28:00.000000,35.944105333333,14.903471166667,2,0,0,1,0,0
2024-09-18T15:29:00.000000,35.944115833333,14.903467833333,2,0,0,1,0,0
2024-09-18T15:30:00.000000,35.944114,14.903484666667,2,0,0,1,0,0
2024-09-18T15:31:00.000000,35.944096,14.903509666667,2,0,0,1,0,0
2024-09-18T15:32:00.000000,35.944059,14.9035175,2,0,0,1,0,0
2024-09-18T15:33:00.000000,35.944010166667,14.903504166667,2,0,0,1,0,0
2024-09-18T15:34:00.000000,35.943958833333,14.903465833333,2,0,0,1,0,0
2024-09-18T15:35:00.000000,35.943916333333,14.903409833333,2,0,0,1,0,0
2024-09-18T15:36:00.000000,35.943886166667,14.903342,2,0,0,1,0,0
2024-09-18T15:37:00.000000,35.943874833333,14.903280666667,2,0,0,1,0,0
2024-09-18T15:38:00.000000,35.943871333333,14.903235666667,2,0,0,1,0,0
2024-09-18T15:39:00.000000,35.943875833333,14.903208666667,2,0,0,1,0,0
2024-09-18T15:40:00.000000,35.943877333333,14.903198,2,0,0,1,0,0
2024-09-18T15:41:00.000000,35.943877166667,14.9032025,2,0,0,1,0,0
2024-09-18T15:42:00.000000,35.943873833333,14.903217666667,2,0,0,1,0,0
2024-09-18T15:43:00.000000,35.943871666667,14.903249333333,2,0,0,1,0,0
2024-09-18T15:44:00.000000,35.943880333333,14.903307166667,2,0,0,1,0,0
2024-09-18T15:45:00.000000,35.943882,14.903352,2,0,0,1,0,0
2024-09-18T15:46:00.000000,35.943885833333,14.903378333333,2,0,0,1,0,0
2024-09-18T15:47:00.000000,35.9438905,14.903379166667,2,0,0,1,0,0
2024-09-18T15:48:00.000000,35.9439025,14.903361333333,2,0,0,1,0,0
2024-09-18T15:49:00.000000,35.9439185,14.903331,2,0,0,1,0,0
2024-09-18T15:50:00.000000,35.94393,14.903297166667,2,0,0,1,0,0
2024-09-18T15:51:00.000000,35.943932666667,14.9032665,2,0,0,1,0,0
2024-09-18T15:52:00.000000,35.943927166667,14.903244666667,2,0,0,1,0,0
2024-09-18T15:53:00.000000,35.9439165,14.903236833333,2,0,0,1,0,0
2024-09-18T15:54:00.000000,35.9438985,14.903242166667,2,0,0,1,0,0
2024-09-18T15:55:00.000000,35.943877,14.903254666667,2,0,0,1,0,0
2024-09-18T15:56:00.000000,35.943851166667,14.903277833333,2,0,0,1,0,0
2024-09-18T15:57:00.000000,35.943825833333,14.9033005,2,0,0,1,0,0
2024-09-18T15:58:00.000000,35.943809166667,14.903318,2,0,0,1,0,0
2024-09-18T15:59:00.000000,35.943809666667,14.903314833333,2,0,0,1,0,0
2024-09-18T16:00:00.000000,35.943828833333,14.903295833333,2,0,0,1,0,0
2024-09-18T16:01:00.000000,35.943862833333,14.903270166667,2,0,0,1,0,0
2024-09-18T16:02:00.000000,35.943899333333,14.903245,2,0,0,1,0,0
2024-09-18T16:03:00.000000,35.94394,14.903235833333,2,0,0,1,0,0
2024-09-18T16:04:00.000000,35.9439695,14.903248,2,0,0,1,0,0
2024-09-18T16:05:00.000000,35.943988166667,14.903282,2,0,0,1,0,0
2024-09-18T16:06:00.000000,35.944002666667,14.903334666667,2,0,0,1,0,0
2024-09-18T16:07:00.000000,35.944010333333,14.903404833333,2,0,0,1,0,0
2024-09-18T16:08:00.000000,35.944011833333,14.903485166667,2,0,0,1,0,0
2024-09-18T16:09:00.000000,35.944012,14.903555166667,2,0,0,1,0,0
2024-09-18T16:10:00.000000,35.944019833333,14.9036005,2,0,0,1,0,0
2024-09-18T16:11:00.000000,35.944041833333,14.903602333333,2,0,0,1,0,0
2024-09-18T16:12:00.000000,35.944066,14.903562,2,0,0,1,0,0
2024-09-18T16:13:00.000000,35.944088666667,14.903504666667,2,0,0,1,0,0
2024-09-18T16:14:00.000000,35.944102666667,14.903452,2,0,0,1,0,0
2024-09-18T16:15:00.000000,35.944101166667,14.90342,2,0,0,1,0,0
2024-09-18T16:16:00.000000,35.944078833333,14.903407833333,2,0,0,1,0,0
2024-09-18T16:17:00.000000,35.944036,14.903421166667,2,0,0,1,0,0
2024-09-18T16:18:00.000000,35.943974166667,14.903444833333,2,0,0,1,0,0
2024-09-18T16:19:00.000000,35.943900833333,14.903461833333,2,0,0,1,0,0
2024-09-18T16:20:00.000000,35.943841833333,14.903437833333,2,0,0,1,0,0
2024-09-18T16:21:00.000000,35.943818333333,14.903376666667,2,0,0,1,0,0
2024-09-18T16:22:00.000000,35.943832666667,14.903308166667,2,0,0,1,0,0
2024-09-18T16:23:00.000000,35.943873833333,14.903260833333,2,0,0,1,0,0
2024-09-18T16:24:00.000000,35.943935833333,14.903246333333,2,0,0,1,0,0
2024-09-18T16:25:00.000000,35.944006833333,14.903269166667,2,0,0,1,0,0
2024-09-18T16:26:00.000000,35.944106166667,14.903284333333,2,0,0,1,0,0
2024-09-18T16:27:00.000000,35.9442275,14.903271833333,2,0,0,1,0,0
2024-09-18T16:28:00.000000,35.9443495,14.903251166667,2,0,0,1,0,0
2024-09-18T16:29:00.000000,35.944464166667,14.9032135,2,0,0,1,0,0
2024-09-18T16:30:00.000000,35.944561333333,14.903157,2,0,0,1,0,0
2024-09-18T16:31:00.000000,35.944632833333,14.903085166667,2,0,0,1,0,0
2024-09-18T16:32:00.000000,35.944673,14.903004,2,0,0,1,0,0
2024-09-18T16:33:00.000000,35.944669,14.902853166667,2,0,0,1,0,0
2024-09-18T16:34:00.000000,35.944632333333,14.902669166667,2,0,0,1,0,0
2024-09-18T16:35:00.000000,35.944588333333,14.902483,2,0,0,1,0,0
2024-09-18T16:36:00.000000,35.944542666667,14.902302833333,2,0,0,1,0,0
2024-09-18T16:37:00.000000,35.944500333333,14.902095,2,0,0,1,0,0
2024-09-18T16:38:00.000000,35.944478666667,14.901914833333,2,0,0,1,0,0
2024-09-18T16:39:00.000000,35.9444835,14.901767333333,2,0,0,1,0,0
2024-09-18T16:40:00.000000,35.944514166667,14.901687,2,0,0,1,0,0
2024-09-18T16:41:00.000000,35.944592833333,14.901658666667,2,0,0,1,0,0
2024-09-18T16:42:00.000000,35.944684166667,14.901712,2,0,0,1,0,0
2024-09-18T16:43:00.000000,35.94475,14.901828,2,0,0,1,0,0
2024-09-18T16:44:00.000000,35.944791833333,14.901986166667,2,0,0,1,0,0
2024-09-18T16:45:00.000000,35.944815,14.902176833333,2,0,0,1,0,0
2024-09-18T16:46:00.000000,35.944824833333,14.9024055,2,0,0,1,0,0
2024-09-18T16:47:00.000000,35.944841833333,14.902663833333,2,0,0,1,0,0
2024-09-18T16:48:00.000000,35.944913833333,14.902964,2,0,0,1,0,0
2024-09-18T16:49:00.000000,35.944957666667,14.903258833333,2,0,0,1,0,0
2024-09-18T16:50:00.000000,35.945033333333,14.9035935,2,0,0,1,0,0
2024-09-18T16:51:00.000000,35.945198166667,14.903983166667,2,0,0,1,0,0
2024-09-18T16:52:00.000000,35.945429166667,14.904379333333,2,0,0,1,0,0
2024-09-18T16:53:00.000000,35.945774,14.904773333333,2,0,0,1,0,0
2024-09-18T16:54:00.000000,35.946192333333,14.904935833333,4,0,0,0,0,1
2024-09-18T16:55:00.000000,35.946789,14.9048855,4,0,0,0,0,1
2024-09-18T16:56:00.000000,35.947585,14.9046955,4,0,0,0,0,1
2024-09-18T16:57:00.000000,35.948507833333,14.904329166667,4,0,0,0,0,1
2024-09-18T16:58:00.000000,35.9494525,14.903711,4,0,0,0,0,1
2024-09-18T16:59:00.000000,35.950460833333,14.902956166667,4,0,0,0,0,1
2024-09-18T17:00:00.000000,35.951443666667,14.902017833333,4,0,0,0,0,1
2024-09-18T17:01:00.000000,35.952454666667,14.900928166667,4,0,0,0,0,1
2024-09-18T17:02:00.000000,35.953602,14.899650333333,4,0,0,0,0,1
2024-09-18T17:03:00.000000,35.954959,14.898108,4,0,0,0,0,1
2024-09-18T17:04:00.000000,35.956491333333,14.896334,4,0,0,0,0,1
2024-09-18T17:05:00.000000,35.9581315,14.894317833333,4,0,0,0,0,1
2024-09-18T17:06:00.000000,35.959867666667,14.892065833333,4,0,0,0,0,1
2024-09-18T17:07:00.000000,35.96163,14.889622666667,4,0,0,0,0,1
2024-09-18T17:08:00.000000,35.963442166667,14.8870445,4,0,0,0,0,1
2024-09-18T17:09:00.000000,35.965300666667,14.884379666667,4,0,0,0,0,1
2024-09-18T17:10:00.000000,35.967123333333,14.881570166667,4,0,0,0,0,1
2024-09-18T17:11:00.000000,35.968920666667,14.878665,4,0,0,0,0,1
2024-09-18T17:12:00.000000,35.970654333333,14.875626666667,4,0,0,0,0,1
2024-09-18T17:13:00.000000,35.972391666667,14.872526,4,0,0,0,0,1
2024-09-18T17:14:00.000000,35.974071166667,14.869329333333,4,0,0,0,0,1
2024-09-18T17:15:00.000000,35.975619333333,14.866015333333,4,0,0,0,0,1
2024-09-18T17:16:00.000000,35.977013833333,14.862557166667,4,0,0,0,0,1
2024-09-18T17:17:00.000000,35.9782115,14.858939666667,4,0,0,0,0,1
2024-09-18T17:18:00.000000,35.979245666667,14.855236166667,4,0,0,0,0,1
2024-09-18T17:19:00.000000,35.980127333333,14.851404666667,4,0,0,0,0,1
2024-09-18T17:20:00.000000,35.980978333333,14.847521833333,4,0,0,0,0,1
2024-09-18T17:21:00.000000,35.9816055,14.843531166667,4,0,0,0,0,1
2024-09-18T17:22:00.000000,35.982217166667,14.839493,4,0,0,0,0,1
2024-09-18T17:23:00.000000,35.9826255,14.835401,4,0,0,0,0,1
2024-09-18T17:24:00.000000,35.982905166667,14.831291833333,4,0,0,0,0,1
2024-09-18T17:25:00.000000,35.982988166667,14.827165333333,4,0,0,0,0,1
2024-09-18T17:26:00.000000,35.982817666667,14.823037,4,0,0,0,0,1
2024-09-18T17:27:00.000000,35.9824045,14.818913,4,0,0,0,0,1
2024-09-18T17:28:00.000000,35.9818375,14.814757666667,4,0,0,0,0,1
2024-09-18T17:29:00.000000,35.981226666667,14.810539833333,4,0,0,0,0,1
2024-09-18T17:30:00.000000,35.980610666667,14.806262333333,4,0,0,0,0,1
2024-09-18T17:31:00.000000,35.979954666667,14.801945833333,4,0,0,0,0,1
2024-09-18T17:32:00.000000,35.979300833333,14.797607166667,4,0,0,0,0,1
2024-09-18T17:33:00.000000,35.978637333333,14.793259833333,4,0,0,0,0,1
2024-09-18T17:34:00.000000,35.9779505,14.788919166667,4,0,0,0,0,1
2024-09-18T17:35:00.000000,35.977255166667,14.7845955,4,0,0,0,0,1
2024-09-18T17:36:00.000000,35.976559166667,14.780292,4,0,0,0,0,1
2024-09-18T17:37:00.000000,35.975858833333,14.776005166667,4,0,0,0,0,1
2024-09-18T17:38:00.000000,35.975160333333,14.771731166667,4,0,0,0,0,1
2024-09-18T17:39:00.000000,35.974459666667,14.767461333333,4,0,0,0,0,1
2024-09-18T17:40:00.000000,35.973772166667,14.763189166667,4,0,0,0,0,1
2024-09-18T17:41:00.000000,35.973066833333,14.758920833333,4,0,0,0,0,1
2024-09-18T17:42:00.000000,35.972378833333,14.754642166667,4,0,0,0,0,1
2024-09-18T17:43:00.000000,35.9716815,14.7503605,4,0,0,0,0,1
2024-09-18T17:44:00.000000,35.970986,14.7460745,4,0,0,0,0,1
2024-09-18T17:45:00.000000,35.9702875,14.741782333333,4,0,0,0,0,1
2024-09-18T17:46:00.000000,35.969576,14.737490333333,4,0,0,0,0,1
2024-09-18T17:47:00.000000,35.968830666667,14.7332145,4,0,0,0,0,1
2024-09-18T17:48:00.000000,35.9680435,14.728957666667,4,0,0,0,0,1
2024-09-18T17:49:00.000000,35.967187,14.724714,4,0,0,0,0,1
2024-09-18T17:50:00.000000,35.966359833333,14.72048,4,0,0,0,0,1
2024-09-18T17:51:00.000000,35.965497,14.7162705,4,0,0,0,0,1
2024-09-18T17:52:00.000000,35.96477,14.7120535,4,0,0,0,0,1
2024-09-18T17:53:00.000000,35.964153333333,14.7078355,4,0,0,0,0,1
2024-09-18T17:54:00.000000,35.9635625,14.703621333333,4,0,0,0,0,1
2024-09-18T17:55:00.000000,35.962962166667,14.699409333333,4,0,0,0,0,1
2024-09-18T17:56:00.000000,35.962370333333,14.6951805,4,0,0,0,0,1
2024-09-18T17:57:00.000000,35.961760333333,14.690978333333,4,0,0,0,0,1
2024-09-18T17:58:00.000000,35.961165666667,14.686821833333,4,0,0,0,0,1
2024-09-18T17:59:00.000000,35.960575166667,14.682727666667,4,0,0,0,0,1
2024-09-18T18:00:00.000000,35.960008333333,14.678698833333,4,0,0,0,0,1
2024-09-18T18:01:00.000000,35.959435333333,14.674747166667,4,0,0,0,0,1
2024-09-18T18:02:00.000000,35.958886333333,14.670865,4,0,0,0,0,1
2024-09-18T18:03:00.000000,35.958350166667,14.667063,4,0,0,0,0,1
2024-09-18T18:04:00.000000,35.9578045,14.663325666667,4,0,0,0,0,1
2024-09-18T18:05:00.000000,35.9572785,14.659627166667,4,0,0,0,0,1
2024-09-18T18:06:00.000000,35.956749166667,14.655881833333,4,0,0,0,0,1
2024-09-18T18:07:00.000000,35.956227166667,14.652200166667,4,0,0,0,0,1
2024-09-18T18:08:00.000000,35.955703,14.648521,4,0,0,0,0,1
2024-09-18T18:09:00.000000,35.955203333333,14.644905666667,4,0,0,0,0,1
2024-09-18T18:10:00.000000,35.954675833333,14.6412385,4,0,0,0,0,1
2024-09-18T18:11:00.000000,35.954179666667,14.637579166667,4,0,0,0,0,1
2024-09-18T18:12:00.000000,35.953602333333,14.633947,4,0,0,0,0,1
2024-09-18T18:13:00.000000,35.95298,14.630319,4,0,0,0,0,1
2024-09-18T18:14:00.000000,35.952369833333,14.626682166667,4,0,0,0,0,1
2024-09-18T18:15:00.000000,35.951682,14.6229885,4,0,0,0,0,1
2024-09-18T18:16:00.000000,35.950929,14.619373833333,4,0,0,0,0,1
2024-09-18T18:17:00.000000,35.949997333333,14.6157975,4,0,0,0,0,1
2024-09-18T18:18:00.000000,35.948953166667,14.6122395,4,0,0,0,0,1
2024-09-18T18:19:00.000000,35.947888666667,14.6086735,4,0,0,0,0,1
2024-09-18T18:20:00.000000,35.946832,14.605093,4,0,0,0,0,1
2024-09-18T18:21:00.000000,35.9457695,14.601502666667,4,0,0,0,0,1
2024-09-18T18:22:00.000000,35.944694166667,14.597922833333,4,0,0,0,0,1
2024-09-18T18:23:00.000000,35.9436335,14.5943705,4,0,0,0,0,1
2024-09-18T18:24:00.000000,35.942591166667,14.590859666667,4,0,0,0,0,1
2024-09-18T18:25:00.000000,35.9415265,14.587440166667,4,0,0,0,0,1
2024-09-18T18:26:00.000000,35.9404415,14.584159,4,0,0,0,0,1
2024-09-18T18:27:00.000000,35.939326,14.5809825,4,0,0,0,0,1
2024-09-18T18:28:00.000000,35.938173833333,14.577879333333,4,0,0,0,0,1
2024-09-18T18:29:00.000000,35.937026,14.574802666667,4,0,0,0,0,1
2024-09-18T18:30:00.000000,35.935886833333,14.571740166667,4,0,0,0,0,1
2024-09-18T18:31:00.000000,35.934663666667,14.5687065,4,0,0,0,0,1
2024-09-18T18:32:00.000000,35.933449833333,14.565656833333,4,0,0,0,0,1
2024-09-18T18:33:00.000000,35.932185166667,14.562614666667,4,0,0,0,0,1
2024-09-18T18:34:00.000000,35.9308745,14.559587833333,4,0,0,0,0,1
2024-09-18T18:35:00.000000,35.929575666667,14.556581,4,0,0,0,0,1
2024-09-18T18:36:00.000000,35.9281715,14.553641833333,4,0,0,0,0,1
2024-09-18T18:37:00.000000,35.926751833333,14.550692,4,0,0,0,0,1
2024-09-18T18:38:00.000000,35.925409333333,14.547757666667,4,0,0,0,0,1
2024-09-18T18:39:00.000000,35.924005333333,14.5451915,4,0,0,0,0,1
2024-09-18T18:40:00.000000,35.922194833333,14.543416833333,4,0,0,0,0,1
2024-09-18T18:41:00.000000,35.920276333333,14.5419895,4,0,0,0,0,1
2024-09-18T18:42:00.000000,35.918411833333,14.540612666667,4,0,0,0,0,1
2024-09-18T18:43:00.000000,35.916651166667,14.539396166667,4,0,0,0,0,1
2024-09-18T18:44:00.000000,35.915076333333,14.538226666667,4,0,0,0,0,1
2024-09-18T18:45:00.000000,35.913605,14.537158833333,4,0,0,0,0,1
2024-09-18T18:46:00.000000,35.912238666667,14.536136,4,0,0,0,0,1
2024-09-18T18:47:00.000000,35.9109705,14.5351485,4,0,0,0,0,1
2024-09-18T18:48:00.000000,35.909798666667,14.534171833333,4,0,0,0,0,1
2024-09-18T18:49:00.000000,35.908673666667,14.533239,4,0,0,0,0,1
2024-09-18T18:50:00.000000,35.907579,14.532345666667,4,0,0,0,0,1
2024-09-18T18:51:00.000000,35.906507,14.5314755,4,0,0,0,0,1
2024-09-18T18:52:00.000000,35.9053995,14.530593166667,4,0,0,0,0,1
2024-09-18T18:53:00.000000,35.904251166667,14.529686666667,4,0,0,0,0,1
2024-09-18T18:54:00.000000,35.903167666667,14.528584333333,4,0,0,0,0,1
2024-09-18T18:55:00.000000,35.902232333333,14.527225833333,4,0,0,0,0,1
2024-09-18T18:56:00.000000,35.901488333333,14.525666333333,4,0,0,0,0,1
2024-09-18T18:57:00.000000,35.900959166667,14.523927,4,0,0,0,0,1
2024-09-18T18:58:00.000000,35.900178,14.522385666667,4,0,0,0,0,1
2024-09-18T18:59:00.000000,35.899080666667,14.521341,4,0,0,0,0,1
2024-09-18T19:00:00.000000,35.897934,14.520458833333,4,0,0,0,0,1
2024-09-18T19:01:00.000000,35.896889333333,14.519518333333,4,0,0,0,0,1
2024-09-18T19:02:00.000000,35.8959895,14.5185125,4,0,0,0,0,1
2024-09-18T19:03:00.000000,35.895194,14.517503,4,0,0,0,0,1
2024-09-18T19:04:00.000000,35.894479333333,14.516552166667,4,0,0,0,0,1
2024-09-18T19:05:00.000000,35.893838333333,14.5156705,4,0,0,0,0,1
2024-09-18T19:06:00.000000,35.8932315,14.514869833333,4,0,0,0,0,1
2024-09-18T19:07:00.000000,35.892669333333,14.514039166667,4,0,0,0,0,1
2024-09-18T19:08:00.000000,35.892048333333,14.513266666667,4,0,0,0,0,1
2024-09-18T19:09:00.000000,35.891425666667,14.5125755,4,0,0,0,0,1
2024-09-18T19:10:00.000000,35.890820333333,14.511948333333,4,0,0,0,0,1
2024-09-18T19:11:00.000000,35.890203166667,14.511441833333,4,0,0,0,0,1
2024-09-18T19:12:00.000000,35.88959,14.5110195,4,0,0,0,0,1
2024-09-18T19:13:00.000000,35.888961333333,14.510504666667,4,0,0,0,0,1
2024-09-18T19:14:00.000000,35.888257,14.510106666667,4,0,0,0,0,1
2024-09-18T19:15:00.000000,35.887590333333,14.5099355,4,0,0,0,0,1
2024-09-18T19:16:00.000000,35.887052666667,14.5099135,1,0,1,0,0,0
2024-09-18T19:17:00.000000,35.886699833333,14.509992333333,1,0,1,0,0,0
2024-09-18T19:18:00.000000,35.886495833333,14.510160833333,1,0,1,0,0,0
2024-09-18T19:19:00.000000,35.886316666667,14.510266833333,1,0,1,0,0,0
2024-09-18T19:20:00.000000,35.886139833333,14.5103475,1,0,1,0,0,0
2024-09-18T19:21:00.000000,35.886096666667,14.5102815,1,0,1,0,0,0
2024-09-18T19:22:00.000000,35.886084833333,14.5102905,1,0,1,0,0,0
2024-09-18T19:23:00.000000,35.886104666667,14.510324166667,1,0,1,0,0,0
2024-09-18T19:24:00.000000,35.886107166667,14.5103365,1,0,1,0,0,0
2024-09-18T19:25:00.000000,35.8861025,14.510327,1,0,1,0,0,0
2024-09-18T19:26:00.000000,35.886106,14.510328166667,1,0,1,0,0,0
2024-09-18T19:27:00.000000,35.886111666667,14.510326,1,0,1,0,0,0
2024-09-18T19:28:00.000000,35.886101833333,14.510331166667,1,0,1,0,0,0
2024-09-18T19:29:00.000000,35.886101166667,14.510331166667,1,0,1,0,0,0
2024-09-18T19:30:00.000000,35.886101333333,14.510331833333,1,0,1,0,0,0
2024-09-18T19:31:00.000000,35.886101666667,14.510331833333,1,0,1,0,0,0
2024-09-18T19:32:00.000000,35.886103333333,14.510330833333,1,0,1,0,0,0
2024-09-18T19:33:00.000000,35.8861,14.510332166667,1,0,1,0,0,0
2024-09-18T19:34:00.000000,35.886099333333,14.510333166667,1,0,1,0,0,0
2024-09-18T19:35:00.000000,35.886099,14.510332666667,1,0,1,0,0,0
2024-09-18T19:36:00.000000,35.8860995,14.5103325,1,0,1,0,0,0
2024-09-18T19:37:00.000000,35.886099333333,14.510333333333,1,0,1,0,0,0
2024-09-18T19:38:00.000000,35.886099333333,14.510333333333,1,0,1,0,0,0
2024-09-18T19:39:00.000000,35.886098333333,14.510334166667,1,0,1,0,0,0
2024-09-18T19:40:00.000000,35.886099833333,14.5103335,1,0,1,0,0,0
2024-09-18T19:41:00.000000,35.886100166667,14.510333166667,1,0,1,0,0,0
2024-09-18T19:42:00.000000,35.886101166667,14.510332333333,1,0,1,0,0,0
2024-09-18T19:43:00.000000,35.886102666667,14.510331666667,1,0,1,0,0,0
2024-09-18T19:44:00.000000,35.886103333333,14.510331,1,0,1,0,0,0
2024-09-18T19:45:00.000000,35.886103,14.510331,1,0,1,0,0,0
2024-09-18T19:46:00.000000,35.886102666667,14.510331,1,0,1,0,0,0
2024-09-18T19:47:00.000000,35.886103166667,14.510330166667,1,0,1,0,0,0
2024-09-18T19:48:00.000000,35.886104166667,14.510329833333,1,0,1,0,0,0
2024-09-18T19:49:00.000000,35.886104166667,14.510329,1,0,1,0,0,0
2024-09-18T19:50:00.000000,35.886104666667,14.510328333333,1,0,1,0,0,0
2024-09-18T19:51:00.000000,35.886109666667,14.510325333333,1,0,1,0,0,0
2024-09-18T19:52:00.000000,35.8861035,14.510329166667,1,0,1,0,0,0
2024-09-18T19:53:00.000000,35.886105166667,14.5103275,1,0,1,0,0,0
2024-09-18T19:54:00.000000,35.886108333333,14.5103255,1,0,1,0,0,0
2024-09-18T19:55:00.000000,35.886104666667,14.510329166667,1,0,1,0,0,0
2024-09-18T19:56:00.000000,35.886101166667,14.510332333333,1,0,1,0,0,0
2024-09-18T19:57:00.000000,35.8861015,14.510333166667,1,0,1,0,0,0
2024-09-18T19:58:00.000000,35.886102,14.510333,1,0,1,0,0,0
2024-09-18T19:59:00.000000,35.886102833333,14.510332333333,1,0,1,0,0,0
2024-09-18T20:00:00.000000,35.8861035,14.510332,1,0,1,0,0,0
2024-09-18T20:01:00.000000,35.886102666667,14.510330666667,1,0,1,0,0,0
2024-09-18T20:02:00.000000,35.886102833333,14.510330833333,1,0,1,0,0,0
2024-09-18T20:03:00.000000,35.886103666667,14.510330166667,1,0,1,0,0,0
2024-09-18T20:04:00.000000,35.886111166667,14.510321666667,1,0,1,0,0,0
2024-09-18T20:05:00.000000,35.886112333333,14.5103205,1,0,1,0,0,0
2024-09-18T20:06:00.000000,35.886112,14.5103205,1,0,1,0,0,0
2024-09-18T20:07:00.000000,35.886112333333,14.510320333333,1,0,1,0,0,0
2024-09-18T20:08:00.000000,35.8861125,14.510321,1,0,1,0,0,0
2024-09-18T20:09:00.000000,35.886112333333,14.510320833333,1,0,1,0,0,0
2024-09-18T20:10:00.000000,35.886111666667,14.5103215,1,0,1,0,0,0
2024-09-18T20:11:00.000000,35.886110666667,14.5103225,1,0,1,0,0,0
2024-09-18T20:12:00.000000,35.886110166667,14.510323666667,1,0,1,0,0,0
2024-09-18T20:13:00.000000,35.8861095,14.510324166667,1,0,1,0,0,0
2024-09-18T20:14:00.000000,35.886109666667,14.510323833333,1,0,1,0,0,0
2024-09-18T20:15:00.000000,35.886109833333,14.510324,1,0,1,0,0,0
2024-09-18T20:16:00.000000,35.886110666667,14.510321833333,1,0,1,0,0,0
2024-09-18T20:17:00.000000,35.88611,14.510323166667,1,0,1,0,0,0
2024-09-18T20:18:00.000000,35.8861105,14.510321666667,1,0,1,0,0,0
2024-09-18T20:19:00.000000,35.886109666667,14.510322166667,1,0,1,0,0,0
2024-09-18T20:20:00.000000,35.8861085,14.510325,1,0,1,0,0,0
2024-09-18T20:21:00.000000,35.886108666667,14.510325166667,1,0,1,0,0,0
2024-09-18T20:22:00.000000,35.886108666667,14.5103255,1,0,1,0,0,0
2024-09-18T20:23:00.000000,35.886108666667,14.510325,1,0,1,0,0,0
2024-09-18T20:24:00.000000,35.886108666667,14.510324333333,1,0,1,0,0,0
2024-09-18T20:25:00.000000,35.886108833333,14.510324666667,1,0,1,0,0,0
2024-09-18T20:26:00.000000,35.886108666667,14.510324166667,1,0,1,0,0,0
2024-09-18T20:27:00.000000,35.886110333333,14.510322833333,1,0,1,0,0,0
2024-09-18T20:28:00.000000,35.886116333333,14.510318666667,1,0,1,0,0,0
2024-09-18T20:29:00.000000,35.886115666667,14.5103185,1,0,1,0,0,0
2024-09-18T20:30:00.000000,35.886116666667,14.5103185,1,0,1,0,0,0
2024-09-18T20:31:00.000000,35.886115666667,14.510318,1,0,1,0,0,0
2024-09-18T20:32:00.000000,35.886114166667,14.510317333333,1,0,1,0,0,0
2024-09-18T20:33:00.000000,35.886114833333,14.510319333333,1,0,1,0,0,0
2024-09-18T20:34:00.000000,35.886114333333,14.510320666667,1,0,1,0,0,0
2024-09-18T20:35:00.000000,35.886109833333,14.510319666667,1,0,1,0,0,0
2024-09-18T20:36:00.000000,35.886110666667,14.510319333333,1,0,1,0,0,0
2024-09-18T20:37:00.000000,35.8861085,14.510319333333,1,0,1,0,0,0
2024-09-18T20:38:00.000000,35.886108666667,14.510319333333,1,0,1,0,0,0
2024-09-18T20:39:00.000000,35.8861075,14.510319166667,1,0,1,0,0,0
2024-09-18T20:40:00.000000,35.886106333333,14.5103205,1,0,1,0,0,0
2024-09-18T20:41:00.000000,35.886106166667,14.510322,1,0,1,0,0,0
2024-09-18T20:42:00.000000,35.886107833333,14.510321,1,0,1,0,0,0
2024-09-18T20:43:00.000000,35.886105166667,14.510315666667,1,0,1,0,0,0
2024-09-18T20:44:00.000000,35.886107166667,14.510315833333,1,0,1,0,0,0
2024-09-18T20:45:00.000000,35.886104666667,14.510316333333,1,0,1,0,0,0
2024-09-18T20:46:00.000000,35.886106666667,14.510317666667,1,0,1,0,0,0
2024-09-18T20:47:00.000000,35.886107833333,14.510316,1,0,1,0,0,0
2024-09-18T20:48:00.000000,35.886108,14.510318,1,0,1,0,0,0
2024-09-18T20:49:00.000000,35.886110333333,14.51032,1,0,1,0,0,0
2024-09-18T20:50:00.000000,35.8861115,14.5103205,1,0,1,0,0,0
2024-09-18T20:51:00.000000,35.8861155,14.510324,1,0,1,0,0,0
2024-09-18T20:52:00.000000,35.886114833333,14.510322666667,1,0,1,0,0,0
2024-09-18T20:53:00.000000,35.886116833333,14.510325833333,1,0,1,0,0,0
2024-09-18T20:54:00.000000,35.886114166667,14.5103245,1,0,1,0,0,0
2024-09-18T20:55:00.000000,35.886111833333,14.510321666667,1,0,1,0,0,0
2024-09-18T20:56:00.000000,35.886113,14.51032,1,0,1,0,0,0
2024-09-18T20:57:00.000000,35.886112333333,14.510321,1,0,1,0,0,0
2024-09-18T20:58:00.000000,35.886111333333,14.510322166667,1,0,1,0,0,0
2024-09-18T20:59:00.000000,35.886109666667,14.510321166667,1,0,1,0,0,0
2024-09-18T21:00:00.000000,35.886111,14.510320833333,1,0,1,0,0,0
2024-09-18T21:01:00.000000,35.8861115,14.510321333333,1,0,1,0,0,0
2024-09-18T21:02:00.000000,35.886111,14.510322,1,0,1,0,0,0
2024-09-18T21:03:00.000000,35.886111166667,14.5103225,1,0,1,0,0,0
2024-09-18T21:04:00.000000,35.886107666667,14.510322833333,1,0,1,0,0,0
2024-09-18T21:05:00.000000,35.886103166667,14.510323,1,0,1,0,0,0
2024-09-18T21:06:00.000000,35.886102333333,14.510323,1,0,1,0,0,0
2024-09-18T21:07:00.000000,35.886103333333,14.5103235,1,0,1,0,0,0
2024-09-18T21:08:00.000000,35.886102333333,14.510323833333,1,0,1,0,0,0
2024-09-18T21:09:00.000000,35.886101833333,14.510324666667,1,0,1,0,0,0
2024-09-18T21:10:00.000000,35.8861025,14.510324833333,1,0,1,0,0,0
2024-09-18T21:11:00.000000,35.886104166667,14.510326,1,0,1,0,0,0
2024-09-18T21:12:00.000000,35.886104333333,14.510326166667,1,0,1,0,0,0
2024-09-18T21:13:00.000000,35.886103166667,14.510326333333,1,0,1,0,0,0
2024-09-18T21:14:00.000000,35.886103166667,14.5103265,1,0,1,0,0,0
2024-09-18T21:15:00.000000,35.886103166667,14.510326833333,1,0,1,0,0,0
2024-09-18T21:16:00.000000,35.8861035,14.5103265,1,0,1,0,0,0
2024-09-18T21:17:00.000000,35.886103166667,14.5103265,1,0,1,0,0,0
2024-09-18T21:18:00.000000,35.886104,14.510327166667,1,0,1,0,0,0
2024-09-18T21:19:00.000000,35.8861045,14.510327333333,1,0,1,0,0,0
2024-09-18T21:20:00.000000,35.886107333333,14.510326666667,1,0,1,0,0,0
2024-09-18T21:21:00.000000,35.8861085,14.510326666667,1,0,1,0,0,0
2024-09-18T21:22:00.000000,35.886110166667,14.5103275,1,0,1,0,0,0
2024-09-18T21:23:00.000000,35.886107666667,14.510330166667,1,0,1,0,0,0
2024-09-18T21:24:00.000000,35.886107166667,14.510331166667,1,0,1,0,0,0
2024-09-18T21:25:00.000000,35.886106333333,14.510330833333,1,0,1,0,0,0
2024-09-18T21:26:00.000000,35.886105166667,14.510329833333,1,0,1,0,0,0
2024-09-18T21:27:00.000000,35.886104833333,14.510329833333,1,0,1,0,0,0
2024-09-18T21:28:00.000000,35.886103333333,14.510328666667,1,0,1,0,0,0
2024-09-18T21:29:00.000000,35.886104833333,14.510329,1,0,1,0,0,0
2024-09-18T21:30:00.000000,35.886107333333,14.510328666667,1,0,1,0,0,0
2024-09-18T21:31:00.000000,35.886106833333,14.510328666667,1,0,1,0,0,0
2024-09-18T21:32:00.000000,35.886106833333,14.510329,1,0,1,0,0,0
2024-09-18T21:33:00.000000,35.886108333333,14.510329,1,0,1,0,0,0
2024-09-18T21:34:00.000000,35.886107,14.510329333333,1,0,1,0,0,0
2024-09-18T21:35:00.000000,35.886105333333,14.510328833333,1,0,1,0,0,0
2024-09-18T21:36:00.000000,35.886103166667,14.510327666667,1,0,1,0,0,0
2024-09-18T21:37:00.000000,35.886101166667,14.510326833333,1,0,1,0,0,0
2024-09-18T21:38:00.000000,35.886101166667,14.510326666667,1,0,1,0,0,0
2024-09-18T21:39:00.000000,35.886111666667,14.510334333333,1,0,1,0,0,0
2024-09-18T21:40:00.000000,35.886115333333,14.5103365,1,0,1,0,0,0
2024-09-18T21:41:00.000000,35.886115333333,14.510336166667,1,0,1,0,0,0
2024-09-18T21:42:00.000000,35.886116666667,14.510336333333,1,0,1,0,0,0
2024-09-18T21:43:00.000000,35.886117,14.5103355,1,0,1,0,0,0
2024-09-18T21:44:00.000000,35.886116166667,14.510334333333,1,0,1,0,0,0
2024-09-18T21:45:00.000000,35.886110666667,14.510331666667,1,0,1,0,0,0
2024-09-18T21:46:00.000000,35.8861145,14.5103335,1,0,1,0,0,0
2024-09-18T21:47:00.000000,35.8861155,14.510333,1,0,1,0,0,0
2024-09-18T21:48:00.000000,35.886116166667,14.510332166667,1,0,1,0,0,0
2024-09-18T21:49:00.000000,35.88612,14.510332666667,1,0,1,0,0,0
2024-09-18T21:50:00.000000,35.886115833333,14.510330833333,1,0,1,0,0,0
2024-09-18T21:51:00.000000,35.886116666667,14.510330333333,1,0,1,0,0,0
2024-09-18T21:52:00.000000,35.886117,14.510329666667,1,0,1,0,0,0
2024-09-18T21:53:00.000000,35.8861175,14.51033,1,0,1,0,0,0
2024-09-18T21:54:00.000000,35.886117833333,14.51033,1,0,1,0,0,0
2024-09-18T21:55:00.000000,35.886117333333,14.510329166667,1,0,1,0,0,0
2024-09-18T21:56:00.000000,35.886117833333,14.510328666667,1,0,1,0,0,0
2024-09-18T21:57:00.000000,35.886118333333,14.510328333333,1,0,1,0,0,0
2024-09-18T21:58:00.000000,35.886118166667,14.5103285,1,0,1,0,0,0
2024-09-18T21:59:00.000000,35.886118,14.510329,1,0,1,0,0,0
2024-09-18T22:00:00.000000,35.886117333333,14.510328833333,1,0,1,0,0,0
2024-09-18T22:01:00.000000,35.886117666667,14.510327833333,1,0,1,0,0,0
2024-09-18T22:02:00.000000,35.886121333333,14.510328833333,1,0,1,0,0,0
2024-09-18T22:03:00.000000,35.886121,14.510328833333,1,0,1,0,0,0
2024-09-18T22:04:00.000000,35.88612,14.5103285,1,0,1,0,0,0
2024-09-18T22:05:00.000000,35.8861175,14.510328833333,1,0,1,0,0,0
2024-09-18T22:06:00.000000,35.8861205,14.51033,1,0,1,0,0,0
2024-09-18T22:07:00.000000,35.886122833333,14.5103275,1,0,1,0,0,0
2024-09-18T22:08:00.000000,35.886121166667,14.5103255,1,0,1,0,0,0
2024-09-18T22:09:00.000000,35.8861195,14.510326,1,0,1,0,0,0
2024-09-18T22:10:00.000000,35.886119333333,14.510324166667,1,0,1,0,0,0
2024-09-18T22:11:00.000000,35.886116333333,14.510325166667,1,0,1,0,0,0
2024-09-18T22:12:00.000000,35.8861115,14.5103245,1,0,1,0,0,0
2024-09-18T22:13:00.000000,35.886103333333,14.510325833333,1,0,1,0,0,0
2024-09-18T22:14:00.000000,35.886111833333,14.510324666667,1,0,1,0,0,0
2024-09-18T22:15:00.000000,35.886110833333,14.510325166667,1,0,1,0,0,0
2024-09-18T22:16:00.000000,35.886116166667,14.5103275,1,0,1,0,0,0
2024-09-18T22:17:00.000000,35.886116333333,14.510328,1,0,1,0,0,0
2024-09-18T22:18:00.000000,35.8861165,14.510328333333,1,0,1,0,0,0
2024-09-18T22:19:00.000000,35.886114666667,14.510327833333,1,0,1,0,0,0
2024-09-18T22:20:00.000000,35.8861125,14.510328333333,1,0,1,0,0,0
2024-09-18T22:21:00.000000,35.886110666667,14.510329333333,1,0,1,0,0,0
2024-09-18T22:22:00.000000,35.886108333333,14.510328666667,1,0,1,0,0,0
2024-09-18T22:23:00.000000,35.8861075,14.5103285,1,0,1,0,0,0
2024-09-18T22:24:00.000000,35.886107,14.510328666667,1,0,1,0,0,0
2024-09-18T22:25:00.000000,35.886106666667,14.510328333333,1,0,1,0,0,0
2024-09-18T22:26:00.000000,35.886107,14.510328666667,1,0,1,0,0,0
2024-09-18T22:27:00.000000,35.886108166667,14.510331166667,1,0,1,0,0,0
2024-09-18T22:28:00.000000,35.8861085,14.510330166667,1,0,1,0,0,0
2024-09-18T22:29:00.000000,35.886108166667,14.510330166667,1,0,1,0,0,0
2024-09-18T22:30:00.000000,35.886109666667,14.510329666667,1,0,1,0,0,0
2024-09-18T22:31:00.000000,35.886108333333,14.510329,1,0,1,0,0,0
2024-09-18T22:32:00.000000,35.886108,14.510329166667,1,0,1,0,0,0
2024-09-18T22:33:00.000000,35.886108,14.510325833333,1,0,1,0,0,0
2024-09-18T22:34:00.000000,35.8861075,14.510325666667,1,0,1,0,0,0
2024-09-18T22:35:00.000000,35.886110166667,14.510328,1,0,1,0,0,0
2024-09-18T22:36:00.000000,35.886110666667,14.510327666667,1,0,1,0,0,0
2024-09-18T22:37:00.000000,35.886110833333,14.510327166667,1,0,1,0,0,0
2024-09-18T22:38:00.000000,35.886109833333,14.510324333333,1,0,1,0,0,0
2024-09-18T22:39:00.000000,35.886111333333,14.510325166667,1,0,1,0,0,0
2024-09-18T22:40:00.000000,35.886111833333,14.510325833333,1,0,1,0,0,0
2024-09-18T22:41:00.000000,35.886111166667,14.510326166667,1,0,1,0,0,0
2024-09-18T22:42:00.000000,35.886112,14.510324833333,1,0,1,0,0,0
2024-09-18T22:43:00.000000,35.886111166667,14.510325666667,1,0,1,0,0,0
2024-09-18T22:44:00.000000,35.886112,14.510326333333,1,0,1,0,0,0
2024-09-18T22:45:00.000000,35.886112666667,14.5103245,1,0,1,0,0,0
2024-09-18T22:46:00.000000,35.8861115,14.510325166667,1,0,1,0,0,0
2024-09-18T22:47:00.000000,35.886110166667,14.510325833333,1,0,1,0,0,0
2024-09-18T22:48:00.000000,35.886113166667,14.510328833333,1,0,1,0,0,0
2024-09-18T22:49:00.000000,35.886113666667,14.510327166667,1,0,1,0,0,0
2024-09-18T22:50:00.000000,35.8861115,14.510325666667,1,0,1,0,0,0
2024-09-18T22:51:00.000000,35.886109,14.510322166667,1,0,1,0,0,0
2024-09-18T22:52:00.000000,35.88611,14.510321,1,0,1,0,0,0
2024-09-18T22:53:00.000000,35.886112333333,14.510322666667,1,0,1,0,0,0
2024-09-18T22:54:00.000000,35.886108833333,14.510324666667,1,0,1,0,0,0
2024-09-18T22:55:00.000000,35.886114333333,14.510325,1,0,1,0,0,0
2024-09-18T22:56:00.000000,35.886122833333,14.510322666667,1,0,1,0,0,0
2024-09-18T22:57:00.000000,35.8861185,14.510324333333,1,0,1,0,0,0
2024-09-18T22:58:00.000000,35.886115666667,14.510324,1,0,1,0,0,0
2024-09-18T22:59:00.000000,35.886112,14.510324666667,1,0,1,0,0,0
2024-09-18T23:00:00.000000,35.886112333333,14.510325,1,0,1,0,0,0
2024-09-18T23:01:00.000000,35.886111333333,14.510325333333,1,0,1,0,0,0
2024-09-18T23:02:00.000000,35.886110333333,14.510325666667,1,0,1,0,0,0
2024-09-18T23:03:00.000000,35.886106333333,14.5103305,1,0,1,0,0,0
2024-09-18T23:04:00.000000,35.886104833333,14.510333,1,0,1,0,0,0
2024-09-18T23:05:00.000000,35.8861045,14.510331666667,1,0,1,0,0,0
2024-09-18T23:06:00.000000,35.886103166667,14.510335666667,1,0,1,0,0,0
2024-09-18T23:07:00.000000,35.8861025,14.510336666667,1,0,1,0,0,0
2024-09-18T23:08:00.000000,35.886103,14.510332666667,1,0,1,0,0,0
2024-09-18T23:09:00.000000,35.8861025,14.510329,1,0,1,0,0,0
2024-09-18T23:10:00.000000,35.886101833333,14.51033,1,0,1,0,0,0
2024-09-18T23:11:00.000000,35.886103333333,14.510330666667,1,0,1,0,0,0
2024-09-18T23:12:00.000000,35.886103833333,14.51033,1,0,1,0,0,0
2024-09-18T23:13:00.000000,35.886102833333,14.510331166667,1,0,1,0,0,0
2024-09-18T23:14:00.000000,35.886106333333,14.5103305,1,0,1,0,0,0
2024-09-18T23:15:00.000000,35.886114,14.510323,1,0,1,0,0,0
2024-09-18T23:16:00.000000,35.886112166667,14.51033,1,0,1,0,0,0
2024-09-18T23:17:00.000000,35.8861115,14.5103305,1,0,1,0,0,0
2024-09-18T23:18:00.000000,35.886108166667,14.510325166667,1,0,1,0,0,0
2024-09-18T23:19:00.000000,35.886098333333,14.510333833333,1,0,1,0,0,0
2024-09-18T23:20:00.000000,35.886096166667,14.510334333333,1,0,1,0,0,0
2024-09-18T23:21:00.000000,35.8860985,14.5103345,1,0,1,0,0,0
2024-09-18T23:22:00.000000,35.8860985,14.510334333333,1,0,1,0,0,0
2024-09-18T23:23:00.000000,35.886097666667,14.510335333333,1,0,1,0,0,0
2024-09-18T23:24:00.000000,35.886095333333,14.510340166667,1,0,1,0,0,0
2024-09-18T23:25:00.000000,35.886096666667,14.510336333333,1,0,1,0,0,0
2024-09-18T23:26:00.000000,35.8860945,14.510335333333,1,0,1,0,0,0
2024-09-18T23:27:00.000000,35.8860945,14.5103375,1,0,1,0,0,0
2024-09-18T23:28:00.000000,35.886095166667,14.5103385,1,0,1,0,0,0
2024-09-18T23:29:00.000000,35.886094833333,14.510338833333,1,0,1,0,0,0
2024-09-18T23:30:00.000000,35.886097,14.510338333333,1,0,1,0,0,0
2024-09-18T23:31:00.000000,35.886099166667,14.510339666667,1,0,1,0,0,0
2024-09-18T23:32:00.000000,35.8860985,14.510341333333,1,0,1,0,0,0
2024-09-18T23:33:00.000000,35.886101833333,14.510338833333,1,0,1,0,0,0
2024-09-18T23:34:00.000000,35.8860995,14.510340333333,1,0,1,0,0,0
2024-09-18T23:35:00.000000,35.886100166667,14.5103345,1,0,1,0,0,0
2024-09-18T23:36:00.000000,35.886101666667,14.510336333333,1,0,1,0,0,0
2024-09-18T23:37:00.000000,35.886102833333,14.5103385,1,0,1,0,0,0
2024-09-18T23:38:00.000000,35.886107666667,14.510339,1,0,1,0,0,0
2024-09-18T23:39:00.000000,35.886123166667,14.510331,1,0,1,0,0,0
2024-09-18T23:40:00.000000,35.886124333333,14.510328,1,0,1,0,0,0
2024-09-18T23:41:00.000000,35.886132166667,14.510323666667,1,0,1,0,0,0
2024-09-18T23:42:00.000000,35.886126833333,14.510328833333,1,0,1,0,0,0
2024-09-18T23:43:00.000000,35.886125666667,14.510328,1,0,1,0,0,0
2024-09-18T23:44:00.000000,35.886126,14.510327333333,1,0,1,0,0,0
2024-09-18T23:45:00.000000,35.8861335,14.510322166667,1,0,1,0,0,0
2024-09-18T23:46:00.000000,35.886129,14.510326333333,1,0,1,0,0,0
2024-09-18T23:47:00.000000,35.886128,14.510325666667,1,0,1,0,0,0
2024-09-18T23:48:00.000000,35.886119833333,14.5103285,1,0,1,0,0,0
2024-09-18T23:49:00.000000,35.886130666667,14.510324666667,1,0,1,0,0,0
2024-09-18T23:50:00.000000,35.886119333333,14.510331,1,0,1,0,0,0
2024-09-18T23:51:00.000000,35.886109833333,14.5103315,1,0,1,0,0,0
2024-09-18T23:52:00.000000,35.886110166667,14.51033,1,0,1,0,0,0
2024-09-18T23:53:00.000000,35.886107833333,14.510332333333,1,0,1,0,0,0
2024-09-18T23:54:00.000000,35.886109333333,14.5103305,1,0,1,0,0,0
2024-09-18T23:55:00.000000,35.8861115,14.510324333333,1,0,1,0,0,0
2024-09-18T23:56:00.000000,35.886110666667,14.510323833333,1,0,1,0,0,0
2024-09-18T23:57:00.000000,35.88611,14.510322666667,1,0,1,0,0,0
2024-09-18T23:58:00.000000,35.886111,14.5103215,1,0,1,0,0,0
2024-09-18T23:59:00.000000,35.886116166667,14.5103215,1,0,1,0,0,0
2024-09-19T00:00:00.000000,35.8861095,14.510325166667,1,0,1,0,0,0
2024-09-19T00:01:00.000000,35.886110166667,14.510323666667,1,0,1,0,0,0
2024-09-19T00:02:00.000000,35.886112833333,14.510322833333,1,0,1,0,0,0
2024-09-19T00:03:00.000000,35.886114166667,14.510321166667,1,0,1,0,0,0
2024-09-19T00:04:00.000000,35.886118333333,14.510319166667,1,0,1,0,0,0
2024-09-19T00:05:00.000000,35.886117333333,14.510317833333,1,0,1,0,0,0
2024-09-19T00:06:00.000000,35.886122166667,14.510323166667,1,0,1,0,0,0
2024-09-19T00:07:00.000000,35.8861205,14.5103275,1,0,1,0,0,0
2024-09-19T00:08:00.000000,35.886118666667,14.510327333333,1,0,1,0,0,0
2024-09-19T00:09:00.000000,35.886105166667,14.5103305,1,0,1,0,0,0
2024-09-19T00:10:00.000000,35.886115166667,14.510326166667,1,0,1,0,0,0
2024-09-19T00:11:00.000000,35.886112666667,14.510325,1,0,1,0,0,0
2024-09-19T00:12:00.000000,35.886113333333,14.510328,1,0,1,0,0,0
2024-09-19T00:13:00.000000,35.886112833333,14.510330166667,1,0,1,0,0,0
2024-09-19T00:14:00.000000,35.8861125,14.510330333333,1,0,1,0,0,0
2024-09-19T00:15:00.000000,35.886111333333,14.510330666667,1,0,1,0,0,0
2024-09-19T00:16:00.000000,35.8861115,14.5103305,1,0,1,0,0,0
2024-09-19T00:17:00.000000,35.886109833333,14.510332333333,1,0,1,0,0,0
2024-09-19T00:18:00.000000,35.886123166667,14.510339833333,1,0,1,0,0,0
2024-09-19T00:19:00.000000,35.886124,14.510340833333,1,0,1,0,0,0
2024-09-19T00:20:00.000000,35.886122666667,14.510341,1,0,1,0,0,0
2024-09-19T00:21:00.000000,35.8861225,14.51034,1,0,1,0,0,0
2024-09-19T00:22:00.000000,35.8861225,14.51034,1,0,1,0,0,0
2024-09-19T00:23:00.000000,35.886121,14.510340833333,1,0,1,0,0,0
2024-09-19T00:24:00.000000,35.8861225,14.510342666667,1,0,1,0,0,0
2024-09-19T00:25:00.000000,35.8861235,14.510344,1,0,1,0,0,0
2024-09-19T00:26:00.000000,35.886123,14.5103445,1,0,1,0,0,0
2024-09-19T00:27:00.000000,35.886119833333,14.510348,1,0,1,0,0,0
2024-09-19T00:28:00.000000,35.886118166667,14.510347,1,0,1,0,0,0
2024-09-19T00:29:00.000000,35.886119166667,14.5103485,1,0,1,0,0,0
2024-09-19T00:30:00.000000,35.886125333333,14.5103445,1,0,1,0,0,0
2024-09-19T00:31:00.000000,35.8861265,14.510344833333,1,0,1,0,0,0
2024-09-19T00:32:00.000000,35.886129,14.510346166667,1,0,1,0,0,0
2024-09-19T00:33:00.000000,35.886134,14.510348666667,1,0,1,0,0,0
2024-09-19T00:34:00.000000,35.8861315,14.510347666667,1,0,1,0,0,0
2024-09-19T00:35:00.000000,35.886131833333,14.5103475,1,0,1,0,0,0
2024-09-19T00:36:00.000000,35.886129,14.510346833333,1,0,1,0,0,0
2024-09-19T00:37:00.000000,35.886127333333,14.510346833333,1,0,1,0,0,0
2024-09-19T00:38:00.000000,35.886124666667,14.510346666667,1,0,1,0,0,0
2024-09-19T00:39:00.000000,35.886124666667,14.5103465,1,0,1,0,0,0
2024-09-19T00:40:00.000000,35.8861225,14.5103465,1,0,1,0,0,0
2024-09-19T00:41:00.000000,35.886121666667,14.510346333333,1,0,1,0,0,0
2024-09-19T00:42:00.000000,35.8861265,14.510351166667,1,0,1,0,0,0
2024-09-19T00:43:00.000000,35.8861185,14.510343833333,1,0,1,0,0,0
2024-09-19T00:44:00.000000,35.886114833333,14.51034,1,0,1,0,0,0
2024-09-19T00:45:00.000000,35.886114666667,14.5103395,1,0,1,0,0,0
2024-09-19T00:46:00.000000,35.8861145,14.510339666667,1,0,1,0,0,0
2024-09-19T00:47:00.000000,35.8861135,14.510339166667,1,0,1,0,0,0
2024-09-19T00:48:00.000000,35.8861125,14.510338666667,1,0,1,0,0,0
2024-09-19T00:49:00.000000,35.886113166667,14.510338166667,1,0,1,0,0,0
2024-09-19T00:50:00.000000,35.886113166667,14.510338,1,0,1,0,0,0
2024-09-19T00:51:00.000000,35.886113333333,14.510337833333,1,0,1,0,0,0
2024-09-19T00:52:00.000000,35.886112,14.510338166667,1,0,1,0,0,0
2024-09-19T00:53:00.000000,35.886110833333,14.510337666667,1,0,1,0,0,0
2024-09-19T00:54:00.000000,35.8861095,14.510337,1,0,1,0,0,0
2024-09-19T00:55:00.000000,35.886108333333,14.5103365,1,0,1,0,0,0
2024-09-19T00:56:00.000000,35.886108,14.510336,1,0,1,0,0,0
2024-09-19T00:57:00.000000,35.886107833333,14.510335333333,1,0,1,0,0,0
2024-09-19T00:58:00.000000,35.886107166667,14.510335666667,1,0,1,0,0,0
2024-09-19T00:59:00.000000,35.886107,14.510336,1,0,1,0,0,0
2024-09-19T01:00:00.000000,35.886107,14.510335166667,1,0,1,0,0,0
2024-09-19T01:01:00.000000,35.886107333333,14.510335,1,0,1,0,0,0
2024-09-19T01:02:00.000000,35.886108666667,14.5103355,1,0,1,0,0,0
2024-09-19T01:03:00.000000,35.886108666667,14.510335333333,1,0,1,0,0,0
2024-09-19T01:04:00.000000,35.886108166667,14.510334666667,1,0,1,0,0,0
2024-09-19T01:05:00.000000,35.886106333333,14.510334666667,1,0,1,0,0,0
2024-09-19T01:06:00.000000,35.8861055,14.5103355,1,0,1,0,0,0
2024-09-19T01:07:00.000000,35.8861045,14.510333833333,1,0,1,0,0,0
2024-09-19T01:08:00.000000,35.8861035,14.510332333333,1,0,1,0,0,0
2024-09-19T01:09:00.000000,35.886104333333,14.510333333333,1,0,1,0,0,0
2024-09-19T01:10:00.000000,35.8861035,14.510334666667,1,0,1,0,0,0
2024-09-19T01:11:00.000000,35.886104166667,14.5103345,1,0,1,0,0,0
2024-09-19T01:12:00.000000,35.886104666667,14.510333833333,1,0,1,0,0,0
2024-09-19T01:13:00.000000,35.886104,14.510333666667,1,0,1,0,0,0
2024-09-19T01:14:00.000000,35.886103833333,14.510333166667,1,0,1,0,0,0
2024-09-19T01:15:00.000000,35.886103833333,14.510332166667,1,0,1,0,0,0
2024-09-19T01:16:00.000000,35.886103833333,14.510332833333,1,0,1,0,0,0
2024-09-19T01:17:00.000000,35.8861055,14.510333,1,0,1,0,0,0
2024-09-19T01:18:00.000000,35.886105166667,14.510332833333,1,0,1,0,0,0
2024-09-19T01:19:00.000000,35.8861045,14.510332666667,1,0,1,0,0,0
2024-09-19T01:20:00.000000,35.886104166667,14.510332166667,1,0,1,0,0,0
2024-09-19T01:21:00.000000,35.886104,14.510332,1,0,1,0,0,0
2024-09-19T01:22:00.000000,35.886103333333,14.510331166667,1,0,1,0,0,0
2024-09-19T01:23:00.000000,35.886102833333,14.5103315,1,0,1,0,0,0
2024-09-19T01:24:00.000000,35.886105666667,14.51033,1,0,1,0,0,0
2024-09-19T01:25:00.000000,35.886106833333,14.51033,1,0,1,0,0,0
2024-09-19T01:26:00.000000,35.886105166667,14.510331,1,0,1,0,0,0
2024-09-19T01:27:00.000000,35.886103833333,14.510331666667,1,0,1,0,0,0
2024-09-19T01:28:00.000000,35.8861055,14.5103285,1,0,1,0,0,0
2024-09-19T01:29:00.000000,35.886105166667,14.510328,1,0,1,0,0,0
2024-09-19T01:30:00.000000,35.886104166667,14.510328333333,1,0,1,0,0,0
2024-09-19T01:31:00.000000,35.886103333333,14.510328333333,1,0,1,0,0,0
2024-09-19T01:32:00.000000,35.886103666667,14.5103285,1,0,1,0,0,0
2024-09-19T01:33:00.000000,35.886104666667,14.510327833333,1,0,1,0,0,0
2024-09-19T01:34:00.000000,35.886105166667,14.510328166667,1,0,1,0,0,0
2024-09-19T01:35:00.000000,35.886105833333,14.510327666667,1,0,1,0,0,0
2024-09-19T01:36:00.000000,35.886108666667,14.510324333333,1,0,1,0,0,0
2024-09-19T01:37:00.000000,35.886109833333,14.510325666667,1,0,1,0,0,0
2024-09-19T01:38:00.000000,35.886109166667,14.510325666667,1,0,1,0,0,0
2024-09-19T01:39:00.000000,35.886108833333,14.510326,1,0,1,0,0,0
2024-09-19T01:40:00.000000,35.886108833333,14.510326166667,1,0,1,0,0,0
2024-09-19T01:41:00.000000,35.886108,14.510327333333,1,0,1,0,0,0
2024-09-19T01:42:00.000000,35.886108166667,14.510328,1,0,1,0,0,0
2024-09-19T01:43:00.000000,35.886107833333,14.510328333333,1,0,1,0,0,0
2024-09-19T01:44:00.000000,35.886107833333,14.510328666667,1,0,1,0,0,0
2024-09-19T01:45:00.000000,35.886107333333,14.510329,1,0,1,0,0,0
2024-09-19T01:46:00.000000,35.8861075,14.510329166667,1,0,1,0,0,0
2024-09-19T01:47:00.000000,35.886107833333,14.510329666667,1,0,1,0,0,0
2024-09-19T01:48:00.000000,35.886108,14.5103305,1,0,1,0,0,0
2024-09-19T01:49:00.000000,35.886107333333,14.510331333333,1,0,1,0,0,0
2024-09-19T01:50:00.000000,35.886106833333,14.5103325,1,0,1,0,0,0
2024-09-19T01:51:00.000000,35.8861065,14.510332333333,1,0,1,0,0,0
2024-09-19T01:52:00.000000,35.886114333333,14.5103295,1,0,1,0,0,0
2024-09-19T01:53:00.000000,35.886109666667,14.510330833333,1,0,1,0,0,0
2024-09-19T01:54:00.000000,35.886109666667,14.510331333333,1,0,1,0,0,0
2024-09-19T01:55:00.000000,35.886118833333,14.510326833333,1,0,1,0,0,0
2024-09-19T01:56:00.000000,35.886120333333,14.510325666667,1,0,1,0,0,0
2024-09-19T01:57:00.000000,35.886112166667,14.510329333333,1,0,1,0,0,0
2024-09-19T01:58:00.000000,35.886105,14.510332666667,1,0,1,0,0,0
2024-09-19T01:59:00.000000,35.886103833333,14.5103335,1,0,1,0,0,0
2024-09-19T02:00:00.000000,35.886103666667,14.510333833333,1,0,1,0,0,0
2024-09-19T02:01:00.000000,35.886108333333,14.510331833333,1,0,1,0,0,0
2024-09-19T02:02:00.000000,35.886117666667,14.510328333333,1,0,1,0,0,0
2024-09-19T02:03:00.000000,35.8861105,14.510331,1,0,1,0,0,0
2024-09-19T02:04:00.000000,35.886108666667,14.51033,1,0,1,0,0,0
2024-09-19T02:05:00.000000,35.8861105,14.5103275,1,0,1,0,0,0
2024-09-19T02:06:00.000000,35.886111166667,14.5103275,1,0,1,0,0,0
2024-09-19T02:07:00.000000,35.886107166667,14.510329166667,1,0,1,0,0,0
2024-09-19T02:08:00.000000,35.886103666667,14.5103305,1,0,1,0,0,0
2024-09-19T02:09:00.000000,35.886100666667,14.5103315,1,0,1,0,0,0
2024-09-19T02:10:00.000000,35.886094,14.5103345,1,0,1,0,0,0
2024-09-19T02:11:00.000000,35.886098,14.510333666667,1,0,1,0,0,0
2024-09-19T02:12:00.000000,35.886105666667,14.510331,1,0,1,0,0,0
2024-09-19T02:13:00.000000,35.886104833333,14.510331333333,1,0,1,0,0,0
2024-09-19T02:14:00.000000,35.886093833333,14.5103345,1,0,1,0,0,0
2024-09-19T02:15:00.000000,35.886093,14.510334666667,1,0,1,0,0,0
2024-09-19T02:16:00.000000,35.886093833333,14.510334333333,1,0,1,0,0,0
2024-09-19T02:17:00.000000,35.886094166667,14.5103345,1,0,1,0,0,0
2024-09-19T02:18:00.000000,35.886097333333,14.510334833333,1,0,1,0,0,0
2024-09-19T02:19:00.000000,35.886101166667,14.510333333333,1,0,1,0,0,0
2024-09-19T02:20:00.000000,35.8861075,14.510328,1,0,1,0,0,0
2024-09-19T02:21:00.000000,35.8861105,14.510325833333,1,0,1,0,0,0
2024-09-19T02:22:00.000000,35.88611,14.510323833333,1,0,1,0,0,0
2024-09-19T02:23:00.000000,35.886110166667,14.510324833333,1,0,1,0,0,0
2024-09-19T02:24:00.000000,35.886110666667,14.510326833333,1,0,1,0,0,0
2024-09-19T02:25:00.000000,35.886112,14.510324666667,1,0,1,0,0,0
2024-09-19T02:26:00.000000,35.8861135,14.510325,1,0,1,0,0,0
2024-09-19T02:27:00.000000,35.886109166667,14.510327666667,1,0,1,0,0,0
2024-09-19T02:28:00.000000,35.886111333333,14.510327666667,1,0,1,0,0,0
2024-09-19T02:29:00.000000,35.8861145,14.510327333333,1,0,1,0,0,0
2024-09-19T02:30:00.000000,35.886114333333,14.510327833333,1,0,1,0,0,0
2024-09-19T02:31:00.000000,35.886116333333,14.510328333333,1,0,1,0,0,0
2024-09-19T02:32:00.000000,35.886115333333,14.5103285,1,0,1,0,0,0
2024-09-19T02:33:00.000000,35.886114333333,14.510328666667,1,0,1,0,0,0
2024-09-19T02:34:00.000000,35.886113666667,14.510330833333,1,0,1,0,0,0
2024-09-19T02:35:00.000000,35.886133333333,14.5103215,1,0,1,0,0,0
2024-09-19T02:36:00.000000,35.886115833333,14.510326166667,1,0,1,0,0,0
2024-09-19T02:37:00.000000,35.886115166667,14.510326333333,1,0,1,0,0,0
2024-09-19T02:38:00.000000,35.8861145,14.5103265,1,0,1,0,0,0
2024-09-19T02:39:00.000000,35.886114833333,14.510328166667,1,0,1,0,0,0
2024-09-19T02:40:00.000000,35.886113666667,14.510327666667,1,0,1,0,0,0
2024-09-19T02:41:00.000000,35.886111833333,14.510326833333,1,0,1,0,0,0
2024-09-19T02:42:00.000000,35.886110333333,14.510327166667,1,0,1,0,0,0
2024-09-19T02:43:00.000000,35.8861085,14.510328166667,1,0,1,0,0,0
2024-09-19T02:44:00.000000,35.886108166667,14.510328333333,1,0,1,0,0,0
2024-09-19T02:45:00.000000,35.886115,14.510331,1,0,1,0,0,0
2024-09-19T02:46:00.000000,35.886145166667,14.510336333333,1,0,1,0,0,0
2024-09-19T02:47:00.000000,35.886139166667,14.510335833333,1,0,1,0,0,0
2024-09-19T02:48:00.000000,35.886139333333,14.510334666667,1,0,1,0,0,0
2024-09-19T02:49:00.000000,35.8861395,14.510335166667,1,0,1,0,0,0
2024-09-19T02:50:00.000000,35.886141,14.510333,1,0,1,0,0,0
2024-09-19T02:51:00.000000,35.886140666667,14.510334666667,1,0,1,0,0,0
2024-09-19T02:52:00.000000,35.886139,14.5103345,1,0,1,0,0,0
2024-09-19T02:53:00.000000,35.886135333333,14.510338,1,0,1,0,0,0
2024-09-19T02:54:00.000000,35.886132833333,14.510337666667,1,0,1,0,0,0
2024-09-19T02:55:00.000000,35.886130666667,14.5103345,1,0,1,0,0,0
2024-09-19T02:56:00.000000,35.886128333333,14.510329,1,0,1,0,0,0
2024-09-19T02:57:00.000000,35.886126666667,14.510327333333,1,0,1,0,0,0
2024-09-19T02:58:00.000000,35.886123666667,14.510329166667,1,0,1,0,0,0
2024-09-19T02:59:00.000000,35.886121,14.510333,1,0,1,0,0,0
2024-09-19T03:00:00.000000,35.886134666667,14.510335666667,1,0,1,0,0,0
2024-09-19T03:01:00.000000,35.886124166667,14.510333166667,1,0,1,0,0,0
2024-09-19T03:02:00.000000,35.886099666667,14.510326833333,1,0,1,0,0,0
2024-09-19T03:03:00.000000,35.886087,14.5103235,1,0,1,0,0,0
2024-09-19T03:04:00.000000,35.8860835,14.510322833333,1,0,1,0,0,0
2024-09-19T03:05:00.000000,35.886090166667,14.510326333333,1,0,1,0,0,0
2024-09-19T03:06:00.000000,35.886107333333,14.510330666667,1,0,1,0,0,0
2024-09-19T03:07:00.000000,35.886111333333,14.510329666667,1,0,1,0,0,0
2024-09-19T03:08:00.000000,35.886110333333,14.5103305,1,0,1,0,0,0
2024-09-19T03:09:00.000000,35.886111,14.510330333333,1,0,1,0,0,0
2024-09-19T03:10:00.000000,35.886109166667,14.510329666667,1,0,1,0,0,0
2024-09-19T03:11:00.000000,35.886119333333,14.510332833333,1,0,1,0,0,0
2024-09-19T03:12:00.000000,35.886123833333,14.510334833333,1,0,1,0,0,0
2024-09-19T03:13:00.000000,35.886122,14.5103365,1,0,1,0,0,0
2024-09-19T03:14:00.000000,35.8861215,14.510334833333,1,0,1,0,0,0
2024-09-19T03:15:00.000000,35.8861195,14.5103335,1,0,1,0,0,0
2024-09-19T03:16:00.000000,35.8861165,14.510333,1,0,1,0,0,0
2024-09-19T03:17:00.000000,35.886110333333,14.510330666667,1,0,1,0,0,0
2024-09-19T03:18:00.000000,35.886112666667,14.510331166667,1,0,1,0,0,0
2024-09-19T03:19:00.000000,35.886115166667,14.510333333333,1,0,1,0,0,0
2024-09-19T03:20:00.000000,35.886116166667,14.510333166667,1,0,1,0,0,0
2024-09-19T03:21:00.000000,35.886113166667,14.510331333333,1,0,1,0,0,0
2024-09-19T03:22:00.000000,35.886109166667,14.510329333333,1,0,1,0,0,0
2024-09-19T03:23:00.000000,35.886106666667,14.5103295,1,0,1,0,0,0
2024-09-19T03:24:00.000000,35.886087666667,14.510322333333,1,0,1,0,0,0
2024-09-19T03:25:00.000000,35.88609,14.510325166667,1,0,1,0,0,0
2024-09-19T03:26:00.000000,35.8860925,14.510325333333,1,0,1,0,0,0
2024-09-19T03:27:00.000000,35.886095333333,14.510326666667,1,0,1,0,0,0
2024-09-19T03:28:00.000000,35.886129166667,14.51034,1,0,1,0,0,0
2024-09-19T03:29:00.000000,35.886136666667,14.5103405,1,0,1,0,0,0
2024-09-19T03:30:00.000000,35.886118333333,14.510334666667,1,0,1,0,0,0
2024-09-19T03:31:00.000000,35.886110166667,14.510330666667,1,0,1,0,0,0
2024-09-19T03:32:00.000000,35.886113333333,14.510332666667,1,0,1,0,0,0
2024-09-19T03:33:00.000000,35.886114166667,14.5103335,1,0,1,0,0,0
2024-09-19T03:34:00.000000,35.886117,14.510335333333,1,0,1,0,0,0
2024-09-19T03:35:00.000000,35.886121,14.510334333333,1,0,1,0,0,0
2024-09-19T03:36:00.000000,35.8861215,14.510338,1,0,1,0,0,0
2024-09-19T03:37:00.000000,35.886105666667,14.510331333333,1,0,1,0,0,0
2024-09-19T03:38:00.000000,35.886105833333,14.5103315,1,0,1,0,0,0
2024-09-19T03:39:00.000000,35.886108,14.510332833333,1,0,1,0,0,0
2024-09-19T03:40:00.000000,35.886112666667,14.510334,1,0,1,0,0,0
2024-09-19T03:41:00.000000,35.886109,14.510332,1,0,1,0,0,0
2024-09-19T03:42:00.000000,35.886107166667,14.510329666667,1,0,1,0,0,0
2024-09-19T03:43:00.000000,35.886115333333,14.510331333333,1,0,1,0,0,0
2024-09-19T03:44:00.000000,35.886118,14.510332166667,1,0,1,0,0,0
2024-09-19T03:45:00.000000,35.88612,14.5103335,1,0,1,0,0,0
2024-09-19T03:46:00.000000,35.886121333333,14.510333833333,1,0,1,0,0,0
2024-09-19T03:47:00.000000,35.886120166667,14.510333333333,1,0,1,0,0,0
2024-09-19T03:48:00.000000,35.886120166667,14.510332833333,1,0,1,0,0,0
2024-09-19T03:49:00.000000,35.886119,14.510331833333,1,0,1,0,0,0
2024-09-19T03:50:00.000000,35.886118333333,14.510330833333,1,0,1,0,0,0
2024-09-19T03:51:00.000000,35.886117,14.510329166667,1,0,1,0,0,0
2024-09-19T03:52:00.000000,35.886117166667,14.510329666667,1,0,1,0,0,0
2024-09-19T03:53:00.000000,35.886117,14.510329833333,1,0,1,0,0,0
2024-09-19T03:54:00.000000,35.886117166667,14.510330166667,1,0,1,0,0,0
2024-09-19T03:55:00.000000,35.886117333333,14.51033,1,0,1,0,0,0
2024-09-19T03:56:00.000000,35.8861175,14.510330333333,1,0,1,0,0,0
2024-09-19T03:57:00.000000,35.886116833333,14.5103295,1,0,1,0,0,0
2024-09-19T03:58:00.000000,35.8861165,14.510329833333,1,0,1,0,0,0
2024-09-19T03:59:00.000000,35.886116333333,14.510330666667,1,0,1,0,0,0
2024-09-19T04:00:00.000000,35.886114666667,14.510330333333,1,0,1,0,0,0
2024-09-19T04:01:00.000000,35.8861125,14.510328,1,0,1,0,0,0
2024-09-19T04:02:00.000000,35.886113333333,14.5103285,1,0,1,0,0,0
2024-09-19T04:03:00.000000,35.886112833333,14.510328333333,1,0,1,0,0,0
2024-09-19T04:04:00.000000,35.886113166667,14.510328833333,1,0,1,0,0,0
2024-09-19T04:05:00.000000,35.886114666667,14.510328666667,1,0,1,0,0,0
2024-09-19T04:06:00.000000,35.886106,14.510326833333,1,0,1,0,0,0
2024-09-19T04:07:00.000000,35.8861065,14.510326,1,0,1,0,0,0
2024-09-19T04:08:00.000000,35.886114,14.510326333333,1,0,1,0,0,0
2024-09-19T04:09:00.000000,35.886117166667,14.510326166667,1,0,1,0,0,0
2024-09-19T04:10:00.000000,35.886115833333,14.510326333333,1,0,1,0,0,0
2024-09-19T04:11:00.000000,35.886115666667,14.510326333333,1,0,1,0,0,0
2024-09-19T04:12:00.000000,35.886115,14.510325333333,1,0,1,0,0,0
2024-09-19T04:13:00.000000,35.886115,14.510325166667,1,0,1,0,0,0
2024-09-19T04:14:00.000000,35.886115166667,14.5103255,1,0,1,0,0,0
2024-09-19T04:15:00.000000,35.8861155,14.510325666667,1,0,1,0,0,0
2024-09-19T04:16:00.000000,35.886117,14.510325666667,1,0,1,0,0,0
2024-09-19T04:17:00.000000,35.88612,14.5103265,1,0,1,0,0,0
2024-09-19T04:18:00.000000,35.886120666667,14.510326333333,1,0,1,0,0,0
2024-09-19T04:19:00.000000,35.886116166667,14.5103265,1,0,1,0,0,0
2024-09-19T04:20:00.000000,35.886114666667,14.510326833333,1,0,1,0,0,0
2024-09-19T04:21:00.000000,35.8861165,14.510326166667,1,0,1,0,0,0
2024-09-19T04:22:00.000000,35.886116833333,14.510326333333,1,0,1,0,0,0
2024-09-19T04:23:00.000000,35.886117,14.510326,1,0,1,0,0,0
2024-09-19T04:24:00.000000,35.886116333333,14.510326,1,0,1,0,0,0
2024-09-19T04:25:00.000000,35.8861165,14.510326333333,1,0,1,0,0,0
2024-09-19T04:26:00.000000,35.886115333333,14.510326333333,1,0,1,0,0,0
2024-09-19T04:27:00.000000,35.8861145,14.510325,1,0,1,0,0,0
2024-09-19T04:28:00.000000,35.886114666667,14.5103265,1,0,1,0,0,0
2024-09-19T04:29:00.000000,35.886114,14.510327166667,1,0,1,0,0,0
2024-09-19T04:30:00.000000,35.886117833333,14.510326,1,0,1,0,0,0
2024-09-19T04:31:00.000000,35.886115166667,14.510325166667,1,0,1,0,0,0
2024-09-19T04:32:00.000000,35.886113833333,14.510325166667,1,0,1,0,0,0
2024-09-19T04:33:00.000000,35.886112333333,14.5103255,1,0,1,0,0,0
2024-09-19T04:34:00.000000,35.886112166667,14.510324166667,1,0,1,0,0,0
2024-09-19T04:35:00.000000,35.886111,14.510324,1,0,1,0,0,0
2024-09-19T04:36:00.000000,35.886110166667,14.510324333333,1,0,1,0,0,0
2024-09-19T04:37:00.000000,35.886111666667,14.510324833333,1,0,1,0,0,0
2024-09-19T04:38:00.000000,35.886109,14.510325333333,1,0,1,0,0,0
2024-09-19T04:39:00.000000,35.8861085,14.510325333333,1,0,1,0,0,0
2024-09-19T04:40:00.000000,35.886107833333,14.510325,1,0,1,0,0,0
2024-09-19T04:41:00.000000,35.886109333333,14.510324333333,1,0,1,0,0,0
2024-09-19T04:42:00.000000,35.886110333333,14.510324833333,1,0,1,0,0,0
2024-09-19T04:43:00.000000,35.886112166667,14.510325666667,1,0,1,0,0,0
2024-09-19T04:44:00.000000,35.886112166667,14.5103245,1,0,1,0,0,0
2024-09-19T04:45:00.000000,35.886110833333,14.510321833333,1,0,1,0,0,0
2024-09-19T04:46:00.000000,35.886111166667,14.510322333333,1,0,1,0,0,0
2024-09-19T04:47:00.000000,35.886112666667,14.510324833333,1,0,1,0,0,0
2024-09-19T04:48:00.000000,35.886112666667,14.5103265,1,0,1,0,0,0
2024-09-19T04:49:00.000000,35.886112166667,14.5103275,1,0,1,0,0,0
2024-09-19T04:50:00.000000,35.886113166667,14.510329,1,0,1,0,0,0
2024-09-19T04:51:00.000000,35.886113833333,14.510328833333,1,0,1,0,0,0
2024-09-19T04:52:00.000000,35.886116166667,14.510327833333,1,0,1,0,0,0
2024-09-19T04:53:00.000000,35.8861175,14.510327666667,1,0,1,0,0,0
2024-09-19T04:54:00.000000,35.886115166667,14.510327,1,0,1,0,0,0
2024-09-19T04:55:00.000000,35.886116,14.5103275,1,0,1,0,0,0
2024-09-19T04:56:00.000000,35.886116666667,14.5103255,1,0,1,0,0,0
2024-09-19T04:57:00.000000,35.886113833333,14.510328333333,1,0,1,0,0,0
2024-09-19T04:58:00.000000,35.886111833333,14.510328666667,1,0,1,0,0,0
2024-09-19T04:59:00.000000,35.8861115,14.510328166667,1,0,1,0,0,0
2024-09-19T05:00:00.000000,35.886108166667,14.510326833333,1,0,1,0,0,0
2024-09-19T05:01:00.000000,35.886108333333,14.510326833333,1,0,1,0,0,0
2024-09-19T05:02:00.000000,35.886109,14.510325166667,1,0,1,0,0,0
2024-09-19T05:03:00.000000,35.886110666667,14.510324833333,1,0,1,0,0,0
2024-09-19T05:04:00.000000,35.886109333333,14.5103255,1,0,1,0,0,0
2024-09-19T05:05:00.000000,35.886107833333,14.510327833333,1,0,1,0,0,0
2024-09-19T05:06:00.000000,35.886105,14.51033,1,0,1,0,0,0
2024-09-19T05:07:00.000000,35.886105,14.510330333333,1,0,1,0,0,0
2024-09-19T05:08:00.000000,35.886102666667,14.510332166667,1,0,1,0,0,0
2024-09-19T05:09:00.000000,35.886101,14.510332166667,1,0,1,0,0,0
2024-09-19T05:10:00.000000,35.886097833333,14.5103315,1,0,1,0,0,0
2024-09-19T05:11:00.000000,35.886098666667,14.510332166667,1,0,1,0,0,0
2024-09-19T05:12:00.000000,35.886098166667,14.510331666667,1,0,1,0,0,0
2024-09-19T05:13:00.000000,35.886102166667,14.510329,1,0,1,0,0,0
2024-09-19T05:14:00.000000,35.8861055,14.510325666667,1,0,1,0,0,0
2024-09-19T05:15:00.000000,35.886105,14.5103265,1,0,1,0,0,0
2024-09-19T05:16:00.000000,35.886109,14.5103235,1,0,1,0,0,0
2024-09-19T05:17:00.000000,35.8861105,14.510324,1,0,1,0,0,0
2024-09-19T05:18:00.000000,35.8861065,14.5103215,1,0,1,0,0,0
2024-09-19T05:19:00.000000,35.886104833333,14.510322833333,1,0,1,0,0,0
2024-09-19T05:20:00.000000,35.886102833333,14.510322,1,0,1,0,0,0
2024-09-19T05:21:00.000000,35.8861015,14.510323166667,1,0,1,0,0,0
2024-09-19T05:22:00.000000,35.886102333333,14.510328666667,1,0,1,0,0,0
2024-09-19T05:23:00.000000,35.886102,14.510330833333,1,0,1,0,0,0
2024-09-19T05:24:00.000000,35.8861015,14.510331833333,1,0,1,0,0,0
2024-09-19T05:25:00.000000,35.886101666667,14.510329,1,0,1,0,0,0
2024-09-19T05:26:00.000000,35.886101333333,14.510329,1,0,1,0,0,0
2024-09-19T05:27:00.000000,35.886101666667,14.510330166667,1,0,1,0,0,0
2024-09-19T05:28:00.000000,35.886102166667,14.5103315,1,0,1,0,0,0
2024-09-19T05:29:00.000000,35.886101,14.510333833333,1,0,1,0,0,0
2024-09-19T05:30:00.000000,35.886100833333,14.510334666667,1,0,1,0,0,0
2024-09-19T05:31:00.000000,35.886100333333,14.510335166667,1,0,1,0,0,0
2024-09-19T05:32:00.000000,35.886099333333,14.5103355,1,0,1,0,0,0
2024-09-19T05:33:00.000000,35.886099333333,14.510335166667,1,0,1,0,0,0
2024-09-19T05:34:00.000000,35.886099833333,14.510335,1,0,1,0,0,0
2024-09-19T05:35:00.000000,35.8861,14.510335166667,1,0,1,0,0,0
2024-09-19T05:36:00.000000,35.886099833333,14.5103355,1,0,1,0,0,0
2024-09-19T05:37:00.000000,35.886100333333,14.510333166667,1,0,1,0,0,0
2024-09-19T05:38:00.000000,35.8861005,14.510332,1,0,1,0,0,0
2024-09-19T05:39:00.000000,35.886099833333,14.510334166667,1,0,1,0,0,0
2024-09-19T05:40:00.000000,35.886101333333,14.510332666667,1,0,1,0,0,0
2024-09-19T05:41:00.000000,35.8861025,14.510331666667,1,0,1,0,0,0
2024-09-19T05:42:00.000000,35.886103,14.510331166667,1,0,1,0,0,0
2024-09-19T05:43:00.000000,35.886103333333,14.510330833333,1,0,1,0,0,0
2024-09-19T05:44:00.000000,35.8861035,14.510331166667,1,0,1,0,0,0
2024-09-19T05:45:00.000000,35.886103166667,14.510331833333,1,0,1,0,0,0
2024-09-19T05:46:00.000000,35.886103833333,14.510332833333,1,0,1,0,0,0
2024-09-19T05:47:00.000000,35.886104833333,14.510333666667,1,0,1,0,0,0
2024-09-19T05:48:00.000000,35.886105666667,14.510334,1,0,1,0,0,0
2024-09-19T05:49:00.000000,35.886106166667,14.510334,1,0,1,0,0,0
2024-09-19T05:50:00.000000,35.886106666667,14.510334,1,0,1,0,0,0
2024-09-19T05:51:00.000000,35.886106666667,14.510334333333,1,0,1,0,0,0
2024-09-19T05:52:00.000000,35.8861065,14.5103345,1,0,1,0,0,0
2024-09-19T05:53:00.000000,35.886107333333,14.510334166667,1,0,1,0,0,0
2024-09-19T05:54:00.000000,35.886106166667,14.510334333333,1,0,1,0,0,0
2024-09-19T05:55:00.000000,35.886109833333,14.510331666667,1,0,1,0,0,0
2024-09-19T05:56:00.000000,35.886109666667,14.510332166667,1,0,1,0,0,0
2024-09-19T05:57:00.000000,35.886110666667,14.510332,1,0,1,0,0,0
2024-09-19T05:58:00.000000,35.886110166667,14.510331,1,0,1,0,0,0
2024-09-19T05:59:00.000000,35.886108166667,14.510329666667,1,0,1,0,0,0
2024-09-19T06:00:00.000000,35.886107,14.510328833333,1,0,1,0,0,0
2024-09-19T06:01:00.000000,35.886107833333,14.510327,1,0,1,0,0,0
2024-09-19T06:02:00.000000,35.886108666667,14.510328333333,1,0,1,0,0,0
2024-09-19T06:03:00.000000,35.886107166667,14.510328166667,1,0,1,0,0,0
2024-09-19T06:04:00.000000,35.886107,14.510328333333,1,0,1,0,0,0
2024-09-19T06:05:00.000000,35.886107166667,14.510328833333,1,0,1,0,0,0
2024-09-19T06:06:00.000000,35.886110666667,14.510329166667,1,0,1,0,0,0
2024-09-19T06:07:00.000000,35.886111,14.510329166667,1,0,1,0,0,0
2024-09-19T06:08:00.000000,35.886109,14.510330166667,1,0,1,0,0,0
2024-09-19T06:09:00.000000,35.886108833333,14.5103295,1,0,1,0,0,0
2024-09-19T06:10:00.000000,35.886108166667,14.510329166667,1,0,1,0,0,0
2024-09-19T06:11:00.000000,35.886107333333,14.5103285,1,0,1,0,0,0
2024-09-19T06:12:00.000000,35.886107666667,14.510327833333,1,0,1,0,0,0
2024-09-19T06:13:00.000000,35.886107333333,14.510327833333,1,0,1,0,0,0
2024-09-19T06:14:00.000000,35.886106333333,14.5103275,1,0,1,0,0,0
2024-09-19T06:15:00.000000,35.8861065,14.510327666667,1,0,1,0,0,0
2024-09-19T06:16:00.000000,35.886104666667,14.5103275,1,0,1,0,0,0
2024-09-19T06:17:00.000000,35.886104333333,14.510327666667,1,0,1,0,0,0
2024-09-19T06:18:00.000000,35.886106,14.5103285,1,0,1,0,0,0
2024-09-19T06:19:00.000000,35.886105666667,14.5103285,1,0,1,0,0,0
2024-09-19T06:20:00.000000,35.886107666667,14.510327833333,1,0,1,0,0,0
2024-09-19T06:21:00.000000,35.8861075,14.510327333333,1,0,1,0,0,0
2024-09-19T06:22:00.000000,35.886105666667,14.510328,1,0,1,0,0,0
2024-09-19T06:23:00.000000,35.886106833333,14.510328166667,1,0,1,0,0,0
2024-09-19T06:24:00.000000,35.886106166667,14.5103285,1,0,1,0,0,0
2024-09-19T06:25:00.000000,35.886106166667,14.510328666667,1,0,1,0,0,0
2024-09-19T06:26:00.000000,35.88612,14.510327333333,1,0,1,0,0,0
2024-09-19T06:27:00.000000,35.886122333333,14.510326166667,1,0,1,0,0,0
2024-09-19T06:28:00.000000,35.886113333333,14.510326833333,1,0,1,0,0,0
2024-09-19T06:29:00.000000,35.886106833333,14.510327666667,1,0,1,0,0,0
2024-09-19T06:30:00.000000,35.886107,14.510327333333,1,0,1,0,0,0
2024-09-19T06:31:00.000000,35.8861075,14.510327833333,1,0,1,0,0,0
2024-09-19T06:32:00.000000,35.886108,14.510327666667,1,0,1,0,0,0
2024-09-19T06:33:00.000000,35.886108333333,14.510327666667,1,0,1,0,0,0
2024-09-19T06:34:00.000000,35.886111,14.510327833333,1,0,1,0,0,0
2024-09-19T06:35:00.000000,35.886112333333,14.5103275,1,0,1,0,0,0
2024-09-19T06:36:00.000000,35.886109666667,14.510327333333,1,0,1,0,0,0
2024-09-19T06:37:00.000000,35.886109666667,14.510327166667,1,0,1,0,0,0
2024-09-19T06:38:00.000000,35.886111,14.510326833333,1,0,1,0,0,0
2024-09-19T06:39:00.000000,35.886112,14.510326166667,1,0,1,0,0,0
2024-09-19T06:40:00.000000,35.886111666667,14.510325166667,1,0,1,0,0,0
2024-09-19T06:41:00.000000,35.886119833333,14.510323166667,1,0,1,0,0,0
2024-09-19T06:42:00.000000,35.886113,14.510323833333,1,0,1,0,0,0
2024-09-19T06:43:00.000000,35.8861205,14.5103245,1,0,1,0,0,0
2024-09-19T06:44:00.000000,35.886116833333,14.510323333333,1,0,1,0,0,0
2024-09-19T06:45:00.000000,35.886108333333,14.5103245,1,0,1,0,0,0
2024-09-19T06:46:00.000000,35.886109666667,14.510324333333,1,0,1,0,0,0
2024-09-19T06:47:00.000000,35.886108166667,14.510324833333,1,0,1,0,0,0
2024-09-19T06:48:00.000000,35.8861075,14.510324333333,1,0,1,0,0,0
2024-09-19T06:49:00.000000,35.886107833333,14.510324166667,1,0,1,0,0,0
2024-09-19T06:50:00.000000,35.886108833333,14.5103255,1,0,1,0,0,0
2024-09-19T06:51:00.000000,35.886113333333,14.510324,1,0,1,0,0,0
2024-09-19T06:52:00.000000,35.886108833333,14.510325333333,1,0,1,0,0,0
2024-09-19T06:53:00.000000,35.886106333333,14.510324666667,1,0,1,0,0,0
2024-09-19T06:54:00.000000,35.886108333333,14.510323666667,1,0,1,0,0,0
2024-09-19T06:55:00.000000,35.886108,14.510322666667,1,0,1,0,0,0
2024-09-19T06:56:00.000000,35.886108,14.510321666667,1,0,1,0,0,0
2024-09-19T06:57:00.000000,35.8861095,14.510322,1,0,1,0,0,0
2024-09-19T06:58:00.000000,35.886123,14.510320833333,1,0,1,0,0,0
2024-09-19T06:59:00.000000,35.886124166667,14.510322,1,0,1,0,0,0
2024-09-19T07:00:00.000000,35.886125666667,14.510324666667,1,0,1,0,0,0
2024-09-19T07:01:00.000000,35.886111166667,14.510327166667,1,0,1,0,0,0
2024-09-19T07:02:00.000000,35.886106,14.5103285,1,0,1,0,0,0
2024-09-19T07:03:00.000000,35.886104833333,14.510329,1,0,1,0,0,0
2024-09-19T07:04:00.000000,35.886113333333,14.510323,1,0,1,0,0,0
2024-09-19T07:05:00.000000,35.886113,14.5103235,1,0,1,0,0,0
2024-09-19T07:06:00.000000,35.886108833333,14.510325666667,1,0,1,0,0,0
2024-09-19T07:07:00.000000,35.886105666667,14.510327166667,1,0,1,0,0,0
2024-09-19T07:08:00.000000,35.8861215,14.510321166667,1,0,1,0,0,0
2024-09-19T07:09:00.000000,35.8861285,14.510317833333,1,0,1,0,0,0
2024-09-19T07:10:00.000000,35.8861065,14.5103215,1,0,1,0,0,0
2024-09-19T07:11:00.000000,35.886110833333,14.510319166667,1,0,1,0,0,0
2024-09-19T07:12:00.000000,35.886110833333,14.510318166667,1,0,1,0,0,0
2024-09-19T07:13:00.000000,35.886105666667,14.510318666667,1,0,1,0,0,0
2024-09-19T07:14:00.000000,35.886106333333,14.510318833333,1,0,1,0,0,0
2024-09-19T07:15:00.000000,35.886108,14.510319166667,1,0,1,0,0,0
2024-09-19T07:16:00.000000,35.886106833333,14.5103205,1,0,1,0,0,0
2024-09-19T07:17:00.000000,35.886109333333,14.510324166667,1,0,1,0,0,0
2024-09-19T07:18:00.000000,35.886109,14.5103225,1,0,1,0,0,0
2024-09-19T07:19:00.000000,35.886109333333,14.510320666667,1,0,1,0,0,0
2024-09-19T07:20:00.000000,35.886108166667,14.510317,1,0,1,0,0,0
2024-09-19T07:21:00.000000,35.886108166667,14.5103185,1,0,1,0,0,0
2024-09-19T07:22:00.000000,35.886108,14.510318833333,1,0,1,0,0,0
2024-09-19T07:23:00.000000,35.886108333333,14.5103185,1,0,1,0,0,0
2024-09-19T07:24:00.000000,35.886108666667,14.510318833333,1,0,1,0,0,0
2024-09-19T07:25:00.000000,35.886111666667,14.510321166667,1,0,1,0,0,0
2024-09-19T07:26:00.000000,35.886113,14.510323166667,1,0,1,0,0,0
2024-09-19T07:27:00.000000,35.886113,14.510325333333,1,0,1,0,0,0
2024-09-19T07:28:00.000000,35.886109,14.510322166667,1,0,1,0,0,0
2024-09-19T07:29:00.000000,35.886109166667,14.510322666667,1,0,1,0,0,0
2024-09-19T07:30:00.000000,35.88611,14.510323333333,1,0,1,0,0,0
2024-09-19T07:31:00.000000,35.88611,14.510325666667,1,0,1,0,0,0
2024-09-19T07:32:00.000000,35.886110833333,14.510326833333,1,0,1,0,0,0
2024-09-19T07:33:00.000000,35.886110333333,14.510328333333,1,0,1,0,0,0
2024-09-19T07:34:00.000000,35.886111333333,14.510329833333,1,0,1,0,0,0
2024-09-19T07:35:00.000000,35.886111666667,14.510330666667,1,0,1,0,0,0
2024-09-19T07:36:00.000000,35.886112666667,14.510330833333,1,0,1,0,0,0
2024-09-19T07:37:00.000000,35.886112833333,14.510330333333,1,0,1,0,0,0
2024-09-19T07:38:00.000000,35.886113333333,14.510331,1,0,1,0,0,0
2024-09-19T07:39:00.000000,35.886112833333,14.510331166667,1,0,1,0,0,0
2024-09-19T07:40:00.000000,35.8861135,14.510332,1,0,1,0,0,0
2024-09-19T07:41:00.000000,35.886113166667,14.510331833333,1,0,1,0,0,0
2024-09-19T07:42:00.000000,35.886113666667,14.510332333333,1,0,1,0,0,0
2024-09-19T07:43:00.000000,35.886116,14.510334666667,1,0,1,0,0,0
2024-09-19T07:44:00.000000,35.8861155,14.510334666667,1,0,1,0,0,0
2024-09-19T07:45:00.000000,35.886115166667,14.510336,1,0,1,0,0,0
2024-09-19T07:46:00.000000,35.88614,14.510336,1,0,1,0,0,0
2024-09-19T07:47:00.000000,35.886133,14.510326166667,1,0,1,0,0,0
2024-09-19T07:48:00.000000,35.8861295,14.5103255,1,0,1,0,0,0
2024-09-19T07:49:00.000000,35.8861305,14.510326166667,1,0,1,0,0,0
2024-09-19T07:50:00.000000,35.886132666667,14.510326666667,1,0,1,0,0,0
2024-09-19T07:51:00.000000,35.8861325,14.510326166667,1,0,1,0,0,0
2024-09-19T07:52:00.000000,35.8861345,14.510333,1,0,1,0,0,0
2024-09-19T07:53:00.000000,35.886133833333,14.510329666667,1,0,1,0,0,0
2024-09-19T07:54:00.000000,35.886131333333,14.510325333333,1,0,1,0,0,0
2024-09-19T07:55:00.000000,35.886135,14.5103245,1,0,1,0,0,0
2024-09-19T07:56:00.000000,35.886135666667,14.510323833333,1,0,1,0,0,0
2024-09-19T07:57:00.000000,35.886135666667,14.510323333333,1,0,1,0,0,0
2024-09-19T07:58:00.000000,35.886133333333,14.5103165,1,0,1,0,0,0
2024-09-19T07:59:00.000000,35.88613,14.510319833333,1,0,1,0,0,0
2024-09-19T08:00:00.000000,35.886122,14.510317833333,1,0,1,0,0,0
